game_id,game_date,team,opponent,home_away,result,team_game_number,opponent_game_number,xG_for,xG_against,xG_for_5v5,xG_against_5v5,starting_goalie,starting_goalie_opp,CG,CG_Opp,is_b2b,is_3in4,is_4in6,is_6in9,is_b2b_opp,is_3in4_opp,is_4in6_opp,is_6in9_opp,scored_first,blownlead_1,blownlead_2,blownlead_3+,comeback_1,comeback_2,comeback_3+,sog_for_1P,sog_for_2P,sog_for_3P,sog_for_OT,sog_for,sog_ag_1P,sog_ag_2P,sog_ag_3P,sog_ag_OT,sog_ag,attempts_for_1P,attempts_for_2P,attempts_for_3P,attempts_for_OT,attempts_for,attempts_ag_1P,attempts_ag_2P,attempts_ag_3P,attempts_ag_OT,attempts_ag,attempts_for_5v5,attempts_ag_5v5,goals_for_1P,goals_for_2P,goals_for_3P,goals_for_OT,goals_for,goals_ag_1P,goals_ag_2P,goals_ag_3P,goals_ag_OT,goals_ag,hits_for_1P,hits_for_2P,hits_for_3P,hits_for_OT,hits_for,hits_ag_1P,hits_ag_2P,hits_ag_3P,hits_ag_OT,hits_ag,pp_goals,pp_goals_against,pp_opportunities,pk_opportunities,pp_time,pk_time,saves_for,saves_against,save_percentage,save_percentage_against,emptynet_goalsfor,emptynet_goalsagainst,en_attempts_for,en_attempts_against,hitpost_for,hitpost_against,time_leading,time_trailing,time_tied,time_evenstrength,time_5v5,time_6v5,time_5v6,time_4v3,time_3v4,time_5v3,time_3v5,time_6v3,time_3v6,time_6v4,time_4v6,time_4v4,time_3v3,ot_loss,otml,goals_5v5,goals_ev,goals_pp,goals_sh,goals_ag_5v5,goals_ag_ev,goals_ag_pp,goals_ag_sh,sog_5v5,sog_ev,sog_pp,sog_sh,sog_ag_5v5,sog_ag_ev,sog_ag_pp,sog_ag_sh,attempts_5v5,attempts_ev,attempts_pp,attempts_sh,attempts_ag_ev,attempts_ag_pp,attempts_ag_sh,xg_for_5v5,xg_for_ev,xg_for_pp,xg_for_sh,xg_ag_5v5,xg_ag_ev,xg_ag_pp,xg_ag_sh
2025020001,2025-10-07,Panthers,Blackhawks,Home,RW,1,1,4.0852855665,2.0350475081,3.2119517868,1.6353567751,Sergei Bobrovsky,Spencer Knight,CG,CG,0,0,0,0,0,0,0,0,0,0,0,0,1,0,0,17,9,11,0,37,3,11,5,0,19,28,19,21,0,68,17,15,19,0,51,55,44,2,0,1,0,3,1,1,0,0,2,7,11,10,0,28,12,8,7,0,27,1,0,2,3,222,360,17,34,0.895,0.919,0,0,1,0,2,2,1041,63,2496,2840,2840,96,78,0,0,0,0,0,0,0,0,0,0,0.0,-,,,,,,,,,,,,,,,,,,,,,,,,,,,,,,,
2025020001,2025-10-07,Blackhawks,Panthers,Away,RL,1,1,2.0350475081,4.0852855665,1.6353567751,3.2119517868,Spencer Knight,Sergei Bobrovsky,CG,CG,0,0,0,0,0,0,0,0,1,1,0,0,0,0,0,3,11,5,0,19,17,9,11,0,37,17,15,19,0,51,28,19,21,0,68,44,55,1,1,0,0,2,2,0,1,0,3,12,8,7,0,27,7,11,10,0,28,0,1,3,2,360,222,34,17,0.919,0.895,0,0,0,1,2,2,63,1041,2496,2840,2840,78,96,0,0,0,0,0,0,0,0,0,0,0.0,-,,,,,,,,,,,,,,,,,,,,,,,,,,,,,,,
2025020002,2025-10-07,Rangers,Penguins,Home,RL,1,1,1.9630953322,3.536537117,1.7165709002,3.102600277,Igor Shesterkin,Arturs Silovs,CG,CG,0,0,0,0,0,0,0,0,0,0,0,0,0,0,0,7,13,5,0,25,8,8,15,0,31,20,28,10,0,58,14,21,28,0,63,54,58,0,0,0,0,0,1,0,2,0,3,13,12,9,0,34,8,6,8,0,22,0,0,2,1,243,120,28,25,0.903,1.0,0,2,0,3,0,0,0,2432,1168,3222,3222,14,1,0,0,0,0,0,0,0,0,0,0,0.0,-,,,,,,,,,,,,,,,,,,,,,,,,,,,,,,,
2025020002,2025-10-07,Penguins,Rangers,Away,RW,1,1,3.536537117,1.9630953322,3.102600277,1.7165709002,Arturs Silovs,Igor Shesterkin,CG,CG,0,0,0,0,0,0,0,0,1,0,0,0,0,0,0,8,8,15,0,31,7,13,5,0,25,14,21,28,0,63,20,28,10,0,58,58,54,1,0,2,0,3,0,0,0,0,0,8,6,8,0,22,13,12,9,0,34,0,0,1,2,120,243,25,28,1.0,0.903,2,0,3,0,0,0,2432,0,1168,3222,3222,1,14,0,0,0,0,0,0,0,0,0,0,0.0,-,,,,,,,,,,,,,,,,,,,,,,,,,,,,,,,
2025020003,2025-10-07,Kings,Avalanche,Home,RL,1,1,2.3357599761,2.1845409816,1.4110553681,1.7939450386,Darcy Kuemper,Scott Wedgewood,CG,CG,0,0,0,0,0,0,0,0,0,0,0,0,0,0,0,6,5,14,0,25,7,11,5,0,23,17,19,22,0,58,19,24,14,0,57,42,45,0,0,1,0,1,0,3,1,0,4,17,14,2,0,33,11,9,5,0,25,1,1,4,6,436,629,19,24,0.826,0.96,0,0,0,4,3,1,0,2352,1248,2445,2445,76,6,0,0,30,0,0,0,56,0,0,0,0.0,-,,,,,,,,,,,,,,,,,,,,,,,,,,,,,,,
2025020003,2025-10-07,Avalanche,Kings,Away,RW,1,1,2.1845409816,2.3357599761,1.7939450386,1.4110553681,Scott Wedgewood,Darcy Kuemper,CG,CG,0,0,0,0,0,0,0,0,1,0,0,0,0,0,0,7,11,5,0,23,6,5,14,0,25,19,24,14,0,57,17,19,22,0,58,45,42,0,3,1,0,4,0,0,1,0,1,11,9,5,0,25,17,14,2,0,33,1,1,6,4,629,436,24,19,0.96,0.826,0,0,4,0,1,3,2352,0,1248,2445,2445,6,76,0,0,0,30,0,0,0,56,0,0,0.0,-,,,,,,,,,,,,,,,,,,,,,,,,,,,,,,,
2025020004,2025-10-08,Maple Leafs,Canadiens,Home,RW,1,1,2.612980083,3.0973211719,2.201902756,2.4456603819000002,Anthony Stolarz,Samuel Montembeault,CG,CG,0,0,0,0,0,0,0,0,1,0,0,0,1,0,0,8,10,9,0,27,11,14,6,0,31,16,24,16,0,56,18,26,17,0,61,48,48,1,1,3,0,5,1,1,0,0,2,11,10,14,0,35,10,10,7,0,27,0,0,2,2,240,240,29,22,0.935,0.815,2,0,3,0,1,2,937,250,2413,2922,2922,117,81,0,0,0,0,0,0,0,0,0,0,0.0,-,,,,,,,,,,,,,,,,,,,,,,,,,,,,,,,
2025020004,2025-10-08,Canadiens,Maple Leafs,Away,RL,1,1,3.0973211719,2.612980083,2.4456603819000002,2.201902756,Samuel Montembeault,Anthony Stolarz,CG,CG,0,0,0,0,0,0,0,0,0,1,0,0,0,0,0,11,14,6,0,31,8,10,9,0,27,18,26,17,0,61,16,24,16,0,56,48,48,1,1,0,0,2,1,1,3,0,5,10,10,7,0,27,11,10,14,0,35,0,0,2,2,240,240,22,29,0.815,0.935,0,2,0,3,2,1,250,937,2413,2922,2922,81,117,0,0,0,0,0,0,0,0,0,0,0.0,-,,,,,,,,,,,,,,,,,,,,,,,,,,,,,,,
2025020005,2025-10-08,Capitals,Bruins,Home,RL,1,1,4.3250432106,2.4062479152,2.7133666916,1.9201808982,Logan Thompson,Jeremy Swayman,CG,CG,0,0,0,0,0,0,0,0,0,0,0,0,0,0,0,8,17,11,0,36,5,6,11,0,22,17,30,19,0,66,13,21,35,0,69,45,57,0,0,1,0,1,0,1,2,0,3,8,17,10,0,35,13,12,8,0,33,0,1,5,2,546,143,19,35,0.864,0.972,0,1,0,6,1,1,0,1635,1965,2727,2727,130,37,0,0,58,0,0,0,0,0,0,0,0.0,-,,,,,,,,,,,,,,,,,,,,,,,,,,,,,,,
2025020005,2025-10-08,Bruins,Capitals,Away,RW,1,1,2.4062479152,4.3250432106,1.9201808982,2.7133666916,Jeremy Swayman,Logan Thompson,CG,CG,0,0,0,0,0,0,0,0,1,0,0,0,0,0,0,5,6,11,0,22,8,17,11,0,36,13,21,35,0,69,17,30,19,0,66,57,45,0,1,2,0,3,0,0,1,0,1,13,12,8,0,33,8,17,10,0,35,1,0,2,5,143,546,35,19,0.972,0.864,1,0,6,0,1,1,1635,0,1965,2727,2727,37,130,0,0,0,58,0,0,0,0,0,0,0.0,-,,,,,,,,,,,,,,,,,,,,,,,,,,,,,,,
2025020006,2025-10-08,Oilers,Flames,Home,SOL,1,1,3.7194233071,2.1274928054,2.1974683041,1.1678977364,Stuart Skinner,Dustin Wolf,CG,CG,0,0,0,0,0,0,0,0,1,1,1,1,0,0,0,9,11,9,6,35,4,7,8,3,22,17,25,18,8,68,15,15,21,4,55,45,40,2,1,0,0,3,0,2,1,0,3,7,8,8,0,23,14,12,9,0,35,2,1,4,4,323,434,19,32,0.864,0.914,0,0,0,0,1,1,1847,0,2053,3023,2840,40,61,89,28,0,0,0,0,0,0,2,181,0.0,-,,,,,,,,,,,,,,,,,,,,,,,,,,,,,,,
2025020006,2025-10-08,Flames,Oilers,Away,SOW,1,1,2.1274928054,3.7194233071,1.1678977364,2.1974683041,Dustin Wolf,Stuart Skinner,CG,CG,0,0,0,0,0,0,0,0,0,0,0,0,1,1,1,4,7,8,3,22,9,11,9,6,35,15,15,21,4,55,17,25,18,8,68,40,45,0,2,1,0,3,2,1,0,0,3,14,12,9,0,35,7,8,8,0,23,1,2,4,4,434,323,32,19,0.914,0.864,0,0,0,0,1,1,0,1847,2053,3023,2840,61,40,28,89,0,0,0,0,0,0,2,181,0.0,-,,,,,,,,,,,,,,,,,,,,,,,,,,,,,,,
2025020007,2025-10-08,Golden Knights,Kings,Home,SOL,1,2,3.224173044,3.274173147,2.0177202739999998,2.2385649080000003,Adin Hill,Anton Forsberg,CG,CG,0,0,0,0,1,0,0,0,0,1,1,0,0,0,0,7,16,9,3,35,10,6,8,2,26,20,20,19,5,64,16,12,21,3,52,51,39,0,3,2,0,5,2,1,2,0,5,10,12,13,1,36,11,11,13,2,37,2,1,6,1,420,22,21,30,0.808,0.857,0,0,0,2,2,0,534,2073,1293,3263,2848,16,18,0,0,67,0,0,0,50,0,115,300,0.0,-,,,,,,,,,,,,,,,,,,,,,,,,,,,,,,,
2025020007,2025-10-08,Kings,Golden Knights,Away,SOW,2,1,3.274173147,3.224173044,2.2385649080000003,2.0177202739999998,Anton Forsberg,Adin Hill,CG,CG,1,0,0,0,0,0,0,0,1,0,0,0,1,1,0,10,6,8,2,26,7,16,9,3,35,16,12,21,3,52,20,20,19,5,64,39,51,2,1,2,0,5,0,3,2,0,5,11,11,13,2,37,10,12,13,1,36,1,2,1,6,22,420,30,21,0.857,0.808,0,0,2,0,0,2,2073,534,1293,3263,2848,18,16,0,0,0,67,0,0,0,50,115,300,0.0,-,,,,,,,,,,,,,,,,,,,,,,,,,,,,,,,
2025020008,2025-10-09,Bruins,Blackhawks,Home,OTW,2,2,3.862502503,2.3548108988,2.448874101,1.7776185538,Joonas Korpisalo,Arvid Soderblom,CG,CG,1,0,0,0,0,0,0,0,1,0,0,0,1,0,0,11,7,13,2,33,7,8,6,3,24,17,17,28,2,64,13,16,11,3,43,47,37,1,1,1,1,4,1,1,1,0,3,13,7,5,0,25,5,4,6,0,15,1,0,5,3,403,315,21,29,0.875,0.879,0,0,0,0,0,0,393,408,2931,2929,2768,45,16,0,0,87,0,0,0,0,25,29,132,0.0,-,,,,,,,,,,,,,,,,,,,,,,,,,,,,,,,
2025020008,2025-10-09,Blackhawks,Bruins,Away,OTL,2,2,2.3548108988,3.862502503,1.7776185538,2.448874101,Arvid Soderblom,Joonas Korpisalo,CG,CG,0,0,0,0,1,0,0,0,0,1,0,0,0,0,0,7,8,6,3,24,11,7,13,2,33,13,16,11,3,43,17,17,28,2,64,37,47,1,1,1,0,3,1,1,1,1,4,5,4,6,0,15,13,7,5,0,25,0,1,3,5,315,403,29,21,0.879,0.875,0,0,0,0,0,0,408,393,2931,2929,2768,16,45,0,0,0,87,0,0,25,0,29,132,0.0,-,,,,,,,,,,,,,,,,,,,,,,,,,,,,,,,
2025020009,2025-10-09,Sabres,Rangers,Home,RL,1,2,2.4713525175999997,2.6256836915,1.6238346471,1.7653971925,Alex Lyon,Igor Shesterkin,CG,CG,0,0,0,0,0,0,0,0,0,0,0,0,0,0,0,11,14,12,0,37,16,5,12,0,33,22,24,20,0,66,23,17,22,0,62,46,45,0,0,0,0,0,1,0,3,0,4,13,5,6,0,24,12,10,6,0,28,0,0,4,3,480,360,29,37,0.879,1.0,0,1,0,2,2,0,0,2897,703,2647,2537,55,42,0,0,0,0,0,0,0,0,110,0,0.0,-,,,,,,,,,,,,,,,,,,,,,,,,,,,,,,,
2025020009,2025-10-09,Rangers,Sabres,Away,RW,2,1,2.6256836915,2.4713525175999997,1.7653971925,1.6238346471,Igor Shesterkin,Alex Lyon,CG,CG,0,0,0,0,0,0,0,0,1,0,0,0,0,0,0,16,5,12,0,33,11,14,12,0,37,23,17,22,0,62,22,24,20,0,66,45,46,1,0,3,0,4,0,0,0,0,0,12,10,6,0,28,13,5,6,0,24,0,0,3,4,360,480,37,29,1.0,0.879,1,0,2,0,0,2,2897,0,703,2647,2537,42,55,0,0,0,0,0,0,0,0,110,0,0.0,-,,,,,,,,,,,,,,,,,,,,,,,,,,,,,,,
2025020010,2025-10-09,Red Wings,Canadiens,Home,RL,1,2,3.1042524542,2.0780894500000002,1.6742843422,1.337836735,John Gibson,Jakub Dobes,IG,CG,0,0,0,0,1,0,0,0,1,1,0,0,0,0,0,11,11,9,0,31,9,5,3,0,17,20,22,15,0,57,19,14,9,0,42,43,34,1,0,0,0,1,3,2,0,0,5,13,11,10,0,34,8,10,7,0,25,1,1,4,3,397,247,12,30,0.706,0.968,0,0,0,0,2,2,384,2837,379,2858,2858,25,32,0,0,0,0,0,0,0,0,0,0,0.0,-,,,,,,,,,,,,,,,,,,,,,,,,,,,,,,,
2025020010,2025-10-09,Canadiens,Red Wings,Away,RW,2,1,2.0780894500000002,3.1042524542,1.337836735,1.6742843422,Jakub Dobes,John Gibson,CG,IG,1,0,0,0,0,0,0,0,0,0,0,0,1,0,0,9,5,3,0,17,11,11,9,0,31,19,14,9,0,42,20,22,15,0,57,34,43,3,2,0,0,5,1,0,0,0,1,8,10,7,0,25,13,11,10,0,34,1,1,3,4,247,397,30,12,0.968,0.706,0,0,0,0,2,2,2837,384,379,2858,2858,32,25,0,0,0,0,0,0,0,0,0,0,0.0,-,,,,,,,,,,,,,,,,,,,,,,,,,,,,,,,
2025020011,2025-10-09,Lightning,Senators,Home,RL,1,1,2.3270418223,3.0834850426,1.513855696,2.5761377306,Andrei Vasilevskiy,Linus Ullmark,CG,CG,0,0,0,0,0,0,0,0,1,1,1,0,0,0,0,14,7,4,0,25,13,13,8,0,34,28,21,10,0,59,15,25,17,0,57,46,46,3,0,1,0,4,1,2,2,0,5,13,15,12,0,40,14,14,9,0,37,2,1,3,4,266,435,29,21,0.853,0.84,0,1,0,2,3,2,1774,107,1719,2676,2676,93,59,31,0,0,0,0,0,0,0,0,0,0.0,-,,,,,,,,,,,,,,,,,,,,,,,,,,,,,,,
2025020011,2025-10-09,Senators,Lightning,Away,RW,1,1,3.0834850426,2.3270418223,2.5761377306,1.513855696,Linus Ullmark,Andrei Vasilevskiy,CG,CG,0,0,0,0,0,0,0,0,0,0,0,0,1,1,0,13,13,8,0,34,14,7,4,0,25,15,25,17,0,57,28,21,10,0,59,46,46,1,2,2,0,5,3,0,1,0,4,14,14,9,0,37,13,15,12,0,40,1,2,4,3,435,266,21,29,0.84,0.853,1,0,2,0,2,3,107,1774,1719,2676,2676,59,93,0,31,0,0,0,0,0,0,0,0,0.0,-,,,,,,,,,,,,,,,,,,,,,,,,,,,,,,,
2025020012,2025-10-09,Panthers,Flyers,Home,RW,2,1,2.9679452022,2.4622838217,1.9049519252,2.4444428127,Sergei Bobrovsky,Dan Vladar,CG,CG,0,0,0,0,0,0,0,0,1,0,0,0,0,0,0,13,12,9,0,34,6,9,5,0,20,20,22,15,0,57,14,16,14,0,44,38,37,0,1,1,0,2,0,1,0,0,1,9,9,9,0,27,5,6,6,0,17,1,0,5,2,429,136,19,32,0.95,0.941,0,0,2,0,5,1,1800,0,1800,2967,2879,2,42,0,0,0,0,0,0,0,16,88,0,0.0,-,,,,,,,,,,,,,,,,,,,,,,,,,,,,,,,
2025020012,2025-10-09,Flyers,Panthers,Away,RL,1,2,2.4622838217,2.9679452022,2.4444428127,1.9049519252,Dan Vladar,Sergei Bobrovsky,CG,CG,0,0,0,0,0,0,0,0,0,0,0,0,0,0,0,6,9,5,0,20,13,12,9,0,34,14,16,14,0,44,20,22,15,0,57,37,38,0,1,0,0,1,0,1,1,0,2,5,6,6,0,17,9,9,9,0,27,0,1,2,5,136,429,32,19,0.941,0.95,0,0,0,2,1,5,0,1800,1800,2967,2879,42,2,0,0,0,0,0,0,16,0,88,0,0.0,-,,,,,,,,,,,,,,,,,,,,,,,,,,,,,,,
2025020013,2025-10-09,Penguins,Islanders,Home,RW,2,1,3.3053006696,3.2186734399,2.4247074336,1.8881090979000001,Tristan Jarry,Ilya Sorokin,CG,CG,0,0,0,0,0,0,0,0,1,0,0,0,1,0,0,11,9,8,0,28,12,13,12,0,37,22,17,22,0,61,20,21,23,0,64,49,43,1,2,1,0,4,1,2,0,0,3,10,6,7,0,23,6,9,7,0,22,2,0,5,3,291,358,34,24,0.919,0.857,0,0,3,0,3,1,1479,97,2024,2707,2604,108,96,15,0,0,0,0,0,38,25,103,0,0.0,-,,,,,,,,,,,,,,,,,,,,,,,,,,,,,,,
2025020013,2025-10-09,Islanders,Penguins,Away,RL,1,2,3.2186734399,3.3053006696,1.8881090979000001,2.4247074336,Ilya Sorokin,Tristan Jarry,CG,CG,0,0,0,0,0,0,0,0,0,1,0,0,0,0,0,12,13,12,0,37,11,9,8,0,28,20,21,23,0,64,22,17,22,0,61,43,49,1,2,0,0,3,1,2,1,0,4,6,9,7,0,22,10,6,7,0,23,0,2,3,5,358,291,24,34,0.857,0.919,0,0,0,3,1,3,97,1479,2024,2707,2604,96,108,0,15,0,0,0,0,25,38,103,0,0.0,-,,,,,,,,,,,,,,,,,,,,,,,,,,,,,,,
2025020014,2025-10-09,Hurricanes,Devils,Home,RW,1,1,4.1468423447000005,2.1842895908999997,2.8905301067,1.7411855949,Frederik Andersen,Jacob Markstrom,CG,CG,0,0,0,0,0,0,0,0,1,0,0,0,0,0,0,9,14,10,0,33,6,11,5,0,22,24,22,21,0,67,13,21,17,0,51,53,42,1,1,4,0,6,0,2,1,0,3,8,7,12,0,27,11,5,9,0,25,1,0,4,2,349,151,19,27,0.864,0.818,1,0,2,0,8,3,1960,0,1640,2992,2930,20,53,0,0,0,0,0,0,0,1,62,0,0.0,-,,,,,,,,,,,,,,,,,,,,,,,,,,,,,,,
2025020014,2025-10-09,Devils,Hurricanes,Away,RL,1,1,2.1842895908999997,4.1468423447000005,1.7411855949,2.8905301067,Jacob Markstrom,Frederik Andersen,CG,CG,0,0,0,0,0,0,0,0,0,0,0,0,0,0,0,6,11,5,0,22,9,14,10,0,33,13,21,17,0,51,24,22,21,0,67,42,53,0,2,1,0,3,1,1,4,0,6,11,5,9,0,25,8,7,12,0,27,0,1,2,4,151,349,27,19,0.818,0.864,0,1,0,2,3,8,0,1960,1640,2992,2930,53,20,0,0,0,0,0,0,1,0,62,0,0.0,-,,,,,,,,,,,,,,,,,,,,,,,,,,,,,,,
2025020015,2025-10-09,Blues,Wild,Home,RL,1,1,2.8123629815999998,2.0313915577,2.4799604766,1.8325972977,Jordan Binnington,Filip Gustavsson,CG,CG,0,0,0,0,0,0,0,0,0,0,0,0,0,0,0,8,14,4,0,26,7,5,9,0,21,16,29,15,0,60,19,13,18,0,50,52,46,0,0,0,0,0,2,2,1,0,5,18,10,12,0,40,8,8,3,0,19,0,1,2,3,240,248,16,26,0.762,1.0,0,0,0,0,2,2,0,2646,954,3055,3055,33,10,0,0,0,0,0,0,0,0,0,0,0.0,-,,,,,,,,,,,,,,,,,,,,,,,,,,,,,,,
2025020015,2025-10-09,Wild,Blues,Away,RW,1,1,2.0313915577,2.8123629815999998,1.8325972977,2.4799604766,Filip Gustavsson,Jordan Binnington,CG,CG,0,0,0,0,0,0,0,0,1,0,0,0,0,0,0,7,5,9,0,21,8,14,4,0,26,19,13,18,0,50,16,29,15,0,60,46,52,2,2,1,0,5,0,0,0,0,0,8,8,3,0,19,18,10,12,0,40,1,0,3,2,248,240,26,16,1.0,0.762,0,0,0,0,2,2,2646,0,954,3055,3055,10,33,0,0,0,0,0,0,0,0,0,0,0.0,-,,,,,,,,,,,,,,,,,,,,,,,,,,,,,,,
2025020016,2025-10-09,Predators,Blue Jackets,Home,RW,1,1,3.177296615,3.012671582,2.05915098,2.566613706,Juuse Saros,Jet Greaves,CG,CG,0,0,0,0,0,0,0,0,1,0,0,0,0,0,0,9,9,14,0,32,15,14,10,0,39,21,20,25,0,66,23,23,20,0,66,48,55,1,0,1,0,2,1,0,0,0,1,7,10,5,0,22,7,9,12,0,28,1,0,4,1,358,120,38,30,0.974,0.938,0,0,1,0,5,5,1595,0,2005,2902,2822,40,98,0,0,8,0,0,0,0,0,80,0,0.0,-,,,,,,,,,,,,,,,,,,,,,,,,,,,,,,,
2025020016,2025-10-09,Blue Jackets,Predators,Away,RL,1,1,3.012671582,3.177296615,2.566613706,2.05915098,Jet Greaves,Juuse Saros,CG,CG,0,0,0,0,0,0,0,0,0,0,0,0,0,0,0,15,14,10,0,39,9,9,14,0,32,23,23,20,0,66,21,20,25,0,66,55,48,1,0,0,0,1,1,0,1,0,2,7,9,12,0,28,7,10,5,0,22,0,1,1,4,120,358,30,38,0.938,0.974,0,0,0,1,5,5,0,1595,2005,2902,2822,98,40,0,0,0,8,0,0,0,0,80,0,0.0,-,,,,,,,,,,,,,,,,,,,,,,,,,,,,,,,
2025020017,2025-10-09,Jets,Stars,Home,RL,1,1,2.5285291285000002,4.9375881767,1.3584683035,2.9942123457,Connor Hellebuyck,Jake Oettinger,CG,CG,0,0,0,0,0,0,0,0,0,0,0,0,0,0,0,7,7,11,0,25,9,17,11,0,37,10,20,15,0,45,20,24,25,0,69,24,50,1,0,3,0,4,2,0,3,0,5,16,5,12,0,33,11,5,5,0,21,0,1,4,5,507,482,32,21,0.865,0.84,0,0,0,2,2,1,0,2860,740,2506,2383,81,15,0,73,0,105,0,0,5,0,123,0,0.0,-,,,,,,,,,,,,,,,,,,,,,,,,,,,,,,,
2025020017,2025-10-09,Stars,Jets,Away,RW,1,1,4.9375881767,2.5285291285000002,2.9942123457,1.3584683035,Jake Oettinger,Connor Hellebuyck,CG,CG,0,0,0,0,0,0,0,0,1,0,0,0,0,0,0,9,17,11,0,37,7,7,11,0,25,20,24,25,0,69,10,20,15,0,45,50,24,2,0,3,0,5,1,0,3,0,4,11,5,5,0,21,16,5,12,0,33,1,0,5,4,482,507,21,32,0.84,0.865,0,0,2,0,1,2,2860,0,740,2506,2383,15,81,73,0,105,0,0,0,0,5,123,0,0.0,-,,,,,,,,,,,,,,,,,,,,,,,,,,,,,,,
2025020018,2025-10-09,Avalanche,Mammoth,Home,RW,2,1,2.7569013783,2.5534692734,2.1109808883,2.0123971654,Scott Wedgewood,Karel Vejmelka,CG,CG,0,0,0,0,0,0,0,0,1,0,0,0,0,0,0,14,4,9,0,27,11,11,11,0,33,26,13,17,0,56,22,26,23,0,71,44,61,1,0,1,0,2,0,1,0,0,1,9,5,6,0,20,6,7,6,0,19,1,1,4,3,419,246,32,25,0.97,0.926,0,0,5,0,1,3,2639,0,961,2680,2680,7,208,0,0,0,0,0,0,0,0,0,0,0.0,-,,,,,,,,,,,,,,,,,,,,,,,,,,,,,,,
2025020018,2025-10-09,Mammoth,Avalanche,Away,RL,1,2,2.5534692734,2.7569013783,2.0123971654,2.1109808883,Karel Vejmelka,Scott Wedgewood,CG,CG,0,0,0,0,0,0,0,0,0,0,0,0,0,0,0,11,11,11,0,33,14,4,9,0,27,22,26,23,0,71,26,13,17,0,56,61,44,0,1,0,0,1,1,0,1,0,2,6,7,6,0,19,9,5,6,0,20,1,1,3,4,246,419,25,32,0.926,0.97,0,0,0,5,3,1,0,2639,961,2680,2680,208,7,0,0,0,0,0,0,0,0,0,0,0.0,-,,,,,,,,,,,,,,,,,,,,,,,,,,,,,,,
2025020019,2025-10-09,Canucks,Flames,Home,RW,1,2,3.02409038,2.25500129,1.997205398,1.2981493855,Thatcher Demko,Dustin Wolf,CG,CG,0,0,0,0,1,0,0,0,1,0,0,0,0,0,0,8,8,10,0,26,6,7,5,0,18,12,20,25,0,57,17,17,10,0,44,38,34,1,0,4,0,5,0,0,1,0,1,9,10,8,0,27,15,11,9,0,35,0,0,4,4,480,480,17,21,0.944,0.808,0,0,0,0,3,0,2707,0,893,2495,2408,24,76,0,0,0,0,0,0,0,0,87,0,0.0,-,,,,,,,,,,,,,,,,,,,,,,,,,,,,,,,
2025020019,2025-10-09,Flames,Canucks,Away,RL,2,1,2.25500129,3.02409038,1.2981493855,1.997205398,Dustin Wolf,Thatcher Demko,CG,CG,1,0,0,0,0,0,0,0,0,0,0,0,0,0,0,6,7,5,0,18,8,8,10,0,26,17,17,10,0,44,12,20,25,0,57,34,38,0,0,1,0,1,1,0,4,0,5,15,11,9,0,35,9,10,8,0,27,0,0,4,4,480,480,21,17,0.808,0.944,0,0,0,0,0,3,0,2707,893,2495,2408,76,24,0,0,0,0,0,0,0,0,87,0,0.0,-,,,,,,,,,,,,,,,,,,,,,,,,,,,,,,,
2025020020,2025-10-09,Sharks,Golden Knights,Home,OTL,1,2,2.9056898933,2.9713673573,2.3536985093,2.120804902,Alex Nedeljkovic,Akira Schmid,CG,CG,0,0,0,0,1,0,0,0,1,1,0,0,0,0,0,9,6,8,0,23,10,11,8,2,31,16,15,19,0,50,22,24,17,2,65,38,45,1,1,1,0,3,1,1,1,1,4,10,6,6,0,22,6,8,8,0,22,1,1,4,4,384,410,27,20,0.871,0.87,0,0,1,0,4,2,1528,0,2156,2751,2667,48,67,0,0,28,0,0,0,0,0,0,84,0.0,-,,,,,,,,,,,,,,,,,,,,,,,,,,,,,,,
2025020020,2025-10-09,Golden Knights,Sharks,Away,OTW,2,1,2.9713673573,2.9056898933,2.120804902,2.3536985093,Akira Schmid,Alex Nedeljkovic,CG,CG,1,0,0,0,0,0,0,0,0,0,0,0,1,0,0,10,11,8,2,31,9,6,8,0,23,22,24,17,2,65,16,15,19,0,50,45,38,1,1,1,1,4,1,1,1,0,3,6,8,8,0,22,10,6,6,0,22,1,1,4,4,410,384,20,27,0.87,0.871,0,0,0,1,2,4,0,1528,2156,2751,2667,67,48,0,0,0,28,0,0,0,0,0,84,0.0,-,,,,,,,,,,,,,,,,,,,,,,,,,,,,,,,
2025020021,2025-10-09,Kraken,Ducks,Home,RW,1,1,3.850165165,2.6411986255,3.4638420489999997,2.2008263505,Joey Daccord,Lukas Dostal,CG,CG,0,0,0,0,0,0,0,0,1,0,0,0,0,0,0,5,11,15,0,31,17,12,7,0,36,16,26,33,0,75,28,20,17,0,65,67,54,1,1,1,0,3,1,0,0,0,1,14,7,8,0,29,8,8,8,0,24,0,0,2,1,240,120,35,28,0.972,0.903,0,0,6,0,2,3,2280,0,1320,2988,2988,6,246,0,0,0,0,0,0,0,0,0,0,0.0,-,,,,,,,,,,,,,,,,,,,,,,,,,,,,,,,
2025020021,2025-10-09,Ducks,Kraken,Away,RL,1,1,2.6411986255,3.850165165,2.2008263505,3.4638420489999997,Lukas Dostal,Joey Daccord,CG,CG,0,0,0,0,0,0,0,0,0,0,0,0,0,0,0,17,12,7,0,36,5,11,15,0,31,28,20,17,0,65,16,26,33,0,75,54,67,1,0,0,0,1,1,1,1,0,3,8,8,8,0,24,14,7,8,0,29,0,0,1,2,120,240,28,35,0.903,0.972,0,0,0,6,3,2,0,2280,1320,2988,2988,246,6,0,0,0,0,0,0,0,0,0,0,0.0,-,,,,,,,,,,,,,,,,,,,,,,,,,,,,,,,
2025020022,2025-10-11,Jets,Kings,Home,RW,2,3,2.87005725,3.4200939322,1.374512361,1.7067378672,Connor Hellebuyck,Darcy Kuemper,CG,CG,0,0,0,0,0,0,0,0,1,0,0,0,1,0,0,14,8,5,0,27,9,12,11,0,32,29,23,22,0,74,16,23,18,0,57,46,36,1,1,1,0,3,0,2,0,0,2,6,8,12,0,26,10,7,6,0,23,1,0,4,5,399,455,30,24,0.938,0.889,0,0,4,0,0,3,1455,585,1560,2549,2542,29,105,0,0,0,0,0,0,37,18,7,0,0.0,-,,,,,,,,,,,,,,,,,,,,,,,,,,,,,,,
2025020022,2025-10-11,Kings,Jets,Away,RL,3,2,3.4200939322,2.87005725,1.7067378672,1.374512361,Darcy Kuemper,Connor Hellebuyck,CG,CG,0,0,0,0,0,0,0,0,0,1,0,0,0,0,0,9,12,11,0,32,14,8,5,0,27,16,23,18,0,57,29,23,22,0,74,36,46,0,2,0,0,2,1,1,1,0,3,10,7,6,0,23,6,8,12,0,26,0,1,5,4,455,399,24,30,0.889,0.938,0,0,0,4,3,0,585,1455,1560,2549,2542,105,29,0,0,0,0,0,0,18,37,7,0,0.0,-,,,,,,,,,,,,,,,,,,,,,,,,,,,,,,,
2025020023,2025-10-11,Flames,Blues,Home,RL,3,2,3.711501448,2.8127335864,2.42314094,1.9850249484,Dustin Wolf,Joel Hofer,CG,CG,0,1,0,0,0,0,0,0,1,1,0,0,0,0,0,9,14,6,0,29,4,12,12,0,28,26,27,18,0,71,12,18,22,0,52,50,33,1,1,0,0,2,0,2,2,0,4,7,10,5,0,22,8,13,8,0,29,1,1,6,4,627,411,24,27,0.857,0.931,0,0,0,3,7,2,1072,565,1963,2203,2203,226,51,0,0,0,0,0,0,0,0,0,0,0.0,-,,,,,,,,,,,,,,,,,,,,,,,,,,,,,,,
2025020023,2025-10-11,Blues,Flames,Away,RW,2,3,2.8127335864,3.711501448,1.9850249484,2.42314094,Joel Hofer,Dustin Wolf,CG,CG,0,0,0,0,0,1,0,0,0,0,0,0,1,0,0,4,12,12,0,28,9,14,6,0,29,12,18,22,0,52,26,27,18,0,71,33,50,0,2,2,0,4,1,1,0,0,2,8,13,8,0,29,7,10,5,0,22,1,1,4,6,411,627,27,24,0.931,0.857,0,0,3,0,2,7,565,1072,1963,2203,2203,51,226,0,0,0,0,0,0,0,0,0,0,0.0,-,,,,,,,,,,,,,,,,,,,,,,,,,,,,,,,
2025020024,2025-10-11,Bruins,Sabres,Home,RW,3,2,3.4946907691,1.6776685097,1.9116565531,0.8000104289,Jeremy Swayman,Alex Lyon,CG,CG,0,1,0,0,0,0,0,0,1,0,0,0,0,0,0,17,9,5,0,31,2,13,7,0,22,32,14,22,0,68,15,23,17,0,55,48,30,1,1,1,0,3,0,0,1,0,1,7,8,10,0,25,14,8,10,0,32,0,0,4,4,416,422,21,28,0.955,0.903,1,0,5,0,1,4,2652,0,948,2509,2483,14,201,0,0,0,0,0,0,0,4,26,0,0.0,-,,,,,,,,,,,,,,,,,,,,,,,,,,,,,,,
2025020024,2025-10-11,Sabres,Bruins,Away,RL,2,3,1.6776685097,3.4946907691,0.8000104289,1.9116565531,Alex Lyon,Jeremy Swayman,CG,CG,0,0,0,0,0,1,0,0,0,0,0,0,0,0,0,2,13,7,0,22,17,9,5,0,31,15,23,17,0,55,32,14,22,0,68,30,48,0,0,1,0,1,1,1,1,0,3,14,8,10,0,32,7,8,10,0,25,0,0,4,4,422,416,28,21,0.903,0.955,0,1,0,5,4,1,0,2652,948,2509,2483,201,14,0,0,0,0,0,0,4,0,26,0,0.0,-,,,,,,,,,,,,,,,,,,,,,,,,,,,,,,,
2025020025,2025-10-11,Red Wings,Maple Leafs,Home,RW,2,2,3.6431977475,2.9279306796,2.9867799565,2.3081374616,Cam Talbot,Anthony Stolarz,CG,CG,0,0,0,0,0,0,0,0,0,0,0,0,1,1,0,13,15,7,0,35,8,9,6,0,23,25,28,11,0,64,10,23,18,0,51,53,39,0,3,3,0,6,2,0,1,0,3,9,4,2,0,15,6,9,7,0,22,1,0,4,2,371,160,20,29,0.87,0.829,2,0,3,0,2,4,1063,1948,589,2897,2730,6,123,0,0,0,0,0,0,1,0,167,0,0.0,-,,,,,,,,,,,,,,,,,,,,,,,,,,,,,,,
2025020025,2025-10-11,Maple Leafs,Red Wings,Away,RL,2,2,2.9279306796,3.6431977475,2.3081374616,2.9867799565,Anthony Stolarz,Cam Talbot,CG,CG,0,0,0,0,0,0,0,0,1,1,1,0,0,0,0,8,9,6,0,23,13,15,7,0,35,10,23,18,0,51,25,28,11,0,64,39,53,2,0,1,0,3,0,3,3,0,6,6,9,7,0,22,9,4,2,0,15,0,1,2,4,160,371,29,20,0.829,0.87,0,2,0,3,4,2,1948,1063,589,2897,2730,123,6,0,0,0,0,0,0,0,1,167,0,0.0,-,,,,,,,,,,,,,,,,,,,,,,,,,,,,,,,
2025020026,2025-10-11,Lightning,Devils,Home,RL,2,2,1.6546706263,4.1643086695000004,1.3244551413,3.1341176695,Andrei Vasilevskiy,Jacob Markstrom,CG,CG,0,0,0,0,0,0,0,0,0,0,0,0,0,0,0,2,7,8,0,17,17,7,7,0,31,14,16,16,0,46,26,18,28,0,72,33,48,0,2,1,0,3,3,0,2,0,5,11,8,6,0,25,11,9,7,0,27,0,0,3,4,349,535,26,14,0.839,0.824,0,0,0,15,3,0,0,3090,510,2572,2572,121,23,0,0,0,0,0,0,109,0,0,0,0.0,-,,,,,,,,,,,,,,,,,,,,,,,,,,,,,,,
2025020026,2025-10-11,Devils,Lightning,Away,RW,2,2,4.1643086695000004,1.6546706263,3.1341176695,1.3244551413,Jacob Markstrom,Andrei Vasilevskiy,CG,CG,0,0,0,0,0,0,0,0,1,0,0,0,0,0,0,17,7,7,0,31,2,7,8,0,17,26,18,28,0,72,14,16,16,0,46,48,33,3,0,2,0,5,0,2,1,0,3,11,9,7,0,27,11,8,6,0,25,0,0,4,3,535,349,14,26,0.824,0.839,0,0,15,0,0,3,3090,0,510,2572,2572,23,121,0,0,0,0,0,0,0,109,0,0,0.0,-,,,,,,,,,,,,,,,,,,,,,,,,,,,,,,,
2025020027,2025-10-11,Panthers,Senators,Home,RW,3,2,3.2091180534,2.1733126407,2.0288828084,1.9062695592,Sergei Bobrovsky,Linus Ullmark,CG,CG,0,0,0,0,0,0,0,0,1,0,0,0,0,0,0,9,9,9,0,27,8,7,13,0,28,15,16,16,0,47,21,14,20,0,55,35,47,2,2,2,0,6,1,0,1,0,2,11,10,7,0,28,9,8,10,0,27,3,0,5,2,539,240,26,21,0.929,0.778,0,0,0,0,0,0,3232,0,368,2800,2800,2,2,0,0,0,0,0,0,0,0,0,0,0.0,-,,,,,,,,,,,,,,,,,,,,,,,,,,,,,,,
2025020027,2025-10-11,Senators,Panthers,Away,RL,2,3,2.1733126407,3.2091180534,1.9062695592,2.0288828084,Linus Ullmark,Sergei Bobrovsky,CG,CG,0,0,0,0,0,0,0,0,0,0,0,0,0,0,0,8,7,13,0,28,9,9,9,0,27,21,14,20,0,55,15,16,16,0,47,47,35,1,0,1,0,2,2,2,2,0,6,9,8,10,0,27,11,10,7,0,28,0,3,2,5,240,539,21,26,0.778,0.929,0,0,0,0,0,0,0,3232,368,2800,2800,2,2,0,0,0,0,0,0,0,0,0,0,0.0,-,,,,,,,,,,,,,,,,,,,,,,,,,,,,,,,
2025020028,2025-10-11,Islanders,Capitals,Home,RL,2,2,2.6357870775,5.212402575,1.4078362855,4.497924949,Ilya Sorokin,Logan Thompson,CG,CG,0,0,0,0,0,0,0,0,0,0,0,0,0,0,0,3,13,20,0,36,9,14,6,0,29,17,28,30,0,75,22,23,20,0,65,52,54,0,1,1,0,2,2,2,0,0,4,7,13,13,0,33,8,9,6,0,23,2,0,3,2,159,240,25,34,0.862,0.944,0,0,0,7,1,3,0,3490,110,2934,2934,235,32,0,0,0,0,0,0,0,0,0,0,0.0,-,,,,,,,,,,,,,,,,,,,,,,,,,,,,,,,
2025020028,2025-10-11,Capitals,Islanders,Away,RW,2,2,5.212402575,2.6357870775,4.497924949,1.4078362855,Logan Thompson,Ilya Sorokin,CG,CG,0,0,0,0,0,0,0,0,1,0,0,0,0,0,0,9,14,6,0,29,3,13,20,0,36,22,23,20,0,65,17,28,30,0,75,54,52,2,2,0,0,4,0,1,1,0,2,8,9,6,0,23,7,13,13,0,33,0,2,2,3,240,159,34,25,0.944,0.862,0,0,7,0,3,1,3490,0,110,2934,2934,32,235,0,0,0,0,0,0,0,0,0,0,0.0,-,,,,,,,,,,,,,,,,,,,,,,,,,,,,,,,
2025020029,2025-10-11,Penguins,Rangers,Home,RL,3,3,2.5930397995,3.2547797259999998,1.8145233165,2.347124836,Arturs Silovs,Igor Shesterkin,CG,CG,0,0,0,0,0,0,0,0,0,0,0,0,0,0,0,9,3,7,0,19,4,14,12,0,30,21,16,19,0,56,9,21,20,0,50,43,37,0,1,0,0,1,1,3,2,0,6,7,5,2,0,14,12,10,8,0,30,0,2,4,4,480,361,24,18,0.8,0.947,0,0,2,0,2,1,0,2958,642,2640,2640,12,46,0,0,0,0,0,0,0,0,0,0,0.0,-,,,,,,,,,,,,,,,,,,,,,,,,,,,,,,,
2025020029,2025-10-11,Rangers,Penguins,Away,RW,3,3,3.2547797259999998,2.5930397995,2.347124836,1.8145233165,Igor Shesterkin,Arturs Silovs,CG,CG,0,0,0,0,0,0,0,0,1,0,0,0,0,0,0,4,14,12,0,30,9,3,7,0,19,9,21,20,0,50,21,16,19,0,56,37,43,1,3,2,0,6,0,1,0,0,1,12,10,8,0,30,7,5,2,0,14,2,0,4,4,361,480,18,24,0.947,0.8,0,0,0,2,1,2,2958,0,642,2640,2640,46,12,0,0,0,0,0,0,0,0,0,0,0.0,-,,,,,,,,,,,,,,,,,,,,,,,,,,,,,,,
2025020030,2025-10-11,Hurricanes,Flyers,Home,OTW,2,2,5.65408622,3.4796813122,3.372589844,2.4583836264,Frederik Andersen,Samuel Ersson,CG,CG,0,0,0,0,0,0,0,0,0,0,0,0,1,0,0,15,12,11,1,39,6,12,5,0,23,28,26,23,4,81,22,22,12,2,58,58,41,0,3,0,1,4,1,1,1,0,3,3,12,9,0,24,10,9,8,0,27,0,1,4,3,480,249,20,35,0.87,0.897,0,0,0,0,4,2,1050,417,2416,3101,2818,6,47,0,0,0,0,0,0,0,0,0,283,0.0,-,,,,,,,,,,,,,,,,,,,,,,,,,,,,,,,
2025020030,2025-10-11,Flyers,Hurricanes,Away,OTL,2,2,3.4796813122,5.65408622,2.4583836264,3.372589844,Samuel Ersson,Frederik Andersen,CG,CG,0,0,0,0,0,0,0,0,1,1,0,0,0,0,0,6,12,5,0,23,15,12,11,1,39,22,22,12,2,58,28,26,23,4,81,41,58,1,1,1,0,3,0,3,0,1,4,10,9,8,0,27,3,12,9,0,24,1,0,3,4,249,480,35,20,0.897,0.87,0,0,0,0,2,4,417,1050,2416,3101,2818,47,6,0,0,0,0,0,0,0,0,0,283,0.0,-,,,,,,,,,,,,,,,,,,,,,,,,,,,,,,,
2025020031,2025-10-11,Blackhawks,Canadiens,Home,RL,3,3,1.9713938742,3.916445667,1.3228016422,1.518456663,Spencer Knight,Samuel Montembeault,CG,CG,0,0,0,0,0,1,0,0,0,0,0,0,0,0,0,6,4,12,0,22,8,10,10,0,28,13,15,24,0,52,18,16,19,0,53,38,28,0,2,0,0,2,0,2,1,0,3,8,8,6,0,22,7,2,7,0,16,1,2,4,10,362,995,25,20,0.893,0.909,0,0,0,0,1,3,0,334,3266,1981,1944,152,24,0,0,0,29,0,0,21,0,37,0,0.0,-,,,,,,,,,,,,,,,,,,,,,,,,,,,,,,,
2025020031,2025-10-11,Canadiens,Blackhawks,Away,RW,3,3,3.916445667,1.9713938742,1.518456663,1.3228016422,Samuel Montembeault,Spencer Knight,CG,CG,0,1,0,0,0,0,0,0,1,0,0,0,0,0,0,8,10,10,0,28,6,4,12,0,22,18,16,19,0,53,13,15,24,0,52,28,38,0,2,1,0,3,0,2,0,0,2,7,2,7,0,16,8,8,6,0,22,2,1,10,4,995,362,20,25,0.909,0.893,0,0,0,0,3,1,334,0,3266,1981,1944,24,152,0,0,29,0,0,0,0,21,37,0,0.0,-,,,,,,,,,,,,,,,,,,,,,,,,,,,,,,,
2025020032,2025-10-11,Predators,Mammoth,Home,OTL,2,2,3.0560827061,2.4081110915,1.9670505101,1.1355542205,Juuse Saros,Karel Vejmelka,CG,CG,0,0,0,0,0,0,0,0,0,1,0,0,0,0,0,6,9,8,0,23,11,3,8,1,23,15,20,16,1,52,17,10,23,1,51,35,29,1,1,0,0,2,1,0,1,1,3,6,8,5,1,20,9,6,6,0,21,0,0,5,4,592,467,20,21,0.87,0.913,0,0,0,0,3,2,1104,302,2370,2534,2358,44,96,0,0,0,0,0,0,0,0,0,176,0.0,-,,,,,,,,,,,,,,,,,,,,,,,,,,,,,,,
2025020032,2025-10-11,Mammoth,Predators,Away,OTW,2,2,2.4081110915,3.0560827061,1.1355542205,1.9670505101,Karel Vejmelka,Juuse Saros,CG,CG,0,0,0,0,0,0,0,0,1,0,0,0,1,0,0,11,3,8,1,23,6,9,8,0,23,17,10,23,1,51,15,20,16,1,52,29,35,1,0,1,1,3,1,1,0,0,2,9,6,6,0,21,6,8,5,1,20,0,0,4,5,467,592,21,20,0.913,0.87,0,0,0,0,2,3,302,1104,2370,2534,2358,96,44,0,0,0,0,0,0,0,0,0,176,0.0,-,,,,,,,,,,,,,,,,,,,,,,,,,,,,,,,
2025020033,2025-10-11,Wild,Blue Jackets,Home,RL,2,2,4.9459463609,3.9593304339,3.1298277049,1.8870358599000001,Filip Gustavsson,Elvis Merzlikins,CG,CG,0,0,0,0,0,0,0,0,0,0,0,0,0,0,0,14,20,18,0,52,9,10,13,0,32,28,32,30,0,90,20,20,21,0,61,63,39,0,2,2,0,4,1,2,4,0,7,6,5,7,0,18,9,5,2,0,16,4,1,8,3,644,268,25,48,0.781,0.923,0,1,0,1,3,1,0,2827,773,2516,2516,87,46,0,0,31,48,0,0,0,0,0,0,0.0,-,,,,,,,,,,,,,,,,,,,,,,,,,,,,,,,
2025020033,2025-10-11,Blue Jackets,Wild,Away,RW,2,2,3.9593304339,4.9459463609,1.8870358599000001,3.1298277049,Elvis Merzlikins,Filip Gustavsson,CG,CG,0,0,0,0,0,0,0,0,1,0,0,0,0,0,0,9,10,13,0,32,14,20,18,0,52,20,20,21,0,61,28,32,30,0,90,39,63,1,2,4,0,7,0,2,2,0,4,9,5,2,0,16,6,5,7,0,18,1,4,3,8,268,644,48,25,0.923,0.781,1,0,1,0,1,3,2827,0,773,2516,2516,46,87,0,0,48,31,0,0,0,0,0,0,0.0,-,,,,,,,,,,,,,,,,,,,,,,,,,,,,,,,
2025020034,2025-10-11,Avalanche,Stars,Home,SOL,3,2,3.8999543,2.346556126,2.7192442524000002,1.667778644,Scott Wedgewood,Jake Oettinger,CG,CG,0,0,0,0,0,0,0,0,0,1,0,0,0,0,0,14,8,16,1,39,5,6,11,0,22,23,18,22,3,66,18,15,23,3,59,47,46,0,2,2,0,4,1,2,1,0,4,8,5,5,1,19,6,6,5,0,17,1,0,5,2,548,240,18,35,0.818,0.897,0,0,0,0,4,0,315,960,2625,2932,2632,34,85,0,0,0,0,0,0,0,0,0,300,0.0,-,,,,,,,,,,,,,,,,,,,,,,,,,,,,,,,
2025020034,2025-10-11,Stars,Avalanche,Away,SOW,2,3,2.346556126,3.8999543,1.667778644,2.7192442524000002,Jake Oettinger,Scott Wedgewood,CG,CG,0,0,0,0,0,0,0,0,1,0,0,0,1,0,0,5,6,11,0,22,14,8,16,1,39,18,15,23,3,59,23,18,22,3,66,46,47,1,2,1,0,4,0,2,2,0,4,6,6,5,0,17,8,5,5,1,19,0,1,2,5,240,548,35,18,0.897,0.818,0,0,0,0,0,4,960,315,2625,2932,2632,85,34,0,0,0,0,0,0,0,0,0,300,0.0,-,,,,,,,,,,,,,,,,,,,,,,,,,,,,,,,
2025020035,2025-10-11,Oilers,Canucks,Home,RW,2,2,5.2206595773,1.786298708,2.9931118653,1.463451728,Calvin Pickard,Thatcher Demko,CG,CG,0,0,0,0,0,0,0,0,1,0,0,0,0,0,0,14,14,9,0,37,4,5,6,0,15,22,23,24,0,69,11,12,18,0,41,42,30,0,2,1,0,3,0,0,1,0,1,6,9,7,0,22,6,8,12,0,26,0,0,5,2,573,215,14,34,0.933,0.919,1,0,5,0,2,1,1659,0,1941,2658,2544,1,111,0,0,0,0,0,0,0,70,114,0,0.0,-,,,,,,,,,,,,,,,,,,,,,,,,,,,,,,,
2025020035,2025-10-11,Canucks,Oilers,Away,RL,2,2,1.786298708,5.2206595773,1.463451728,2.9931118653,Thatcher Demko,Calvin Pickard,CG,CG,0,0,0,0,0,0,0,0,0,0,0,0,0,0,0,4,5,6,0,15,14,14,9,0,37,11,12,18,0,41,22,23,24,0,69,30,42,0,0,1,0,1,0,2,1,0,3,6,8,12,0,26,6,9,7,0,22,0,0,2,5,215,573,34,14,0.919,0.933,0,1,0,5,1,2,0,1659,1941,2658,2544,111,1,0,0,0,0,0,0,70,0,114,0,0.0,-,,,,,,,,,,,,,,,,,,,,,,,,,,,,,,,
2025020036,2025-10-11,Sharks,Ducks,Home,OTL,2,2,2.344675335,4.7506370539,1.52471243,3.3020370208,Yaroslav Askarov,Petr Mrazek,CG,CG,0,0,0,0,0,0,0,0,1,1,1,0,0,0,0,7,10,6,0,23,14,15,14,1,44,14,23,11,1,49,25,24,29,1,79,36,61,2,3,1,0,6,2,2,2,1,7,6,3,11,0,20,7,8,9,0,24,2,2,4,4,319,428,37,17,0.841,0.739,0,0,1,0,0,3,2467,0,1179,2750,2704,21,127,0,0,36,0,0,0,0,9,0,46,0.0,-,,,,,,,,,,,,,,,,,,,,,,,,,,,,,,,
2025020036,2025-10-11,Ducks,Sharks,Away,OTW,2,2,4.7506370539,2.344675335,3.3020370208,1.52471243,Petr Mrazek,Yaroslav Askarov,CG,CG,0,0,0,0,0,0,0,0,0,0,0,0,1,1,0,14,15,14,1,44,7,10,6,0,23,25,24,29,1,79,14,23,11,1,49,61,36,2,2,2,1,7,2,3,1,0,6,7,8,9,0,24,6,3,11,0,20,2,2,4,4,428,319,17,37,0.739,0.841,0,0,0,1,3,0,0,2467,1179,2750,2704,127,21,0,0,0,36,0,0,9,0,0,46,0.0,-,,,,,,,,,,,,,,,,,,,,,,,,,,,,,,,
2025020037,2025-10-11,Kraken,Golden Knights,Home,OTW,2,3,3.4947927684,2.9727165868,1.5273940204,2.0283851098,Joey Daccord,Adin Hill,CG,CG,0,0,0,0,0,1,0,0,1,0,0,0,0,0,0,9,4,2,7,22,7,10,7,3,27,25,22,9,9,65,17,25,15,4,61,44,45,0,1,0,1,2,0,0,1,0,1,17,6,7,0,30,6,9,6,1,22,1,1,3,3,281,323,26,20,0.963,0.909,0,0,0,0,3,1,973,0,2923,3196,2900,31,36,0,0,0,0,0,0,0,0,0,296,0.0,-,,,,,,,,,,,,,,,,,,,,,,,,,,,,,,,
2025020037,2025-10-11,Golden Knights,Kraken,Away,OTL,3,2,2.9727165868,3.4947927684,2.0283851098,1.5273940204,Adin Hill,Joey Daccord,CG,CG,0,1,0,0,0,0,0,0,0,0,0,0,0,0,0,7,10,7,3,27,9,4,2,7,22,17,25,15,4,61,25,22,9,9,65,45,44,0,0,1,0,1,0,1,0,1,2,6,9,6,1,22,17,6,7,0,30,1,1,3,3,323,281,20,26,0.909,0.963,0,0,0,0,1,3,0,973,2923,3196,2900,36,31,0,0,0,0,0,0,0,0,0,296,0.0,-,,,,,,,,,,,,,,,,,,,,,,,,,,,,,,,
2025020038,2025-10-12,Rangers,Capitals,Home,RL,4,3,3.1549154091,1.89381618,2.7488641991,1.715429051,Jonathan Quick,Charlie Lindgren,CG,CG,1,1,1,0,1,0,0,0,0,0,0,0,0,0,0,13,13,9,0,35,9,5,7,0,21,32,18,21,0,71,20,14,18,0,52,64,43,0,0,0,0,0,0,1,0,0,1,6,8,4,0,18,12,5,9,0,26,0,0,2,1,240,120,20,35,0.952,1.0,0,0,0,5,2,1,0,1573,2027,3074,3074,135,31,0,0,0,0,0,0,0,0,0,0,0.0,-,,,,,,,,,,,,,,,,,,,,,,,,,,,,,,,
2025020038,2025-10-12,Capitals,Rangers,Away,RW,3,4,1.89381618,3.1549154091,1.715429051,2.7488641991,Charlie Lindgren,Jonathan Quick,CG,CG,1,0,0,0,1,1,1,0,1,0,0,0,0,0,0,9,5,7,0,21,13,13,9,0,35,20,14,18,0,52,32,18,21,0,71,43,64,0,1,0,0,1,0,0,0,0,0,12,5,9,0,26,6,8,4,0,18,0,0,1,2,120,240,35,20,1.0,0.952,0,0,5,0,1,2,1573,0,2027,3074,3074,31,135,0,0,0,0,0,0,0,0,0,0,0.0,-,,,,,,,,,,,,,,,,,,,,,,,,,,,,,,,
2025020039,2025-10-13,Sabres,Avalanche,Home,RL,3,4,2.1761528893,4.0175526403,1.6249267913,2.7786347713,Alex Lyon,Scott Wedgewood,CG,CG,0,0,0,0,0,0,0,0,0,0,0,0,0,0,0,13,11,4,0,28,10,12,15,0,37,22,24,11,0,57,18,26,28,0,72,45,49,1,0,0,0,1,1,2,0,0,3,5,4,2,0,11,9,9,2,0,20,0,0,3,4,366,480,34,27,0.919,0.964,0,0,0,1,1,2,0,2926,674,2611,2495,111,16,0,0,0,0,0,0,0,0,116,0,0.0,-,,,,,,,,,,,,,,,,,,,,,,,,,,,,,,,
2025020039,2025-10-13,Avalanche,Sabres,Away,RW,4,3,4.0175526403,2.1761528893,2.7786347713,1.6249267913,Scott Wedgewood,Alex Lyon,CG,CG,0,0,0,0,0,0,0,0,1,0,0,0,0,0,0,10,12,15,0,37,13,11,4,0,28,18,26,28,0,72,22,24,11,0,57,49,45,1,2,0,0,3,1,0,0,0,1,9,9,2,0,20,5,4,2,0,11,0,0,4,3,480,366,27,34,0.964,0.919,0,0,1,0,2,1,2926,0,674,2611,2495,16,111,0,0,0,0,0,0,0,0,116,0,0.0,-,,,,,,,,,,,,,,,,,,,,,,,,,,,,,,,
2025020040,2025-10-13,Bruins,Lightning,Home,RL,4,3,2.6527459896,4.3265307393,1.2931363991,3.9029893983,Joonas Korpisalo,Jonas Johansson,CG,CG,0,0,1,0,0,0,0,0,0,0,0,0,0,0,0,11,12,10,0,33,9,9,5,0,23,18,22,25,0,65,18,22,17,0,57,44,46,0,3,0,0,3,2,2,0,0,4,10,13,8,0,31,6,6,9,0,21,0,0,5,2,474,210,19,30,0.826,0.909,0,0,0,5,2,2,0,3531,69,2765,2620,101,17,0,0,9,0,0,0,0,0,145,0,0.0,-,,,,,,,,,,,,,,,,,,,,,,,,,,,,,,,
2025020040,2025-10-13,Lightning,Bruins,Away,RW,3,4,4.3265307393,2.6527459896,3.9029893983,1.2931363991,Jonas Johansson,Joonas Korpisalo,CG,CG,0,0,0,0,0,0,1,0,1,0,0,0,0,0,0,9,9,5,0,23,11,12,10,0,33,18,22,17,0,57,18,22,25,0,65,46,44,2,2,0,0,4,0,3,0,0,3,6,6,9,0,21,10,13,8,0,31,0,0,2,5,210,474,30,19,0.909,0.826,0,0,5,0,2,2,3531,0,69,2765,2620,17,101,0,0,0,9,0,0,0,0,145,0,0.0,-,,,,,,,,,,,,,,,,,,,,,,,,,,,,,,,
2025020041,2025-10-13,Senators,Predators,Home,RL,3,3,2.8222354349,2.39015333,1.8566830959,1.406386799,Linus Ullmark,Juuse Saros,CG,CG,0,0,0,0,0,0,0,0,0,0,0,0,0,0,0,7,12,13,0,32,6,6,14,0,26,15,28,25,0,68,16,13,25,0,54,49,37,0,0,1,0,1,0,1,3,0,4,11,10,8,0,29,8,9,3,0,20,1,0,5,6,300,620,22,31,0.846,0.969,0,2,0,6,2,1,0,1669,1931,2456,2392,161,22,0,0,26,0,0,0,43,2,64,0,0.0,-,,,,,,,,,,,,,,,,,,,,,,,,,,,,,,,
2025020041,2025-10-13,Predators,Senators,Away,RW,3,3,2.39015333,2.8222354349,1.406386799,1.8566830959,Juuse Saros,Linus Ullmark,CG,CG,0,0,0,0,0,0,0,0,1,0,0,0,0,0,0,6,6,14,0,26,7,12,13,0,32,16,13,25,0,54,15,28,25,0,68,37,49,0,1,3,0,4,0,0,1,0,1,8,9,3,0,20,11,10,8,0,29,0,1,6,5,620,300,31,22,0.969,0.846,2,0,6,0,1,2,1669,0,1931,2456,2392,22,161,0,0,0,26,0,0,2,43,64,0,0.0,-,,,,,,,,,,,,,,,,,,,,,,,,,,,,,,,
2025020042,2025-10-13,Islanders,Jets,Home,RL,3,3,3.322457461,2.662653466,2.3783227399999998,1.691518248,Ilya Sorokin,Eric Comrie,CG,CG,0,0,0,0,0,0,0,0,0,0,0,0,0,0,0,12,12,11,0,35,10,11,5,0,26,22,27,23,0,72,22,22,13,0,57,49,38,0,2,0,0,2,2,2,1,0,5,10,2,2,0,14,5,3,8,0,16,0,1,5,3,603,358,21,33,0.808,0.943,0,1,0,1,3,1,0,3145,455,2475,2475,132,30,0,0,0,0,0,0,0,0,0,0,0.0,-,,,,,,,,,,,,,,,,,,,,,,,,,,,,,,,
2025020042,2025-10-13,Jets,Islanders,Away,RW,3,3,2.662653466,3.322457461,1.691518248,2.3783227399999998,Eric Comrie,Ilya Sorokin,CG,CG,0,0,0,0,0,0,0,0,1,0,0,0,0,0,0,10,11,5,0,26,12,12,11,0,35,22,22,13,0,57,22,27,23,0,72,38,49,2,2,1,0,5,0,2,0,0,2,5,3,8,0,16,10,2,2,0,14,1,0,3,5,358,603,33,21,0.943,0.808,1,0,1,0,1,3,3145,0,455,2475,2475,30,132,0,0,0,0,0,0,0,0,0,0,0.0,-,,,,,,,,,,,,,,,,,,,,,,,,,,,,,,,
2025020043,2025-10-13,Maple Leafs,Red Wings,Home,RL,3,3,3.2254112024,2.165904965,2.4272298554,1.616381994,Anthony Stolarz,Cam Talbot,CG,CG,0,0,0,0,0,0,0,0,0,0,0,0,0,0,0,13,11,16,0,40,6,4,5,0,15,18,18,27,0,63,20,14,17,0,51,50,39,0,0,2,0,2,1,0,2,0,3,10,10,2,0,22,7,3,8,0,18,0,1,2,4,205,325,12,38,0.8,0.95,0,0,0,1,1,1,0,2132,1468,2992,2875,22,5,0,0,0,9,0,0,16,0,117,0,0.0,-,,,,,,,,,,,,,,,,,,,,,,,,,,,,,,,
2025020043,2025-10-13,Red Wings,Maple Leafs,Away,RW,3,3,2.165904965,3.2254112024,1.616381994,2.4272298554,Cam Talbot,Anthony Stolarz,CG,CG,0,0,0,0,0,0,0,0,1,0,0,0,0,0,0,6,4,5,0,15,13,11,16,0,40,20,14,17,0,51,18,18,27,0,63,39,50,1,0,2,0,3,0,0,2,0,2,7,3,8,0,18,10,10,2,0,22,1,0,4,2,325,205,38,12,0.95,0.8,0,0,1,0,1,1,2132,0,1468,2992,2875,5,22,0,0,9,0,0,0,0,16,117,0,0.0,-,,,,,,,,,,,,,,,,,,,,,,,,,,,,,,,
2025020044,2025-10-13,Flyers,Panthers,Home,RW,3,4,3.678607269,2.8461924242,1.840246566,1.6669216242,Dan Vladar,Daniil Tarasov,CG,CG,0,0,0,0,0,0,0,0,1,0,0,0,0,0,0,8,10,4,0,22,5,14,7,0,26,18,26,11,0,55,16,25,11,0,52,29,33,1,1,3,0,5,0,1,1,0,2,2,5,1,0,8,6,7,11,0,24,0,1,5,5,545,500,24,17,0.923,0.773,2,0,3,0,3,2,2731,0,869,2283,2241,114,136,0,0,0,0,0,0,31,0,42,0,0.0,-,,,,,,,,,,,,,,,,,,,,,,,,,,,,,,,
2025020044,2025-10-13,Panthers,Flyers,Away,RL,4,3,2.8461924242,3.678607269,1.6669216242,1.840246566,Daniil Tarasov,Dan Vladar,CG,CG,0,0,0,0,0,0,0,0,0,0,0,0,0,0,0,5,14,7,0,26,8,10,4,0,22,16,25,11,0,52,18,26,11,0,55,33,29,0,1,1,0,2,1,1,3,0,5,6,7,11,0,24,2,5,1,0,8,1,0,5,5,500,545,17,24,0.773,0.923,0,2,0,3,2,3,0,2731,869,2283,2241,136,114,0,0,0,0,0,0,0,31,42,0,0.0,-,,,,,,,,,,,,,,,,,,,,,,,,,,,,,,,
2025020045,2025-10-13,Blue Jackets,Devils,Home,RL,3,3,4.0296609012,3.091127469,2.7687392212,2.28799047,Jet Greaves,Jake Allen,CG,IG,0,0,0,0,0,0,0,0,0,0,0,0,0,0,0,16,8,9,0,33,8,11,9,0,28,25,17,20,0,62,18,26,20,0,64,46,51,0,1,1,0,2,1,1,1,0,3,11,2,5,0,18,6,7,2,0,15,0,2,5,2,569,205,25,31,0.893,0.939,0,1,0,4,3,3,0,2513,1087,2627,2598,116,77,0,0,0,0,0,0,0,48,29,0,0.0,-,,,,,,,,,,,,,,,,,,,,,,,,,,,,,,,
2025020045,2025-10-13,Devils,Blue Jackets,Away,RW,3,3,3.091127469,4.0296609012,2.28799047,2.7687392212,Jake Allen,Jet Greaves,IG,CG,0,0,0,0,0,0,0,0,1,0,0,0,0,0,0,8,11,9,0,28,16,8,9,0,33,18,26,20,0,64,25,17,20,0,62,51,46,1,1,1,0,3,0,1,1,0,2,6,7,2,0,15,11,2,5,0,18,2,0,2,5,205,569,31,25,0.939,0.893,1,0,4,0,3,3,2513,0,1087,2627,2598,77,116,0,0,0,0,0,0,48,0,29,0,0.0,-,,,,,,,,,,,,,,,,,,,,,,,,,,,,,,,
2025020046,2025-10-13,Canucks,Blues,Home,RL,3,3,3.1980597013,3.9218298353,2.3005762818,3.3273931602999998,Kevin Lankinen,Jordan Binnington,CG,CG,0,0,0,0,0,0,0,0,0,0,0,0,0,0,0,8,11,10,0,29,12,18,6,0,36,25,21,18,0,64,23,27,16,0,66,55,58,0,2,0,0,2,1,3,1,0,5,11,9,9,0,29,8,7,7,0,22,0,1,1,3,120,268,31,27,0.861,0.931,0,1,0,4,1,2,0,3072,528,3120,3120,80,0,0,0,0,0,0,0,0,0,0,0,0.0,-,,,,,,,,,,,,,,,,,,,,,,,,,,,,,,,
2025020046,2025-10-13,Blues,Canucks,Away,RW,3,3,3.9218298353,3.1980597013,3.3273931602999998,2.3005762818,Jordan Binnington,Kevin Lankinen,CG,CG,0,0,0,0,0,0,0,0,1,0,0,0,0,0,0,12,18,6,0,36,8,11,10,0,29,23,27,16,0,66,25,21,18,0,64,58,55,1,3,1,0,5,0,2,0,0,2,8,7,7,0,22,11,9,9,0,29,1,0,3,1,268,120,27,31,0.931,0.861,1,0,4,0,2,1,3072,0,528,3120,3120,0,80,0,0,0,0,0,0,0,0,0,0,0.0,-,,,,,,,,,,,,,,,,,,,,,,,,,,,,,,,
2025020047,2025-10-13,Wild,Kings,Home,SOW,3,4,2.8834577445,3.4347007397,1.646828324,2.0450653587,Jesper Wallstedt,Darcy Kuemper,CG,CG,0,0,0,0,0,0,0,0,1,0,0,0,0,0,0,14,5,6,1,26,8,10,13,3,34,17,16,17,2,52,14,17,21,8,60,32,40,3,0,0,0,3,0,0,3,0,3,8,6,9,0,23,8,9,7,0,24,3,1,6,3,563,285,31,23,0.912,0.885,0,0,4,0,4,3,2710,0,1190,2877,2681,17,117,0,104,55,0,0,0,0,0,0,196,0.0,-,,,,,,,,,,,,,,,,,,,,,,,,,,,,,,,
2025020047,2025-10-13,Kings,Wild,Away,SOL,4,3,3.4347007397,2.8834577445,2.0450653587,1.646828324,Darcy Kuemper,Jesper Wallstedt,CG,CG,0,0,0,0,0,0,0,0,0,0,0,0,0,0,0,8,10,13,3,34,14,5,6,1,26,14,17,21,8,60,17,16,17,2,52,40,32,0,0,3,0,3,3,0,0,0,3,8,9,7,0,24,8,6,9,0,23,1,3,3,6,285,563,23,31,0.885,0.912,0,0,0,4,3,4,0,2710,1190,2877,2681,117,17,104,0,0,55,0,0,0,0,0,196,0.0,-,,,,,,,,,,,,,,,,,,,,,,,,,,,,,,,
2025020048,2025-10-13,Blackhawks,Mammoth,Home,RW,4,3,1.9602412725,2.5700417668,1.4958058065,1.9552823868,Spencer Knight,Vitek Vanecek,CG,CG,0,0,0,0,0,0,0,0,1,0,0,0,0,0,0,6,3,5,0,14,5,13,4,0,22,14,14,13,0,41,9,25,11,0,45,33,39,0,1,2,0,3,0,0,1,0,1,7,10,14,0,31,8,5,3,0,16,1,0,3,3,293,360,21,11,0.955,0.786,1,0,2,0,2,1,1366,0,2234,2779,2779,54,60,0,0,0,0,0,0,0,0,0,0,0.0,-,,,,,,,,,,,,,,,,,,,,,,,,,,,,,,,
2025020048,2025-10-13,Mammoth,Blackhawks,Away,RL,3,4,2.5700417668,1.9602412725,1.9552823868,1.4958058065,Vitek Vanecek,Spencer Knight,CG,CG,0,0,0,0,0,0,0,0,0,0,0,0,0,0,0,5,13,4,0,22,6,3,5,0,14,9,25,11,0,45,14,14,13,0,41,39,33,0,0,1,0,1,0,1,2,0,3,8,5,3,0,16,7,10,14,0,31,0,1,3,3,360,293,11,21,0.786,0.955,0,1,0,2,1,2,0,1366,2234,2779,2779,60,54,0,0,0,0,0,0,0,0,0,0,0.0,-,,,,,,,,,,,,,,,,,,,,,,,,,,,,,,,
2025020049,2025-10-14,Maple Leafs,Predators,Home,RW,4,4,4.2833660348,2.2702390221,3.1366336158,1.7755010280999999,Cayden Primeau,Justus Annunen,CG,CG,1,1,0,0,1,1,1,0,1,0,0,0,0,0,0,9,6,13,0,28,8,13,9,0,30,23,16,33,0,72,14,23,19,0,56,59,48,2,2,3,0,7,0,2,2,0,4,6,8,7,0,21,9,7,2,0,18,0,0,2,2,272,240,26,21,0.867,0.75,2,0,5,0,1,3,2794,0,806,3001,2885,59,23,0,0,0,0,0,0,0,0,116,0,0.0,-,,,,,,,,,,,,,,,,,,,,,,,,,,,,,,,
2025020049,2025-10-14,Predators,Maple Leafs,Away,RL,4,4,2.2702390221,4.2833660348,1.7755010280999999,3.1366336158,Justus Annunen,Cayden Primeau,CG,CG,1,1,1,0,1,1,0,0,0,0,0,0,0,0,0,8,13,9,0,30,9,6,13,0,28,14,23,19,0,56,23,16,33,0,72,48,59,0,2,2,0,4,2,2,3,0,7,9,7,2,0,18,6,8,7,0,21,0,0,2,2,240,272,21,26,0.75,0.867,0,2,0,5,3,1,0,2794,806,3001,2885,23,59,0,0,0,0,0,0,0,0,116,0,0.0,-,,,,,,,,,,,,,,,,,,,,,,,,,,,,,,,
2025020050,2025-10-14,Canadiens,Kraken,Home,OTW,4,3,2.9700518421999997,2.118647827,2.3692468352,1.509985919,Samuel Montembeault,Joey Daccord,CG,CG,0,0,0,0,0,0,0,0,1,0,0,0,1,0,0,4,11,6,1,22,4,12,6,0,22,19,22,16,2,59,10,23,19,0,52,48,40,1,1,2,1,5,0,2,2,0,4,5,9,10,1,25,14,9,8,1,32,0,1,2,4,243,324,18,17,0.818,0.773,0,0,0,1,1,1,1992,563,1250,3156,2883,23,22,0,13,0,0,0,0,0,1,68,205,0.0,-,,,,,,,,,,,,,,,,,,,,,,,,,,,,,,,
2025020050,2025-10-14,Kraken,Canadiens,Away,OTL,3,4,2.118647827,2.9700518421999997,1.509985919,2.3692468352,Joey Daccord,Samuel Montembeault,CG,CG,0,0,0,0,0,0,0,0,0,1,0,0,0,0,0,4,12,6,0,22,4,11,6,1,22,10,23,19,0,52,19,22,16,2,59,40,48,0,2,2,0,4,1,1,2,1,5,14,9,8,1,32,5,9,10,1,25,1,0,4,2,324,243,17,18,0.773,0.818,0,0,1,0,1,1,563,1992,1250,3156,2883,22,23,13,0,0,0,0,0,1,0,68,205,0.0,-,,,,,,,,,,,,,,,,,,,,,,,,,,,,,,,
2025020051,2025-10-14,Rangers,Oilers,Home,RL,5,3,3.4798631103999997,2.0881200357,2.2069898966,2.0340549907,Igor Shesterkin,Stuart Skinner,CG,CG,0,1,1,0,0,0,0,0,0,0,0,0,0,0,0,6,11,13,0,30,8,3,11,0,22,18,19,25,0,62,18,15,25,0,58,47,53,0,0,0,0,0,0,1,1,0,2,7,8,3,0,18,6,4,2,0,12,0,0,3,0,348,0,20,30,0.909,1.0,0,1,0,3,2,4,0,1778,1822,3156,3156,53,43,0,0,0,0,0,0,0,0,0,0,0.0,-,,,,,,,,,,,,,,,,,,,,,,,,,,,,,,,
2025020051,2025-10-14,Oilers,Rangers,Away,RW,3,5,2.0881200357,3.4798631103999997,2.0340549907,2.2069898966,Stuart Skinner,Igor Shesterkin,CG,CG,0,0,0,0,0,1,1,0,1,0,0,0,0,0,0,8,3,11,0,22,6,11,13,0,30,18,15,25,0,58,18,19,25,0,62,53,47,0,1,1,0,2,0,0,0,0,0,6,4,2,0,12,7,8,3,0,18,0,0,0,3,0,348,30,20,1.0,0.909,1,0,3,0,4,2,1778,0,1822,3156,3156,43,53,0,0,0,0,0,0,0,0,0,0,0.0,-,,,,,,,,,,,,,,,,,,,,,,,,,,,,,,,
2025020052,2025-10-14,Capitals,Lightning,Home,OTW,4,4,3.4703983436,2.5524369694,1.9692076456,2.3231160323999998,Logan Thompson,Andrei Vasilevskiy,CG,CG,0,1,0,0,1,1,1,0,0,0,0,0,1,0,0,7,8,11,2,28,8,5,6,0,19,11,22,17,5,55,17,16,12,1,46,44,40,0,1,1,1,3,1,0,1,0,2,10,7,6,0,23,2,5,1,0,8,1,1,3,2,321,237,17,25,0.895,0.893,0,0,0,0,2,2,0,2045,1634,2936,2857,9,101,0,0,0,0,0,0,0,0,0,79,0.0,-,,,,,,,,,,,,,,,,,,,,,,,,,,,,,,,
2025020052,2025-10-14,Lightning,Capitals,Away,OTL,4,4,2.5524369694,3.4703983436,2.3231160323999998,1.9692076456,Andrei Vasilevskiy,Logan Thompson,CG,CG,1,1,1,0,0,1,0,0,1,1,0,0,0,0,0,8,5,6,0,19,7,8,11,2,28,17,16,12,1,46,11,22,17,5,55,40,44,1,0,1,0,2,0,1,1,1,3,2,5,1,0,8,10,7,6,0,23,1,1,2,3,237,321,25,17,0.893,0.895,0,0,0,0,2,2,2045,0,1634,2936,2857,101,9,0,0,0,0,0,0,0,0,0,79,0.0,-,,,,,,,,,,,,,,,,,,,,,,,,,,,,,,,
2025020053,2025-10-14,Flames,Golden Knights,Home,RL,4,4,2.8162571164,2.5567858331,2.5561543504,2.1623243041,Dustin Wolf,Adin Hill,CG,IG,0,0,0,0,0,0,0,0,1,1,1,0,0,0,0,10,11,8,0,29,8,12,10,0,30,23,23,18,0,64,19,26,15,0,60,57,52,2,0,0,0,2,0,1,3,0,4,8,7,8,0,23,11,9,6,0,26,0,0,1,2,43,163,26,27,0.867,0.931,0,1,0,3,1,5,2199,802,599,3222,3069,120,0,0,0,0,0,0,0,0,36,153,0,0.0,-,,,,,,,,,,,,,,,,,,,,,,,,,,,,,,,
2025020053,2025-10-14,Golden Knights,Flames,Away,RW,4,4,2.5567858331,2.8162571164,2.1623243041,2.5561543504,Adin Hill,Dustin Wolf,IG,CG,0,0,0,0,0,0,0,0,0,0,0,0,1,1,0,8,12,10,0,30,10,11,8,0,29,19,26,15,0,60,23,23,18,0,64,52,57,0,1,3,0,4,2,0,0,0,2,11,9,6,0,26,8,7,8,0,23,0,0,2,1,163,43,27,26,0.931,0.867,1,0,3,0,5,1,802,2199,599,3222,3069,0,120,0,0,0,0,0,0,36,0,153,0,0.0,-,,,,,,,,,,,,,,,,,,,,,,,,,,,,,,,
2025020054,2025-10-14,Stars,Wild,Home,RW,3,4,3.1170708256,3.0932163395,1.9080668826,2.1560570115,Jake Oettinger,Filip Gustavsson,CG,CG,0,0,0,0,1,1,1,0,1,0,0,0,0,0,0,11,10,4,0,25,14,10,17,0,41,19,17,16,0,52,25,21,22,0,68,38,54,2,1,2,0,5,0,0,2,0,2,5,8,2,0,15,8,6,12,0,26,2,2,2,4,145,364,39,20,0.951,0.8,2,0,7,0,1,2,3263,0,337,2803,2803,36,112,0,0,0,0,0,0,0,0,0,0,0.0,-,,,,,,,,,,,,,,,,,,,,,,,,,,,,,,,
2025020054,2025-10-14,Wild,Stars,Away,RL,4,3,3.0932163395,3.1170708256,2.1560570115,1.9080668826,Filip Gustavsson,Jake Oettinger,CG,CG,1,1,1,0,0,0,0,0,0,0,0,0,0,0,0,14,10,17,0,41,11,10,4,0,25,25,21,22,0,68,19,17,16,0,52,54,38,0,0,2,0,2,2,1,2,0,5,8,6,12,0,26,5,8,2,0,15,2,2,4,2,364,145,20,39,0.8,0.951,0,2,0,7,2,1,0,3263,337,2803,2803,112,36,0,0,0,0,0,0,0,0,0,0,0.0,-,,,,,,,,,,,,,,,,,,,,,,,,,,,,,,,
2025020055,2025-10-14,Sharks,Hurricanes,Home,RL,3,3,2.0058601432,4.2223793683,1.2946200252,3.4675481338,Alex Nedeljkovic,Brandon Bussi,CG,CG,0,0,0,0,0,0,0,0,0,0,0,0,0,0,0,8,9,0,0,17,14,19,10,0,43,18,17,12,0,47,19,33,21,0,73,35,61,0,1,0,0,1,0,3,2,0,5,3,8,10,0,21,4,6,3,0,13,0,0,5,3,563,323,38,16,0.884,0.941,0,0,0,0,1,3,0,1740,1860,2591,2560,29,79,0,0,0,0,0,0,0,70,31,0,0.0,-,,,,,,,,,,,,,,,,,,,,,,,,,,,,,,,
2025020055,2025-10-14,Hurricanes,Sharks,Away,RW,3,3,4.2223793683,2.0058601432,3.4675481338,1.2946200252,Brandon Bussi,Alex Nedeljkovic,CG,CG,0,0,0,0,0,0,0,0,1,0,0,0,0,0,0,14,19,10,0,43,8,9,0,0,17,19,33,21,0,73,18,17,12,0,47,61,35,0,3,2,0,5,0,1,0,0,1,4,6,3,0,13,3,8,10,0,21,0,0,3,5,323,563,16,38,0.941,0.884,0,0,0,0,3,1,1740,0,1860,2591,2560,79,29,0,0,0,0,0,0,70,0,31,0,0.0,-,,,,,,,,,,,,,,,,,,,,,,,,,,,,,,,
2025020056,2025-10-14,Ducks,Penguins,Home,RW,3,4,2.6488287098,3.051033497,1.3981779758,2.996796452,Lukas Dostal,Tristan Jarry,CG,CG,0,0,0,0,0,0,0,0,0,0,0,0,1,1,0,6,10,6,0,22,15,7,3,0,25,19,26,15,0,60,26,18,18,0,62,44,55,2,1,1,0,4,2,1,0,0,3,8,10,7,0,25,5,7,4,0,16,2,0,6,1,429,120,22,18,0.88,0.818,0,0,0,0,4,1,520,1102,1978,2958,2958,0,55,0,0,0,0,0,0,0,0,0,0,0.0,-,,,,,,,,,,,,,,,,,,,,,,,,,,,,,,,
2025020056,2025-10-14,Penguins,Ducks,Away,RL,4,3,3.051033497,2.6488287098,2.996796452,1.3981779758,Tristan Jarry,Lukas Dostal,CG,CG,0,0,0,0,0,0,0,0,1,1,1,0,0,0,0,15,7,3,0,25,6,10,6,0,22,26,18,18,0,62,19,26,15,0,60,55,44,2,1,0,0,3,2,1,1,0,4,5,7,4,0,16,8,10,7,0,25,0,2,1,6,120,429,18,22,0.818,0.88,0,0,0,0,1,4,1102,520,1978,2958,2958,55,0,0,0,0,0,0,0,0,0,0,0,0.0,-,,,,,,,,,,,,,,,,,,,,,,,,,,,,,,,
2025020057,2025-10-15,Sabres,Senators,Home,RW,4,4,3.079868595,3.8904628182,1.863767962,2.5988230162,Alex Lyon,Leevi Meriläinen,CG,CG,0,0,0,0,0,0,0,0,1,0,0,0,1,0,0,3,20,4,0,27,8,17,12,0,37,20,29,9,0,58,15,25,22,0,62,41,43,1,4,3,0,8,1,1,2,0,4,8,15,5,0,28,9,5,7,0,21,3,1,3,5,159,554,33,19,0.892,0.704,1,0,1,0,1,1,2271,168,1161,2741,2741,26,100,0,0,0,9,0,0,0,0,0,0,0.0,-,,,,,,,,,,,,,,,,,,,,,,,,,,,,,,,
2025020057,2025-10-15,Senators,Sabres,Away,RL,4,4,3.8904628182,3.079868595,2.5988230162,1.863767962,Leevi Meriläinen,Alex Lyon,CG,CG,0,0,0,0,0,0,0,0,0,1,0,0,0,0,0,8,17,12,0,37,3,20,4,0,27,15,25,22,0,62,20,29,9,0,58,43,41,1,1,2,0,4,1,4,3,0,8,9,5,7,0,21,8,15,5,0,28,1,3,5,3,554,159,19,33,0.704,0.892,0,1,0,1,1,1,168,2271,1161,2741,2741,100,26,0,0,9,0,0,0,0,0,0,0,0.0,-,,,,,,,,,,,,,,,,,,,,,,,,,,,,,,,
2025020058,2025-10-15,Red Wings,Panthers,Home,RW,4,5,3.233696252,2.5495980582,2.392183343,2.2698980672,Cam Talbot,Sergei Bobrovsky,CG,CG,0,0,0,0,0,0,0,0,1,0,0,0,0,0,0,9,11,5,0,25,9,5,7,0,21,21,24,21,0,66,17,20,14,0,51,47,46,0,2,2,0,4,0,1,0,0,1,4,7,4,0,15,8,12,12,0,32,1,0,3,2,281,219,20,21,0.952,0.84,2,0,2,0,4,3,2271,0,1329,3018,3001,6,72,0,0,6,0,0,0,37,0,17,0,0.0,-,,,,,,,,,,,,,,,,,,,,,,,,,,,,,,,
2025020058,2025-10-15,Panthers,Red Wings,Away,RL,5,4,2.5495980582,3.233696252,2.2698980672,2.392183343,Sergei Bobrovsky,Cam Talbot,CG,CG,0,0,0,0,0,0,0,0,0,0,0,0,0,0,0,9,5,7,0,21,9,11,5,0,25,17,20,14,0,51,21,24,21,0,66,46,47,0,1,0,0,1,0,2,2,0,4,8,12,12,0,32,4,7,4,0,15,0,1,2,3,219,281,21,20,0.84,0.952,0,2,0,2,3,4,0,2271,1329,3018,3001,72,6,0,0,0,6,0,0,0,37,17,0,0.0,-,,,,,,,,,,,,,,,,,,,,,,,,,,,,,,,
2025020059,2025-10-15,Blues,Blackhawks,Home,RL,4,5,2.6325986323,3.430275667,2.6325986323,2.714565561,Joel Hofer,Arvid Soderblom,IG,CG,0,0,0,0,0,0,0,0,0,0,0,0,0,0,0,7,8,11,0,26,10,11,8,0,29,15,16,24,0,55,18,21,16,0,55,55,47,2,0,1,0,3,2,3,3,0,8,12,11,5,0,28,4,5,0,0,9,0,1,2,3,175,205,21,23,0.724,0.885,0,0,0,0,2,3,0,2889,711,3107,3080,40,3,0,0,0,0,0,0,0,0,27,0,0.0,-,,,,,,,,,,,,,,,,,,,,,,,,,,,,,,,
2025020059,2025-10-15,Blackhawks,Blues,Away,RW,5,4,3.430275667,2.6325986323,2.714565561,2.6325986323,Arvid Soderblom,Joel Hofer,CG,IG,0,0,0,0,0,0,0,0,1,0,0,0,0,0,0,10,11,8,0,29,7,8,11,0,26,18,21,16,0,55,15,16,24,0,55,47,55,2,3,3,0,8,2,0,1,0,3,4,5,0,0,9,12,11,5,0,28,1,0,3,2,205,175,23,21,0.885,0.724,0,0,0,0,3,2,2889,0,711,3107,3080,3,40,0,0,0,0,0,0,0,0,27,0,0.0,-,,,,,,,,,,,,,,,,,,,,,,,,,,,,,,,
2025020060,2025-10-15,Mammoth,Flames,Home,RW,4,5,3.726054727,3.488806055,2.021437363,2.450689346,Karel Vejmelka,Devin Cooley,CG,CG,0,0,0,0,1,0,0,0,0,0,0,0,1,0,0,10,18,4,0,32,5,3,12,0,20,17,35,13,0,65,14,14,25,0,53,42,35,0,2,1,0,3,1,0,0,0,1,9,6,10,0,25,10,7,4,0,21,0,1,6,4,654,366,19,29,0.95,0.906,1,0,2,0,2,2,2136,759,705,2348,2296,83,97,0,0,0,0,0,0,0,30,52,0,0.0,-,,,,,,,,,,,,,,,,,,,,,,,,,,,,,,,
2025020060,2025-10-15,Flames,Mammoth,Away,RL,5,4,3.488806055,3.726054727,2.450689346,2.021437363,Devin Cooley,Karel Vejmelka,CG,CG,1,0,0,0,0,0,0,0,1,1,0,0,0,0,0,5,3,12,0,20,10,18,4,0,32,14,14,25,0,53,17,35,13,0,65,35,42,1,0,0,0,1,0,2,1,0,3,10,7,4,0,21,9,6,10,0,25,1,0,4,6,366,654,29,19,0.906,0.95,0,1,0,2,2,2,759,2136,705,2348,2296,97,83,0,0,0,0,0,0,30,0,52,0,0.0,-,,,,,,,,,,,,,,,,,,,,,,,,,,,,,,,
2025020061,2025-10-16,Maple Leafs,Rangers,Home,OTW,5,6,2.5261117672,2.9687034606,1.7654034242,2.0296239926,Anthony Stolarz,Igor Shesterkin,CG,CG,0,1,1,0,0,0,1,0,1,0,0,0,0,0,0,9,10,4,1,24,10,9,10,0,29,17,24,9,1,51,15,17,23,0,55,39,41,1,0,0,1,2,0,0,1,0,1,4,7,7,0,18,9,8,5,0,22,1,0,2,3,228,360,28,22,0.966,0.917,0,0,0,0,2,2,1983,0,1675,2967,2909,42,49,0,0,0,0,0,0,0,0,0,58,0.0,-,,,,,,,,,,,,,,,,,,,,,,,,,,,,,,,
2025020061,2025-10-16,Rangers,Maple Leafs,Away,OTL,6,5,2.9687034606,2.5261117672,2.0296239926,1.7654034242,Igor Shesterkin,Anthony Stolarz,CG,CG,0,0,1,0,0,1,1,0,0,0,0,0,0,0,0,10,9,10,0,29,9,10,4,1,24,15,17,23,0,55,17,24,9,1,51,41,39,0,0,1,0,1,1,0,0,1,2,9,8,5,0,22,4,7,7,0,18,0,1,3,2,360,228,22,28,0.917,0.966,0,0,0,0,2,2,0,1983,1675,2967,2909,49,42,0,0,0,0,0,0,0,0,0,58,0.0,-,,,,,,,,,,,,,,,,,,,,,,,,,,,,,,,
2025020062,2025-10-16,Canadiens,Predators,Home,OTW,5,5,3.7770824209,2.7199532852,2.3681373937,1.8823054122,Jakub Dobes,Juuse Saros,CG,CG,0,0,0,0,0,1,1,0,0,0,0,0,1,0,0,6,10,11,3,30,6,6,4,3,19,12,24,19,8,63,17,14,13,3,47,42,34,0,0,2,1,3,0,1,1,0,2,5,5,3,0,13,7,3,6,0,16,0,1,3,2,360,248,17,27,0.895,0.9,0,0,1,3,4,3,0,1365,2532,3126,2829,84,71,0,0,0,0,0,0,0,0,0,297,0.0,-,,,,,,,,,,,,,,,,,,,,,,,,,,,,,,,
2025020062,2025-10-16,Predators,Canadiens,Away,OTL,5,5,2.7199532852,3.7770824209,1.8823054122,2.3681373937,Juuse Saros,Jakub Dobes,CG,CG,0,1,1,0,0,0,0,0,1,1,0,0,0,0,0,6,6,4,3,19,6,10,11,3,30,17,14,13,3,47,12,24,19,8,63,34,42,0,1,1,0,2,0,0,2,1,3,7,3,6,0,16,5,5,3,0,13,1,0,2,3,248,360,27,17,0.9,0.895,0,0,3,1,3,4,1365,0,2532,3126,2829,71,84,0,0,0,0,0,0,0,0,0,297,0.0,-,,,,,,,,,,,,,,,,,,,,,,,,,,,,,,,
2025020063,2025-10-16,Senators,Kraken,Home,SOW,5,4,2.4217235393,4.0338191926,1.8704423193,2.4613307686,Linus Ullmark,Philipp Grubauer,CG,CG,1,1,1,0,0,0,0,0,0,0,0,0,1,0,0,8,8,6,1,23,8,11,9,5,33,21,23,19,2,65,16,27,22,7,72,53,51,2,0,1,0,3,1,1,1,0,3,7,9,3,0,19,15,6,5,1,27,1,1,2,3,210,344,30,20,0.909,0.87,0,0,0,0,4,3,905,1124,1871,3292,2992,36,12,0,0,0,0,0,0,0,0,0,300,0.0,-,,,,,,,,,,,,,,,,,,,,,,,,,,,,,,,
2025020063,2025-10-16,Kraken,Senators,Away,SOL,4,5,4.0338191926,2.4217235393,2.4613307686,1.8704423193,Philipp Grubauer,Linus Ullmark,CG,CG,0,0,0,0,1,1,1,0,1,1,0,0,0,0,0,8,11,9,5,33,8,8,6,1,23,16,27,22,7,72,21,23,19,2,65,51,53,1,1,1,0,3,2,0,1,0,3,15,6,5,1,27,7,9,3,0,19,1,1,3,2,344,210,20,30,0.87,0.909,0,0,0,0,3,4,1124,905,1871,3292,2992,12,36,0,0,0,0,0,0,0,0,0,300,0.0,-,,,,,,,,,,,,,,,,,,,,,,,,,,,,,,,
2025020064,2025-10-16,Devils,Panthers,Home,RW,4,6,3.8748126799,2.2232766342,2.9281307119,1.6755097112,Jake Allen,Daniil Tarasov,CG,CG,0,0,0,0,1,1,1,0,0,0,0,0,1,0,0,12,13,8,0,33,6,9,7,0,22,23,27,21,0,71,20,20,15,0,55,52,38,0,1,2,0,3,1,0,0,0,1,12,6,4,0,22,8,11,8,0,27,1,0,5,5,393,531,21,30,0.955,0.909,0,0,3,0,1,3,817,1429,1354,2533,2390,39,79,50,0,0,0,0,0,0,0,143,0,0.0,-,,,,,,,,,,,,,,,,,,,,,,,,,,,,,,,
2025020064,2025-10-16,Panthers,Devils,Away,RL,6,4,2.2232766342,3.8748126799,1.6755097112,2.9281307119,Daniil Tarasov,Jake Allen,CG,CG,1,1,1,0,0,0,0,0,1,1,0,0,0,0,0,6,9,7,0,22,12,13,8,0,33,20,20,15,0,55,23,27,21,0,71,38,52,1,0,0,0,1,0,1,2,0,3,8,11,8,0,27,12,6,4,0,22,0,1,5,5,531,393,30,21,0.909,0.955,0,0,0,3,3,1,1429,817,1354,2533,2390,79,39,0,50,0,0,0,0,0,0,143,0,0.0,-,,,,,,,,,,,,,,,,,,,,,,,,,,,,,,,
2025020066,2025-10-16,Flyers,Jets,Home,RL,4,4,1.978286175,1.6895341545,1.026937285,1.2647710365,Samuel Ersson,Connor Hellebuyck,CG,CG,0,0,0,0,0,0,0,0,0,0,0,0,0,0,0,3,12,2,0,17,5,5,5,0,15,12,20,11,0,43,12,10,9,0,31,34,26,0,1,1,0,2,1,2,2,0,5,6,6,3,0,15,6,3,8,0,17,0,1,3,1,360,24,10,15,0.667,0.882,0,1,0,1,1,0,0,3255,345,3115,3115,47,54,0,0,0,0,0,0,57,0,0,0,0.0,-,,,,,,,,,,,,,,,,,,,,,,,,,,,,,,,
2025020066,2025-10-16,Jets,Flyers,Away,RW,4,4,1.6895341545,1.978286175,1.2647710365,1.026937285,Connor Hellebuyck,Samuel Ersson,CG,CG,0,0,0,0,0,0,0,0,1,0,0,0,0,0,0,5,5,5,0,15,3,12,2,0,17,12,10,9,0,31,12,20,11,0,43,26,34,1,2,2,0,5,0,1,1,0,2,6,3,8,0,17,6,6,3,0,15,1,0,1,3,24,360,15,10,0.882,0.667,1,0,1,0,0,1,3255,0,345,3115,3115,54,47,0,0,0,0,0,0,0,57,0,0,0.0,-,,,,,,,,,,,,,,,,,,,,,,,,,,,,,,,
2025020067,2025-10-16,Blue Jackets,Avalanche,Home,RL,4,5,1.9362038559,4.893090284,1.4655104539,4.595101225,Elvis Merzlikins,Scott Wedgewood,CG,CG,0,0,0,0,0,0,0,0,1,1,0,0,0,0,0,7,7,9,0,23,12,14,10,0,36,23,20,19,0,62,26,24,21,0,71,53,65,0,1,0,0,1,0,3,1,0,4,4,2,6,0,12,5,5,3,0,13,0,0,2,1,240,120,32,22,0.889,0.957,0,1,0,5,1,1,538,1694,1368,3135,3135,102,3,0,0,0,0,0,0,0,0,0,0,0.0,-,,,,,,,,,,,,,,,,,,,,,,,,,,,,,,,
2025020067,2025-10-16,Avalanche,Blue Jackets,Away,RW,5,4,4.893090284,1.9362038559,4.595101225,1.4655104539,Scott Wedgewood,Elvis Merzlikins,CG,CG,0,0,0,0,0,0,0,0,0,0,0,0,1,0,0,12,14,10,0,36,7,7,9,0,23,26,24,21,0,71,23,20,19,0,62,65,53,0,3,1,0,4,0,1,0,0,1,5,5,3,0,13,4,2,6,0,12,0,0,1,2,120,240,22,32,0.957,0.889,1,0,5,0,1,1,1694,538,1368,3135,3135,3,102,0,0,0,0,0,0,0,0,0,0,0.0,-,,,,,,,,,,,,,,,,,,,,,,,,,,,,,,,
2025020065,2025-10-16,Islanders,Oilers,Home,RW,4,4,3.152970739,4.2233899892,2.284629119,2.4202286552,David Rittich,Stuart Skinner,CG,CG,0,0,0,0,0,0,0,0,1,0,0,0,1,0,0,11,7,7,0,25,8,16,9,0,33,22,19,17,0,58,15,27,21,0,63,47,40,1,1,2,0,4,1,1,0,0,2,6,9,3,0,18,4,2,1,0,7,1,1,5,4,369,262,31,21,0.939,0.84,1,0,4,0,2,1,363,543,2694,2699,2607,58,141,0,0,0,0,0,0,0,8,92,0,0.0,-,,,,,,,,,,,,,,,,,,,,,,,,,,,,,,,
2025020065,2025-10-16,Oilers,Islanders,Away,RL,4,4,4.2233899892,3.152970739,2.4202286552,2.284629119,Stuart Skinner,David Rittich,CG,CG,0,0,0,0,0,0,0,0,0,1,0,0,0,0,0,8,16,9,0,33,11,7,7,0,25,15,27,21,0,63,22,19,17,0,58,40,47,1,1,0,0,2,1,1,2,0,4,4,2,1,0,7,6,9,3,0,18,1,1,4,5,262,369,21,31,0.84,0.939,0,1,0,4,1,2,543,363,2694,2699,2607,141,58,0,0,0,0,0,0,8,0,92,0,0.0,-,,,,,,,,,,,,,,,,,,,,,,,,,,,,,,,
2025020068,2025-10-16,Stars,Canucks,Home,RL,4,4,4.4808151418,3.405758439,3.4569544108,2.657687077,Casey DeSmith,Thatcher Demko,CG,CG,0,0,0,0,0,0,0,0,1,1,1,0,0,0,0,14,6,11,0,31,6,12,8,0,26,24,20,22,0,66,12,23,20,0,55,52,46,2,0,1,0,3,0,4,1,0,5,8,8,5,0,21,10,9,7,0,26,2,2,4,3,324,258,21,28,0.808,0.903,0,0,0,1,2,3,1461,1794,345,2918,2918,50,41,0,0,0,0,0,0,4,0,0,0,0.0,-,,,,,,,,,,,,,,,,,,,,,,,,,,,,,,,
2025020068,2025-10-16,Canucks,Stars,Away,RW,4,4,3.405758439,4.4808151418,2.657687077,3.4569544108,Thatcher Demko,Casey DeSmith,CG,CG,0,0,0,0,0,0,0,0,0,0,0,0,1,1,0,6,12,8,0,26,14,6,11,0,31,12,23,20,0,55,24,20,22,0,66,46,52,0,4,1,0,5,2,0,1,0,3,10,9,7,0,26,8,8,5,0,21,2,2,3,4,258,324,28,21,0.903,0.808,0,0,1,0,3,2,1794,1461,345,2918,2918,41,50,0,0,0,0,0,0,0,4,0,0,0.0,-,,,,,,,,,,,,,,,,,,,,,,,,,,,,,,,
2025020069,2025-10-16,Golden Knights,Bruins,Home,RW,5,5,4.8070774469,2.599157419,2.2180622059,2.3144383840000002,Akira Schmid,Jeremy Swayman,CG,CG,0,0,0,0,0,0,0,0,0,0,0,0,1,0,0,11,13,13,0,37,9,7,8,0,24,23,28,25,0,76,24,21,19,0,64,54,57,2,3,1,0,6,2,1,2,0,5,12,5,3,0,20,11,6,9,0,26,2,1,6,3,422,299,19,31,0.792,0.838,0,0,3,0,3,1,2146,199,1255,2705,2705,71,91,0,0,75,0,0,0,0,40,0,0,0.0,-,,,,,,,,,,,,,,,,,,,,,,,,,,,,,,,
2025020069,2025-10-16,Bruins,Golden Knights,Away,RL,5,5,2.599157419,4.8070774469,2.3144383840000002,2.2180622059,Jeremy Swayman,Akira Schmid,CG,CG,0,0,0,0,0,0,0,0,1,1,0,0,0,0,0,9,7,8,0,24,11,13,13,0,37,24,21,19,0,64,23,28,25,0,76,57,54,2,1,2,0,5,2,3,1,0,6,11,6,9,0,26,12,5,3,0,20,1,2,3,6,299,422,31,19,0.838,0.792,0,0,0,3,1,3,199,2146,1255,2705,2705,91,71,0,0,0,75,0,0,40,0,0,0,0.0,-,,,,,,,,,,,,,,,,,,,,,,,,,,,,,,,
2025020070,2025-10-16,Ducks,Hurricanes,Home,RL,4,4,2.7108505052,4.865685058,2.2964095567,4.237660812,Lukas Dostal,Frederik Andersen,CG,CG,0,0,0,0,0,0,0,0,0,0,0,0,0,0,0,8,10,6,0,24,11,12,9,0,32,22,18,14,0,54,25,21,15,0,61,46,53,0,1,0,0,1,1,1,2,0,4,10,11,10,0,31,6,9,4,0,19,0,1,4,3,488,347,28,23,0.875,0.958,0,0,0,1,4,0,0,2706,894,2676,2676,37,43,0,0,0,0,0,0,0,0,0,0,0.0,-,,,,,,,,,,,,,,,,,,,,,,,,,,,,,,,
2025020070,2025-10-16,Hurricanes,Ducks,Away,RW,4,4,4.865685058,2.7108505052,4.237660812,2.2964095567,Frederik Andersen,Lukas Dostal,CG,CG,0,0,0,0,0,0,0,0,1,0,0,0,0,0,0,11,12,9,0,32,8,10,6,0,24,25,21,15,0,61,22,18,14,0,54,53,46,1,1,2,0,4,0,1,0,0,1,6,9,4,0,19,10,11,10,0,31,1,0,3,4,347,488,23,28,0.958,0.875,0,0,1,0,0,4,2706,0,894,2676,2676,43,37,0,0,0,0,0,0,0,0,0,0,0.0,-,,,,,,,,,,,,,,,,,,,,,,,,,,,,,,,
2025020071,2025-10-16,Kings,Penguins,Home,RL,5,5,3.1784135645,3.5675042714000003,2.8114630205,2.7774181264,Anton Forsberg,Arturs Silovs,CG,CG,0,0,0,0,0,0,0,0,1,1,1,0,0,0,0,11,11,10,0,32,8,8,10,0,26,17,19,18,0,54,13,16,26,0,55,48,43,2,0,0,0,2,0,2,2,0,4,9,7,7,0,23,4,4,5,0,13,0,1,2,2,240,169,22,30,0.846,0.938,0,1,0,2,4,3,1374,790,1436,3027,3027,113,28,0,0,0,0,0,0,0,0,0,0,0.0,-,,,,,,,,,,,,,,,,,,,,,,,,,,,,,,,
2025020071,2025-10-16,Penguins,Kings,Away,RW,5,5,3.5675042714000003,3.1784135645,2.7774181264,2.8114630205,Arturs Silovs,Anton Forsberg,CG,CG,0,0,0,0,0,0,0,0,0,0,0,0,1,1,0,8,8,10,0,26,11,11,10,0,32,13,16,26,0,55,17,19,18,0,54,43,48,0,2,2,0,4,2,0,0,0,2,4,4,5,0,13,9,7,7,0,23,1,0,2,2,169,240,30,22,0.938,0.846,1,0,2,0,3,4,790,1374,1436,3027,3027,28,113,0,0,0,0,0,0,0,0,0,0,0.0,-,,,,,,,,,,,,,,,,,,,,,,,,,,,,,,,
2025020072,2025-10-17,Red Wings,Lightning,Home,OTW,5,5,3.297170121,2.6364207093,2.310776079,2.1032078783,John Gibson,Andrei Vasilevskiy,CG,CG,0,0,0,0,0,0,0,0,1,0,0,0,0,0,0,12,10,6,3,31,6,5,19,2,32,23,24,20,4,71,13,20,28,3,64,57,54,1,0,0,1,2,0,0,1,0,1,15,4,8,0,27,5,6,9,0,20,0,0,3,3,360,367,31,29,0.969,0.935,0,0,0,0,4,3,2595,0,1221,3051,2835,17,21,0,0,0,0,0,0,0,0,0,216,0.0,-,,,,,,,,,,,,,,,,,,,,,,,,,,,,,,,
2025020072,2025-10-17,Lightning,Red Wings,Away,OTL,5,5,2.6364207093,3.297170121,2.1032078783,2.310776079,Andrei Vasilevskiy,John Gibson,CG,CG,0,0,0,0,0,0,0,0,0,0,0,0,0,0,0,6,5,19,2,32,12,10,6,3,31,13,20,28,3,64,23,24,20,4,71,54,57,0,0,1,0,1,1,0,0,1,2,5,6,9,0,20,15,4,8,0,27,0,0,3,3,367,360,29,31,0.935,0.969,0,0,0,0,3,4,0,2595,1221,3051,2835,21,17,0,0,0,0,0,0,0,0,0,216,0.0,-,,,,,,,,,,,,,,,,,,,,,,,,,,,,,,,
2025020073,2025-10-17,Capitals,Wild,Home,RW,5,5,4.647913986,1.8139667577,3.614702618,1.5979955899,Logan Thompson,Filip Gustavsson,CG,CG,0,0,0,0,0,0,0,0,1,0,0,0,0,0,0,13,11,21,0,45,3,4,7,0,14,23,20,27,0,70,11,19,18,0,48,55,39,1,1,3,0,5,0,1,0,0,1,9,6,8,0,23,9,5,4,0,18,1,0,5,2,498,240,13,40,0.929,0.889,0,0,0,0,3,1,2497,0,1103,2790,2790,33,38,0,0,0,0,0,0,0,0,0,0,0.0,-,,,,,,,,,,,,,,,,,,,,,,,,,,,,,,,
2025020073,2025-10-17,Wild,Capitals,Away,RL,5,5,1.8139667577,4.647913986,1.5979955899,3.614702618,Filip Gustavsson,Logan Thompson,CG,CG,0,0,0,0,0,0,0,0,0,0,0,0,0,0,0,3,4,7,0,14,13,11,21,0,45,11,19,18,0,48,23,20,27,0,70,39,55,0,1,0,0,1,1,1,3,0,5,9,5,4,0,18,9,6,8,0,23,0,1,2,5,240,498,40,13,0.889,0.929,0,0,0,0,1,3,0,2497,1103,2790,2790,38,33,0,0,0,0,0,0,0,0,0,0,0.0,-,,,,,,,,,,,,,,,,,,,,,,,,,,,,,,,
2025020074,2025-10-17,Blackhawks,Canucks,Home,SOL,6,5,3.7237996356,3.9380111152,3.0692341806,1.2061579312,Spencer Knight,Kevin Lankinen,CG,CG,0,0,0,0,1,0,0,0,1,1,1,0,0,0,0,15,10,7,1,33,13,4,12,3,32,23,19,13,2,57,19,15,24,6,64,47,33,2,0,0,0,2,0,2,0,0,2,3,10,6,0,19,13,9,4,0,26,1,1,3,6,154,479,30,31,0.938,0.939,0,0,0,0,2,5,1261,0,2639,3105,2588,63,8,0,0,0,0,0,0,0,26,217,300,0.0,-,,,,,,,,,,,,,,,,,,,,,,,,,,,,,,,
2025020074,2025-10-17,Canucks,Blackhawks,Away,SOW,5,6,3.9380111152,3.7237996356,1.2061579312,3.0692341806,Kevin Lankinen,Spencer Knight,CG,CG,1,0,0,0,0,0,0,0,0,0,0,0,1,1,0,13,4,12,3,32,15,10,7,1,33,19,15,24,6,64,23,19,13,2,57,33,47,0,2,0,0,2,2,0,0,0,2,13,9,4,0,26,3,10,6,0,19,1,1,6,3,479,154,31,30,0.939,0.938,0,0,0,0,5,2,0,1261,2639,3105,2588,8,63,0,0,0,0,0,0,26,0,217,300,0.0,-,,,,,,,,,,,,,,,,,,,,,,,,,,,,,,,
2025020075,2025-10-17,Mammoth,Sharks,Home,RW,5,4,3.7227010649,1.7944821694,2.5621381539,1.2093468824,Karel Vejmelka,Yaroslav Askarov,CG,CG,0,0,0,0,0,0,0,0,1,0,0,0,0,0,0,12,11,11,0,34,7,9,5,0,21,26,19,14,0,59,14,16,10,0,40,46,27,2,1,3,0,6,0,2,1,0,3,4,6,4,0,14,11,7,7,0,25,1,2,4,3,424,247,18,28,0.857,0.824,0,0,0,0,1,0,2485,0,1115,2715,2715,114,49,0,0,32,0,0,0,0,0,0,0,0.0,-,,,,,,,,,,,,,,,,,,,,,,,,,,,,,,,
2025020075,2025-10-17,Sharks,Mammoth,Away,RL,4,5,1.7944821694,3.7227010649,1.2093468824,2.5621381539,Yaroslav Askarov,Karel Vejmelka,CG,CG,0,0,0,0,0,0,0,0,0,0,0,0,0,0,0,7,9,5,0,21,12,11,11,0,34,14,16,10,0,40,26,19,14,0,59,27,46,0,2,1,0,3,2,1,3,0,6,11,7,7,0,25,4,6,4,0,14,2,1,3,4,247,424,28,18,0.824,0.857,0,0,0,0,0,1,0,2485,1115,2715,2715,49,114,0,0,0,32,0,0,0,0,0,0,0.0,-,,,,,,,,,,,,,,,,,,,,,,,,,,,,,,,
2025020076,2025-10-18,Sabres,Panthers,Home,RW,5,7,3.1093354624,3.4027649071,2.4613007364,1.6746029651,Alex Lyon,Sergei Bobrovsky,CG,CG,0,0,0,0,0,1,1,0,1,0,0,0,0,0,0,8,13,10,0,31,12,10,10,0,32,25,25,18,0,68,28,18,27,0,73,48,47,1,2,0,0,3,0,0,0,0,0,11,10,2,0,23,10,9,10,0,29,2,0,4,7,152,714,32,28,1.0,0.903,0,0,0,0,4,5,3167,0,433,2650,2526,48,4,0,0,0,0,0,0,0,33,124,0,0.0,-,,,,,,,,,,,,,,,,,,,,,,,,,,,,,,,
2025020076,2025-10-18,Panthers,Sabres,Away,RL,7,5,3.4027649071,3.1093354624,1.6746029651,2.4613007364,Sergei Bobrovsky,Alex Lyon,CG,CG,0,1,1,0,0,0,0,0,0,0,0,0,0,0,0,12,10,10,0,32,8,13,10,0,31,28,18,27,0,73,25,25,18,0,68,47,48,0,0,0,0,0,1,2,0,0,3,10,9,10,0,29,11,10,2,0,23,0,2,7,4,714,152,28,32,0.903,1.0,0,0,0,0,5,4,0,3167,433,2650,2526,4,48,0,0,0,0,0,0,33,0,124,0,0.0,-,,,,,,,,,,,,,,,,,,,,,,,,,,,,,,,
2025020077,2025-10-18,Senators,Islanders,Home,RL,6,5,3.30591978,3.2499874186,2.684679379,2.6989409966,Linus Ullmark,Ilya Sorokin,CG,CG,0,1,1,0,0,0,0,0,1,1,1,0,0,0,0,11,16,5,0,32,5,11,7,0,23,22,23,10,0,55,17,20,19,0,56,44,48,1,3,0,0,4,0,3,2,0,5,12,9,8,0,29,9,8,11,0,28,1,0,2,3,237,273,18,28,0.783,0.875,0,0,0,2,1,1,1268,63,2269,2971,2971,90,26,0,0,0,86,0,0,0,0,0,0,0.0,-,,,,,,,,,,,,,,,,,,,,,,,,,,,,,,,
2025020077,2025-10-18,Islanders,Senators,Away,RW,5,6,3.2499874186,3.30591978,2.6989409966,2.684679379,Ilya Sorokin,Linus Ullmark,CG,CG,0,0,0,0,0,1,1,0,0,0,0,0,1,1,0,5,11,7,0,23,11,16,5,0,32,17,20,19,0,56,22,23,10,0,55,48,44,0,3,2,0,5,1,3,0,0,4,9,8,11,0,28,12,9,8,0,29,0,1,3,2,273,237,28,18,0.875,0.783,0,0,2,0,1,1,63,1268,2269,2971,2971,26,90,0,0,86,0,0,0,0,0,0,0,0.0,-,,,,,,,,,,,,,,,,,,,,,,,,,,,,,,,
2025020078,2025-10-18,Devils,Oilers,Home,RW,5,5,3.4782068005999998,2.7119660061,2.5551884846,1.7523965011,Jake Allen,Calvin Pickard,CG,CG,0,0,0,0,0,0,0,0,1,0,0,0,0,0,0,4,14,5,0,23,9,13,8,0,30,13,25,16,0,54,18,24,12,0,54,42,44,0,2,3,0,5,0,1,2,0,3,11,6,7,0,24,9,7,4,0,20,1,0,3,3,244,387,27,18,0.9,0.783,1,0,4,0,1,2,1913,0,1687,2784,2784,42,137,0,0,0,0,0,0,0,0,0,0,0.0,-,,,,,,,,,,,,,,,,,,,,,,,,,,,,,,,
2025020078,2025-10-18,Oilers,Devils,Away,RL,5,5,2.7119660061,3.4782068005999998,1.7523965011,2.5551884846,Calvin Pickard,Jake Allen,CG,CG,0,0,0,0,0,0,0,0,0,0,0,0,0,0,0,9,13,8,0,30,4,14,5,0,23,18,24,12,0,54,13,25,16,0,54,44,42,0,1,2,0,3,0,2,3,0,5,9,7,4,0,20,11,6,7,0,24,0,1,3,3,387,244,18,27,0.783,0.9,0,1,0,4,2,1,0,1913,1687,2784,2784,137,42,0,0,0,0,0,0,0,0,0,0,0.0,-,,,,,,,,,,,,,,,,,,,,,,,,,,,,,,,
2025020079,2025-10-18,Maple Leafs,Kraken,Home,OTL,6,5,2.5153396511,2.454051873,2.0585521854,1.555920907,Anthony Stolarz,Joey Daccord,CG,CG,0,0,1,0,0,0,0,0,0,0,0,0,0,0,0,9,10,11,0,30,8,9,7,4,28,15,25,17,1,58,11,23,18,4,56,49,46,1,1,1,0,3,1,2,0,1,4,10,10,9,0,29,9,8,9,0,26,1,1,4,2,367,231,24,27,0.857,0.9,0,0,0,0,4,1,0,766,3020,3044,2858,77,40,0,0,0,0,0,0,0,0,0,186,0.0,-,,,,,,,,,,,,,,,,,,,,,,,,,,,,,,,
2025020079,2025-10-18,Kraken,Maple Leafs,Away,OTW,5,6,2.454051873,2.5153396511,1.555920907,2.0585521854,Joey Daccord,Anthony Stolarz,CG,CG,0,0,0,0,0,0,1,0,1,0,0,0,0,0,0,8,9,7,4,28,9,10,11,0,30,11,23,18,4,56,15,25,17,1,58,46,49,1,2,0,1,4,1,1,1,0,3,9,8,9,0,26,10,10,9,0,29,1,1,2,4,231,367,27,24,0.9,0.857,0,0,0,0,1,4,766,0,3020,3044,2858,40,77,0,0,0,0,0,0,0,0,0,186,0.0,-,,,,,,,,,,,,,,,,,,,,,,,,,,,,,,,
2025020080,2025-10-18,Canadiens,Rangers,Home,RL,6,7,2.4997690174,2.8119853926,1.7110440734,2.0699360566,Samuel Montembeault,Jonathan Quick,CG,CG,0,0,0,0,0,0,0,0,1,1,1,0,0,0,0,8,8,8,0,24,6,6,10,0,22,15,20,13,0,48,15,19,20,0,54,36,43,2,0,1,0,3,1,0,3,0,4,3,6,7,0,16,9,10,5,0,24,1,1,2,2,267,214,18,21,0.818,0.875,0,0,0,3,2,3,2341,949,310,2988,2809,63,19,0,0,0,0,0,0,0,0,179,0,0.0,-,,,,,,,,,,,,,,,,,,,,,,,,,,,,,,,
2025020080,2025-10-18,Rangers,Canadiens,Away,RW,7,6,2.8119853926,2.4997690174,2.0699360566,1.7110440734,Jonathan Quick,Samuel Montembeault,CG,CG,0,0,0,0,0,0,0,0,0,0,0,0,1,1,0,6,6,10,0,22,8,8,8,0,24,15,19,20,0,54,15,20,13,0,48,43,36,1,0,3,0,4,2,0,1,0,3,9,10,5,0,24,3,6,7,0,16,1,1,2,2,214,267,21,18,0.875,0.818,0,0,3,0,3,2,949,2341,310,2988,2809,19,63,0,0,0,0,0,0,0,0,179,0,0.0,-,,,,,,,,,,,,,,,,,,,,,,,,,,,,,,,
2025020081,2025-10-18,Flyers,Wild,Home,OTW,5,6,2.4306488542999998,2.5497201447,2.2033063533,1.5298595667,Dan Vladar,Jesper Wallstedt,CG,CG,0,0,0,0,1,0,1,0,0,0,0,0,1,0,0,6,5,9,1,21,3,8,4,1,16,19,15,18,1,53,17,16,19,2,54,48,41,0,0,1,1,2,0,1,0,0,1,8,14,9,1,32,7,3,9,0,19,0,0,2,3,249,360,15,19,0.938,0.905,0,0,0,0,3,2,0,1515,2242,3073,2916,38,0,0,0,0,0,0,0,0,0,0,157,0.0,-,,,,,,,,,,,,,,,,,,,,,,,,,,,,,,,
2025020081,2025-10-18,Wild,Flyers,Away,OTL,6,5,2.5497201447,2.4306488542999998,1.5298595667,2.2033063533,Jesper Wallstedt,Dan Vladar,CG,CG,1,0,1,0,0,0,0,0,1,1,0,0,0,0,0,3,8,4,1,16,6,5,9,1,21,17,16,19,2,54,19,15,18,1,53,41,48,0,1,0,0,1,0,0,1,1,2,7,3,9,0,19,8,14,9,1,32,0,0,3,2,360,249,19,15,0.905,0.938,0,0,0,0,2,3,1515,0,2242,3073,2916,0,38,0,0,0,0,0,0,0,0,0,157,0.0,-,,,,,,,,,,,,,,,,,,,,,,,,,,,,,,,
2025020082,2025-10-18,Blue Jackets,Lightning,Home,RW,5,6,3.185491496,3.246928913,2.919792173,1.681013908,Jet Greaves,Jonas Johansson,CG,CG,0,0,0,0,1,0,1,0,1,0,0,0,1,0,0,11,14,6,0,31,6,3,15,0,24,20,28,18,0,66,21,10,28,0,59,56,42,1,1,1,0,3,2,0,0,0,2,13,5,5,0,23,5,7,2,0,14,0,1,2,3,240,256,22,28,0.917,0.903,0,0,2,0,2,5,1589,1057,954,2920,2821,15,113,0,0,0,0,0,0,0,0,99,0,0.0,-,,,,,,,,,,,,,,,,,,,,,,,,,,,,,,,
2025020082,2025-10-18,Lightning,Blue Jackets,Away,RL,6,5,3.246928913,3.185491496,1.681013908,2.919792173,Jonas Johansson,Jet Greaves,CG,CG,1,0,1,0,0,0,0,0,0,1,0,0,0,0,0,6,3,15,0,24,11,14,6,0,31,21,10,28,0,59,20,28,18,0,66,42,56,2,0,0,0,2,1,1,1,0,3,5,7,2,0,14,13,5,5,0,23,1,0,3,2,256,240,28,22,0.903,0.917,0,0,0,2,5,2,1057,1589,954,2920,2821,113,15,0,0,0,0,0,0,0,0,99,0,0.0,-,,,,,,,,,,,,,,,,,,,,,,,,,,,,,,,
2025020083,2025-10-18,Blues,Stars,Home,RW,5,5,2.8976019256,1.9510975613,2.4635139156,1.7421132852999999,Jordan Binnington,Jake Oettinger,CG,CG,0,0,0,0,0,0,0,0,1,0,0,0,0,0,0,6,12,4,0,22,6,5,8,0,19,13,19,12,0,44,16,12,14,0,42,37,37,0,2,1,0,3,0,0,1,0,1,13,8,3,0,24,10,13,8,0,31,0,0,2,2,240,240,18,19,0.947,0.864,1,0,2,0,0,0,2253,0,1347,3018,3018,27,75,0,0,0,0,0,0,0,0,0,0,0.0,-,,,,,,,,,,,,,,,,,,,,,,,,,,,,,,,
2025020083,2025-10-18,Stars,Blues,Away,RL,5,5,1.9510975613,2.8976019256,1.7421132852999999,2.4635139156,Jake Oettinger,Jordan Binnington,CG,CG,0,0,0,0,0,0,0,0,0,0,0,0,0,0,0,6,5,8,0,19,6,12,4,0,22,16,12,14,0,42,13,19,12,0,44,37,37,0,0,1,0,1,0,2,1,0,3,10,13,8,0,31,13,8,3,0,24,0,0,2,2,240,240,19,18,0.864,0.947,0,1,0,2,0,0,0,2253,1347,3018,3018,75,27,0,0,0,0,0,0,0,0,0,0,0.0,-,,,,,,,,,,,,,,,,,,,,,,,,,,,,,,,
2025020084,2025-10-18,Jets,Predators,Home,RW,5,6,4.409734829,3.6643526839,3.159403184,2.8712551379,Connor Hellebuyck,Juuse Saros,CG,CG,0,0,0,0,0,0,1,0,1,0,0,0,0,0,0,11,4,9,0,24,5,15,11,0,31,25,14,21,0,60,17,26,21,0,64,49,49,2,0,2,0,4,0,0,1,0,1,6,9,1,0,16,9,4,6,0,19,2,0,3,4,331,463,30,20,0.968,0.833,0,0,0,0,2,3,3441,0,159,2687,2687,33,56,0,0,0,5,0,0,0,0,0,0,0.0,-,,,,,,,,,,,,,,,,,,,,,,,,,,,,,,,
2025020084,2025-10-18,Predators,Jets,Away,RL,6,5,3.6643526839,4.409734829,2.8712551379,3.159403184,Juuse Saros,Connor Hellebuyck,CG,CG,0,0,1,0,0,0,0,0,0,0,0,0,0,0,0,5,15,11,0,31,11,4,9,0,24,17,26,21,0,64,25,14,21,0,60,49,49,0,0,1,0,1,2,0,2,0,4,9,4,6,0,19,6,9,1,0,16,0,2,4,3,463,331,20,30,0.833,0.968,0,0,0,0,3,2,0,3441,159,2687,2687,56,33,0,0,5,0,0,0,0,0,0,0,0.0,-,,,,,,,,,,,,,,,,,,,,,,,,,,,,,,,
2025020085,2025-10-18,Avalanche,Bruins,Home,RW,6,6,4.4934019177,1.1851928289,3.4024120747,0.8189010009000001,Scott Wedgewood,Jeremy Swayman,CG,CG,0,0,0,0,0,0,0,0,0,0,0,0,1,0,0,7,16,15,0,38,7,2,5,0,14,17,33,27,0,77,21,17,12,0,50,63,42,2,0,2,0,4,1,0,0,0,1,5,4,3,0,12,9,9,6,0,24,0,0,5,2,600,240,13,34,0.929,0.895,1,0,1,0,1,2,2978,237,385,2722,2722,10,28,0,0,0,0,0,0,0,0,0,0,0.0,-,,,,,,,,,,,,,,,,,,,,,,,,,,,,,,,
2025020085,2025-10-18,Bruins,Avalanche,Away,RL,6,6,1.1851928289,4.4934019177,0.8189010009000001,3.4024120747,Jeremy Swayman,Scott Wedgewood,CG,CG,0,0,0,0,0,0,0,0,1,1,0,0,0,0,0,7,2,5,0,14,7,16,15,0,38,21,17,12,0,50,17,33,27,0,77,42,63,1,0,0,0,1,2,0,2,0,4,9,9,6,0,24,5,4,3,0,12,0,0,2,5,240,600,34,13,0.895,0.929,0,1,0,1,2,1,237,2978,385,2722,2722,28,10,0,0,0,0,0,0,0,0,0,0,0.0,-,,,,,,,,,,,,,,,,,,,,,,,,,,,,,,,
2025020086,2025-10-18,Kings,Hurricanes,Home,OTL,6,5,2.5864631987999998,4.3069245885,2.0746230108,3.7307773795,Anton Forsberg,Brandon Bussi,CG,CG,0,0,0,0,0,0,0,0,0,0,0,0,0,0,0,8,12,8,0,28,13,15,11,1,40,18,22,20,2,62,33,24,18,1,76,56,67,0,2,1,0,3,2,1,0,1,4,15,9,5,0,29,5,8,5,0,18,1,0,1,3,9,284,36,25,0.9,0.893,0,0,0,0,1,1,0,3050,655,3380,3275,19,4,0,0,0,91,0,0,0,0,0,105,0.0,-,,,,,,,,,,,,,,,,,,,,,,,,,,,,,,,
2025020086,2025-10-18,Hurricanes,Kings,Away,OTW,5,6,4.3069245885,2.5864631987999998,3.7307773795,2.0746230108,Brandon Bussi,Anton Forsberg,CG,CG,0,0,0,0,0,0,0,0,1,0,0,0,0,0,0,13,15,11,1,40,8,12,8,0,28,33,24,18,1,76,18,22,20,2,62,67,56,2,1,0,1,4,0,2,1,0,3,5,8,5,0,18,15,9,5,0,29,0,1,3,1,284,9,25,36,0.893,0.9,0,0,0,0,1,1,3050,0,655,3380,3275,4,19,0,0,91,0,0,0,0,0,0,105,0.0,-,,,,,,,,,,,,,,,,,,,,,,,,,,,,,,,
2025020087,2025-10-18,Golden Knights,Flames,Home,RW,6,6,3.512433785,2.1189860451,2.273420409,1.5354234151000001,Adin Hill,Dustin Wolf,CG,IG,0,0,0,0,0,0,0,0,1,0,0,0,0,0,0,9,10,9,0,28,13,4,10,0,27,18,23,20,0,61,19,19,20,0,58,52,51,3,2,1,0,6,1,0,0,0,1,8,2,4,0,14,7,6,9,0,22,3,1,3,3,105,264,26,22,0.963,0.786,0,0,0,0,0,2,3437,0,163,3139,3139,28,10,0,0,0,0,0,0,10,0,0,0,0.0,-,,,,,,,,,,,,,,,,,,,,,,,,,,,,,,,
2025020087,2025-10-18,Flames,Golden Knights,Away,RL,6,6,2.1189860451,3.512433785,1.5354234151000001,2.273420409,Dustin Wolf,Adin Hill,IG,CG,0,0,0,0,0,0,0,0,0,0,0,0,0,0,0,13,4,10,0,27,9,10,9,0,28,19,19,20,0,58,18,23,20,0,61,51,52,1,0,0,0,1,3,2,1,0,6,7,6,9,0,22,8,2,4,0,14,1,3,3,3,264,105,22,26,0.786,0.963,0,0,0,0,2,0,0,3437,163,3139,3139,10,28,0,0,0,0,0,0,0,10,0,0,0.0,-,,,,,,,,,,,,,,,,,,,,,,,,,,,,,,,
2025020088,2025-10-18,Sharks,Penguins,Home,RL,5,6,2.7308779453,2.8123365865,2.4890076303,2.4612327005,Alex Nedeljkovic,Tristan Jarry,CG,CG,1,0,0,0,0,0,0,0,0,0,0,0,0,0,0,11,11,9,0,31,18,5,4,0,27,17,19,22,0,58,26,15,18,0,59,52,54,0,0,0,0,0,0,1,2,0,3,11,5,9,0,25,2,8,1,0,11,0,0,2,1,200,80,24,31,0.889,1.0,0,1,0,2,1,4,0,1945,1655,3217,3178,70,29,0,0,0,0,0,0,76,0,39,0,0.0,-,,,,,,,,,,,,,,,,,,,,,,,,,,,,,,,
2025020088,2025-10-18,Penguins,Sharks,Away,RW,6,5,2.8123365865,2.7308779453,2.4612327005,2.4890076303,Tristan Jarry,Alex Nedeljkovic,CG,CG,0,0,0,0,1,0,0,0,1,0,0,0,0,0,0,18,5,4,0,27,11,11,9,0,31,26,15,18,0,59,17,19,22,0,58,54,52,0,1,2,0,3,0,0,0,0,0,2,8,1,0,11,11,5,9,0,25,0,0,1,2,80,200,31,24,1.0,0.889,1,0,2,0,4,1,1945,0,1655,3217,3178,29,70,0,0,0,0,0,0,0,76,39,0,0.0,-,,,,,,,,,,,,,,,,,,,,,,,,,,,,,,,
2025020089,2025-10-19,Capitals,Canucks,Home,RL,6,6,4.4290195682,2.948629324,2.8173987948,2.146702629,Charlie Lindgren,Thatcher Demko,CG,CG,0,0,0,0,0,1,0,0,0,0,0,0,0,0,0,7,12,12,0,31,12,7,5,0,24,12,23,27,0,62,26,13,20,0,59,46,40,0,1,2,0,3,3,1,0,0,4,12,7,9,0,28,7,11,4,0,22,1,1,4,4,441,408,20,28,0.833,0.903,0,0,0,7,6,2,0,3541,59,2508,2508,176,43,0,0,0,0,0,0,0,0,0,0,0.0,-,,,,,,,,,,,,,,,,,,,,,,,,,,,,,,,
2025020089,2025-10-19,Canucks,Capitals,Away,RW,6,6,2.948629324,4.4290195682,2.146702629,2.8173987948,Thatcher Demko,Charlie Lindgren,CG,CG,0,1,0,0,0,0,0,0,1,0,0,0,0,0,0,12,7,5,0,24,7,12,12,0,31,26,13,20,0,59,12,23,27,0,62,40,46,3,1,0,0,4,0,1,2,0,3,7,11,4,0,22,12,7,9,0,28,1,1,4,4,408,441,28,20,0.903,0.833,0,0,7,0,2,6,3541,0,59,2508,2508,43,176,0,0,0,0,0,0,0,0,0,0,0.0,-,,,,,,,,,,,,,,,,,,,,,,,,,,,,,,,
2025020090,2025-10-19,Red Wings,Oilers,Home,RW,6,6,3.093014476,1.9965041992,3.066881233,1.7981198782,John Gibson,Stuart Skinner,CG,CG,0,0,0,0,1,1,1,0,1,0,0,0,0,0,0,7,10,8,0,25,3,8,7,0,18,15,21,16,0,52,19,17,17,0,53,49,50,0,3,1,0,4,0,1,1,0,2,8,8,8,0,24,9,6,4,0,19,0,0,0,1,0,120,16,21,0.889,0.84,1,0,1,0,4,0,1869,0,1731,3464,3464,16,0,0,0,0,0,0,0,0,0,0,0,0.0,-,,,,,,,,,,,,,,,,,,,,,,,,,,,,,,,
2025020090,2025-10-19,Oilers,Red Wings,Away,RL,6,6,1.9965041992,3.093014476,1.7981198782,3.066881233,Stuart Skinner,John Gibson,CG,CG,1,1,1,0,0,0,0,0,0,0,0,0,0,0,0,3,8,7,0,18,7,10,8,0,25,19,17,17,0,53,15,21,16,0,52,50,49,0,1,1,0,2,0,3,1,0,4,9,6,4,0,19,8,8,8,0,24,0,0,1,0,120,0,21,16,0.84,0.889,0,1,0,1,0,4,0,1869,1731,3464,3464,0,16,0,0,0,0,0,0,0,0,0,0,0.0,-,,,,,,,,,,,,,,,,,,,,,,,,,,,,,,,
2025020091,2025-10-19,Blackhawks,Ducks,Home,OTW,7,5,3.312364709,2.9142565641,2.19000693,1.7257271221,Spencer Knight,Lukas Dostal,CG,CG,0,0,0,0,0,0,0,0,1,0,0,0,0,0,0,10,6,9,5,30,16,7,13,3,39,18,17,21,5,61,22,16,26,3,67,47,50,0,0,1,1,2,0,0,1,0,1,8,8,10,0,26,13,6,10,1,30,0,1,3,5,240,431,38,28,0.974,0.933,0,0,0,0,2,2,581,0,3197,3053,2770,35,4,0,0,0,0,0,0,18,71,105,178,0.0,-,,,,,,,,,,,,,,,,,,,,,,,,,,,,,,,
2025020091,2025-10-19,Ducks,Blackhawks,Away,OTL,5,7,2.9142565641,3.312364709,1.7257271221,2.19000693,Lukas Dostal,Spencer Knight,CG,CG,0,0,0,0,0,0,0,0,0,0,0,0,0,0,0,16,7,13,3,39,10,6,9,5,30,22,16,26,3,67,18,17,21,5,61,50,47,0,0,1,0,1,0,0,1,1,2,13,6,10,1,30,8,8,10,0,26,1,0,5,3,431,240,28,38,0.933,0.974,0,0,0,0,2,2,0,581,3197,3053,2770,4,35,0,0,0,0,0,0,71,18,105,178,0.0,-,,,,,,,,,,,,,,,,,,,,,,,,,,,,,,,
2025020092,2025-10-19,Mammoth,Bruins,Home,RW,6,7,3.0314372802,1.6915349444,2.2592709602,0.9438221663999999,Vitek Vanecek,Joonas Korpisalo,CG,CG,0,0,0,0,1,1,0,0,1,0,0,0,1,0,0,11,8,8,0,27,10,13,3,0,26,26,15,21,0,62,17,25,9,0,51,52,34,1,1,1,0,3,1,1,0,0,2,5,8,10,0,23,7,11,6,0,24,1,1,5,4,530,404,24,24,0.923,0.889,0,0,3,0,4,1,1181,611,1808,2454,2338,39,118,0,0,0,0,0,0,78,0,116,0,0.0,-,,,,,,,,,,,,,,,,,,,,,,,,,,,,,,,
2025020092,2025-10-19,Bruins,Mammoth,Away,RL,7,6,1.6915349444,3.0314372802,0.9438221663999999,2.2592709602,Joonas Korpisalo,Vitek Vanecek,CG,CG,1,1,0,0,0,0,0,0,0,1,0,0,0,0,0,10,13,3,0,26,11,8,8,0,27,17,25,9,0,51,26,15,21,0,62,34,52,1,1,0,0,2,1,1,1,0,3,7,11,6,0,24,5,8,10,0,23,1,1,4,5,404,530,24,24,0.889,0.923,0,0,0,3,1,4,611,1181,1808,2454,2338,118,39,0,0,0,0,0,0,0,78,116,0,0.0,-,,,,,,,,,,,,,,,,,,,,,,,,,,,,,,,
2025020093,2025-10-20,Rangers,Wild,Home,RL,8,7,2.9552093708,3.1534310757,2.1585690145,2.4744033417,Igor Shesterkin,Filip Gustavsson,CG,CG,0,0,0,0,0,1,0,0,1,1,0,0,0,0,0,6,11,7,0,24,16,11,5,0,32,18,25,25,0,68,31,26,17,0,74,53,63,1,0,0,0,1,1,0,2,0,3,14,11,9,0,34,11,4,5,0,20,0,0,1,3,120,366,29,23,0.906,0.958,0,1,0,2,0,1,253,704,2643,2984,2984,98,32,0,0,0,0,0,0,0,0,0,0,0.0,-,,,,,,,,,,,,,,,,,,,,,,,,,,,,,,,
2025020093,2025-10-20,Wild,Rangers,Away,RW,7,8,3.1534310757,2.9552093708,2.4744033417,2.1585690145,Filip Gustavsson,Igor Shesterkin,CG,CG,0,1,0,0,0,0,0,0,0,0,0,0,1,0,0,16,11,5,0,32,6,11,7,0,24,31,26,17,0,74,18,25,25,0,68,63,53,1,0,2,0,3,1,0,0,0,1,11,4,5,0,20,14,11,9,0,34,0,0,3,1,366,120,23,29,0.958,0.906,1,0,2,0,1,0,704,253,2643,2984,2984,32,98,0,0,0,0,0,0,0,0,0,0,0.0,-,,,,,,,,,,,,,,,,,,,,,,,,,,,,,,,
2025020094,2025-10-20,Flyers,Kraken,Home,RW,6,6,2.6195026128,2.5460240199,2.0730379868,1.6070866706,Dan Vladar,Joey Daccord,CG,IG,0,0,0,0,0,0,0,0,0,0,0,0,1,0,0,10,11,6,0,27,8,9,6,0,23,17,17,13,0,47,15,19,13,0,47,39,32,2,3,0,0,5,1,1,0,0,2,7,8,5,0,20,7,8,8,0,23,2,1,4,6,160,405,21,22,0.913,0.815,0,0,0,1,0,2,2801,160,639,2678,2536,129,60,0,0,0,0,0,0,0,0,142,0,0.0,-,,,,,,,,,,,,,,,,,,,,,,,,,,,,,,,
2025020094,2025-10-20,Kraken,Flyers,Away,RL,6,6,2.5460240199,2.6195026128,1.6070866706,2.0730379868,Joey Daccord,Dan Vladar,IG,CG,0,0,0,0,0,0,0,0,1,1,0,0,0,0,0,8,9,6,0,23,10,11,6,0,27,15,19,13,0,47,17,17,13,0,47,32,39,1,1,0,0,2,2,3,0,0,5,7,8,8,0,23,7,8,5,0,20,1,2,6,4,405,160,22,21,0.815,0.913,0,0,1,0,2,0,160,2801,639,2678,2536,60,129,0,0,0,0,0,0,0,0,142,0,0.0,-,,,,,,,,,,,,,,,,,,,,,,,,,,,,,,,
2025020095,2025-10-20,Canadiens,Sabres,Home,RW,7,6,3.403342032,5.4075684531,2.891778558,4.4788178325,Jakub Dobes,Alex Lyon,CG,CG,0,0,0,0,0,0,0,0,1,0,0,0,0,0,0,14,4,14,0,32,6,11,15,0,32,29,13,27,0,69,21,21,21,0,63,56,54,1,0,3,0,4,0,1,1,0,2,10,6,6,0,22,3,6,6,0,15,0,0,1,1,120,128,30,28,0.938,0.875,1,0,9,0,1,8,2125,0,1475,3136,2981,7,112,0,0,0,0,0,0,0,0,155,0,0.0,-,,,,,,,,,,,,,,,,,,,,,,,,,,,,,,,
2025020095,2025-10-20,Sabres,Canadiens,Away,RL,6,7,5.4075684531,3.403342032,4.4788178325,2.891778558,Alex Lyon,Jakub Dobes,CG,CG,0,0,0,0,0,0,0,0,0,0,0,0,0,0,0,6,11,15,0,32,14,4,14,0,32,21,21,21,0,63,29,13,27,0,69,54,56,0,1,1,0,2,1,0,3,0,4,3,6,6,0,15,10,6,6,0,22,0,0,1,1,128,120,28,30,0.875,0.938,0,1,0,9,8,1,0,2125,1475,3136,2981,112,7,0,0,0,0,0,0,0,0,155,0,0.0,-,,,,,,,,,,,,,,,,,,,,,,,,,,,,,,,
2025020096,2025-10-20,Flames,Jets,Home,RL,7,6,2.9008329815,3.3308571832,2.0032257071,0.7744461105,Dustin Wolf,Connor Hellebuyck,CG,CG,0,0,0,0,0,0,0,0,1,1,0,0,0,0,0,9,12,12,0,33,7,14,6,0,27,20,21,19,0,60,20,23,15,0,58,42,31,0,1,0,0,1,0,0,2,0,2,9,5,8,0,22,4,7,4,0,15,0,1,5,5,514,574,25,32,0.926,0.97,0,0,0,0,6,2,559,294,2747,2387,2387,96,17,0,0,0,0,0,0,26,0,0,0,0.0,-,,,,,,,,,,,,,,,,,,,,,,,,,,,,,,,
2025020096,2025-10-20,Jets,Flames,Away,RW,6,7,3.3308571832,2.9008329815,0.7744461105,2.0032257071,Connor Hellebuyck,Dustin Wolf,CG,CG,0,0,0,0,0,0,0,0,0,0,0,0,1,0,0,7,14,6,0,27,9,12,12,0,33,20,23,15,0,58,20,21,19,0,60,31,42,0,0,2,0,2,0,1,0,0,1,4,7,4,0,15,9,5,8,0,22,1,0,5,5,574,514,32,25,0.97,0.926,0,0,0,0,2,6,294,559,2747,2387,2387,17,96,0,0,0,0,0,0,0,26,0,0,0.0,-,,,,,,,,,,,,,,,,,,,,,,,,,,,,,,,
2025020097,2025-10-20,Golden Knights,Hurricanes,Home,RW,7,6,2.815885675,1.8634900715,2.166398262,1.3948805015,Adin Hill,Frederik Andersen,IG,CG,0,0,0,0,0,0,0,0,1,0,0,0,0,0,0,8,7,11,0,26,8,9,10,0,27,25,18,19,0,62,16,16,23,0,55,53,43,2,0,2,0,4,0,1,0,0,1,4,7,2,0,13,8,3,4,0,15,0,0,4,4,385,368,26,22,0.963,0.846,1,0,1,0,1,3,3078,0,522,2728,2665,3,84,0,0,0,0,0,0,45,20,63,0,0.0,-,,,,,,,,,,,,,,,,,,,,,,,,,,,,,,,
2025020097,2025-10-20,Hurricanes,Golden Knights,Away,RL,6,7,1.8634900715,2.815885675,1.3948805015,2.166398262,Frederik Andersen,Adin Hill,CG,IG,0,0,0,0,0,0,0,0,0,0,0,0,0,0,0,8,9,10,0,27,8,7,11,0,26,16,16,23,0,55,25,18,19,0,62,43,53,0,1,0,0,1,2,0,2,0,4,8,3,4,0,15,4,7,2,0,13,0,0,4,4,368,385,22,26,0.846,0.963,0,1,0,1,3,1,0,3078,522,2728,2665,84,3,0,0,0,0,0,0,20,45,63,0,0.0,-,,,,,,,,,,,,,,,,,,,,,,,,,,,,,,,
2025020098,2025-10-21,Maple Leafs,Devils,Home,RL,7,6,2.7810475409,4.4770339033,1.9134771087,3.1283144913,Anthony Stolarz,Jake Allen,CG,CG,0,0,0,0,0,0,0,0,1,1,0,0,0,0,0,7,10,8,0,25,9,16,10,0,35,12,23,21,0,56,16,28,21,0,65,44,48,1,1,0,0,2,0,4,1,0,5,6,7,9,0,22,8,6,7,0,21,0,1,2,2,240,233,30,23,0.857,0.92,0,1,0,2,0,0,891,2200,509,2935,2823,128,33,0,0,0,0,0,0,0,0,112,0,0.0,-,,,,,,,,,,,,,,,,,,,,,,,,,,,,,,,
2025020098,2025-10-21,Devils,Maple Leafs,Away,RW,6,7,4.4770339033,2.7810475409,3.1283144913,1.9134771087,Jake Allen,Anthony Stolarz,CG,CG,0,0,0,0,0,0,0,0,0,0,0,0,1,0,0,9,16,10,0,35,7,10,8,0,25,16,28,21,0,65,12,23,21,0,56,48,44,0,4,1,0,5,1,1,0,0,2,8,6,7,0,21,6,7,9,0,22,1,0,2,2,233,240,23,30,0.92,0.857,1,0,2,0,0,0,2200,891,509,2935,2823,33,128,0,0,0,0,0,0,0,0,112,0,0.0,-,,,,,,,,,,,,,,,,,,,,,,,,,,,,,,,
2025020099,2025-10-21,Senators,Oilers,Home,OTL,7,7,1.3528439236,2.2523832228,1.1526360333,1.4820505078,Linus Ullmark,Stuart Skinner,CG,CG,0,0,0,0,0,1,1,0,0,0,0,0,0,0,0,6,11,4,0,21,6,6,10,3,25,10,22,9,0,41,14,14,19,4,51,35,38,0,0,2,0,2,1,1,0,1,3,3,7,10,0,20,9,4,7,0,20,1,2,3,3,281,279,22,19,0.88,0.905,0,0,0,0,2,1,0,1518,2226,3092,3067,26,61,0,119,0,0,0,0,0,0,0,25,0.0,-,,,,,,,,,,,,,,,,,,,,,,,,,,,,,,,
2025020099,2025-10-21,Oilers,Senators,Away,OTW,7,7,2.2523832228,1.3528439236,1.4820505078,1.1526360333,Stuart Skinner,Linus Ullmark,CG,CG,0,1,1,0,0,0,0,0,1,0,0,0,0,0,0,6,6,10,3,25,6,11,4,0,21,14,14,19,4,51,10,22,9,0,41,38,35,1,1,0,1,3,0,0,2,0,2,9,4,7,0,20,3,7,10,0,20,2,1,3,3,279,281,19,22,0.905,0.88,0,0,0,0,1,2,1518,0,2226,3092,3067,61,26,119,0,0,0,0,0,0,0,0,25,0.0,-,,,,,,,,,,,,,,,,,,,,,,,,,,,,,,,
2025020100,2025-10-21,Islanders,Sharks,Home,RW,6,6,3.6237137392,3.7317503075,2.0112732932,2.9134801475,Ilya Sorokin,Yaroslav Askarov,CG,CG,0,0,0,0,0,0,0,0,0,0,0,0,1,0,0,8,12,7,0,27,16,13,7,0,36,17,26,21,0,64,21,20,15,0,56,41,45,3,1,0,0,4,2,0,1,0,3,4,6,8,0,18,10,7,5,0,22,2,0,3,3,284,358,33,23,0.917,0.852,0,0,8,0,1,2,2658,57,885,2793,2793,23,132,0,0,0,0,0,0,61,0,0,0,0.0,-,,,,,,,,,,,,,,,,,,,,,,,,,,,,,,,
2025020100,2025-10-21,Sharks,Islanders,Away,RL,6,6,3.7317503075,3.6237137392,2.9134801475,2.0112732932,Yaroslav Askarov,Ilya Sorokin,CG,CG,0,0,0,0,0,0,0,0,1,1,0,0,0,0,0,16,13,7,0,36,8,12,7,0,27,21,20,15,0,56,17,26,21,0,64,45,41,2,0,1,0,3,3,1,0,0,4,10,7,5,0,22,4,6,8,0,18,0,2,3,3,358,284,23,33,0.852,0.917,0,0,0,8,2,1,57,2658,885,2793,2793,132,23,0,0,0,0,0,0,0,61,0,0,0.0,-,,,,,,,,,,,,,,,,,,,,,,,,,,,,,,,
2025020101,2025-10-21,Penguins,Canucks,Home,RW,7,7,4.2468663638,2.9540690556,2.8793764878,1.90016215,Arturs Silovs,Kevin Lankinen,CG,CG,0,0,0,0,0,0,1,0,0,0,0,0,1,0,0,6,14,6,0,26,11,3,10,0,24,16,29,17,0,62,32,18,22,0,72,49,52,1,3,1,0,5,1,0,0,0,1,4,9,5,0,18,6,12,8,0,26,2,0,5,3,559,360,23,21,0.958,0.808,0,0,0,0,2,3,1539,621,1440,2558,2558,41,76,0,0,0,0,0,0,0,0,0,0,0.0,-,,,,,,,,,,,,,,,,,,,,,,,,,,,,,,,
2025020101,2025-10-21,Canucks,Penguins,Away,RL,7,7,2.9540690556,4.2468663638,1.90016215,2.8793764878,Kevin Lankinen,Arturs Silovs,CG,CG,0,0,1,0,0,0,0,0,1,1,0,0,0,0,0,11,3,10,0,24,6,14,6,0,26,32,18,22,0,72,16,29,17,0,62,52,49,1,0,0,0,1,1,3,1,0,5,6,12,8,0,26,4,9,5,0,18,0,2,3,5,360,559,21,23,0.808,0.958,0,0,0,0,3,2,621,1539,1440,2558,2558,76,41,0,0,0,0,0,0,0,0,0,0,0.0,-,,,,,,,,,,,,,,,,,,,,,,,,,,,,,,,
2025020102,2025-10-21,Capitals,Kraken,Home,RW,7,7,3.4992186873,2.0178460227,3.0015064933,1.6766911077,Logan Thompson,Matt Murray,CG,CG,0,0,0,0,1,1,1,0,1,0,0,0,0,0,0,11,16,7,0,34,6,3,10,0,19,24,29,15,0,68,16,11,27,0,54,58,47,1,2,1,0,4,0,0,1,0,1,8,3,7,0,18,3,8,2,0,13,1,0,2,2,163,240,18,30,0.947,0.882,1,0,2,0,3,2,3090,0,510,3046,3046,19,119,0,0,0,0,0,0,0,0,0,0,0.0,-,,,,,,,,,,,,,,,,,,,,,,,,,,,,,,,
2025020102,2025-10-21,Kraken,Capitals,Away,RL,7,7,2.0178460227,3.4992186873,1.6766911077,3.0015064933,Matt Murray,Logan Thompson,CG,CG,1,1,1,0,0,0,0,0,0,0,0,0,0,0,0,6,3,10,0,19,11,16,7,0,34,16,11,27,0,54,24,29,15,0,68,47,58,0,0,1,0,1,1,2,1,0,4,3,8,2,0,13,8,3,7,0,18,0,1,2,2,240,163,30,18,0.882,0.947,0,1,0,2,2,3,0,3090,510,3046,3046,119,19,0,0,0,0,0,0,0,0,0,0,0.0,-,,,,,,,,,,,,,,,,,,,,,,,,,,,,,,,
2025020103,2025-10-21,Bruins,Panthers,Home,RL,8,8,2.7216886718,3.1623044507,1.8521457184,2.1731341727,Jeremy Swayman,Sergei Bobrovsky,CG,CG,0,1,1,0,0,0,0,0,0,0,0,0,0,0,0,6,13,12,0,31,7,9,7,0,23,15,21,17,0,53,24,13,17,0,54,43,41,0,0,3,0,3,1,1,2,0,4,6,10,7,0,23,12,5,9,0,26,1,1,5,3,554,297,19,28,0.826,0.903,0,0,0,1,1,2,0,3162,438,2655,2655,14,34,0,0,0,0,0,0,29,0,0,0,0.0,-,,,,,,,,,,,,,,,,,,,,,,,,,,,,,,,
2025020103,2025-10-21,Panthers,Bruins,Away,RW,8,8,3.1623044507,2.7216886718,2.1731341727,1.8521457184,Sergei Bobrovsky,Jeremy Swayman,CG,CG,0,0,0,0,0,1,1,0,1,0,0,0,0,0,0,7,9,7,0,23,6,13,12,0,31,24,13,17,0,54,15,21,17,0,53,41,43,1,1,2,0,4,0,0,3,0,3,12,5,9,0,26,6,10,7,0,23,1,1,3,5,297,554,28,19,0.903,0.826,0,0,1,0,2,1,3162,0,438,2655,2655,34,14,0,0,0,0,0,0,0,29,0,0,0.0,-,,,,,,,,,,,,,,,,,,,,,,,,,,,,,,,
2025020104,2025-10-21,Blues,Kings,Home,OTL,6,7,2.1013715558,1.7350908069,1.6004190958,1.5724430679,Jordan Binnington,Darcy Kuemper,CG,CG,0,0,0,0,0,0,0,0,0,0,0,0,0,0,0,5,3,10,0,18,10,9,7,2,28,12,9,18,1,40,21,17,13,2,53,32,47,0,0,1,0,1,0,1,0,1,2,7,10,3,0,20,7,3,3,0,13,1,1,3,3,339,264,26,17,0.929,0.944,0,0,0,0,1,1,0,1231,2479,2978,2892,16,76,0,24,0,0,0,0,0,0,0,86,0.0,-,,,,,,,,,,,,,,,,,,,,,,,,,,,,,,,
2025020104,2025-10-21,Kings,Blues,Away,OTW,7,6,1.7350908069,2.1013715558,1.5724430679,1.6004190958,Darcy Kuemper,Jordan Binnington,CG,CG,0,0,0,0,0,0,0,0,1,0,0,0,0,0,0,10,9,7,2,28,5,3,10,0,18,21,17,13,2,53,12,9,18,1,40,47,32,0,1,0,1,2,0,0,1,0,1,7,3,3,0,13,7,10,3,0,20,1,1,3,3,264,339,17,26,0.944,0.929,0,0,0,0,1,1,1231,0,2479,2978,2892,76,16,24,0,0,0,0,0,0,0,0,86,0.0,-,,,,,,,,,,,,,,,,,,,,,,,,,,,,,,,
2025020105,2025-10-21,Predators,Ducks,Home,RL,7,6,2.5267311439,3.831765552,2.4956116479,2.489115323,Juuse Saros,Lukas Dostal,CG,CG,0,0,0,0,0,0,0,0,0,0,0,0,0,0,0,11,15,2,0,28,13,12,7,0,32,25,23,8,0,56,24,27,13,0,64,52,47,1,1,0,0,2,1,3,1,0,5,6,5,5,0,16,9,7,7,0,23,0,0,1,5,120,415,27,26,0.844,0.929,0,0,0,0,0,4,0,1966,1634,2885,2885,38,54,0,0,0,71,0,0,0,0,0,0,0.0,-,,,,,,,,,,,,,,,,,,,,,,,,,,,,,,,
2025020105,2025-10-21,Ducks,Predators,Away,RW,6,7,3.831765552,2.5267311439,2.489115323,2.4956116479,Lukas Dostal,Juuse Saros,CG,CG,0,0,0,0,0,0,0,0,1,0,0,0,0,0,0,13,12,7,0,32,11,15,2,0,28,24,27,13,0,64,25,23,8,0,56,47,52,1,3,1,0,5,1,1,0,0,2,9,7,7,0,23,6,5,5,0,16,0,0,5,1,415,120,26,27,0.929,0.844,0,0,0,0,4,0,1966,0,1634,2885,2885,54,38,0,0,71,0,0,0,0,0,0,0,0.0,-,,,,,,,,,,,,,,,,,,,,,,,,,,,,,,,
2025020106,2025-10-21,Stars,Blue Jackets,Home,RL,6,6,3.3861688798,2.9047858317,2.4085229598,2.4249150497,Jake Oettinger,Elvis Merzlikins,CG,CG,0,0,0,0,0,0,0,0,0,0,0,0,0,0,0,5,13,5,0,23,14,6,9,0,29,17,24,11,0,52,22,13,18,0,53,41,44,0,1,0,0,1,2,0,3,0,5,9,4,8,0,21,15,13,7,0,35,0,2,2,2,240,132,24,22,0.828,0.957,0,1,0,5,3,4,0,3327,273,3055,3055,85,25,0,0,0,0,0,0,0,0,0,0,0.0,-,,,,,,,,,,,,,,,,,,,,,,,,,,,,,,,
2025020106,2025-10-21,Blue Jackets,Stars,Away,RW,6,6,2.9047858317,3.3861688798,2.4249150497,2.4085229598,Elvis Merzlikins,Jake Oettinger,CG,CG,0,0,0,0,0,0,0,0,1,0,0,0,0,0,0,14,6,9,0,29,5,13,5,0,23,22,13,18,0,53,17,24,11,0,52,44,41,2,0,3,0,5,0,1,0,0,1,15,13,7,0,35,9,4,8,0,21,2,0,2,2,132,240,22,24,0.957,0.828,1,0,5,0,4,3,3327,0,273,3055,3055,25,85,0,0,0,0,0,0,0,0,0,0,0.0,-,,,,,,,,,,,,,,,,,,,,,,,,,,,,,,,
2025020107,2025-10-21,Mammoth,Avalanche,Home,OTW,7,7,3.5782673559,2.8610460186,2.6876120879,2.7208556886,Karel Vejmelka,Scott Wedgewood,CG,CG,0,0,0,0,0,0,0,0,0,0,0,0,1,0,0,10,15,7,1,33,13,7,13,0,33,16,26,21,1,64,22,13,19,0,54,53,52,0,2,1,1,4,1,0,2,0,3,8,9,11,0,28,10,5,5,0,20,1,0,2,1,148,131,30,29,0.909,0.879,0,0,0,0,1,0,1264,1428,941,3311,3278,0,41,0,0,0,0,0,0,0,0,0,33,0.0,-,,,,,,,,,,,,,,,,,,,,,,,,,,,,,,,
2025020107,2025-10-21,Avalanche,Mammoth,Away,OTL,7,7,2.8610460186,3.5782673559,2.7208556886,2.6876120879,Scott Wedgewood,Karel Vejmelka,CG,CG,0,0,0,0,0,0,0,0,1,1,0,0,0,0,0,13,7,13,0,33,10,15,7,1,33,22,13,19,0,54,16,26,21,1,64,52,53,1,0,2,0,3,0,2,1,1,4,10,5,5,0,20,8,9,11,0,28,0,1,1,2,131,148,29,30,0.879,0.909,0,0,0,0,0,1,1428,1264,941,3311,3278,41,0,0,0,0,0,0,0,0,0,0,33,0.0,-,,,,,,,,,,,,,,,,,,,,,,,,,,,,,,,
2025020108,2025-10-22,Devils,Wild,Home,RW,7,8,3.835887211,2.9775216663,3.375757046,2.4595717833,Nico Daws,Filip Gustavsson,CG,CG,1,0,0,0,0,0,1,0,1,0,0,0,0,0,0,14,11,10,0,35,8,11,12,0,31,26,25,24,0,75,20,24,20,0,64,64,55,1,1,2,0,4,0,0,1,0,1,2,5,1,0,8,8,9,8,0,25,1,0,2,3,124,360,30,31,0.968,0.886,1,0,1,0,2,2,2619,0,981,2999,2999,38,54,0,0,0,0,0,0,0,0,0,0,0.0,-,,,,,,,,,,,,,,,,,,,,,,,,,,,,,,,
2025020108,2025-10-22,Wild,Devils,Away,RL,8,7,2.9775216663,3.835887211,2.4595717833,3.375757046,Filip Gustavsson,Nico Daws,CG,CG,0,0,1,0,1,0,0,0,0,0,0,0,0,0,0,8,11,12,0,31,14,11,10,0,35,20,24,20,0,64,26,25,24,0,75,55,64,0,0,1,0,1,1,1,2,0,4,8,9,8,0,25,2,5,1,0,8,0,1,3,2,360,124,31,30,0.886,0.968,0,1,0,1,2,2,0,2619,981,2999,2999,54,38,0,0,0,0,0,0,0,0,0,0,0.0,-,,,,,,,,,,,,,,,,,,,,,,,,,,,,,,,
2025020109,2025-10-22,Sabres,Red Wings,Home,RW,7,7,4.0021000605,3.6199091833,2.5778057725,2.7226039643,Colten Ellis,John Gibson,CG,CG,0,0,0,0,0,0,0,0,0,0,0,0,1,0,0,11,13,7,0,31,5,11,15,0,31,25,26,25,0,76,16,29,22,0,67,51,53,0,2,2,0,4,0,2,0,0,2,8,5,6,0,19,6,3,6,0,15,1,0,5,2,593,264,29,27,0.935,0.871,0,0,9,0,4,1,1057,517,2026,2486,2486,3,247,0,0,0,0,0,0,0,0,0,0,0.0,-,,,,,,,,,,,,,,,,,,,,,,,,,,,,,,,
2025020109,2025-10-22,Red Wings,Sabres,Away,RL,7,7,3.6199091833,4.0021000605,2.7226039643,2.5778057725,John Gibson,Colten Ellis,CG,CG,0,0,0,0,0,0,0,0,1,1,0,0,0,0,0,5,11,15,0,31,11,13,7,0,31,16,29,22,0,67,25,26,25,0,76,53,51,0,2,0,0,2,0,2,2,0,4,6,3,6,0,15,8,5,6,0,19,0,1,2,5,264,593,27,29,0.871,0.935,0,0,0,9,1,4,517,1057,2026,2486,2486,247,3,0,0,0,0,0,0,0,0,0,0,0.0,-,,,,,,,,,,,,,,,,,,,,,,,,,,,,,,,
2025020110,2025-10-22,Flames,Canadiens,Home,OTL,8,8,2.7368030774,3.342908176,1.6641595406,2.2784166359999998,Dustin Wolf,Jakub Dobes,CG,CG,0,0,0,0,0,0,0,0,0,0,0,0,0,0,0,9,18,10,0,37,10,9,8,1,28,18,26,17,1,62,17,22,21,1,61,47,47,0,0,1,0,1,1,0,0,1,2,8,11,4,0,23,7,5,5,0,17,0,1,5,3,496,177,26,36,0.929,0.973,0,0,0,0,2,3,0,1727,1933,2877,2773,16,11,0,0,0,0,0,0,0,13,44,60,0.0,-,,,,,,,,,,,,,,,,,,,,,,,,,,,,,,,
2025020110,2025-10-22,Canadiens,Flames,Away,OTW,8,8,3.342908176,2.7368030774,2.2784166359999998,1.6641595406,Jakub Dobes,Dustin Wolf,CG,CG,0,0,0,0,0,0,0,0,1,0,0,0,0,0,0,10,9,8,1,28,9,18,10,0,37,17,22,21,1,61,18,26,17,1,62,47,47,1,0,0,1,2,0,0,1,0,1,7,5,5,0,17,8,11,4,0,23,1,0,3,5,177,496,36,26,0.973,0.929,0,0,0,0,3,2,1727,0,1933,2877,2773,11,16,0,0,0,0,0,0,13,0,44,60,0.0,-,,,,,,,,,,,,,,,,,,,,,,,,,,,,,,,
2025020113,2025-10-23,Lightning,Blackhawks,Home,RL,7,8,3.4002272309,2.887173712,3.1061406572,2.033387942,Andrei Vasilevskiy,Spencer Knight,CG,CG,0,0,0,0,0,0,0,0,0,0,0,0,0,0,0,11,11,9,0,31,7,6,12,0,25,18,26,17,0,61,17,21,22,0,60,52,44,0,2,0,0,2,1,1,1,0,3,9,5,4,0,18,5,10,3,0,18,0,1,4,5,281,407,22,29,0.88,0.935,0,0,0,2,4,1,0,1572,2028,2789,2680,63,39,19,0,0,26,0,0,32,0,109,0,0.0,-,,,,,,,,,,,,,,,,,,,,,,,,,,,,,,,
2025020113,2025-10-23,Blackhawks,Lightning,Away,RW,8,7,2.887173712,3.4002272309,2.033387942,3.1061406572,Spencer Knight,Andrei Vasilevskiy,CG,CG,0,0,0,0,0,0,0,0,1,0,0,0,0,0,0,7,6,12,0,25,11,11,9,0,31,17,21,22,0,60,18,26,17,0,61,44,52,1,1,1,0,3,0,2,0,0,2,5,10,3,0,18,9,5,4,0,18,1,0,5,4,407,281,29,22,0.935,0.88,0,0,2,0,1,4,1572,0,2028,2789,2680,39,63,0,19,26,0,0,0,0,32,109,0,0.0,-,,,,,,,,,,,,,,,,,,,,,,,,,,,,,,,
2025020111,2025-10-23,Bruins,Ducks,Home,RL,9,7,4.0754250774,3.7604107658,4.0393795157,2.9189210098,Joonas Korpisalo,Petr Mrazek,CG,CG,0,0,1,0,0,0,0,0,1,1,0,0,0,0,0,20,13,9,0,42,12,6,12,0,30,26,26,19,0,71,27,26,21,0,74,67,64,1,2,2,0,5,1,2,4,0,7,2,9,7,0,18,7,7,3,0,17,2,1,2,3,22,315,23,37,0.767,0.881,0,1,0,2,2,2,516,1104,1980,3181,3181,42,15,0,0,0,0,0,0,0,0,0,0,0.0,-,,,,,,,,,,,,,,,,,,,,,,,,,,,,,,,
2025020111,2025-10-23,Ducks,Bruins,Away,RW,7,9,3.7604107658,4.0754250774,2.9189210098,4.0393795157,Petr Mrazek,Joonas Korpisalo,CG,CG,0,0,0,0,0,0,1,0,0,0,0,0,1,0,0,12,6,12,0,30,20,13,9,0,42,27,26,21,0,74,26,26,19,0,71,64,67,1,2,4,0,7,1,2,2,0,5,7,7,3,0,17,2,9,7,0,18,1,2,3,2,315,22,37,23,0.881,0.767,1,0,2,0,2,2,1104,516,1980,3181,3181,15,42,0,0,0,0,0,0,0,0,0,0,0.0,-,,,,,,,,,,,,,,,,,,,,,,,,,,,,,,,
2025020112,2025-10-23,Senators,Flyers,Home,RW,8,7,2.8521377041,2.3849032605,1.7952690751,1.7892489815,Linus Ullmark,Dan Vladar,CG,CG,0,0,0,0,0,0,0,0,0,0,0,0,1,0,0,14,9,10,0,33,9,7,7,0,23,18,15,23,0,56,18,16,17,0,51,37,36,1,1,0,0,2,1,0,0,0,1,5,7,5,0,17,5,11,5,0,21,0,0,5,3,587,380,22,31,0.957,0.939,0,0,4,0,0,0,2215,448,937,2445,2384,12,169,0,55,0,0,0,0,47,0,61,0,0.0,-,,,,,,,,,,,,,,,,,,,,,,,,,,,,,,,
2025020112,2025-10-23,Flyers,Senators,Away,RL,7,8,2.3849032605,2.8521377041,1.7892489815,1.7952690751,Dan Vladar,Linus Ullmark,CG,CG,0,0,0,0,0,0,0,0,1,1,0,0,0,0,0,9,7,7,0,23,14,9,10,0,33,18,16,17,0,51,18,15,23,0,56,36,37,1,0,0,0,1,1,1,0,0,2,5,11,5,0,21,5,7,5,0,17,0,0,3,5,380,587,31,22,0.939,0.957,0,0,0,4,0,0,448,2215,937,2445,2384,169,12,55,0,0,0,0,0,0,47,61,0,0.0,-,,,,,,,,,,,,,,,,,,,,,,,,,,,,,,,
2025020114,2025-10-23,Panthers,Penguins,Home,RL,9,8,4.7409962961,2.6333566974,2.8926431191,2.1408170034,Sergei Bobrovsky,Tristan Jarry,CG,CG,0,0,0,0,0,0,0,0,0,0,0,0,0,0,0,6,13,18,0,37,7,6,4,0,17,17,25,28,0,70,19,17,18,0,54,54,45,0,1,2,0,3,1,2,2,0,5,10,10,6,0,26,6,3,9,0,18,2,2,3,2,193,51,12,34,0.706,0.919,0,0,0,5,6,1,0,3216,384,3069,3069,265,10,0,0,0,0,0,0,0,0,0,0,0.0,-,,,,,,,,,,,,,,,,,,,,,,,,,,,,,,,
2025020114,2025-10-23,Penguins,Panthers,Away,RW,8,9,2.6333566974,4.7409962961,2.1408170034,2.8926431191,Tristan Jarry,Sergei Bobrovsky,CG,CG,0,0,0,0,0,0,0,0,1,0,0,0,0,0,0,7,6,4,0,17,6,13,18,0,37,19,17,18,0,54,17,25,28,0,70,45,54,1,2,2,0,5,0,1,2,0,3,6,3,9,0,18,10,10,6,0,26,2,2,2,3,51,193,34,12,0.919,0.706,0,0,5,0,1,6,3216,0,384,3069,3069,10,265,0,0,0,0,0,0,0,0,0,0,0.0,-,,,,,,,,,,,,,,,,,,,,,,,,,,,,,,,
2025020115,2025-10-23,Islanders,Red Wings,Home,RW,7,8,3.616345427,3.3364124064,2.499746138,2.179398431,David Rittich,Cam Talbot,CG,CG,0,0,0,0,1,0,0,0,1,0,0,0,0,0,0,11,11,8,0,30,5,14,15,0,34,23,24,19,0,66,16,21,27,0,64,49,46,2,3,2,0,7,0,0,2,0,2,4,9,1,0,14,10,9,9,0,28,0,1,3,5,360,594,32,23,0.941,0.767,0,0,0,0,0,2,3475,0,125,2543,2543,35,67,0,0,0,0,0,0,0,0,0,0,0.0,-,,,,,,,,,,,,,,,,,,,,,,,,,,,,,,,
2025020115,2025-10-23,Red Wings,Islanders,Away,RL,8,7,3.3364124064,3.616345427,2.179398431,2.499746138,Cam Talbot,David Rittich,CG,CG,1,0,0,0,0,0,0,0,0,0,0,0,0,0,0,5,14,15,0,34,11,11,8,0,30,16,21,27,0,64,23,24,19,0,66,46,49,0,0,2,0,2,2,3,2,0,7,10,9,9,0,28,4,9,1,0,14,1,0,5,3,594,360,23,32,0.767,0.941,0,0,0,0,2,0,0,3475,125,2543,2543,67,35,0,0,0,0,0,0,0,0,0,0,0.0,-,,,,,,,,,,,,,,,,,,,,,,,,,,,,,,,
2025020116,2025-10-23,Rangers,Sharks,Home,OTL,9,7,2.7507738682,2.5909711114,1.8515293452,1.0209959154,Igor Shesterkin,Alex Nedeljkovic,CG,CG,0,0,0,0,0,0,0,0,0,1,0,0,0,0,0,5,14,8,1,28,9,10,3,2,24,20,17,15,1,53,17,20,17,2,56,41,37,1,3,1,0,5,3,1,1,1,6,7,10,7,0,24,12,8,6,0,26,1,1,4,5,368,367,18,23,0.75,0.821,0,0,0,0,2,4,464,1808,1426,2727,2629,31,74,0,0,0,84,0,0,0,0,0,98,0.0,-,,,,,,,,,,,,,,,,,,,,,,,,,,,,,,,
2025020116,2025-10-23,Sharks,Rangers,Away,OTW,7,9,2.5909711114,2.7507738682,1.0209959154,1.8515293452,Alex Nedeljkovic,Igor Shesterkin,CG,CG,0,0,0,0,0,0,0,0,1,0,0,0,1,0,0,9,10,3,2,24,5,14,8,1,28,17,20,17,2,56,20,17,15,1,53,37,41,3,1,1,1,6,1,3,1,0,5,12,8,6,0,26,7,10,7,0,24,1,1,5,4,367,368,23,18,0.821,0.75,0,0,0,0,4,2,1808,464,1426,2727,2629,74,31,0,0,84,0,0,0,0,0,0,98,0.0,-,,,,,,,,,,,,,,,,,,,,,,,,,,,,,,,
2025020117,2025-10-23,Blues,Mammoth,Home,RL,7,8,2.3439852173,2.4983228274,1.9428107043,1.5139615904000001,Joel Hofer,Karel Vejmelka,IG,CG,0,0,0,0,0,0,0,0,0,0,0,0,0,0,0,3,7,10,0,20,10,8,7,0,25,7,14,15,0,36,19,14,11,0,44,29,31,0,2,2,0,4,4,1,2,0,7,17,8,7,0,32,4,7,4,0,15,1,2,4,4,432,355,18,16,0.72,0.8,0,1,0,1,1,1,0,3402,198,2614,2614,68,38,0,0,0,0,0,0,47,0,0,0,0.0,-,,,,,,,,,,,,,,,,,,,,,,,,,,,,,,,
2025020117,2025-10-23,Mammoth,Blues,Away,RW,8,7,2.4983228274,2.3439852173,1.5139615904000001,1.9428107043,Karel Vejmelka,Joel Hofer,CG,IG,0,0,0,0,0,0,0,0,1,0,0,0,0,0,0,10,8,7,0,25,3,7,10,0,20,19,14,11,0,44,7,14,15,0,36,31,29,4,1,2,0,7,0,2,2,0,4,4,7,4,0,15,17,8,7,0,32,2,1,4,4,355,432,16,18,0.8,0.72,1,0,1,0,1,1,3402,0,198,2614,2614,38,68,0,0,0,0,0,0,0,47,0,0,0.0,-,,,,,,,,,,,,,,,,,,,,,,,,,,,,,,,
2025020118,2025-10-23,Predators,Canucks,Home,RW,8,8,2.2663302286,2.3620937707,1.9944657998,1.3598486827,Juuse Saros,Thatcher Demko,CG,CG,0,0,0,0,0,0,0,0,1,0,0,0,0,0,0,12,12,11,0,35,5,10,7,0,22,19,20,18,0,57,15,26,16,0,57,45,44,0,1,1,0,2,0,1,0,0,1,5,10,6,0,21,3,9,13,0,25,0,0,3,5,360,513,21,33,0.955,0.943,0,0,3,0,0,0,1059,0,2541,2552,2552,21,154,0,0,0,55,0,0,0,0,0,0,0.0,-,,,,,,,,,,,,,,,,,,,,,,,,,,,,,,,
2025020118,2025-10-23,Canucks,Predators,Away,RL,8,8,2.3620937707,2.2663302286,1.3598486827,1.9944657998,Thatcher Demko,Juuse Saros,CG,CG,0,0,0,0,0,0,0,0,0,0,0,0,0,0,0,5,10,7,0,22,12,12,11,0,35,15,26,16,0,57,19,20,18,0,57,44,45,0,1,0,0,1,0,1,1,0,2,3,9,13,0,25,5,10,6,0,21,0,0,5,3,513,360,33,21,0.943,0.955,0,0,0,3,0,0,0,1059,2541,2552,2552,154,21,0,0,55,0,0,0,0,0,0,0,0.0,-,,,,,,,,,,,,,,,,,,,,,,,,,,,,,,,
2025020120,2025-10-23,Jets,Kraken,Home,RL,7,8,1.9923930908,2.5850010737,1.8173401718,2.3671868636999998,Connor Hellebuyck,Joey Daccord,CG,CG,0,0,0,0,0,1,1,0,0,0,0,0,0,0,0,11,8,13,0,32,9,11,8,0,28,23,16,22,0,61,16,23,15,0,54,56,49,0,0,0,0,0,0,1,2,0,3,11,11,8,0,30,6,2,5,0,13,0,0,3,1,264,24,25,32,0.893,1.0,0,2,0,2,2,0,0,2252,1348,3243,3186,10,20,0,0,0,0,0,0,18,0,57,0,0.0,-,,,,,,,,,,,,,,,,,,,,,,,,,,,,,,,
2025020120,2025-10-23,Kraken,Jets,Away,RW,8,7,2.5850010737,1.9923930908,2.3671868636999998,1.8173401718,Joey Daccord,Connor Hellebuyck,CG,CG,0,1,1,0,0,0,0,0,1,0,0,0,0,0,0,9,11,8,0,28,11,8,13,0,32,16,23,15,0,54,23,16,22,0,61,49,56,0,1,2,0,3,0,0,0,0,0,6,2,5,0,13,11,11,8,0,30,0,0,1,3,24,264,32,25,1.0,0.893,2,0,2,0,0,2,2252,0,1348,3243,3186,20,10,0,0,0,0,0,0,0,18,57,0,0.0,-,,,,,,,,,,,,,,,,,,,,,,,,,,,,,,,
2025020119,2025-10-23,Stars,Kings,Home,OTL,7,8,3.598764644,2.6647412691,2.308112844,1.4241641401,Jake Oettinger,Darcy Kuemper,CG,CG,0,0,0,0,0,0,0,0,0,0,0,0,0,0,0,8,14,8,1,31,5,10,9,1,25,18,21,15,1,55,9,22,19,1,51,45,39,0,1,1,0,2,1,1,0,1,3,8,5,5,0,18,4,8,2,0,14,2,1,5,3,468,323,22,29,0.88,0.935,0,0,0,0,0,1,0,1335,2302,2773,2736,2,45,0,0,0,22,0,0,0,0,0,37,0.0,-,,,,,,,,,,,,,,,,,,,,,,,,,,,,,,,
2025020119,2025-10-23,Kings,Stars,Away,OTW,8,7,2.6647412691,3.598764644,1.4241641401,2.308112844,Darcy Kuemper,Jake Oettinger,CG,CG,0,0,0,0,0,0,0,0,1,0,0,0,0,0,0,5,10,9,1,25,8,14,8,1,31,9,22,19,1,51,18,21,15,1,55,39,45,1,1,0,1,3,0,1,1,0,2,4,8,2,0,14,8,5,5,0,18,1,2,3,5,323,468,29,22,0.935,0.88,0,0,0,0,1,0,1335,0,2302,2773,2736,45,2,0,0,22,0,0,0,0,0,0,37,0.0,-,,,,,,,,,,,,,,,,,,,,,,,,,,,,,,,
2025020121,2025-10-23,Avalanche,Hurricanes,Home,SOL,8,7,4.7627621892,3.5106498836,2.992426438,2.2807873946,Scott Wedgewood,Frederik Andersen,IG,CG,0,0,0,0,0,0,0,0,0,0,0,0,0,0,0,18,16,11,3,48,12,5,12,2,31,30,26,20,6,82,19,11,19,4,53,52,33,1,1,2,0,4,4,0,0,0,4,5,11,12,0,28,9,7,3,0,19,1,0,8,5,849,675,27,44,0.871,0.917,0,0,0,0,2,0,0,2869,1031,2209,2084,48,89,87,186,0,0,0,0,0,0,125,0,0.0,-,,,,,,,,,,,,,,,,,,,,,,,,,,,,,,,
2025020121,2025-10-23,Hurricanes,Avalanche,Away,SOW,7,8,3.5106498836,4.7627621892,2.2807873946,2.992426438,Frederik Andersen,Scott Wedgewood,CG,IG,0,0,0,0,0,0,0,0,1,0,0,0,0,0,0,12,5,12,2,31,18,16,11,3,48,19,11,19,4,53,30,26,20,6,82,33,52,4,0,0,0,4,1,1,2,0,4,9,7,3,0,19,5,11,12,0,28,0,1,5,8,675,849,44,27,0.917,0.871,0,0,0,0,0,2,2869,0,1031,2209,2084,89,48,186,87,0,0,0,0,0,0,125,0,0.0,-,,,,,,,,,,,,,,,,,,,,,,,,,,,,,,,
2025020122,2025-10-23,Oilers,Canadiens,Home,RW,8,9,4.3889207036,4.8782749427,2.4730109536000002,4.1965396227,Calvin Pickard,Samuel Montembeault,CG,CG,0,0,1,0,1,1,1,0,0,0,0,0,1,1,0,6,8,15,0,29,12,9,6,0,27,14,23,26,0,63,27,21,12,0,60,48,54,1,2,3,0,6,1,3,1,0,5,6,6,3,0,15,5,6,4,0,15,2,0,5,1,457,120,22,23,0.815,0.793,0,0,1,0,3,1,512,1332,1756,2920,2920,29,51,0,0,0,0,0,0,0,0,0,0,0.0,-,,,,,,,,,,,,,,,,,,,,,,,,,,,,,,,
2025020122,2025-10-23,Canadiens,Oilers,Away,RL,9,8,4.8782749427,4.3889207036,4.1965396227,2.4730109536000002,Samuel Montembeault,Calvin Pickard,CG,CG,1,1,1,0,0,0,1,0,1,1,1,0,0,0,0,12,9,6,0,27,6,8,15,0,29,27,21,12,0,60,14,23,26,0,63,54,48,1,3,1,0,5,1,2,3,0,6,5,6,4,0,15,6,6,3,0,15,0,2,1,5,120,457,23,22,0.793,0.815,0,0,0,1,1,3,1332,512,1756,2920,2920,51,29,0,0,0,0,0,0,0,0,0,0,0.0,-,,,,,,,,,,,,,,,,,,,,,,,,,,,,,,,
2025020123,2025-10-24,Sabres,Maple Leafs,Home,RW,8,8,2.7997873016,2.7620411322000002,2.1480218516,1.7149969086,Alex Lyon,Anthony Stolarz,CG,CG,0,0,0,0,0,0,0,0,1,0,0,0,0,0,0,12,9,9,0,30,9,11,14,0,34,22,23,23,0,68,21,18,20,0,59,56,40,2,2,1,0,5,2,0,1,0,3,3,2,3,0,8,7,12,11,0,30,0,1,2,4,120,318,31,25,0.912,0.833,0,0,3,0,4,3,2376,0,1224,3004,3004,2,120,0,0,106,0,0,0,0,12,0,0,0.0,-,,,,,,,,,,,,,,,,,,,,,,,,,,,,,,,
2025020123,2025-10-24,Maple Leafs,Sabres,Away,RL,8,8,2.7620411322000002,2.7997873016,1.7149969086,2.1480218516,Anthony Stolarz,Alex Lyon,CG,CG,0,0,0,0,0,0,0,0,0,0,0,0,0,0,0,9,11,14,0,34,12,9,9,0,30,21,18,20,0,59,22,23,23,0,68,40,56,2,0,1,0,3,2,2,1,0,5,7,12,11,0,30,3,2,3,0,8,1,0,4,2,318,120,25,31,0.833,0.912,0,0,0,3,3,4,0,2376,1224,3004,3004,120,2,0,0,0,106,0,0,12,0,0,0,0.0,-,,,,,,,,,,,,,,,,,,,,,,,,,,,,,,,
2025020124,2025-10-24,Devils,Sharks,Home,RW,8,8,3.9505633841,2.257671554,1.5604527921,1.404902433,Jake Allen,Yaroslav Askarov,CG,CG,0,1,0,0,1,1,0,0,0,0,0,0,1,0,0,8,13,8,0,29,7,0,10,0,17,15,34,16,0,65,13,18,19,0,50,41,29,0,2,1,0,3,1,0,0,0,1,11,6,5,0,22,3,3,5,0,11,2,1,5,4,482,434,16,26,0.941,0.897,1,0,2,0,5,1,1852,1095,653,2484,2484,62,110,0,0,59,0,0,0,0,0,0,0,0.0,-,,,,,,,,,,,,,,,,,,,,,,,,,,,,,,,
2025020124,2025-10-24,Sharks,Devils,Away,RL,8,8,2.257671554,3.9505633841,1.404902433,1.5604527921,Yaroslav Askarov,Jake Allen,CG,CG,1,1,0,0,0,1,0,0,1,1,0,0,0,0,0,7,0,10,0,17,8,13,8,0,29,13,18,19,0,50,15,34,16,0,65,29,41,1,0,0,0,1,0,2,1,0,3,3,3,5,0,11,11,6,5,0,22,1,2,4,5,434,482,26,16,0.897,0.941,0,1,0,2,1,5,1095,1852,653,2484,2484,110,62,0,0,0,59,0,0,0,0,0,0,0.0,-,,,,,,,,,,,,,,,,,,,,,,,,,,,,,,,
2025020125,2025-10-24,Blue Jackets,Capitals,Home,RL,7,8,4.7222518493,4.3065502575,3.7110765363,2.2826183275,Jet Greaves,Logan Thompson,CG,CG,0,0,0,0,0,0,0,0,0,0,0,0,0,0,0,12,10,13,0,35,12,2,16,0,30,23,20,20,0,63,21,12,23,0,56,52,38,0,0,1,0,1,0,1,4,0,5,13,6,6,0,25,9,10,4,0,23,0,2,3,5,374,540,25,34,0.833,0.971,0,0,0,0,4,1,0,1301,2299,2636,2636,25,25,0,0,0,0,0,0,0,0,0,0,0.0,-,,,,,,,,,,,,,,,,,,,,,,,,,,,,,,,
2025020125,2025-10-24,Capitals,Blue Jackets,Away,RW,8,7,4.3065502575,4.7222518493,2.2826183275,3.7110765363,Logan Thompson,Jet Greaves,CG,CG,0,0,0,0,0,0,0,0,1,0,0,0,0,0,0,12,2,16,0,30,12,10,13,0,35,21,12,23,0,56,23,20,20,0,63,38,52,0,1,4,0,5,0,0,1,0,1,9,10,4,0,23,13,6,6,0,25,2,0,5,3,540,374,34,25,0.971,0.833,0,0,0,0,1,4,1301,0,2299,2636,2636,25,25,0,0,0,0,0,0,0,0,0,0,0.0,-,,,,,,,,,,,,,,,,,,,,,,,,,,,,,,,
2025020126,2025-10-24,Jets,Flames,Home,RW,8,9,3.4538924856,3.2642010857,1.2889889409,2.0231149687,Eric Comrie,Dustin Wolf,CG,CG,1,0,0,0,0,0,0,0,0,0,0,0,1,0,0,5,16,11,0,32,9,9,15,0,33,20,21,23,0,64,19,12,23,0,54,33,36,0,4,1,0,5,1,1,1,0,3,9,9,1,0,19,3,6,7,0,16,2,1,8,6,644,466,30,27,0.909,0.844,1,0,7,0,1,0,2016,1201,383,2243,1956,58,78,0,0,0,0,0,0,4,24,287,0,0.0,-,,,,,,,,,,,,,,,,,,,,,,,,,,,,,,,
2025020126,2025-10-24,Flames,Jets,Away,RL,9,8,3.2642010857,3.4538924856,2.0231149687,1.2889889409,Dustin Wolf,Eric Comrie,CG,CG,0,0,0,0,1,0,0,0,1,1,0,0,0,0,0,9,9,15,0,33,5,16,11,0,32,19,12,23,0,54,20,21,23,0,64,36,33,1,1,1,0,3,0,4,1,0,5,3,6,7,0,16,9,9,1,0,19,1,2,6,8,466,644,27,30,0.844,0.909,0,1,0,7,0,1,1201,2016,383,2243,1956,78,58,0,0,0,0,0,0,24,4,287,0,0.0,-,,,,,,,,,,,,,,,,,,,,,,,,,,,,,,,
2025020127,2025-10-25,Flyers,Islanders,Home,SOW,8,8,2.8239600534,3.4538814948,1.9755407374,2.4239315168,Samuel Ersson,Ilya Sorokin,CG,CG,0,0,0,0,0,0,0,0,0,0,0,0,1,1,0,8,8,9,1,26,4,13,5,4,26,17,17,17,2,53,13,23,15,4,55,42,45,0,1,2,0,3,1,1,1,0,3,17,4,8,1,30,8,7,6,3,24,1,0,3,2,298,240,23,23,0.885,0.885,0,0,0,0,1,5,0,2114,1786,3250,2950,18,66,0,0,0,0,0,0,0,0,0,300,0.0,-,,,,,,,,,,,,,,,,,,,,,,,,,,,,,,,
2025020127,2025-10-25,Islanders,Flyers,Away,SOL,8,8,3.4538814948,2.8239600534,2.4239315168,1.9755407374,Ilya Sorokin,Samuel Ersson,CG,CG,0,0,0,0,0,0,0,0,1,1,1,0,0,0,0,4,13,5,4,26,8,8,9,1,26,13,23,15,4,55,17,17,17,2,53,45,42,1,1,1,0,3,0,1,2,0,3,8,7,6,3,24,17,4,8,1,30,0,1,2,3,240,298,23,23,0.885,0.885,0,0,0,0,5,1,2114,0,1786,3250,2950,66,18,0,0,0,0,0,0,0,0,0,300,0.0,-,,,,,,,,,,,,,,,,,,,,,,,,,,,,,,,
2025020128,2025-10-25,Bruins,Avalanche,Home,RW,10,9,2.231184117,4.1630886014,1.608116567,2.8493005004,Jeremy Swayman,Scott Wedgewood,CG,CG,0,0,0,0,0,0,0,0,0,0,0,0,1,0,0,8,7,4,0,19,11,12,10,0,33,26,23,20,0,69,18,17,21,0,56,57,39,2,1,0,0,3,1,0,1,0,2,9,8,7,0,24,8,2,5,0,15,0,0,4,3,429,260,31,16,0.939,0.842,0,0,4,0,1,2,2705,590,305,2587,2517,77,217,0,0,0,0,0,0,0,3,70,0,0.0,-,,,,,,,,,,,,,,,,,,,,,,,,,,,,,,,
2025020128,2025-10-25,Avalanche,Bruins,Away,RL,9,10,4.1630886014,2.231184117,2.8493005004,1.608116567,Scott Wedgewood,Jeremy Swayman,CG,CG,0,0,0,0,0,0,0,0,1,1,0,0,0,0,0,11,12,10,0,33,8,7,4,0,19,18,17,21,0,56,26,23,20,0,69,39,57,1,0,1,0,2,2,1,0,0,3,8,2,5,0,15,9,8,7,0,24,0,0,3,4,260,429,16,31,0.842,0.939,0,0,0,4,2,1,590,2705,305,2587,2517,217,77,0,0,0,0,0,0,3,0,70,0,0.0,-,,,,,,,,,,,,,,,,,,,,,,,,,,,,,,,
2025020129,2025-10-25,Lightning,Ducks,Home,RW,8,8,5.3288327977000005,3.0044335661,3.8236186827000003,2.1877937671,Jonas Johansson,Lukas Dostal,CG,CG,0,0,0,0,0,0,0,0,1,0,0,0,0,0,0,12,9,12,0,33,15,14,11,0,40,19,25,26,0,70,21,22,24,0,67,51,50,1,2,1,0,4,0,1,2,0,3,10,6,5,0,21,5,5,4,0,14,1,0,6,2,547,154,37,29,0.925,0.879,0,0,0,0,2,2,2078,0,1522,2765,2724,0,43,0,0,29,0,0,0,98,0,41,0,0.0,-,,,,,,,,,,,,,,,,,,,,,,,,,,,,,,,
2025020129,2025-10-25,Ducks,Lightning,Away,RL,8,8,3.0044335661,5.3288327977000005,2.1877937671,3.8236186827000003,Lukas Dostal,Jonas Johansson,CG,CG,0,0,0,0,0,0,0,0,0,0,0,0,0,0,0,15,14,11,0,40,12,9,12,0,33,21,22,24,0,67,19,25,26,0,70,50,51,0,1,2,0,3,1,2,1,0,4,5,5,4,0,14,10,6,5,0,21,0,1,2,6,154,547,29,37,0.879,0.925,0,0,0,0,2,2,0,2078,1522,2765,2724,43,0,0,0,0,29,0,0,0,98,41,0,0.0,-,,,,,,,,,,,,,,,,,,,,,,,,,,,,,,,
2025020132,2025-10-25,Maple Leafs,Sabres,Home,OTW,9,9,2.2638259782,2.3444469476,1.29391442,1.2776721466,Cayden Primeau,Ukko-Pekka Luukkonen,CG,CG,1,0,0,0,1,1,1,0,0,0,0,0,1,0,0,6,11,5,1,23,12,6,7,1,26,23,21,11,2,57,23,13,13,1,50,42,37,1,1,1,1,4,1,1,1,0,3,9,7,9,0,25,6,8,6,0,20,0,1,3,4,360,401,23,19,0.885,0.826,0,0,0,0,2,2,744,657,2287,2805,2717,64,27,0,0,0,0,0,0,0,0,0,88,0.0,-,,,,,,,,,,,,,,,,,,,,,,,,,,,,,,,
2025020132,2025-10-25,Sabres,Maple Leafs,Away,OTL,9,9,2.3444469476,2.2638259782,1.2776721466,1.29391442,Ukko-Pekka Luukkonen,Cayden Primeau,CG,CG,1,1,1,0,1,0,0,0,1,1,0,0,0,0,0,12,6,7,1,26,6,11,5,1,23,23,13,13,1,50,23,21,11,2,57,37,42,1,1,1,0,3,1,1,1,1,4,6,8,6,0,20,9,7,9,0,25,1,0,4,3,401,360,19,23,0.826,0.885,0,0,0,0,2,2,657,744,2287,2805,2717,27,64,0,0,0,0,0,0,0,0,0,88,0.0,-,,,,,,,,,,,,,,,,,,,,,,,,,,,,,,,
2025020130,2025-10-25,Panthers,Golden Knights,Home,RW,10,8,3.7587415024,1.6379277039,3.0551036684,1.6270622289,Sergei Bobrovsky,Akira Schmid,CG,CG,0,0,0,0,0,0,0,0,1,0,0,0,0,0,0,5,12,9,0,26,7,5,5,0,17,15,26,18,0,59,22,18,20,0,60,51,58,1,0,2,0,3,0,0,0,0,0,12,4,8,0,24,12,10,3,0,25,0,0,3,2,367,240,17,23,1.0,0.885,0,0,0,0,0,2,2561,0,1039,2942,2942,35,16,0,0,0,0,0,0,0,0,0,0,0.0,-,,,,,,,,,,,,,,,,,,,,,,,,,,,,,,,
2025020130,2025-10-25,Golden Knights,Panthers,Away,RL,8,10,1.6379277039,3.7587415024,1.6270622289,3.0551036684,Akira Schmid,Sergei Bobrovsky,CG,CG,0,0,0,0,0,0,0,0,0,0,0,0,0,0,0,7,5,5,0,17,5,12,9,0,26,22,18,20,0,60,15,26,18,0,59,58,51,0,0,0,0,0,1,0,2,0,3,12,10,3,0,25,12,4,8,0,24,0,0,2,3,240,367,23,17,0.885,1.0,0,0,0,0,2,0,0,2561,1039,2942,2942,16,35,0,0,0,0,0,0,0,0,0,0,0.0,-,,,,,,,,,,,,,,,,,,,,,,,,,,,,,,,
2025020131,2025-10-25,Wild,Mammoth,Home,RL,9,9,3.4271548191,5.328482245,2.4720317998,4.648527275,Filip Gustavsson,Karel Vejmelka,CG,CG,0,0,0,0,0,0,0,0,0,0,0,0,0,0,0,6,9,20,0,35,15,11,15,0,41,14,15,31,0,60,30,21,26,0,77,42,66,1,1,0,0,2,3,0,3,0,6,12,8,12,0,32,3,2,7,0,12,1,1,4,1,472,43,35,33,0.854,0.943,0,1,0,4,1,0,0,3544,56,3006,2898,3,46,0,0,0,0,0,0,110,0,108,0,0.0,-,,,,,,,,,,,,,,,,,,,,,,,,,,,,,,,
2025020131,2025-10-25,Mammoth,Wild,Away,RW,9,9,5.328482245,3.4271548191,4.648527275,2.4720317998,Karel Vejmelka,Filip Gustavsson,CG,CG,0,0,0,0,0,0,0,0,1,0,0,0,0,0,0,15,11,15,0,41,6,9,20,0,35,30,21,26,0,77,14,15,31,0,60,66,42,3,0,3,0,6,1,1,0,0,2,3,2,7,0,12,12,8,12,0,32,1,1,1,4,43,472,33,35,0.943,0.854,1,0,4,0,0,1,3544,0,56,3006,2898,46,3,0,0,0,0,0,0,0,110,108,0,0.0,-,,,,,,,,,,,,,,,,,,,,,,,,,,,,,,,
2025020133,2025-10-25,Red Wings,Blues,Home,RW,9,8,2.2544158045,3.987966283,1.8166233325,3.295819409,John Gibson,Jordan Binnington,CG,CG,0,1,0,0,0,0,0,0,0,0,0,0,1,1,1,4,15,9,0,28,13,8,8,0,29,10,27,21,0,58,25,20,18,0,63,48,51,0,3,3,0,6,2,2,0,0,4,9,7,2,0,18,8,4,5,0,17,1,2,3,4,327,383,25,22,0.862,0.786,1,0,1,0,1,6,552,2538,510,2701,2701,48,103,0,0,0,0,0,0,0,0,0,0,0.0,-,,,,,,,,,,,,,,,,,,,,,,,,,,,,,,,
2025020133,2025-10-25,Blues,Red Wings,Away,RL,8,9,3.987966283,2.2544158045,3.295819409,1.8166233325,Jordan Binnington,John Gibson,CG,CG,0,0,0,0,0,1,0,0,1,1,1,1,0,0,0,13,8,8,0,29,4,15,9,0,28,25,20,18,0,63,10,27,21,0,58,51,48,2,2,0,0,4,0,3,3,0,6,8,4,5,0,17,9,7,2,0,18,2,1,4,3,383,327,22,25,0.786,0.862,0,1,0,1,6,1,2538,552,510,2701,2701,103,48,0,0,0,0,0,0,0,0,0,0,0.0,-,,,,,,,,,,,,,,,,,,,,,,,,,,,,,,,
2025020134,2025-10-25,Penguins,Blue Jackets,Home,SOL,9,8,2.6448221829,4.2013191283,1.3582165592,3.3928007342999997,Arturs Silovs,Elvis Merzlikins,CG,CG,0,0,0,0,1,0,0,0,1,1,0,0,0,0,0,7,8,15,1,31,16,9,13,3,41,15,21,24,2,62,27,19,25,6,77,42,64,2,0,2,0,4,1,1,2,0,4,7,5,6,0,18,11,9,4,0,24,1,0,3,2,352,247,37,27,0.902,0.871,0,0,0,0,3,3,2063,899,938,3247,2947,17,22,0,0,0,0,0,0,0,0,0,300,0.0,-,,,,,,,,,,,,,,,,,,,,,,,,,,,,,,,
2025020134,2025-10-25,Blue Jackets,Penguins,Away,SOW,8,9,4.2013191283,2.6448221829,3.3928007342999997,1.3582165592,Elvis Merzlikins,Arturs Silovs,CG,CG,1,0,0,0,0,0,0,0,0,0,0,0,1,0,0,16,9,13,3,41,7,8,15,1,31,27,19,25,6,77,15,21,24,2,62,64,42,1,1,2,0,4,2,0,2,0,4,11,9,4,0,24,7,5,6,0,18,0,1,2,3,247,352,27,37,0.871,0.902,0,0,0,0,3,3,899,2063,938,3247,2947,22,17,0,0,0,0,0,0,0,0,0,300,0.0,-,,,,,,,,,,,,,,,,,,,,,,,,,,,,,,,
2025020135,2025-10-25,Capitals,Senators,Home,RL,9,9,1.6823463677,4.4537235672,1.4003619197000001,3.3224239192,Charlie Lindgren,Linus Ullmark,CG,CG,1,0,0,0,0,0,0,0,0,0,0,0,0,0,0,3,3,7,0,13,8,11,15,0,34,16,10,15,0,41,21,28,21,0,70,34,58,0,0,1,0,1,1,3,3,0,7,10,8,10,0,28,6,5,1,0,12,0,3,2,4,185,298,27,12,0.794,0.923,0,0,0,0,1,2,0,3482,118,2924,2750,106,21,44,0,0,0,0,0,0,0,174,0,0.0,-,,,,,,,,,,,,,,,,,,,,,,,,,,,,,,,
2025020135,2025-10-25,Senators,Capitals,Away,RW,9,9,4.4537235672,1.6823463677,3.3224239192,1.4003619197000001,Linus Ullmark,Charlie Lindgren,CG,CG,0,0,0,0,1,0,0,0,1,0,0,0,0,0,0,8,11,15,0,34,3,3,7,0,13,21,28,21,0,70,16,10,15,0,41,58,34,1,3,3,0,7,0,0,1,0,1,6,5,1,0,12,10,8,10,0,28,3,0,4,2,298,185,12,27,0.923,0.794,0,0,0,0,2,1,3482,0,118,2924,2750,21,106,0,44,0,0,0,0,0,0,174,0,0.0,-,,,,,,,,,,,,,,,,,,,,,,,,,,,,,,,
2025020136,2025-10-25,Canucks,Canadiens,Home,RL,9,10,3.5612381931,2.8911034418,2.7545044701,1.9707433248,Kevin Lankinen,Jakub Dobes,CG,CG,0,0,0,0,0,1,1,0,1,1,1,0,0,0,0,11,10,10,0,31,4,14,6,0,24,22,24,21,0,67,10,32,17,0,59,52,47,1,1,1,0,3,0,1,3,0,4,7,7,6,0,20,5,9,2,0,16,1,2,3,3,234,282,20,28,0.833,0.903,0,0,0,4,2,2,2228,701,671,2828,2776,200,11,0,0,0,0,0,0,0,4,52,0,0.0,-,,,,,,,,,,,,,,,,,,,,,,,,,,,,,,,
2025020136,2025-10-25,Canadiens,Canucks,Away,RW,10,9,2.8911034418,3.5612381931,1.9707433248,2.7545044701,Jakub Dobes,Kevin Lankinen,CG,CG,0,1,1,0,0,0,0,0,0,0,0,0,1,1,0,4,14,6,0,24,11,10,10,0,31,10,32,17,0,59,22,24,21,0,67,47,52,0,1,3,0,4,1,1,1,0,3,5,9,2,0,16,7,7,6,0,20,2,1,3,3,282,234,28,20,0.903,0.833,0,0,4,0,2,2,701,2228,671,2828,2776,11,200,0,0,0,0,0,0,4,0,52,0,0.0,-,,,,,,,,,,,,,,,,,,,,,,,,,,,,,,,
2025020137,2025-10-25,Predators,Kings,Home,SOW,9,9,2.6996592368,3.7903350018,1.6314353228,3.2955789508,Juuse Saros,Darcy Kuemper,CG,CG,0,0,0,0,0,0,0,0,0,0,0,0,1,0,0,12,4,2,7,25,13,14,12,1,40,15,13,12,10,50,25,22,18,2,67,37,61,1,2,1,0,4,1,2,1,0,4,9,7,7,0,23,3,3,5,0,11,0,0,2,3,240,376,36,21,0.9,0.84,0,0,0,0,1,2,59,495,3346,3263,3136,7,14,92,45,0,0,0,0,0,0,42,85,0.0,-,,,,,,,,,,,,,,,,,,,,,,,,,,,,,,,
2025020137,2025-10-25,Kings,Predators,Away,SOL,9,9,3.7903350018,2.6996592368,3.2955789508,1.6314353228,Darcy Kuemper,Juuse Saros,CG,CG,0,0,0,0,0,0,0,0,1,1,0,0,0,0,0,13,14,12,1,40,12,4,2,7,25,25,22,18,2,67,15,13,12,10,50,61,37,1,2,1,0,4,1,2,1,0,4,3,3,5,0,11,9,7,7,0,23,0,0,3,2,376,240,21,36,0.84,0.9,0,0,0,0,2,1,495,59,3346,3263,3136,14,7,45,92,0,0,0,0,0,0,42,85,0.0,-,,,,,,,,,,,,,,,,,,,,,,,,,,,,,,,
2025020138,2025-10-25,Stars,Hurricanes,Home,RW,8,8,3.5526012847,3.1638343621000002,2.3396480907,2.4242218721,Jake Oettinger,Brandon Bussi,CG,CG,0,0,0,0,0,0,0,0,0,0,0,0,1,1,0,7,15,12,0,34,7,12,9,0,28,17,27,28,0,72,19,24,18,0,61,51,49,0,2,1,0,3,2,0,0,0,2,16,7,7,0,30,11,9,9,0,29,2,0,4,3,288,264,26,31,0.929,0.912,0,0,9,0,0,4,522,1287,1791,2858,2792,25,141,17,0,0,0,0,0,17,0,66,0,0.0,-,,,,,,,,,,,,,,,,,,,,,,,,,,,,,,,
2025020138,2025-10-25,Hurricanes,Stars,Away,RL,8,8,3.1638343621000002,3.5526012847,2.4242218721,2.3396480907,Brandon Bussi,Jake Oettinger,CG,CG,0,0,0,0,0,0,0,0,1,1,1,0,0,0,0,7,12,9,0,28,7,15,12,0,34,19,24,18,0,61,17,27,28,0,72,49,51,2,0,0,0,2,0,2,1,0,3,11,9,9,0,29,16,7,7,0,30,0,2,3,4,264,288,31,26,0.912,0.929,0,0,0,9,4,0,1287,522,1791,2858,2792,141,25,0,17,0,0,0,0,0,17,66,0,0.0,-,,,,,,,,,,,,,,,,,,,,,,,,,,,,,,,
2025020139,2025-10-25,Kraken,Oilers,Home,RW,9,9,3.152341634,2.9226406484,2.280367158,2.5364264304,Joey Daccord,Stuart Skinner,CG,CG,0,0,1,0,0,0,0,0,1,0,0,0,0,0,0,11,7,5,0,23,12,9,12,0,33,23,19,16,0,58,22,23,19,0,64,44,58,1,1,1,0,3,0,1,1,0,2,4,3,3,0,10,3,8,4,0,15,0,1,3,2,253,92,31,20,0.939,0.87,0,0,8,0,3,4,3517,0,83,3093,2993,54,97,0,0,0,0,0,0,0,3,100,0,0.0,-,,,,,,,,,,,,,,,,,,,,,,,,,,,,,,,
2025020139,2025-10-25,Oilers,Kraken,Away,RL,9,9,2.9226406484,3.152341634,2.5364264304,2.280367158,Stuart Skinner,Joey Daccord,CG,CG,0,0,0,0,0,0,1,0,0,0,0,0,0,0,0,12,9,12,0,33,11,7,5,0,23,22,23,19,0,64,23,19,16,0,58,58,44,0,1,1,0,2,1,1,1,0,3,3,8,4,0,15,4,3,3,0,10,1,0,2,3,92,253,20,31,0.87,0.939,0,0,0,8,4,3,0,3517,83,3093,2993,97,54,0,0,0,0,0,0,3,0,100,0,0.0,-,,,,,,,,,,,,,,,,,,,,,,,,,,,,,,,
2025020140,2025-10-26,Devils,Avalanche,Home,OTW,9,10,2.934216565,3.2203817488,2.698217065,2.7928134818,Jake Allen,Trent Miner,CG,CG,0,0,1,0,1,1,1,0,1,0,0,0,0,0,0,10,3,9,2,24,10,9,5,0,24,25,18,20,3,66,21,29,15,0,65,62,59,2,1,0,1,4,2,0,1,0,3,6,6,8,0,20,6,6,10,0,22,0,0,1,2,58,178,21,20,0.875,0.833,0,0,0,0,3,2,1738,0,1975,3455,3284,18,0,0,0,0,0,0,0,0,32,58,113,0.0,-,,,,,,,,,,,,,,,,,,,,,,,,,,,,,,,
2025020140,2025-10-26,Avalanche,Devils,Away,OTL,10,9,3.2203817488,2.934216565,2.7928134818,2.698217065,Trent Miner,Jake Allen,CG,CG,1,1,1,0,0,0,1,0,0,0,0,0,0,0,0,10,9,5,0,24,10,3,9,2,24,21,29,15,0,65,25,18,20,3,66,59,62,2,0,1,0,3,2,1,0,1,4,6,6,10,0,22,6,6,8,0,20,0,0,2,1,178,58,20,21,0.833,0.875,0,0,0,0,2,3,0,1738,1975,3455,3284,0,18,0,0,0,0,0,0,32,0,58,113,0.0,-,,,,,,,,,,,,,,,,,,,,,,,,,,,,,,,
2025020141,2025-10-26,Lightning,Golden Knights,Home,OTW,9,9,2.9533969974,1.6612732268000001,1.7291027694,0.8592070998,Andrei Vasilevskiy,Carl Lindbom,CG,CG,1,1,0,0,1,0,0,0,1,0,0,0,0,0,0,13,11,3,1,28,6,2,11,0,19,20,25,9,1,55,19,13,18,0,50,41,37,1,0,0,1,2,1,0,0,0,1,4,6,9,0,19,12,6,9,0,27,0,0,5,3,520,288,18,26,0.947,0.929,0,0,0,0,2,1,812,0,2820,2743,2637,9,27,0,0,0,0,0,0,0,1,74,32,0.0,-,,,,,,,,,,,,,,,,,,,,,,,,,,,,,,,
2025020141,2025-10-26,Golden Knights,Lightning,Away,OTL,9,9,1.6612732268000001,2.9533969974,0.8592070998,1.7291027694,Carl Lindbom,Andrei Vasilevskiy,CG,CG,1,0,0,0,1,1,0,0,0,0,0,0,0,0,0,6,2,11,0,19,13,11,3,1,28,19,13,18,0,50,20,25,9,1,55,37,41,1,0,0,0,1,1,0,0,1,2,12,6,9,0,27,4,6,9,0,19,0,0,3,5,288,520,26,18,0.929,0.947,0,0,0,0,1,2,0,812,2820,2743,2637,27,9,0,0,0,0,0,0,1,0,74,32,0.0,-,,,,,,,,,,,,,,,,,,,,,,,,,,,,,,,
2025020142,2025-10-26,Wild,Sharks,Home,OTL,10,9,3.5126970905,3.0240246038,2.0498371645,2.2182829648,Jesper Wallstedt,Yaroslav Askarov,CG,CG,1,0,0,0,0,1,1,0,0,0,0,0,0,0,0,8,6,17,2,33,10,9,5,1,25,19,17,31,4,71,14,19,17,2,52,48,40,2,0,3,0,5,2,2,1,1,6,9,6,2,0,17,4,9,9,0,22,2,2,4,2,411,154,19,28,0.76,0.848,0,0,0,0,4,0,0,2313,1514,2989,2762,54,121,0,0,0,0,0,0,0,0,0,227,0.0,-,,,,,,,,,,,,,,,,,,,,,,,,,,,,,,,
2025020142,2025-10-26,Sharks,Wild,Away,OTW,9,10,3.0240246038,3.5126970905,2.2182829648,2.0498371645,Yaroslav Askarov,Jesper Wallstedt,CG,CG,0,1,1,0,1,0,0,0,1,0,0,0,0,0,0,10,9,5,1,25,8,6,17,2,33,14,19,17,2,52,19,17,31,4,71,40,48,2,2,1,1,6,2,0,3,0,5,4,9,9,0,22,9,6,2,0,17,2,2,2,4,154,411,28,19,0.848,0.76,0,0,0,0,0,4,2313,0,1514,2989,2762,121,54,0,0,0,0,0,0,0,0,0,227,0.0,-,,,,,,,,,,,,,,,,,,,,,,,,,,,,,,,
2025020143,2025-10-26,Jets,Mammoth,Home,RL,9,10,3.337514674,3.0656285337,2.26530158,2.2785985177,Connor Hellebuyck,Vitek Vanecek,CG,CG,0,1,0,0,1,1,1,0,1,1,0,0,0,0,0,8,8,14,0,30,6,16,10,0,32,19,20,20,0,59,14,32,19,0,65,42,52,0,2,0,0,2,0,2,1,0,3,11,3,11,0,25,4,5,0,0,9,1,1,1,4,117,400,29,28,0.906,0.933,0,0,0,1,2,1,558,578,2464,2908,2798,80,8,0,0,0,0,0,0,0,0,110,0,0.0,-,,,,,,,,,,,,,,,,,,,,,,,,,,,,,,,
2025020143,2025-10-26,Mammoth,Jets,Away,RW,10,9,3.0656285337,3.337514674,2.2785985177,2.26530158,Vitek Vanecek,Connor Hellebuyck,CG,CG,1,1,1,0,0,1,0,0,0,0,0,0,1,0,0,6,16,10,0,32,8,8,14,0,30,14,32,19,0,65,19,20,20,0,59,52,42,0,2,1,0,3,0,2,0,0,2,4,5,0,0,9,11,3,11,0,25,1,1,4,1,400,117,28,29,0.933,0.906,0,0,1,0,1,2,578,558,2464,2908,2798,8,80,0,0,0,0,0,0,0,0,110,0,0.0,-,,,,,,,,,,,,,,,,,,,,,,,,,,,,,,,
2025020144,2025-10-26,Blackhawks,Kings,Home,RL,9,10,2.2549827311,2.5297208156,1.4855339911,1.9708768466,Arvid Soderblom,Anton Forsberg,CG,CG,0,0,0,0,1,1,1,0,1,1,0,0,0,0,0,11,4,8,0,23,6,8,8,0,22,17,12,15,0,44,15,20,13,0,48,37,43,1,0,0,0,1,0,2,1,0,3,6,6,12,0,24,7,3,4,0,14,0,0,5,3,483,258,19,22,0.864,0.957,0,1,0,5,1,1,986,2106,508,2714,2636,98,8,0,0,0,0,0,0,0,3,78,0,0.0,-,,,,,,,,,,,,,,,,,,,,,,,,,,,,,,,
2025020144,2025-10-26,Kings,Blackhawks,Away,RW,10,9,2.5297208156,2.2549827311,1.9708768466,1.4855339911,Anton Forsberg,Arvid Soderblom,CG,CG,1,1,1,0,0,0,0,0,0,0,0,0,1,0,0,6,8,8,0,22,11,4,8,0,23,15,20,13,0,48,17,12,15,0,44,43,37,0,2,1,0,3,1,0,0,0,1,7,3,4,0,14,6,6,12,0,24,0,0,3,5,258,483,22,19,0.957,0.864,1,0,5,0,1,1,2106,986,508,2714,2636,8,98,0,0,0,0,0,0,3,0,78,0,0.0,-,,,,,,,,,,,,,,,,,,,,,,,,,,,,,,,
2025020145,2025-10-26,Predators,Stars,Home,RL,10,9,2.7638265547,3.311392952,2.086572535,2.072750405,Justus Annunen,Casey DeSmith,CG,CG,1,1,1,0,1,1,1,0,1,1,1,0,0,0,0,8,8,9,0,25,6,13,9,0,28,19,16,14,0,49,16,26,20,0,62,34,44,1,1,0,0,2,0,2,1,0,3,7,14,8,0,29,9,9,5,0,23,1,1,2,5,91,479,25,23,0.893,0.92,0,0,0,6,1,3,1707,556,1337,2823,2805,165,7,0,39,0,41,0,0,38,0,18,0,0.0,-,,,,,,,,,,,,,,,,,,,,,,,,,,,,,,,
2025020145,2025-10-26,Stars,Predators,Away,RW,9,10,3.311392952,2.7638265547,2.072750405,2.086572535,Casey DeSmith,Justus Annunen,CG,CG,1,1,1,0,1,1,1,0,0,0,0,0,1,1,0,6,13,9,0,28,8,8,9,0,25,16,26,20,0,62,19,16,14,0,49,44,34,0,2,1,0,3,1,1,0,0,2,9,9,5,0,23,7,14,8,0,29,1,1,5,2,479,91,23,25,0.92,0.893,0,0,6,0,3,1,556,1707,1337,2823,2805,7,165,39,0,41,0,0,0,0,38,18,0,0.0,-,,,,,,,,,,,,,,,,,,,,,,,,,,,,,,,
2025020146,2025-10-26,Flames,Rangers,Home,RW,10,10,3.8094607961999998,2.9851224533000003,2.6874506042,2.7088618942,Dustin Wolf,Igor Shesterkin,CG,CG,0,0,0,0,0,0,0,0,1,0,0,0,0,0,0,12,11,7,0,30,5,13,13,0,31,26,22,19,0,67,22,26,24,0,72,57,65,2,1,2,0,5,1,0,0,0,1,6,6,6,0,18,13,7,8,0,28,0,0,3,1,360,120,30,25,0.968,0.833,0,0,0,0,3,2,3498,0,102,3113,3113,1,6,0,0,0,0,0,0,0,0,0,0,0.0,-,,,,,,,,,,,,,,,,,,,,,,,,,,,,,,,
2025020146,2025-10-26,Rangers,Flames,Away,RL,10,10,2.9851224533000003,3.8094607961999998,2.7088618942,2.6874506042,Igor Shesterkin,Dustin Wolf,CG,CG,0,0,0,0,0,0,0,0,0,0,0,0,0,0,0,5,13,13,0,31,12,11,7,0,30,22,26,24,0,72,26,22,19,0,67,65,57,1,0,0,0,1,2,1,2,0,5,13,7,8,0,28,6,6,6,0,18,0,0,1,3,120,360,25,30,0.833,0.968,0,0,0,0,2,3,0,3498,102,3113,3113,6,1,0,0,0,0,0,0,0,0,0,0,0.0,-,,,,,,,,,,,,,,,,,,,,,,,,,,,,,,,
2025020147,2025-10-26,Canucks,Oilers,Home,OTW,10,10,2.792015444,2.9910537444,1.972257634,2.6143918783999998,Thatcher Demko,Calvin Pickard,CG,CG,1,1,1,0,1,1,1,1,1,0,0,0,0,0,0,8,10,8,1,27,13,7,9,0,29,21,18,18,1,58,21,22,15,1,59,47,52,1,2,0,1,4,0,1,2,0,3,3,6,5,0,14,4,6,9,0,19,1,1,2,2,206,147,26,23,0.897,0.852,0,0,0,0,1,3,2355,0,1348,3287,3184,19,37,0,0,0,0,0,0,0,0,0,103,0.0,-,,,,,,,,,,,,,,,,,,,,,,,,,,,,,,,
2025020147,2025-10-26,Oilers,Canucks,Away,OTL,10,10,2.9910537444,2.792015444,2.6143918783999998,1.972257634,Calvin Pickard,Thatcher Demko,CG,CG,1,1,1,1,1,1,1,0,0,0,0,0,0,0,0,13,7,9,0,29,8,10,8,1,27,21,22,15,1,59,21,18,18,1,58,52,47,0,1,2,0,3,1,2,0,1,4,4,6,9,0,19,3,6,5,0,14,1,1,2,2,147,206,23,26,0.852,0.897,0,0,0,0,3,1,0,2355,1348,3287,3184,37,19,0,0,0,0,0,0,0,0,0,103,0.0,-,,,,,,,,,,,,,,,,,,,,,,,,,,,,,,,
2025020148,2025-10-27,Penguins,Blues,Home,RW,10,9,3.1766837796,2.9151153009,2.9581874646,1.8643890779,Tristan Jarry,Joel Hofer,CG,CG,0,0,0,0,0,0,0,0,1,0,0,0,0,0,0,10,8,8,0,26,8,10,10,0,28,20,15,20,0,55,23,17,18,0,58,52,45,2,1,3,0,6,2,0,1,0,3,3,4,2,0,9,9,5,3,0,17,0,0,0,3,0,360,25,20,0.893,0.769,1,0,1,0,2,4,2907,0,693,3165,3065,41,0,0,0,0,0,0,0,0,0,100,0,0.0,-,,,,,,,,,,,,,,,,,,,,,,,,,,,,,,,
2025020148,2025-10-27,Blues,Penguins,Away,RL,9,10,2.9151153009,3.1766837796,1.8643890779,2.9581874646,Joel Hofer,Tristan Jarry,CG,CG,0,0,0,0,0,0,0,0,0,0,0,0,0,0,0,8,10,10,0,28,10,8,8,0,26,23,17,18,0,58,20,15,20,0,55,45,52,2,0,1,0,3,2,1,3,0,6,9,5,3,0,17,3,4,2,0,9,0,0,3,0,360,0,20,25,0.769,0.893,0,1,0,1,4,2,0,2907,693,3165,3065,0,41,0,0,0,0,0,0,0,0,100,0,0.0,-,,,,,,,,,,,,,,,,,,,,,,,,,,,,,,,
2025020149,2025-10-27,Senators,Bruins,Home,RW,10,11,3.1288054245,1.9740914002,2.3926297945,1.7588534512,Leevi Meriläinen,Jeremy Swayman,CG,CG,0,0,0,0,0,0,0,0,0,0,0,0,1,0,0,10,4,9,0,23,9,11,8,0,28,23,15,21,0,59,18,22,15,0,55,52,50,1,2,4,0,7,1,0,1,0,2,6,8,5,0,19,9,14,10,0,33,4,0,5,1,266,120,26,16,0.929,0.696,0,0,0,0,0,0,2332,439,829,3082,3082,4,96,0,0,0,0,0,0,0,0,0,0,0.0,-,,,,,,,,,,,,,,,,,,,,,,,,,,,,,,,
2025020149,2025-10-27,Bruins,Senators,Away,RL,11,10,1.9740914002,3.1288054245,1.7588534512,2.3926297945,Jeremy Swayman,Leevi Meriläinen,CG,CG,0,0,0,0,0,0,0,0,1,1,0,0,0,0,0,9,11,8,0,28,10,4,9,0,23,18,22,15,0,55,23,15,21,0,59,50,52,1,0,1,0,2,1,2,4,0,7,9,14,10,0,33,6,8,5,0,19,0,4,1,5,120,266,16,26,0.696,0.929,0,0,0,0,0,0,439,2332,829,3082,3082,96,4,0,0,0,0,0,0,0,0,0,0,0.0,-,,,,,,,,,,,,,,,,,,,,,,,,,,,,,,,
2025020150,2025-10-28,Flyers,Penguins,Home,SOW,9,11,3.4230822914,1.9422733163,2.4317827564,1.2613591783,Samuel Ersson,Arturs Silovs,CG,CG,0,0,0,0,1,1,1,0,0,0,0,0,1,0,0,10,14,8,2,34,8,5,9,4,26,21,24,17,4,66,20,8,17,6,51,54,37,1,1,0,0,2,1,0,1,0,2,7,6,7,0,20,5,7,3,0,15,1,0,4,4,419,480,24,32,0.923,0.941,0,0,0,0,1,1,1751,426,1723,2880,2831,69,39,106,80,0,0,0,0,0,0,0,49,0.0,-,,,,,,,,,,,,,,,,,,,,,,,,,,,,,,,
2025020150,2025-10-28,Penguins,Flyers,Away,SOL,11,9,1.9422733163,3.4230822914,1.2613591783,2.4317827564,Arturs Silovs,Samuel Ersson,CG,CG,1,1,1,0,0,0,0,0,1,1,0,0,0,0,0,8,5,9,4,26,10,14,8,2,34,20,8,17,6,51,21,24,17,4,66,37,54,1,0,1,0,2,1,1,0,0,2,5,7,3,0,15,7,6,7,0,20,0,1,4,4,480,419,32,24,0.941,0.923,0,0,0,0,1,1,426,1751,1723,2880,2831,39,69,80,106,0,0,0,0,0,0,0,49,0.0,-,,,,,,,,,,,,,,,,,,,,,,,,,,,,,,,
2025020151,2025-10-28,Maple Leafs,Flames,Home,RW,10,11,3.2581130835,3.5359458802,1.7348028195,2.9890478132,Anthony Stolarz,Dustin Wolf,CG,CG,0,0,0,0,0,0,0,0,0,0,0,0,1,0,0,11,16,10,0,37,9,8,12,0,29,21,26,20,0,67,18,15,17,0,50,46,41,0,2,2,0,4,1,1,1,0,3,4,9,5,0,18,4,9,7,0,20,1,0,4,3,367,356,26,33,0.897,0.892,0,0,3,0,0,3,788,1210,1602,2705,2705,9,140,0,0,0,0,0,0,15,0,0,0,0.0,-,,,,,,,,,,,,,,,,,,,,,,,,,,,,,,,
2025020151,2025-10-28,Flames,Maple Leafs,Away,RL,11,10,3.5359458802,3.2581130835,2.9890478132,1.7348028195,Dustin Wolf,Anthony Stolarz,CG,CG,0,0,0,0,0,0,0,0,1,1,0,0,0,0,0,9,8,12,0,29,11,16,10,0,37,18,15,17,0,50,21,26,20,0,67,41,46,1,1,1,0,3,0,2,2,0,4,4,9,7,0,20,4,9,5,0,18,0,1,3,4,356,367,33,26,0.892,0.897,0,0,0,3,3,0,1210,788,1602,2705,2705,140,9,0,0,0,0,0,0,0,15,0,0,0.0,-,,,,,,,,,,,,,,,,,,,,,,,,,,,,,,,
2025020155,2025-10-28,Hurricanes,Golden Knights,Home,RL,9,10,1.9013888677,4.288524217,1.4787229597,3.692198656,Frederik Andersen,Akira Schmid,CG,CG,0,0,0,0,0,1,0,0,1,1,0,0,0,0,0,8,7,9,0,24,6,18,11,0,35,14,21,20,0,55,15,32,18,0,65,43,54,1,1,1,0,3,2,0,4,0,6,7,5,5,0,17,9,5,8,0,22,1,1,1,4,2,395,29,21,0.829,0.875,0,1,0,5,1,5,380,1143,2077,3058,2940,118,15,0,0,0,0,0,0,0,0,118,0,0.0,-,,,,,,,,,,,,,,,,,,,,,,,,,,,,,,,
2025020155,2025-10-28,Golden Knights,Hurricanes,Away,RW,10,9,4.288524217,1.9013888677,3.692198656,1.4787229597,Akira Schmid,Frederik Andersen,CG,CG,0,1,0,0,0,0,0,0,0,0,0,0,1,0,0,6,18,11,0,35,8,7,9,0,24,15,32,18,0,65,14,21,20,0,55,54,43,2,0,4,0,6,1,1,1,0,3,9,5,8,0,22,7,5,5,0,17,1,1,4,1,395,2,21,29,0.875,0.829,1,0,5,0,5,1,1143,380,2077,3058,2940,15,118,0,0,0,0,0,0,0,0,118,0,0.0,-,,,,,,,,,,,,,,,,,,,,,,,,,,,,,,,
2025020152,2025-10-28,Sabres,Blue Jackets,Home,OTL,10,9,3.7631180626000003,4.6625717585,3.3713962596,4.0518063105,Alex Lyon,Jet Greaves,CG,CG,0,0,0,0,0,0,0,0,0,1,0,0,0,0,0,9,12,16,1,38,14,10,13,2,39,16,30,24,1,71,27,21,22,2,72,66,68,0,2,1,0,3,1,1,1,1,4,7,4,2,0,13,8,5,10,0,23,0,1,2,1,281,24,35,35,0.897,0.921,0,0,0,0,4,1,1007,1530,1236,3468,3295,0,0,0,0,0,0,0,0,0,0,0,173,0.0,-,,,,,,,,,,,,,,,,,,,,,,,,,,,,,,,
2025020152,2025-10-28,Blue Jackets,Sabres,Away,OTW,9,10,4.6625717585,3.7631180626000003,4.0518063105,3.3713962596,Jet Greaves,Alex Lyon,CG,CG,0,0,0,0,0,0,0,0,1,0,0,0,1,0,0,14,10,13,2,39,9,12,16,1,38,27,21,22,2,72,16,30,24,1,71,68,66,1,1,1,1,4,0,2,1,0,3,8,5,10,0,23,7,4,2,0,13,1,0,1,2,24,281,35,35,0.921,0.897,0,0,0,0,1,4,1530,1007,1236,3468,3295,0,0,0,0,0,0,0,0,0,0,0,173,0.0,-,,,,,,,,,,,,,,,,,,,,,,,,,,,,,,,
2025020153,2025-10-28,Panthers,Ducks,Home,SOL,11,9,4.1419489816,2.269238314,2.3562686766,1.238254719,Daniil Tarasov,Lukas Dostal,CG,CG,0,0,0,0,0,0,0,0,0,0,0,0,0,0,0,12,10,6,5,33,6,7,3,1,17,28,26,16,9,79,14,18,15,2,49,50,29,0,0,2,0,2,0,2,0,0,2,12,7,11,0,30,3,8,8,0,19,0,1,4,5,444,460,15,31,0.882,0.939,0,0,0,0,6,3,0,1615,2285,2849,2652,61,41,118,0,0,47,0,27,0,0,26,171,0.0,-,,,,,,,,,,,,,,,,,,,,,,,,,,,,,,,
2025020153,2025-10-28,Ducks,Panthers,Away,SOW,9,11,2.269238314,4.1419489816,1.238254719,2.3562686766,Lukas Dostal,Daniil Tarasov,CG,CG,0,0,0,0,0,0,0,0,1,0,0,0,0,0,0,6,7,3,1,17,12,10,6,5,33,14,18,15,2,49,28,26,16,9,79,29,50,0,2,0,0,2,0,0,2,0,2,3,8,8,0,19,12,7,11,0,30,1,0,5,4,460,444,31,15,0.939,0.882,0,0,0,0,3,6,1615,0,2285,2849,2652,41,61,0,118,47,0,27,0,0,0,26,171,0.0,-,,,,,,,,,,,,,,,,,,,,,,,,,,,,,,,
2025020154,2025-10-28,Bruins,Islanders,Home,RW,12,9,2.4377977807,3.3119536309999997,1.4450537087,1.401037031,Joonas Korpisalo,Ilya Sorokin,CG,CG,1,1,1,0,0,0,0,0,0,0,0,0,1,1,0,4,11,7,0,22,10,10,15,0,35,15,14,19,0,48,13,20,27,0,60,36,38,0,3,2,0,5,2,0,0,0,2,7,8,5,0,20,7,4,2,0,13,2,0,4,5,336,625,33,17,0.943,0.773,1,0,1,0,0,1,1932,1541,127,2572,2572,18,27,0,0,0,0,0,0,0,0,0,0,0.0,-,,,,,,,,,,,,,,,,,,,,,,,,,,,,,,,
2025020154,2025-10-28,Islanders,Bruins,Away,RL,9,12,3.3119536309999997,2.4377977807,1.401037031,1.4450537087,Ilya Sorokin,Joonas Korpisalo,CG,CG,0,0,0,0,1,1,1,0,1,1,1,0,0,0,0,10,10,15,0,35,4,11,7,0,22,13,20,27,0,60,15,14,19,0,48,38,36,2,0,0,0,2,0,3,2,0,5,7,4,2,0,13,7,8,5,0,20,0,2,5,4,625,336,17,33,0.773,0.943,0,1,0,1,1,0,1541,1932,127,2572,2572,27,18,0,0,0,0,0,0,0,0,0,0,0.0,-,,,,,,,,,,,,,,,,,,,,,,,,,,,,,,,
2025020156,2025-10-28,Predators,Lightning,Home,RL,11,10,1.7176103766,4.3470377277,0.4225932964,3.0579900527,Juuse Saros,Andrei Vasilevskiy,CG,CG,0,1,1,0,0,1,1,0,0,0,0,0,0,0,0,8,3,9,0,20,13,13,6,0,32,13,6,12,0,31,22,20,20,0,62,13,45,0,0,2,0,2,1,1,3,0,5,7,14,3,0,24,3,4,9,0,16,1,0,3,4,420,522,27,18,0.844,0.9,0,1,0,8,1,3,0,2969,631,2545,2483,50,45,66,0,0,0,0,0,0,0,62,0,0.0,-,,,,,,,,,,,,,,,,,,,,,,,,,,,,,,,
2025020156,2025-10-28,Lightning,Predators,Away,RW,10,11,4.3470377277,1.7176103766,3.0579900527,0.4225932964,Andrei Vasilevskiy,Juuse Saros,CG,CG,0,1,1,0,0,1,1,0,1,0,0,0,0,0,0,13,13,6,0,32,8,3,9,0,20,22,20,20,0,62,13,6,12,0,31,45,13,1,1,3,0,5,0,0,2,0,2,3,4,9,0,16,7,14,3,0,24,0,1,4,3,522,420,18,27,0.9,0.844,1,0,8,0,3,1,2969,0,631,2545,2483,45,50,0,66,0,0,0,0,0,0,62,0,0.0,-,,,,,,,,,,,,,,,,,,,,,,,,,,,,,,,
2025020157,2025-10-28,Wild,Jets,Home,OTL,11,10,4.3502446108,2.788839244,3.9410892348,2.389388799,Filip Gustavsson,Connor Hellebuyck,CG,CG,0,1,0,0,0,0,1,0,0,1,0,0,0,0,0,16,12,7,0,35,9,5,6,1,21,28,21,17,0,66,23,12,22,1,58,61,51,0,2,1,0,3,2,0,1,1,4,17,6,5,0,28,10,9,5,0,24,1,0,4,1,344,1,17,32,0.81,0.914,0,0,0,0,3,2,467,1256,1923,3221,3047,0,55,0,0,0,0,0,0,0,0,128,46,0.0,-,,,,,,,,,,,,,,,,,,,,,,,,,,,,,,,
2025020157,2025-10-28,Jets,Wild,Away,OTW,10,11,2.788839244,4.3502446108,2.389388799,3.9410892348,Connor Hellebuyck,Filip Gustavsson,CG,CG,0,0,1,0,0,1,0,0,1,0,0,0,1,0,0,9,5,6,1,21,16,12,7,0,35,23,12,22,1,58,28,21,17,0,66,51,61,2,0,1,1,4,0,2,1,0,3,10,9,5,0,24,17,6,5,0,28,0,1,1,4,1,344,32,17,0.914,0.81,0,0,0,0,2,3,1256,467,1923,3221,3047,55,0,0,0,0,0,0,0,0,0,128,46,0.0,-,,,,,,,,,,,,,,,,,,,,,,,,,,,,,,,
2025020158,2025-10-28,Blues,Red Wings,Home,RL,10,10,2.0275082797,3.1397979725000003,1.8067141457,2.1004262345,Jordan Binnington,John Gibson,CG,CG,1,1,1,0,0,0,0,0,1,1,0,0,0,0,0,6,12,4,0,22,7,7,6,0,20,16,19,8,0,43,22,15,20,0,57,37,43,1,0,1,0,2,2,2,1,0,5,13,9,9,0,31,7,6,2,0,15,0,1,2,2,264,135,15,20,0.75,0.909,0,1,0,6,1,3,674,2436,490,2868,2868,234,46,0,0,0,0,0,0,0,0,0,0,0.0,-,,,,,,,,,,,,,,,,,,,,,,,,,,,,,,,
2025020158,2025-10-28,Red Wings,Blues,Away,RW,10,10,3.1397979725000003,2.0275082797,2.1004262345,1.8067141457,John Gibson,Jordan Binnington,CG,CG,0,0,0,0,1,1,1,0,0,0,0,0,1,0,0,7,7,6,0,20,6,12,4,0,22,22,15,20,0,57,16,19,8,0,43,43,37,2,2,1,0,5,1,0,1,0,2,7,6,2,0,15,13,9,9,0,31,1,0,2,2,135,264,20,15,0.909,0.75,1,0,6,0,3,1,2436,674,490,2868,2868,46,234,0,0,0,0,0,0,0,0,0,0,0.0,-,,,,,,,,,,,,,,,,,,,,,,,,,,,,,,,
2025020159,2025-10-28,Stars,Capitals,Home,RW,10,10,2.2980494193,2.7281399908,1.1950325423000001,2.3268851267,Jake Oettinger,Logan Thompson,CG,CG,0,1,1,0,0,0,0,0,1,0,0,0,0,0,0,9,5,5,0,19,8,10,6,0,24,17,16,19,0,52,15,23,18,0,56,34,44,0,1,0,0,1,0,0,0,0,0,11,11,8,0,30,9,10,3,0,22,1,0,4,3,383,360,24,18,1.0,0.947,0,0,5,0,2,3,2357,0,1243,2702,2702,24,127,0,0,0,0,0,0,0,0,0,0,0.0,-,,,,,,,,,,,,,,,,,,,,,,,,,,,,,,,
2025020159,2025-10-28,Capitals,Stars,Away,RL,10,10,2.7281399908,2.2980494193,2.3268851267,1.1950325423000001,Logan Thompson,Jake Oettinger,CG,CG,0,0,0,0,0,1,1,0,0,0,0,0,0,0,0,8,10,6,0,24,9,5,5,0,19,15,23,18,0,56,17,16,19,0,52,44,34,0,0,0,0,0,0,1,0,0,1,9,10,3,0,22,11,11,8,0,30,0,1,3,4,360,383,18,24,0.947,1.0,0,0,0,5,3,2,0,2357,1243,2702,2702,127,24,0,0,0,0,0,0,0,0,0,0,0.0,-,,,,,,,,,,,,,,,,,,,,,,,,,,,,,,,
2025020160,2025-10-28,Blackhawks,Senators,Home,RW,10,11,2.5250271314,1.9742921339,2.2467049914,1.5166335859,Spencer Knight,Linus Ullmark,CG,CG,0,0,0,0,1,1,1,0,1,0,0,0,0,0,0,8,5,13,0,26,7,9,8,0,24,18,15,22,0,55,22,22,15,0,59,49,50,3,1,3,0,7,0,3,0,0,3,11,14,9,0,34,15,8,9,0,32,1,0,1,4,16,480,21,19,0.875,0.731,1,0,2,0,0,2,3193,0,407,2999,2999,71,16,0,0,0,0,0,0,0,8,0,0,0.0,-,,,,,,,,,,,,,,,,,,,,,,,,,,,,,,,
2025020160,2025-10-28,Senators,Blackhawks,Away,RL,11,10,1.9742921339,2.5250271314,1.5166335859,2.2467049914,Linus Ullmark,Spencer Knight,CG,CG,1,1,1,0,0,0,0,0,0,0,0,0,0,0,0,7,9,8,0,24,8,5,13,0,26,22,22,15,0,59,18,15,22,0,55,50,49,0,3,0,0,3,3,1,3,0,7,15,8,9,0,32,11,14,9,0,34,0,1,4,1,480,16,19,21,0.731,0.875,0,1,0,2,2,0,0,3193,407,2999,2999,16,71,0,0,0,0,0,0,8,0,0,0,0.0,-,,,,,,,,,,,,,,,,,,,,,,,,,,,,,,,
2025020161,2025-10-28,Avalanche,Devils,Home,RW,11,10,4.305882138,2.9713286901,3.265686462,2.2490977671,Scott Wedgewood,Jacob Markstrom,CG,CG,0,1,1,0,0,0,0,0,1,0,0,0,0,0,0,12,17,13,0,42,16,11,3,0,30,22,23,26,0,71,29,19,10,0,58,56,44,2,4,2,0,8,0,4,0,0,4,6,6,5,0,17,4,11,11,0,26,4,0,6,2,373,253,26,34,0.867,0.81,0,0,0,0,7,3,3516,0,84,2901,2901,10,28,0,0,58,0,0,0,0,0,0,0,0.0,-,,,,,,,,,,,,,,,,,,,,,,,,,,,,,,,
2025020161,2025-10-28,Devils,Avalanche,Away,RL,10,11,2.9713286901,4.305882138,2.2490977671,3.265686462,Jacob Markstrom,Scott Wedgewood,CG,CG,0,0,0,0,0,1,1,0,0,0,0,0,0,0,0,16,11,3,0,30,12,17,13,0,42,29,19,10,0,58,22,23,26,0,71,44,56,0,4,0,0,4,2,4,2,0,8,4,11,11,0,26,6,6,5,0,17,0,4,2,6,253,373,34,26,0.81,0.867,0,0,0,0,3,7,0,3516,84,2901,2901,28,10,0,0,0,58,0,0,0,0,0,0,0.0,-,,,,,,,,,,,,,,,,,,,,,,,,,,,,,,,
2025020162,2025-10-28,Oilers,Mammoth,Home,RW,11,11,3.4325963111999998,3.434553024,3.1812575572,2.845038864,Stuart Skinner,Karel Vejmelka,CG,CG,0,1,1,0,0,1,1,0,0,0,0,0,1,1,0,3,15,6,0,24,9,5,9,0,23,14,23,14,0,51,19,16,18,0,53,47,44,0,5,1,0,6,2,1,0,0,3,3,10,6,0,19,5,7,5,0,17,0,0,1,2,120,240,20,18,0.87,0.75,1,0,2,0,3,1,1550,1142,908,3181,3181,18,29,0,0,0,0,0,0,0,8,0,0,0.0,-,,,,,,,,,,,,,,,,,,,,,,,,,,,,,,,
2025020162,2025-10-28,Mammoth,Oilers,Away,RL,11,11,3.434553024,3.4325963111999998,2.845038864,3.1812575572,Karel Vejmelka,Stuart Skinner,CG,CG,0,1,1,0,0,1,1,0,1,1,1,0,0,0,0,9,5,9,0,23,3,15,6,0,24,19,16,18,0,53,14,23,14,0,51,44,47,2,1,0,0,3,0,5,1,0,6,5,7,5,0,17,3,10,6,0,19,0,0,2,1,240,120,18,20,0.75,0.87,0,1,0,2,1,3,1142,1550,908,3181,3181,29,18,0,0,0,0,0,0,8,0,0,0,0.0,-,,,,,,,,,,,,,,,,,,,,,,,,,,,,,,,
2025020163,2025-10-28,Canucks,Rangers,Home,RL,11,11,2.5179449708,3.2830534667,1.8699856747999999,2.4918237507,Thatcher Demko,Jonathan Quick,CG,CG,0,1,1,0,0,0,0,0,0,0,0,0,0,0,0,4,7,12,0,23,7,11,7,0,25,16,13,25,0,54,16,24,15,0,55,40,40,0,0,0,0,0,1,0,1,0,2,7,6,6,0,19,9,5,4,0,18,0,0,3,3,282,363,23,23,0.92,1.0,0,1,0,5,1,2,0,2552,1048,2779,2779,162,14,0,0,0,0,0,0,42,0,0,0,0.0,-,,,,,,,,,,,,,,,,,,,,,,,,,,,,,,,
2025020163,2025-10-28,Rangers,Canucks,Away,RW,11,11,3.2830534667,2.5179449708,2.4918237507,1.8699856747999999,Jonathan Quick,Thatcher Demko,CG,CG,0,0,0,0,0,1,1,0,1,0,0,0,0,0,0,7,11,7,0,25,4,7,12,0,23,16,24,15,0,55,16,13,25,0,54,40,40,1,0,1,0,2,0,0,0,0,0,9,5,4,0,18,7,6,6,0,19,0,0,3,3,363,282,23,23,1.0,0.92,1,0,5,0,2,1,2552,0,1048,2779,2779,14,162,0,0,0,0,0,0,0,42,0,0,0.0,-,,,,,,,,,,,,,,,,,,,,,,,,,,,,,,,
2025020164,2025-10-28,Kraken,Canadiens,Home,OTL,10,11,1.9994285129,2.8375943823000003,0.9561056019,2.2631472363,Joey Daccord,Jakub Dobes,CG,CG,0,0,0,0,0,0,0,0,0,0,0,0,0,0,0,5,5,11,0,21,7,5,7,2,21,10,11,18,1,40,16,18,14,2,50,23,40,0,0,3,0,3,2,0,1,1,4,8,9,5,0,22,10,6,2,0,18,1,2,4,2,457,177,17,18,0.81,0.857,0,0,0,1,3,2,0,2872,772,2805,2644,120,7,0,0,0,0,0,0,0,0,117,44,0.0,-,,,,,,,,,,,,,,,,,,,,,,,,,,,,,,,
2025020164,2025-10-28,Canadiens,Kraken,Away,OTW,11,10,2.8375943823000003,1.9994285129,2.2631472363,0.9561056019,Jakub Dobes,Joey Daccord,CG,CG,0,0,0,0,0,0,0,0,1,0,0,0,0,0,0,7,5,7,2,21,5,5,11,0,21,16,18,14,2,50,10,11,18,1,40,40,23,2,0,1,1,4,0,0,3,0,3,10,6,2,0,18,8,9,5,0,22,2,1,2,4,177,457,18,17,0.857,0.81,0,0,1,0,2,3,2872,0,772,2805,2644,7,120,0,0,0,0,0,0,0,0,117,44,0.0,-,,,,,,,,,,,,,,,,,,,,,,,,,,,,,,,
2025020165,2025-10-28,Sharks,Kings,Home,RL,10,11,3.8705748948,1.4941266288,2.1669943598,1.2200478378,Yaroslav Askarov,Darcy Kuemper,CG,CG,0,0,1,0,0,1,1,0,0,0,0,0,0,0,0,7,16,17,0,40,6,4,4,0,14,13,22,31,0,66,18,14,15,0,47,41,38,0,2,1,0,3,1,2,1,0,4,7,7,3,0,17,4,7,3,0,14,0,0,5,1,556,120,10,37,0.714,0.925,0,0,0,5,4,1,0,2434,1166,2787,2787,85,52,0,0,0,0,0,0,76,0,0,0,0.0,-,,,,,,,,,,,,,,,,,,,,,,,,,,,,,,,
2025020165,2025-10-28,Kings,Sharks,Away,RW,11,10,1.4941266288,3.8705748948,1.2200478378,2.1669943598,Darcy Kuemper,Yaroslav Askarov,CG,CG,0,1,1,0,0,0,1,0,1,0,0,0,0,0,0,6,4,4,0,14,7,16,17,0,40,18,14,15,0,47,13,22,31,0,66,38,41,1,2,1,0,4,0,2,1,0,3,4,7,3,0,14,7,7,3,0,17,0,0,1,5,120,556,37,10,0.925,0.714,0,0,5,0,1,4,2434,0,1166,2787,2787,52,85,0,0,0,0,0,0,0,76,0,0,0.0,-,,,,,,,,,,,,,,,,,,,,,,,,,,,,,,,
2025020166,2025-10-29,Blue Jackets,Maple Leafs,Home,RW,10,11,2.7933447477,4.3167343292,2.4280845177,4.2013314832,Elvis Merzlikins,Cayden Primeau,CG,CG,1,0,1,0,1,0,1,0,1,0,0,0,0,0,0,6,7,11,0,24,9,18,9,0,36,21,16,18,0,55,23,31,21,0,75,50,71,2,3,1,0,6,0,1,2,0,3,2,5,0,0,7,8,10,6,0,24,0,0,2,2,147,141,33,18,0.917,0.75,0,0,0,0,1,2,3184,0,416,3250,3154,31,0,0,0,0,0,0,0,0,0,96,0,0.0,-,,,,,,,,,,,,,,,,,,,,,,,,,,,,,,,
2025020166,2025-10-29,Maple Leafs,Blue Jackets,Away,RL,11,10,4.3167343292,2.7933447477,4.2013314832,2.4280845177,Cayden Primeau,Elvis Merzlikins,CG,CG,1,0,1,0,1,0,1,0,0,0,0,0,0,0,0,9,18,9,0,36,6,7,11,0,24,23,31,21,0,75,21,16,18,0,55,71,50,0,1,2,0,3,2,3,1,0,6,8,10,6,0,24,2,5,0,0,7,0,0,2,2,141,147,18,33,0.75,0.917,0,0,0,0,2,1,0,3184,416,3250,3154,0,31,0,0,0,0,0,0,0,0,96,0,0.0,-,,,,,,,,,,,,,,,,,,,,,,,,,,,,,,,
2025020167,2025-10-30,Bruins,Sabres,Home,OTW,13,11,2.7324807,4.565986995,1.7521504730000002,3.361060324,Joonas Korpisalo,Alex Lyon,CG,CG,0,1,1,0,0,0,0,0,1,0,0,0,0,0,0,5,9,5,3,22,13,16,11,0,40,13,18,13,4,48,24,32,22,2,80,34,60,2,1,0,1,4,0,1,2,0,3,3,3,6,0,12,11,9,5,0,25,1,1,4,5,496,564,37,18,0.925,0.818,0,0,0,0,2,2,2478,0,1249,2559,2508,40,28,76,0,0,0,0,0,0,0,14,37,0.0,-,,,,,,,,,,,,,,,,,,,,,,,,,,,,,,,
2025020167,2025-10-30,Sabres,Bruins,Away,OTL,11,13,4.565986995,2.7324807,3.361060324,1.7521504730000002,Alex Lyon,Joonas Korpisalo,CG,CG,0,0,0,0,0,1,1,0,0,0,0,0,0,0,0,13,16,11,0,40,5,9,5,3,22,24,32,22,2,80,13,18,13,4,48,60,34,0,1,2,0,3,2,1,0,1,4,11,9,5,0,25,3,3,6,0,12,1,1,5,4,564,496,18,37,0.818,0.925,0,0,0,0,2,2,0,2478,1249,2559,2508,28,40,0,76,0,0,0,0,0,0,14,37,0.0,-,,,,,,,,,,,,,,,,,,,,,,,,,,,,,,,
2025020168,2025-10-30,Senators,Flames,Home,SOW,12,12,3.681220444,2.7022883079,1.558631721,1.6654558123,Linus Ullmark,Devin Cooley,CG,CG,0,1,1,0,0,0,0,0,0,0,0,0,1,0,0,13,10,8,7,38,11,9,8,1,29,21,24,21,10,76,18,11,11,3,43,47,30,1,0,2,0,3,2,0,1,0,3,4,5,6,1,16,7,2,6,2,17,0,2,4,4,438,394,26,35,0.897,0.921,0,0,0,0,3,0,0,2244,1656,2960,2632,19,17,120,0,0,0,0,0,46,0,150,178,0.0,-,,,,,,,,,,,,,,,,,,,,,,,,,,,,,,,
2025020168,2025-10-30,Flames,Senators,Away,SOL,12,12,2.7022883079,3.681220444,1.6654558123,1.558631721,Devin Cooley,Linus Ullmark,CG,CG,0,0,0,0,0,1,1,0,1,1,0,0,0,0,0,11,9,8,1,29,13,10,8,7,38,18,11,11,3,43,21,24,21,10,76,30,47,2,0,1,0,3,1,0,2,0,3,7,2,6,2,17,4,5,6,1,16,2,0,4,4,394,438,35,26,0.921,0.897,0,0,0,0,0,3,2244,0,1656,2960,2632,17,19,0,120,0,0,0,0,0,46,150,178,0.0,-,,,,,,,,,,,,,,,,,,,,,,,,,,,,,,,
2025020169,2025-10-30,Lightning,Stars,Home,OTW,11,11,4.5108574744,2.150444731,3.2020779518,1.369345158,Andrei Vasilevskiy,Jake Oettinger,CG,CG,0,0,1,0,0,0,1,0,1,0,0,0,0,0,0,11,11,8,3,33,6,4,10,1,21,24,26,20,3,73,16,9,16,1,42,57,29,0,1,0,1,2,0,0,1,0,1,8,3,10,0,21,16,8,6,0,30,1,0,4,3,463,253,20,31,0.952,0.939,0,0,0,0,6,0,421,0,3335,2970,2814,16,37,0,0,0,26,0,0,0,0,0,156,0.0,-,,,,,,,,,,,,,,,,,,,,,,,,,,,,,,,
2025020169,2025-10-30,Stars,Lightning,Away,OTL,11,11,2.150444731,4.5108574744,1.369345158,3.2020779518,Jake Oettinger,Andrei Vasilevskiy,CG,CG,0,0,1,0,0,0,1,0,0,0,0,0,0,0,0,6,4,10,1,21,11,11,8,3,33,16,9,16,1,42,24,26,20,3,73,29,57,0,0,1,0,1,0,1,0,1,2,16,8,6,0,30,8,3,10,0,21,0,1,3,4,253,463,31,20,0.939,0.952,0,0,0,0,0,6,0,421,3335,2970,2814,37,16,0,0,26,0,0,0,0,0,0,156,0.0,-,,,,,,,,,,,,,,,,,,,,,,,,,,,,,,,
2025020170,2025-10-30,Flyers,Predators,Home,RW,10,12,1.850561218,3.31818774,1.744530224,2.399758148,Dan Vladar,Juuse Saros,CG,CG,0,0,0,0,0,0,1,0,1,0,0,0,0,0,0,3,8,7,0,18,10,14,9,0,33,15,23,16,0,54,22,22,16,0,60,46,49,0,2,2,0,4,0,1,0,0,1,3,8,10,0,21,9,5,7,0,21,1,0,1,2,3,285,32,14,0.97,0.778,1,0,2,1,2,4,1635,0,1965,3138,3075,51,49,0,0,0,0,0,0,0,3,63,0,0.0,-,,,,,,,,,,,,,,,,,,,,,,,,,,,,,,,
2025020170,2025-10-30,Predators,Flyers,Away,RL,12,10,3.31818774,1.850561218,2.399758148,1.744530224,Juuse Saros,Dan Vladar,CG,CG,0,0,1,0,0,0,0,0,0,0,0,0,0,0,0,10,14,9,0,33,3,8,7,0,18,22,22,16,0,60,15,23,16,0,54,49,46,0,1,0,0,1,0,2,2,0,4,9,5,7,0,21,3,8,10,0,21,0,1,2,1,285,3,14,32,0.778,0.97,0,1,1,2,4,2,0,1635,1965,3138,3075,49,51,0,0,0,0,0,0,3,0,63,0,0.0,-,,,,,,,,,,,,,,,,,,,,,,,,,,,,,,,
2025020171,2025-10-30,Hurricanes,Islanders,Home,RW,10,10,6.5678194094,2.5551274425,4.6546508584,1.8313711095,Brandon Bussi,David Rittich,CG,CG,0,0,0,0,0,0,0,0,1,0,0,0,0,0,0,11,11,12,0,34,15,7,6,0,28,23,19,27,0,69,25,20,13,0,58,48,45,3,0,3,0,6,1,0,1,0,2,6,7,6,0,19,13,11,6,0,30,0,1,1,4,120,432,26,28,0.929,0.824,0,0,0,0,3,2,3447,0,153,2906,2676,29,24,0,0,0,0,0,0,0,0,230,0,0.0,-,,,,,,,,,,,,,,,,,,,,,,,,,,,,,,,
2025020171,2025-10-30,Islanders,Hurricanes,Away,RL,10,10,2.5551274425,6.5678194094,1.8313711095,4.6546508584,David Rittich,Brandon Bussi,CG,CG,0,0,0,0,0,0,0,0,0,0,0,0,0,0,0,15,7,6,0,28,11,11,12,0,34,25,20,13,0,58,23,19,27,0,69,45,48,1,0,1,0,2,3,0,3,0,6,13,11,6,0,30,6,7,6,0,19,1,0,4,1,432,120,28,26,0.824,0.929,0,0,0,0,2,3,0,3447,153,2906,2676,24,29,0,0,0,0,0,0,0,0,230,0,0.0,-,,,,,,,,,,,,,,,,,,,,,,,,,,,,,,,
2025020172,2025-10-30,Blues,Canucks,Home,SOL,11,12,3.7829540396,1.9132472162,2.3916669166,1.5019204886,Jordan Binnington,Kevin Lankinen,CG,CG,0,1,1,0,0,0,1,0,1,1,0,0,0,0,0,10,11,16,2,39,9,4,5,0,18,20,21,30,4,75,15,14,15,3,47,54,34,1,1,1,0,3,1,1,1,0,3,7,4,6,0,17,9,7,5,0,21,2,1,3,3,391,311,15,36,0.833,0.923,0,0,0,1,2,2,1169,224,2507,3082,2782,63,39,0,0,0,0,0,0,0,0,0,300,0.0,-,,,,,,,,,,,,,,,,,,,,,,,,,,,,,,,
2025020172,2025-10-30,Canucks,Blues,Away,SOW,12,11,1.9132472162,3.7829540396,1.5019204886,2.3916669166,Kevin Lankinen,Jordan Binnington,CG,CG,0,0,1,0,0,1,1,0,0,0,0,0,1,0,0,9,4,5,0,18,10,11,16,2,39,15,14,15,3,47,20,21,30,4,75,34,54,1,1,1,0,3,1,1,1,0,3,9,7,5,0,21,7,4,6,0,17,1,2,3,3,311,391,36,15,0.923,0.833,0,0,1,0,2,2,224,1169,2507,3082,2782,39,63,0,0,0,0,0,0,0,0,0,300,0.0,-,,,,,,,,,,,,,,,,,,,,,,,,,,,,,,,
2025020173,2025-10-30,Wild,Penguins,Home,RL,12,12,3.0338262698,3.2940887197,2.7402865528,2.59108318,Filip Gustavsson,Tristan Jarry,CG,CG,0,0,1,0,0,1,1,0,1,1,0,0,0,0,0,13,6,8,0,27,6,12,16,0,34,20,18,15,0,53,12,21,31,0,64,49,54,1,0,0,0,1,0,1,3,0,4,6,9,8,0,23,12,4,7,0,23,0,1,4,1,480,13,30,26,0.882,0.963,0,1,0,2,2,1,722,811,2067,3042,3042,4,61,0,0,0,0,0,0,0,0,0,0,0.0,-,,,,,,,,,,,,,,,,,,,,,,,,,,,,,,,
2025020173,2025-10-30,Penguins,Wild,Away,RW,12,12,3.2940887197,3.0338262698,2.59108318,2.7402865528,Tristan Jarry,Filip Gustavsson,CG,CG,0,1,1,0,0,0,1,0,0,0,0,0,1,0,0,6,12,16,0,34,13,6,8,0,27,12,21,31,0,64,20,18,15,0,53,54,49,0,1,3,0,4,1,0,0,0,1,12,4,7,0,23,6,9,8,0,23,1,0,1,4,13,480,26,30,0.963,0.882,1,0,2,0,1,2,811,722,2067,3042,3042,61,4,0,0,0,0,0,0,0,0,0,0,0.0,-,,,,,,,,,,,,,,,,,,,,,,,,,,,,,,,
2025020174,2025-10-30,Jets,Blackhawks,Home,RW,11,11,3.6880580236,2.9052009913,2.5783710866,2.5292446443,Connor Hellebuyck,Spencer Knight,CG,CG,0,0,0,0,0,0,0,0,1,0,0,0,0,0,0,7,11,14,0,32,7,7,10,0,24,18,19,22,0,59,16,15,20,0,51,49,43,2,2,2,0,6,1,0,2,0,3,5,6,7,0,18,4,7,5,0,16,1,0,3,3,240,360,21,26,0.875,0.812,0,0,0,0,1,2,3019,0,581,2953,2953,44,3,0,0,0,0,0,0,0,1,0,0,0.0,-,,,,,,,,,,,,,,,,,,,,,,,,,,,,,,,
2025020174,2025-10-30,Blackhawks,Jets,Away,RL,11,11,2.9052009913,3.6880580236,2.5292446443,2.5783710866,Spencer Knight,Connor Hellebuyck,CG,CG,0,0,0,0,0,0,0,0,0,0,0,0,0,0,0,7,7,10,0,24,7,11,14,0,32,16,15,20,0,51,18,19,22,0,59,43,49,1,0,2,0,3,2,2,2,0,6,4,7,5,0,16,5,6,7,0,18,0,1,3,3,360,240,26,21,0.812,0.875,0,0,0,0,2,1,0,3019,581,2953,2953,3,44,0,0,0,0,0,0,1,0,0,0,0.0,-,,,,,,,,,,,,,,,,,,,,,,,,,,,,,,,
2025020175,2025-10-30,Oilers,Rangers,Home,OTL,12,12,3.2893284975,3.6123845298,2.2111260685,3.0017288868,Stuart Skinner,Igor Shesterkin,CG,CG,0,0,1,0,0,0,0,0,0,1,1,0,0,0,0,10,14,9,3,36,16,8,10,1,35,14,26,15,3,58,29,15,19,3,66,44,56,1,2,0,0,3,1,0,2,1,4,6,5,6,0,17,7,5,6,0,18,1,0,3,2,362,240,31,33,0.886,0.917,0,0,0,0,1,1,1396,67,2306,3128,3040,30,9,81,0,0,0,0,0,0,0,3,85,0.0,-,,,,,,,,,,,,,,,,,,,,,,,,,,,,,,,
2025020175,2025-10-30,Rangers,Oilers,Away,OTW,12,12,3.6123845298,3.2893284975,3.0017288868,2.2111260685,Igor Shesterkin,Stuart Skinner,CG,CG,0,0,0,0,0,0,1,0,1,0,0,0,1,1,0,16,8,10,1,35,10,14,9,3,36,29,15,19,3,66,14,26,15,3,58,56,44,1,0,2,1,4,1,2,0,0,3,7,5,6,0,18,6,5,6,0,17,0,1,2,3,240,362,33,31,0.917,0.886,0,0,0,0,1,1,67,1396,2306,3128,3040,9,30,0,81,0,0,0,0,0,0,3,85,0.0,-,,,,,,,,,,,,,,,,,,,,,,,,,,,,,,,
2025020176,2025-10-30,Sharks,Devils,Home,RW,11,11,3.2339912376,1.7101915893,2.7070438296,1.3194252186,Alex Nedeljkovic,Jake Allen,CG,CG,0,0,0,0,0,0,0,0,1,0,0,0,0,0,0,15,13,0,0,28,9,13,9,0,31,25,23,15,0,63,19,19,14,0,52,56,45,3,2,0,0,5,1,0,1,0,2,4,6,6,0,16,10,12,8,0,30,0,2,2,3,206,207,29,23,0.935,0.821,0,0,0,0,0,1,3558,0,42,3057,3057,82,5,0,0,0,0,0,0,0,27,0,0,0.0,-,,,,,,,,,,,,,,,,,,,,,,,,,,,,,,,
2025020176,2025-10-30,Devils,Sharks,Away,RL,11,11,1.7101915893,3.2339912376,1.3194252186,2.7070438296,Jake Allen,Alex Nedeljkovic,CG,CG,0,0,0,0,0,0,0,0,0,0,0,0,0,0,0,9,13,9,0,31,15,13,0,0,28,19,19,14,0,52,25,23,15,0,63,45,56,1,0,1,0,2,3,2,0,0,5,10,12,8,0,30,4,6,6,0,16,2,0,3,2,207,206,23,29,0.821,0.935,0,0,0,0,1,0,0,3558,42,3057,3057,5,82,0,0,0,0,0,0,27,0,0,0,0.0,-,,,,,,,,,,,,,,,,,,,,,,,,,,,,,,,
2025020177,2025-10-30,Kings,Red Wings,Home,SOL,12,11,4.1137081041,3.1089035645,2.0055983371,2.7204124645,Darcy Kuemper,Cam Talbot,CG,CG,0,0,1,0,0,0,0,0,1,1,0,0,0,0,0,10,14,9,6,39,6,13,8,0,27,21,28,24,9,82,16,27,16,1,60,54,53,0,1,2,0,3,0,2,1,0,3,5,9,3,0,17,3,2,6,0,11,0,2,4,3,445,252,24,36,0.889,0.923,0,0,0,3,4,1,43,1361,2496,3070,2892,47,86,115,0,3,0,0,0,0,0,0,178,0.0,-,,,,,,,,,,,,,,,,,,,,,,,,,,,,,,,
2025020177,2025-10-30,Red Wings,Kings,Away,SOW,11,12,3.1089035645,4.1137081041,2.7204124645,2.0055983371,Cam Talbot,Darcy Kuemper,CG,CG,0,0,0,0,0,0,1,0,0,0,0,0,1,0,0,6,13,8,0,27,10,14,9,6,39,16,27,16,1,60,21,28,24,9,82,53,54,0,2,1,0,3,0,1,2,0,3,3,2,6,0,11,5,9,3,0,17,2,0,3,4,252,445,36,24,0.923,0.889,0,0,3,0,1,4,1361,43,2496,3070,2892,86,47,0,115,0,3,0,0,0,0,0,178,0.0,-,,,,,,,,,,,,,,,,,,,,,,,,,,,,,,,
2025020178,2025-10-31,Golden Knights,Avalanche,Home,RL,11,12,2.1416199875,3.7398095947,1.4458825725,3.3265929327,Carl Lindbom,Scott Wedgewood,CG,CG,0,0,0,0,0,0,0,0,0,0,0,0,0,0,0,9,7,7,0,23,10,10,6,0,26,18,16,18,0,52,21,25,20,0,66,40,55,0,0,2,0,2,1,1,2,0,4,4,6,4,0,14,8,4,4,0,16,1,0,6,2,565,144,22,21,0.846,0.913,0,1,0,1,0,2,0,3559,41,2833,2795,15,25,40,0,16,0,0,0,0,4,38,0,0.0,-,,,,,,,,,,,,,,,,,,,,,,,,,,,,,,,
2025020178,2025-10-31,Avalanche,Golden Knights,Away,RW,12,11,3.7398095947,2.1416199875,3.3265929327,1.4458825725,Scott Wedgewood,Carl Lindbom,CG,CG,0,0,0,0,0,0,0,0,1,0,0,0,0,0,0,10,10,6,0,26,9,7,7,0,23,21,25,20,0,66,18,16,18,0,52,55,40,1,1,2,0,4,0,0,2,0,2,8,4,4,0,16,4,6,4,0,14,0,1,2,6,144,565,21,22,0.913,0.846,1,0,1,0,2,0,3559,0,41,2833,2795,25,15,0,40,0,16,0,0,4,0,38,0,0.0,-,,,,,,,,,,,,,,,,,,,,,,,,,,,,,,,
2025020179,2025-10-31,Capitals,Islanders,Home,RL,11,11,2.6599168844,3.4776640934,1.7980938954,1.7785443894000001,Logan Thompson,Ilya Sorokin,CG,CG,0,0,0,0,1,1,0,0,1,1,0,0,0,0,0,13,6,4,0,23,6,10,7,0,23,20,15,13,0,48,20,17,21,0,58,35,40,0,1,0,0,1,0,1,2,0,3,3,4,7,0,14,6,2,4,0,12,0,0,4,5,405,525,20,22,0.87,0.957,0,1,0,1,1,2,610,931,2059,2569,2516,60,19,0,0,0,0,0,0,0,21,53,0,0.0,-,,,,,,,,,,,,,,,,,,,,,,,,,,,,,,,
2025020179,2025-10-31,Islanders,Capitals,Away,RW,11,11,3.4776640934,2.6599168844,1.7785443894000001,1.7980938954,Ilya Sorokin,Logan Thompson,CG,CG,1,1,0,0,0,0,0,0,0,0,0,0,1,0,0,6,10,7,0,23,13,6,4,0,23,20,17,21,0,58,20,15,13,0,48,40,35,0,1,2,0,3,0,1,0,0,1,6,2,4,0,12,3,4,7,0,14,0,0,5,4,525,405,22,20,0.957,0.87,1,0,1,0,2,1,931,610,2059,2569,2516,19,60,0,0,0,0,0,0,21,0,53,0,0.0,-,,,,,,,,,,,,,,,,,,,,,,,,,,,,,,,
2025020180,2025-10-31,Ducks,Red Wings,Home,RW,10,12,4.053668483,3.1874201294,2.502357164,1.4323898164,Lukas Dostal,John Gibson,CG,CG,0,0,0,0,1,1,0,0,1,0,0,0,0,0,0,12,9,11,0,32,6,15,9,0,30,18,20,20,0,58,17,26,18,0,61,38,39,2,1,2,0,5,1,1,0,0,2,11,6,4,0,21,2,6,8,0,16,1,1,5,7,320,657,28,27,0.933,0.844,1,0,1,0,3,1,3062,0,538,2415,2374,75,30,34,0,0,0,0,0,55,6,41,0,0.0,-,,,,,,,,,,,,,,,,,,,,,,,,,,,,,,,
2025020180,2025-10-31,Red Wings,Ducks,Away,RL,12,10,3.1874201294,4.053668483,1.4323898164,2.502357164,John Gibson,Lukas Dostal,CG,CG,1,1,0,0,0,0,0,0,0,0,0,0,0,0,0,6,15,9,0,30,12,9,11,0,32,17,26,18,0,61,18,20,20,0,58,39,38,1,1,0,0,2,2,1,2,0,5,2,6,8,0,16,11,6,4,0,21,1,1,7,5,657,320,27,28,0.844,0.933,0,1,0,1,1,3,0,3062,538,2415,2374,30,75,0,34,0,0,0,0,6,55,41,0,0.0,-,,,,,,,,,,,,,,,,,,,,,,,,,,,,,,,
2025020181,2025-11-01,Bruins,Hurricanes,Home,RW,14,11,3.8191111007,2.2109166741,3.4957669707,1.7411590941,Jeremy Swayman,Frederik Andersen,CG,CG,0,0,1,0,0,0,0,0,1,0,0,0,0,0,0,11,6,5,0,22,9,9,11,0,29,21,23,15,0,59,21,15,19,0,55,55,47,0,0,2,0,2,0,0,1,0,1,10,8,8,0,26,6,8,7,0,21,0,0,1,1,120,120,28,20,0.966,0.909,0,0,2,0,2,2,1113,0,2487,3259,3259,20,81,0,0,0,0,0,0,0,0,0,0,0.0,-,,,,,,,,,,,,,,,,,,,,,,,,,,,,,,,
2025020181,2025-11-01,Hurricanes,Bruins,Away,RL,11,14,2.2109166741,3.8191111007,1.7411590941,3.4957669707,Frederik Andersen,Jeremy Swayman,CG,CG,0,0,0,0,0,0,1,0,0,0,0,0,0,0,0,9,9,11,0,29,11,6,5,0,22,21,15,19,0,55,21,23,15,0,59,47,55,0,0,1,0,1,0,0,2,0,2,6,8,7,0,21,10,8,8,0,26,0,0,1,1,120,120,20,28,0.909,0.966,0,0,0,2,2,2,0,1113,2487,3259,3259,81,20,0,0,0,0,0,0,0,0,0,0,0.0,-,,,,,,,,,,,,,,,,,,,,,,,,,,,,,,,
2025020182,2025-11-01,Jets,Penguins,Home,RW,12,13,3.9289418605,2.9748433971,3.4458133295,2.7294475961,Eric Comrie,Arturs Silovs,CG,CG,0,0,0,0,0,0,1,0,1,0,0,0,0,0,0,8,12,14,0,34,11,11,8,0,30,20,21,22,0,63,19,18,23,0,60,55,54,2,2,1,0,5,0,1,1,0,2,12,5,12,0,29,8,5,5,0,18,0,1,3,2,360,145,28,29,0.933,0.853,1,0,1,0,4,1,3585,0,15,2995,2995,25,75,0,0,0,0,0,0,0,0,0,0,0.0,-,,,,,,,,,,,,,,,,,,,,,,,,,,,,,,,
2025020182,2025-11-01,Penguins,Jets,Away,RL,13,12,2.9748433971,3.9289418605,2.7294475961,3.4458133295,Arturs Silovs,Eric Comrie,CG,CG,0,0,1,0,0,0,0,0,0,0,0,0,0,0,0,11,11,8,0,30,8,12,14,0,34,19,18,23,0,60,20,21,22,0,63,54,55,0,1,1,0,2,2,2,1,0,5,8,5,5,0,18,12,5,12,0,29,1,1,2,3,145,360,29,28,0.853,0.933,0,1,0,1,1,4,0,3585,15,2995,2995,75,25,0,0,0,0,0,0,0,0,0,0,0.0,-,,,,,,,,,,,,,,,,,,,,,,,,,,,,,,,
2025020183,2025-11-01,Predators,Flames,Home,RW,13,13,3.012708382,2.7764004515,2.098509162,2.2982364835,Juuse Saros,Dustin Wolf,CG,IG,0,0,0,0,0,0,0,0,1,0,0,0,0,0,0,11,7,6,0,24,15,11,9,0,35,22,17,13,0,52,26,20,23,0,69,41,58,3,0,1,0,4,0,0,2,0,2,3,6,4,0,13,6,9,3,0,18,1,0,4,2,434,240,33,20,0.943,0.833,1,0,1,0,3,1,2971,0,629,2799,2696,8,80,0,0,0,0,0,0,0,0,103,0,0.0,-,,,,,,,,,,,,,,,,,,,,,,,,,,,,,,,
2025020183,2025-11-01,Flames,Predators,Away,RL,13,13,2.7764004515,3.012708382,2.2982364835,2.098509162,Dustin Wolf,Juuse Saros,IG,CG,0,0,0,0,0,0,0,0,0,0,0,0,0,0,0,15,11,9,0,35,11,7,6,0,24,26,20,23,0,69,22,17,13,0,52,58,41,0,0,2,0,2,3,0,1,0,4,6,9,3,0,18,3,6,4,0,13,0,1,2,4,240,434,20,33,0.833,0.943,0,1,0,1,1,3,0,2971,629,2799,2696,80,8,0,0,0,0,0,0,0,0,103,0,0.0,-,,,,,,,,,,,,,,,,,,,,,,,,,,,,,,,
2025020184,2025-11-01,Sharks,Avalanche,Home,OTW,12,13,1.9545813383,4.5124080622000005,1.1366196143,3.7832888362,Yaroslav Askarov,Mackenzie Blackwood,CG,CG,0,0,0,0,1,0,0,0,0,0,0,0,1,0,0,6,5,9,3,23,15,16,7,1,39,14,13,14,3,44,25,27,22,1,75,34,64,1,1,0,1,3,1,1,0,0,2,7,7,2,0,16,3,6,4,0,13,0,0,3,2,360,240,37,20,0.949,0.87,0,0,0,0,2,3,303,1071,2334,3064,2956,25,19,0,0,0,0,0,0,0,0,0,108,0.0,-,,,,,,,,,,,,,,,,,,,,,,,,,,,,,,,
2025020184,2025-11-01,Avalanche,Sharks,Away,OTL,13,12,4.5124080622000005,1.9545813383,3.7832888362,1.1366196143,Mackenzie Blackwood,Yaroslav Askarov,CG,CG,1,0,0,0,0,0,0,0,1,1,0,0,0,0,0,15,16,7,1,39,6,5,9,3,23,25,27,22,1,75,14,13,14,3,44,64,34,1,1,0,0,2,1,1,0,1,3,3,6,4,0,13,7,7,2,0,16,0,0,2,3,240,360,20,37,0.87,0.949,0,0,0,0,3,2,1071,303,2334,3064,2956,19,25,0,0,0,0,0,0,0,0,0,108,0.0,-,,,,,,,,,,,,,,,,,,,,,,,,,,,,,,,
2025020185,2025-11-01,Panthers,Stars,Home,SOW,12,12,3.1397806154,2.057810435,2.1157274134,1.114213118,Sergei Bobrovsky,Casey DeSmith,CG,CG,0,0,0,0,0,0,0,0,1,0,0,0,0,0,0,6,12,7,3,28,5,7,5,5,22,14,23,13,7,57,13,14,19,6,52,44,42,0,2,1,0,3,0,2,1,0,3,10,7,9,0,26,11,7,3,0,21,0,2,1,3,120,206,19,25,0.864,0.893,0,0,1,0,3,2,1086,0,2814,3536,3236,10,28,0,0,0,0,0,0,0,0,0,300,0.0,-,,,,,,,,,,,,,,,,,,,,,,,,,,,,,,,
2025020185,2025-11-01,Stars,Panthers,Away,SOL,12,12,2.057810435,3.1397806154,1.114213118,2.1157274134,Casey DeSmith,Sergei Bobrovsky,CG,CG,0,0,0,0,0,0,0,0,0,0,0,0,0,0,0,5,7,5,5,22,6,12,7,3,28,13,14,19,6,52,14,23,13,7,57,42,44,0,2,1,0,3,0,2,1,0,3,11,7,3,0,21,10,7,9,0,26,2,0,3,1,206,120,25,19,0.893,0.864,0,0,0,1,2,3,0,1086,2814,3536,3236,28,10,0,0,0,0,0,0,0,0,0,300,0.0,-,,,,,,,,,,,,,,,,,,,,,,,,,,,,,,,
2025020186,2025-11-01,Sabres,Capitals,Home,SOW,12,12,2.8146828837,3.1469676158,1.6160785377,2.2043432444,Ukko-Pekka Luukkonen,Charlie Lindgren,CG,CG,0,0,0,0,1,0,0,0,0,0,0,0,1,1,0,10,7,6,1,24,9,15,5,5,34,23,17,13,3,56,18,25,13,7,63,34,47,3,0,0,0,3,2,1,0,0,3,9,6,7,0,22,7,9,1,0,17,0,0,3,4,360,480,31,21,0.912,0.875,0,0,0,0,2,2,1232,535,2133,2789,2351,88,43,0,0,0,0,0,0,0,0,138,300,0.0,-,,,,,,,,,,,,,,,,,,,,,,,,,,,,,,,
2025020186,2025-11-01,Capitals,Sabres,Away,SOL,12,12,3.1469676158,2.8146828837,2.2043432444,1.6160785377,Charlie Lindgren,Ukko-Pekka Luukkonen,CG,CG,1,0,0,0,0,0,0,0,1,1,1,0,0,0,0,9,15,5,5,34,10,7,6,1,24,18,25,13,7,63,23,17,13,3,56,47,34,2,1,0,0,3,3,0,0,0,3,7,9,1,0,17,9,6,7,0,22,0,0,4,3,480,360,21,31,0.875,0.912,0,0,0,0,2,2,535,1232,2133,2789,2351,43,88,0,0,0,0,0,0,0,0,138,300,0.0,-,,,,,,,,,,,,,,,,,,,,,,,,,,,,,,,
2025020187,2025-11-01,Canadiens,Senators,Home,OTW,12,13,3.6094018863,1.9848075796,2.8224901743,1.3726930936,Samuel Montembeault,Linus Ullmark,CG,CG,0,0,0,0,0,0,1,0,1,0,0,0,1,0,0,9,7,9,2,27,5,7,5,0,17,25,19,14,2,60,17,17,12,0,46,47,40,2,0,1,1,4,0,2,1,0,3,15,6,6,0,27,10,10,7,0,27,1,0,3,3,153,194,14,23,0.824,0.852,0,0,0,0,2,0,1964,310,1426,3191,2938,33,1,0,0,0,0,0,0,0,0,153,100,0.0,-,,,,,,,,,,,,,,,,,,,,,,,,,,,,,,,
2025020187,2025-11-01,Senators,Canadiens,Away,OTL,13,12,1.9848075796,3.6094018863,1.3726930936,2.8224901743,Linus Ullmark,Samuel Montembeault,CG,CG,0,0,1,0,0,0,0,0,0,1,0,0,0,0,0,5,7,5,0,17,9,7,9,2,27,17,17,12,0,46,25,19,14,2,60,40,47,0,2,1,0,3,2,0,1,1,4,10,10,7,0,27,15,6,6,0,27,0,1,3,3,194,153,23,14,0.852,0.824,0,0,0,0,0,2,310,1964,1426,3191,2938,1,33,0,0,0,0,0,0,0,0,153,100,0.0,-,,,,,,,,,,,,,,,,,,,,,,,,,,,,,,,
2025020188,2025-11-01,Flyers,Maple Leafs,Home,RL,11,12,3.6185768195,3.0115598374,2.1152194725,2.2939062054,Dan Vladar,Anthony Stolarz,IG,CG,0,0,0,0,0,0,0,0,1,1,0,0,0,0,0,7,7,19,0,33,6,12,9,0,27,21,20,24,0,65,15,22,20,0,57,42,43,1,0,1,0,2,1,2,2,0,5,5,9,3,0,17,7,6,7,0,20,1,0,6,3,606,359,22,31,0.815,0.939,0,1,0,4,5,1,307,1906,1387,2516,2516,64,34,0,0,0,0,0,0,49,0,0,0,0.0,-,,,,,,,,,,,,,,,,,,,,,,,,,,,,,,,
2025020188,2025-11-01,Maple Leafs,Flyers,Away,RW,12,11,3.0115598374,3.6185768195,2.2939062054,2.1152194725,Anthony Stolarz,Dan Vladar,CG,IG,0,0,0,0,0,0,0,0,0,0,0,0,1,0,0,6,12,9,0,27,7,7,19,0,33,15,22,20,0,57,21,20,24,0,65,43,42,1,2,2,0,5,1,0,1,0,2,7,6,7,0,20,5,9,3,0,17,0,1,3,6,359,606,31,22,0.939,0.815,1,0,4,0,1,5,1906,307,1387,2516,2516,34,64,0,0,0,0,0,0,0,49,0,0,0.0,-,,,,,,,,,,,,,,,,,,,,,,,,,,,,,,,
2025020189,2025-11-01,Blue Jackets,Blues,Home,RW,11,12,3.3941862173,3.8167348326,2.6930654373,2.9578701814,Jet Greaves,Joel Hofer,CG,CG,0,0,0,0,0,0,1,0,0,0,0,0,1,0,0,17,10,8,0,35,14,7,18,0,39,25,18,15,0,58,23,16,30,0,69,49,56,1,1,1,0,3,1,0,1,0,2,3,6,5,0,14,10,4,7,0,21,1,0,3,2,265,240,37,32,0.949,0.914,0,0,1,0,2,2,1685,61,1854,2841,2841,8,176,0,0,0,0,0,0,0,0,0,0,0.0,-,,,,,,,,,,,,,,,,,,,,,,,,,,,,,,,
2025020189,2025-11-01,Blues,Blue Jackets,Away,RL,12,11,3.8167348326,3.3941862173,2.9578701814,2.6930654373,Joel Hofer,Jet Greaves,CG,CG,0,0,1,0,0,0,0,0,1,1,0,0,0,0,0,14,7,18,0,39,17,10,8,0,35,23,16,30,0,69,25,18,15,0,58,56,49,1,0,1,0,2,1,1,1,0,3,10,4,7,0,21,3,6,5,0,14,0,1,2,3,240,265,32,37,0.914,0.949,0,0,0,1,2,2,61,1685,1854,2841,2841,176,8,0,0,0,0,0,0,0,0,0,0,0.0,-,,,,,,,,,,,,,,,,,,,,,,,,,,,,,,,
2025020190,2025-11-01,Wild,Canucks,Home,RW,13,13,3.6940459943,2.3719445929,2.8334334143,1.7408804609,Filip Gustavsson,Thatcher Demko,CG,CG,0,0,0,0,0,0,0,0,1,0,0,0,0,0,0,6,14,8,0,28,4,12,12,0,28,16,23,22,0,61,11,24,24,0,59,47,47,1,1,3,0,5,0,1,1,0,2,10,9,7,0,26,9,6,7,0,22,1,0,3,3,279,344,26,23,0.929,0.821,1,0,4,0,1,2,2152,0,1448,2797,2681,73,94,0,0,0,0,0,0,0,43,116,0,0.0,-,,,,,,,,,,,,,,,,,,,,,,,,,,,,,,,
2025020190,2025-11-01,Canucks,Wild,Away,RL,13,13,2.3719445929,3.6940459943,1.7408804609,2.8334334143,Thatcher Demko,Filip Gustavsson,CG,CG,0,0,0,0,0,0,0,0,0,0,0,0,0,0,0,4,12,12,0,28,6,14,8,0,28,11,24,24,0,59,16,23,22,0,61,47,47,0,1,1,0,2,1,1,3,0,5,9,6,7,0,22,10,9,7,0,26,0,1,3,3,344,279,23,26,0.821,0.929,0,1,0,4,2,1,0,2152,1448,2797,2681,94,73,0,0,0,0,0,0,43,0,116,0,0.0,-,,,,,,,,,,,,,,,,,,,,,,,,,,,,,,,
2025020191,2025-11-01,Kings,Devils,Home,RL,13,12,2.6643662949,2.392298051,2.1519828474,1.934955604,Darcy Kuemper,Jacob Markstrom,CG,CG,0,0,0,0,0,0,0,0,0,0,0,0,0,0,0,14,18,12,0,44,8,11,3,0,22,27,30,21,0,78,19,23,20,0,62,65,52,0,0,1,0,1,1,1,2,0,4,4,3,3,0,10,6,5,1,0,12,0,0,4,0,480,0,18,43,0.818,0.977,0,1,0,4,2,1,0,3518,82,3047,3047,40,13,0,0,0,0,0,0,38,0,0,0,0.0,-,,,,,,,,,,,,,,,,,,,,,,,,,,,,,,,
2025020191,2025-11-01,Devils,Kings,Away,RW,12,13,2.392298051,2.6643662949,1.934955604,2.1519828474,Jacob Markstrom,Darcy Kuemper,CG,CG,0,0,0,0,0,0,0,0,1,0,0,0,0,0,0,8,11,3,0,22,14,18,12,0,44,19,23,20,0,62,27,30,21,0,78,52,65,1,1,2,0,4,0,0,1,0,1,6,5,1,0,12,4,3,3,0,10,0,0,0,4,0,480,43,18,0.977,0.818,1,0,4,0,1,2,3518,0,82,3047,3047,13,40,0,0,0,0,0,0,0,38,0,0,0.0,-,,,,,,,,,,,,,,,,,,,,,,,,,,,,,,,
2025020192,2025-11-01,Oilers,Blackhawks,Home,OTW,13,12,4.1111951125,2.8129775686,2.8602298675,2.2857963616,Stuart Skinner,Spencer Knight,CG,CG,0,0,0,0,0,0,0,0,1,0,0,0,0,0,0,13,10,4,3,30,6,11,11,1,29,21,19,14,4,58,23,18,20,2,63,45,56,0,2,0,1,3,0,1,1,0,2,7,5,6,0,18,5,2,2,0,9,2,1,3,1,290,68,27,27,0.931,0.9,0,0,0,0,1,2,820,0,2943,3365,3202,2,2,0,0,0,0,0,0,0,0,0,163,0.0,-,,,,,,,,,,,,,,,,,,,,,,,,,,,,,,,
2025020192,2025-11-01,Blackhawks,Oilers,Away,OTL,12,13,2.8129775686,4.1111951125,2.2857963616,2.8602298675,Spencer Knight,Stuart Skinner,CG,CG,0,0,0,0,0,0,0,0,0,0,0,0,0,0,0,6,11,11,1,29,13,10,4,3,30,23,18,20,2,63,21,19,14,4,58,56,45,0,1,1,0,2,0,2,0,1,3,5,2,2,0,9,7,5,6,0,18,1,2,1,3,68,290,27,27,0.9,0.931,0,0,0,0,2,1,0,820,2943,3365,3202,2,2,0,0,0,0,0,0,0,0,0,163,0.0,-,,,,,,,,,,,,,,,,,,,,,,,,,,,,,,,
2025020193,2025-11-01,Kraken,Rangers,Home,OTL,11,13,1.6317653488,3.8307671228,1.2265703728,1.8966919858,Joey Daccord,Igor Shesterkin,CG,CG,0,0,0,0,0,0,0,0,0,0,0,0,0,0,0,5,3,4,1,13,10,6,9,2,27,19,16,11,3,49,21,21,20,2,64,38,46,1,1,0,0,2,2,0,0,1,3,5,1,5,0,11,8,10,6,0,24,1,0,2,3,170,381,24,11,0.889,0.846,0,0,0,0,3,3,0,942,2820,3154,2992,21,27,0,0,0,0,0,0,0,0,0,162,0.0,-,,,,,,,,,,,,,,,,,,,,,,,,,,,,,,,
2025020193,2025-11-01,Rangers,Kraken,Away,OTW,13,11,3.8307671228,1.6317653488,1.8966919858,1.2265703728,Igor Shesterkin,Joey Daccord,CG,CG,0,0,0,0,0,0,0,0,1,0,0,0,0,0,0,10,6,9,2,27,5,3,4,1,13,21,21,20,2,64,19,16,11,3,49,46,38,2,0,0,1,3,1,1,0,0,2,8,10,6,0,24,5,1,5,0,11,0,1,3,2,381,170,11,24,0.846,0.889,0,0,0,0,3,3,942,0,2820,3154,2992,27,21,0,0,0,0,0,0,0,0,0,162,0.0,-,,,,,,,,,,,,,,,,,,,,,,,,,,,,,,,
2025020194,2025-11-02,Mammoth,Lightning,Home,RL,12,12,2.7445419894,2.457641999,2.0324756867,1.653769466,Karel Vejmelka,Jonas Johansson,CG,CG,0,0,0,0,0,0,0,0,1,1,0,0,0,0,0,6,9,12,0,27,9,10,7,0,26,10,20,22,0,52,19,17,17,0,53,38,43,1,0,1,0,2,1,1,2,0,4,4,8,7,0,19,6,4,6,0,16,0,0,3,2,329,207,22,25,0.846,0.926,0,1,0,4,1,0,562,1648,1390,2879,2735,138,28,0,0,0,0,0,0,0,79,144,0,0.0,-,,,,,,,,,,,,,,,,,,,,,,,,,,,,,,,
2025020194,2025-11-02,Lightning,Mammoth,Away,RW,12,12,2.457641999,2.7445419894,1.653769466,2.0324756867,Jonas Johansson,Karel Vejmelka,CG,CG,0,0,0,0,0,0,0,0,0,0,0,0,1,0,0,9,10,7,0,26,6,9,12,0,27,19,17,17,0,53,10,20,22,0,52,43,38,1,1,2,0,4,1,0,1,0,2,6,4,6,0,16,4,8,7,0,19,0,0,2,3,207,329,25,22,0.926,0.846,1,0,4,0,0,1,1648,562,1390,2879,2735,28,138,0,0,0,0,0,0,79,0,144,0,0.0,-,,,,,,,,,,,,,,,,,,,,,,,,,,,,,,,
2025020195,2025-11-02,Islanders,Blue Jackets,Home,RW,12,12,4.1996522562,3.0960481324,3.9435236762,2.2175171654,David Rittich,Elvis Merzlikins,CG,CG,0,1,1,0,1,0,1,0,1,0,0,0,1,0,0,18,10,11,0,39,3,14,5,0,22,27,15,23,0,65,13,25,12,0,50,58,39,1,0,2,0,3,0,1,1,0,2,5,3,2,0,10,8,12,6,0,26,1,0,2,4,49,399,20,36,0.909,0.923,0,0,1,0,2,2,1806,403,1391,2973,2901,51,89,0,0,0,0,0,0,24,0,72,0,0.0,-,,,,,,,,,,,,,,,,,,,,,,,,,,,,,,,
2025020195,2025-11-02,Blue Jackets,Islanders,Away,RL,12,12,3.0960481324,4.1996522562,2.2175171654,3.9435236762,Elvis Merzlikins,David Rittich,CG,CG,1,0,1,0,0,1,1,0,0,1,0,0,0,0,0,3,14,5,0,22,18,10,11,0,39,13,25,12,0,50,27,15,23,0,65,39,58,0,1,1,0,2,1,0,2,0,3,8,12,6,0,26,5,3,2,0,10,0,1,4,2,399,49,36,20,0.923,0.909,0,0,0,1,2,2,403,1806,1391,2973,2901,89,51,0,0,0,0,0,0,0,24,72,0,0.0,-,,,,,,,,,,,,,,,,,,,,,,,,,,,,,,,
2025020196,2025-11-02,Flyers,Flames,Home,RL,12,14,1.4587597833,1.7161331373,1.2399463373,1.1057892033,Aleksei Kolosov,Dustin Wolf,CG,CG,1,1,1,0,1,1,1,0,0,0,0,0,0,0,0,3,6,9,0,18,10,7,4,0,21,12,19,18,0,49,20,19,11,0,50,44,39,0,0,1,0,1,0,1,1,0,2,6,6,9,0,21,6,12,7,0,25,0,0,1,2,66,217,19,17,0.905,0.944,0,0,0,5,2,2,0,2265,1335,3214,3157,103,0,0,0,0,0,0,0,0,0,57,0,0.0,-,,,,,,,,,,,,,,,,,,,,,,,,,,,,,,,
2025020196,2025-11-02,Flames,Flyers,Away,RW,14,12,1.7161331373,1.4587597833,1.1057892033,1.2399463373,Dustin Wolf,Aleksei Kolosov,CG,CG,1,1,1,0,1,1,1,0,1,0,0,0,0,0,0,10,7,4,0,21,3,6,9,0,18,20,19,11,0,50,12,19,18,0,49,39,44,0,1,1,0,2,0,0,1,0,1,6,12,7,0,25,6,6,9,0,21,0,0,2,1,217,66,17,19,0.944,0.905,0,0,5,0,2,2,2265,0,1335,3214,3157,0,103,0,0,0,0,0,0,0,0,57,0,0.0,-,,,,,,,,,,,,,,,,,,,,,,,,,,,,,,,
2025020197,2025-11-02,Ducks,Devils,Home,RW,11,13,4.4577438625,2.4200174018,3.8536440615,2.1308096618,Lukas Dostal,Jake Allen,CG,CG,0,0,0,0,1,1,1,0,1,0,0,0,0,0,0,9,9,11,0,29,14,7,12,0,33,21,21,20,0,62,21,24,30,0,75,54,65,2,1,1,0,4,0,0,1,0,1,6,7,5,0,18,3,4,8,0,15,0,0,2,1,249,120,32,25,0.97,0.862,1,0,2,0,3,3,3347,0,253,3067,3067,3,161,0,0,0,0,0,0,0,0,0,0,0.0,-,,,,,,,,,,,,,,,,,,,,,,,,,,,,,,,
2025020197,2025-11-02,Devils,Ducks,Away,RL,13,11,2.4200174018,4.4577438625,2.1308096618,3.8536440615,Jake Allen,Lukas Dostal,CG,CG,1,1,1,0,0,0,0,0,0,0,0,0,0,0,0,14,7,12,0,33,9,9,11,0,29,21,24,30,0,75,21,21,20,0,62,65,54,0,0,1,0,1,2,1,1,0,4,3,4,8,0,15,6,7,5,0,18,0,0,1,2,120,249,25,32,0.862,0.97,0,1,0,2,3,3,0,3347,253,3067,3067,161,3,0,0,0,0,0,0,0,0,0,0,0.0,-,,,,,,,,,,,,,,,,,,,,,,,,,,,,,,,
2025020198,2025-11-02,Sharks,Red Wings,Home,SOL,13,13,1.1984797645,2.767498576,0.8629879515,1.753092202,Alex Nedeljkovic,Cam Talbot,CG,CG,1,1,1,0,0,1,1,0,0,0,0,0,0,0,0,5,4,7,2,18,6,14,8,4,32,18,11,14,3,46,17,28,24,4,73,37,59,0,0,2,0,2,0,1,1,0,2,2,10,4,0,16,4,4,8,0,16,0,0,2,2,240,240,30,16,0.938,0.889,0,0,0,0,2,0,0,563,3337,3310,3010,60,26,0,0,0,0,0,0,0,0,0,300,0.0,-,,,,,,,,,,,,,,,,,,,,,,,,,,,,,,,
2025020198,2025-11-02,Red Wings,Sharks,Away,SOW,13,13,2.767498576,1.1984797645,1.753092202,0.8629879515,Cam Talbot,Alex Nedeljkovic,CG,CG,0,1,1,0,1,1,1,0,1,0,0,0,0,0,0,6,14,8,4,32,5,4,7,2,18,17,28,24,4,73,18,11,14,3,46,59,37,0,1,1,0,2,0,0,2,0,2,4,4,8,0,16,2,10,4,0,16,0,0,2,2,240,240,16,30,0.889,0.938,0,0,0,0,0,2,563,0,3337,3310,3010,26,60,0,0,0,0,0,0,0,0,0,300,0.0,-,,,,,,,,,,,,,,,,,,,,,,,,,,,,,,,
2025020199,2025-11-03,Maple Leafs,Penguins,Home,RW,13,14,1.9969779842,3.5489715647,1.8946879241999999,2.5063560307,Anthony Stolarz,Tristan Jarry,CG,CG,0,0,0,0,0,0,0,0,0,0,0,0,1,1,1,5,3,12,0,20,8,17,12,0,37,17,15,25,0,57,17,26,16,0,59,47,46,0,0,4,0,4,2,1,0,0,3,16,13,6,0,35,4,2,3,0,9,0,1,1,3,120,306,34,16,0.919,0.8,0,0,4,0,3,0,377,2027,1196,3023,3023,12,122,0,0,0,0,0,0,0,0,0,0,0.0,-,,,,,,,,,,,,,,,,,,,,,,,,,,,,,,,
2025020199,2025-11-03,Penguins,Maple Leafs,Away,RL,14,13,3.5489715647,1.9969779842,2.5063560307,1.8946879241999999,Tristan Jarry,Anthony Stolarz,CG,CG,0,0,0,0,0,0,0,0,1,1,1,1,0,0,0,8,17,12,0,37,5,3,12,0,20,17,26,16,0,59,17,15,25,0,57,46,47,2,1,0,0,3,0,0,4,0,4,4,2,3,0,9,16,13,6,0,35,1,0,3,1,306,120,16,34,0.8,0.919,0,0,0,4,0,3,2027,377,1196,3023,3023,122,12,0,0,0,0,0,0,0,0,0,0,0.0,-,,,,,,,,,,,,,,,,,,,,,,,,,,,,,,,
2025020200,2025-11-03,Blues,Oilers,Home,RW,13,14,2.6821210558,2.8100407135,2.4731627108,2.6014473535000002,Jordan Binnington,Calvin Pickard,CG,CG,0,0,0,0,0,0,0,0,0,0,0,0,1,1,0,9,9,4,0,22,8,11,7,0,26,22,19,17,0,58,15,18,16,0,49,55,45,0,2,1,0,3,1,1,0,0,2,3,5,5,0,13,7,6,4,0,17,1,1,2,1,134,8,24,19,0.923,0.864,0,0,1,0,3,1,83,1200,2317,3387,3387,0,65,0,0,0,0,0,0,0,0,0,0,0.0,-,,,,,,,,,,,,,,,,,,,,,,,,,,,,,,,
2025020200,2025-11-03,Oilers,Blues,Away,RL,14,13,2.8100407135,2.6821210558,2.6014473535000002,2.4731627108,Calvin Pickard,Jordan Binnington,CG,CG,0,0,0,0,0,0,0,0,1,1,1,0,0,0,0,8,11,7,0,26,9,9,4,0,22,15,18,16,0,49,22,19,17,0,58,45,55,1,1,0,0,2,0,2,1,0,3,7,6,4,0,17,3,5,5,0,13,1,1,1,2,8,134,19,24,0.864,0.923,0,0,0,1,1,3,1200,83,2317,3387,3387,65,0,0,0,0,0,0,0,0,0,0,0,0.0,-,,,,,,,,,,,,,,,,,,,,,,,,,,,,,,,
2025020201,2025-11-03,Predators,Canucks,Home,OTL,14,14,2.564467192,3.4637733763,1.896441996,2.1798449413,Juuse Saros,Thatcher Demko,CG,CG,0,0,0,0,0,0,0,0,1,1,0,0,0,0,0,4,10,14,1,29,12,14,8,2,36,11,19,19,2,51,26,22,22,2,72,38,56,1,1,2,0,4,1,2,1,1,5,8,7,4,0,19,6,8,8,0,22,2,2,4,3,365,215,31,25,0.861,0.862,0,0,1,0,1,2,478,1420,2000,3231,2933,25,58,0,0,0,44,0,0,0,0,0,298,0.0,-,,,,,,,,,,,,,,,,,,,,,,,,,,,,,,,
2025020201,2025-11-03,Canucks,Predators,Away,OTW,14,14,3.4637733763,2.564467192,2.1798449413,1.896441996,Thatcher Demko,Juuse Saros,CG,CG,0,0,0,0,0,0,0,0,0,0,0,0,1,0,0,12,14,8,2,36,4,10,14,1,29,26,22,22,2,72,11,19,19,2,51,56,38,1,2,1,1,5,1,1,2,0,4,6,8,8,0,22,8,7,4,0,19,2,2,3,4,215,365,25,31,0.862,0.861,0,0,0,1,2,1,1420,478,2000,3231,2933,58,25,0,0,44,0,0,0,0,0,0,298,0.0,-,,,,,,,,,,,,,,,,,,,,,,,,,,,,,,,
2025020202,2025-11-03,Kraken,Blackhawks,Home,RW,12,13,2.4502769564,3.2280206987,1.8167884854,2.7413493647,Joey Daccord,Arvid Soderblom,CG,CG,0,0,0,0,0,0,0,0,1,0,0,0,0,0,0,10,5,9,0,24,10,14,6,0,30,12,22,20,0,54,14,25,17,0,56,38,47,0,2,1,0,3,0,0,1,0,1,6,9,5,0,20,6,2,4,0,12,1,0,2,3,135,360,29,21,0.967,0.875,0,0,3,0,0,2,2223,0,1377,2926,2926,49,130,0,0,0,0,0,0,0,9,0,0,0.0,-,,,,,,,,,,,,,,,,,,,,,,,,,,,,,,,
2025020202,2025-11-03,Blackhawks,Kraken,Away,RL,13,12,3.2280206987,2.4502769564,2.7413493647,1.8167884854,Arvid Soderblom,Joey Daccord,CG,CG,0,0,0,0,0,0,0,0,0,0,0,0,0,0,0,10,14,6,0,30,10,5,9,0,24,14,25,17,0,56,12,22,20,0,54,47,38,0,0,1,0,1,0,2,1,0,3,6,2,4,0,12,6,9,5,0,20,0,1,3,2,360,135,21,29,0.875,0.967,0,0,0,3,2,0,0,2223,1377,2926,2926,130,49,0,0,0,0,0,0,9,0,0,0,0.0,-,,,,,,,,,,,,,,,,,,,,,,,,,,,,,,,
2025020203,2025-11-04,Sabres,Mammoth,Home,OTL,13,13,1.9175372166,4.4457150881,1.6334503106,3.2310648501,Alex Lyon,Karel Vejmelka,CG,CG,0,0,0,0,0,0,0,0,0,0,0,0,0,0,0,9,5,3,1,18,7,15,12,1,35,18,16,17,1,52,17,26,19,1,63,45,49,0,0,1,0,1,0,0,1,1,2,6,5,9,0,20,9,5,1,0,15,0,0,2,2,240,240,33,17,0.943,0.944,0,0,0,0,3,3,0,232,3415,3100,3053,24,43,0,0,0,0,0,0,0,0,0,47,0.0,-,,,,,,,,,,,,,,,,,,,,,,,,,,,,,,,
2025020203,2025-11-04,Mammoth,Sabres,Away,OTW,13,13,4.4457150881,1.9175372166,3.2310648501,1.6334503106,Karel Vejmelka,Alex Lyon,CG,CG,0,0,0,0,0,0,0,0,1,0,0,0,0,0,0,7,15,12,1,35,9,5,3,1,18,17,26,19,1,63,18,16,17,1,52,49,45,0,0,1,1,2,0,0,1,0,1,9,5,1,0,15,6,5,9,0,20,0,0,2,2,240,240,17,33,0.944,0.943,0,0,0,0,3,3,232,0,3415,3100,3053,43,24,0,0,0,0,0,0,0,0,0,47,0.0,-,,,,,,,,,,,,,,,,,,,,,,,,,,,,,,,
2025020204,2025-11-04,Canadiens,Flyers,Home,SOL,13,13,3.1260874738,5.0455780186,1.7027822588000001,2.7774776866,Samuel Montembeault,Dan Vladar,CG,CG,0,0,0,0,0,1,1,0,0,1,0,0,0,0,0,2,9,7,2,20,12,17,11,2,42,6,23,18,5,52,21,26,15,4,66,38,44,0,4,0,0,4,3,0,1,0,4,10,9,7,0,26,6,9,7,0,22,2,2,4,6,359,469,38,16,0.905,0.8,0,0,0,0,6,0,894,1892,1114,2944,2652,45,23,0,8,0,60,0,0,0,0,0,292,0.0,-,,,,,,,,,,,,,,,,,,,,,,,,,,,,,,,
2025020204,2025-11-04,Flyers,Canadiens,Away,SOW,13,13,5.0455780186,3.1260874738,2.7774776866,1.7027822588000001,Dan Vladar,Samuel Montembeault,CG,CG,0,1,1,0,0,0,0,0,1,0,0,0,1,0,0,12,17,11,2,42,2,9,7,2,20,21,26,15,4,66,6,23,18,5,52,44,38,3,0,1,0,4,0,4,0,0,4,6,9,7,0,22,10,9,7,0,26,2,2,6,4,469,359,16,38,0.8,0.905,0,0,0,0,0,6,1892,894,1114,2944,2652,23,45,8,0,60,0,0,0,0,0,0,292,0.0,-,,,,,,,,,,,,,,,,,,,,,,,,,,,,,,,
2025020205,2025-11-04,Islanders,Bruins,Home,SOL,13,15,4.0769346846,3.398043463,2.3395490336,1.776622776,Ilya Sorokin,Jeremy Swayman,CG,CG,0,0,1,0,0,0,0,0,1,1,0,0,0,0,0,3,18,10,2,33,7,8,11,1,27,9,26,27,4,66,12,22,21,3,58,45,42,0,2,1,0,3,0,2,1,0,3,7,5,3,0,15,5,7,4,0,16,0,1,3,4,369,397,24,30,0.889,0.909,0,0,0,0,1,1,1294,0,2606,3013,2738,41,61,25,0,0,0,0,0,0,0,14,261,0.0,-,,,,,,,,,,,,,,,,,,,,,,,,,,,,,,,
2025020205,2025-11-04,Bruins,Islanders,Away,SOW,15,13,3.398043463,4.0769346846,1.776622776,2.3395490336,Jeremy Swayman,Ilya Sorokin,CG,CG,0,0,0,0,0,0,1,0,0,0,0,0,1,0,0,7,8,11,1,27,3,18,10,2,33,12,22,21,3,58,9,26,27,4,66,42,45,0,2,1,0,3,0,2,1,0,3,5,7,4,0,16,7,5,3,0,15,1,0,4,3,397,369,30,24,0.909,0.889,0,0,0,0,1,1,0,1294,2606,3013,2738,61,41,0,25,0,0,0,0,0,0,14,261,0.0,-,,,,,,,,,,,,,,,,,,,,,,,,,,,,,,,
2025020206,2025-11-04,Rangers,Hurricanes,Home,RL,14,12,2.1776340058,2.9538085343000002,1.4352084158,2.153374611,Igor Shesterkin,Pyotr Kochetkov,CG,CG,0,0,0,0,0,0,0,0,0,0,0,0,0,0,0,15,10,1,0,26,13,13,6,0,32,25,20,11,0,56,25,25,17,0,67,38,54,0,0,0,0,0,1,1,1,0,3,9,6,7,0,22,4,3,6,0,13,0,1,3,3,360,288,29,26,0.906,1.0,0,1,0,3,0,3,0,2790,810,2764,2764,90,98,0,0,0,0,0,0,0,0,0,0,0.0,-,,,,,,,,,,,,,,,,,,,,,,,,,,,,,,,
2025020206,2025-11-04,Hurricanes,Rangers,Away,RW,12,14,2.9538085343000002,2.1776340058,2.153374611,1.4352084158,Pyotr Kochetkov,Igor Shesterkin,CG,CG,0,0,0,0,0,0,0,0,1,0,0,0,0,0,0,13,13,6,0,32,15,10,1,0,26,25,25,17,0,67,25,20,11,0,56,54,38,1,1,1,0,3,0,0,0,0,0,4,3,6,0,13,9,6,7,0,22,1,0,3,3,288,360,26,29,1.0,0.906,1,0,3,0,3,0,2790,0,810,2764,2764,98,90,0,0,0,0,0,0,0,0,0,0,0.0,-,,,,,,,,,,,,,,,,,,,,,,,,,,,,,,,
2025020207,2025-11-04,Stars,Oilers,Home,SOW,13,15,4.674893364,3.069896664,2.960920162,2.403005856,Casey DeSmith,Stuart Skinner,CG,CG,0,0,0,0,1,1,1,0,0,0,0,0,1,1,0,11,8,5,3,27,7,5,12,2,26,17,17,12,5,51,20,16,21,4,61,33,46,0,1,2,0,3,2,0,1,0,3,7,3,7,1,18,8,5,5,0,18,1,1,4,3,336,194,23,24,0.885,0.889,0,0,0,0,3,4,0,2920,980,3257,2919,22,39,0,0,0,0,0,0,28,37,38,300,0.0,-,,,,,,,,,,,,,,,,,,,,,,,,,,,,,,,
2025020207,2025-11-04,Oilers,Stars,Away,SOL,15,13,3.069896664,4.674893364,2.403005856,2.960920162,Stuart Skinner,Casey DeSmith,CG,CG,1,1,1,0,0,0,0,0,1,1,1,0,0,0,0,7,5,12,2,26,11,8,5,3,27,20,16,21,4,61,17,17,12,5,51,46,33,2,0,1,0,3,0,1,2,0,3,8,5,5,0,18,7,3,7,1,18,1,1,3,4,194,336,24,23,0.889,0.885,0,0,0,0,4,3,2920,0,980,3257,2919,39,22,0,0,0,0,0,0,37,28,38,300,0.0,-,,,,,,,,,,,,,,,,,,,,,,,,,,,,,,,
2025020208,2025-11-04,Wild,Predators,Home,OTW,14,15,4.4860127024,3.1621729712,2.2127185119,2.2805128073,Filip Gustavsson,Justus Annunen,CG,CG,0,0,0,0,1,1,1,0,1,0,0,0,0,0,0,9,4,8,4,25,10,14,9,1,34,25,16,22,5,68,25,20,17,2,64,53,47,1,1,0,1,3,0,1,1,0,2,12,4,6,0,22,4,2,7,0,13,2,0,3,2,268,240,32,22,0.941,0.88,0,0,4,0,4,2,2310,0,1508,3045,2827,66,191,0,0,0,0,0,0,0,0,0,218,0.0,-,,,,,,,,,,,,,,,,,,,,,,,,,,,,,,,
2025020208,2025-11-04,Predators,Wild,Away,OTL,15,14,3.1621729712,4.4860127024,2.2805128073,2.2127185119,Justus Annunen,Filip Gustavsson,CG,CG,1,1,1,0,0,0,0,0,0,0,0,0,0,0,0,10,14,9,1,34,9,4,8,4,25,25,20,17,2,64,25,16,22,5,68,47,53,0,1,1,0,2,1,1,0,1,3,4,2,7,0,13,12,4,6,0,22,0,2,2,3,240,268,22,32,0.88,0.941,0,0,0,4,2,4,0,2310,1508,3045,2827,191,66,0,0,0,0,0,0,0,0,0,218,0.0,-,,,,,,,,,,,,,,,,,,,,,,,,,,,,,,,
2025020209,2025-11-04,Avalanche,Lightning,Home,RW,14,13,3.80326387,2.2097088988999998,2.873268,1.7255711289,Scott Wedgewood,Andrei Vasilevskiy,CG,CG,0,0,0,0,0,0,0,0,0,0,0,0,1,0,0,10,14,9,0,33,9,7,8,0,24,12,30,20,0,62,22,18,18,0,58,45,45,1,2,0,0,3,1,0,1,0,2,3,6,8,0,17,6,10,7,0,23,1,0,4,3,377,360,22,30,0.917,0.909,0,0,7,0,1,1,2152,734,714,2556,2556,40,234,0,0,0,0,0,0,0,0,0,0,0.0,-,,,,,,,,,,,,,,,,,,,,,,,,,,,,,,,
2025020209,2025-11-04,Lightning,Avalanche,Away,RL,13,14,2.2097088988999998,3.80326387,1.7255711289,2.873268,Andrei Vasilevskiy,Scott Wedgewood,CG,CG,0,0,0,0,0,0,0,0,1,1,0,0,0,0,0,9,7,8,0,24,10,14,9,0,33,22,18,18,0,58,12,30,20,0,62,45,45,1,0,1,0,2,1,2,0,0,3,6,10,7,0,23,3,6,8,0,17,0,1,3,4,360,377,30,22,0.909,0.917,0,0,0,7,1,1,734,2152,714,2556,2556,234,40,0,0,0,0,0,0,0,0,0,0,0.0,-,,,,,,,,,,,,,,,,,,,,,,,,,,,,,,,
2025020210,2025-11-04,Golden Knights,Red Wings,Home,RW,12,14,4.4272486237,2.1731602453,3.8907993177,1.7696379853,Akira Schmid,John Gibson,CG,CG,0,0,0,0,0,0,1,0,1,0,0,0,0,0,0,14,9,11,0,34,9,5,10,0,24,24,18,24,0,66,19,22,19,0,60,59,56,0,1,0,0,1,0,0,0,0,0,5,13,3,0,21,5,2,3,0,10,0,0,1,2,55,175,24,33,1.0,0.971,0,0,2,0,0,2,1575,0,2025,3268,3210,11,84,0,0,0,0,0,0,48,0,58,0,0.0,-,,,,,,,,,,,,,,,,,,,,,,,,,,,,,,,
2025020210,2025-11-04,Red Wings,Golden Knights,Away,RL,14,12,2.1731602453,4.4272486237,1.7696379853,3.8907993177,John Gibson,Akira Schmid,CG,CG,0,0,1,0,0,0,0,0,0,0,0,0,0,0,0,9,5,10,0,24,14,9,11,0,34,19,22,19,0,60,24,18,24,0,66,56,59,0,0,0,0,0,0,1,0,0,1,5,2,3,0,10,5,13,3,0,21,0,0,2,1,175,55,33,24,0.971,1.0,0,0,0,2,2,0,0,1575,2025,3268,3210,84,11,0,0,0,0,0,0,0,48,58,0,0.0,-,,,,,,,,,,,,,,,,,,,,,,,,,,,,,,,
2025020211,2025-11-04,Ducks,Panthers,Home,RW,12,13,3.8420422834,3.0242470285,3.0124224864,2.352863168,Lukas Dostal,Sergei Bobrovsky,CG,CG,0,0,0,0,0,0,0,0,1,0,0,0,1,0,0,9,10,13,0,32,9,10,2,0,21,17,22,17,0,56,22,25,9,0,56,40,47,2,2,3,0,7,1,2,0,0,3,6,2,5,0,13,9,15,3,0,27,2,1,7,5,411,432,18,25,0.857,0.781,0,0,0,0,1,2,2390,299,911,2571,2347,8,72,0,0,0,0,0,0,26,0,224,0,0.0,-,,,,,,,,,,,,,,,,,,,,,,,,,,,,,,,
2025020211,2025-11-04,Panthers,Ducks,Away,RL,13,12,3.0242470285,3.8420422834,2.352863168,3.0124224864,Sergei Bobrovsky,Lukas Dostal,CG,CG,0,0,0,0,0,0,0,0,0,1,0,0,0,0,0,9,10,2,0,21,9,10,13,0,32,22,25,9,0,56,17,22,17,0,56,47,40,1,2,0,0,3,2,2,3,0,7,9,15,3,0,27,6,2,5,0,13,1,2,5,7,432,411,25,18,0.781,0.857,0,0,0,0,2,1,299,2390,911,2571,2347,72,8,0,0,0,0,0,0,0,26,224,0,0.0,-,,,,,,,,,,,,,,,,,,,,,,,,,,,,,,,
2025020212,2025-11-04,Kings,Jets,Home,RW,14,13,2.8269107743,2.1849896837,2.2140006083,1.2329914817,Darcy Kuemper,Connor Hellebuyck,CG,CG,0,0,0,0,0,0,0,0,1,0,0,0,0,0,0,7,11,8,0,26,5,8,10,0,23,13,17,19,0,49,15,21,20,0,56,35,32,1,0,2,0,3,0,0,0,0,0,3,5,5,0,13,8,5,3,0,16,1,0,6,5,504,498,23,23,1.0,0.885,1,0,7,0,1,1,2571,0,1029,2338,2262,76,112,0,0,35,0,0,0,0,56,76,0,0.0,-,,,,,,,,,,,,,,,,,,,,,,,,,,,,,,,
2025020212,2025-11-04,Jets,Kings,Away,RL,13,14,2.1849896837,2.8269107743,1.2329914817,2.2140006083,Connor Hellebuyck,Darcy Kuemper,CG,CG,0,0,0,0,0,0,0,0,0,0,0,0,0,0,0,5,8,10,0,23,7,11,8,0,26,15,21,20,0,56,13,17,19,0,49,32,35,0,0,0,0,0,1,0,2,0,3,8,5,3,0,16,3,5,5,0,13,0,1,5,6,498,504,23,23,0.885,1.0,0,1,0,7,1,1,0,2571,1029,2338,2262,112,76,0,0,0,35,0,0,56,0,76,0,0.0,-,,,,,,,,,,,,,,,,,,,,,,,,,,,,,,,
2025020213,2025-11-05,Maple Leafs,Mammoth,Home,RW,14,14,2.7269362073,2.0413273955,2.4737942687,1.6759257965,Anthony Stolarz,Vitek Vanecek,CG,CG,0,0,0,0,1,1,0,0,0,0,0,0,1,0,0,5,7,7,0,19,8,8,8,0,24,17,12,14,0,43,15,15,14,0,44,35,36,0,2,3,0,5,1,1,1,0,3,4,5,6,0,15,8,4,5,0,17,0,0,1,3,126,360,21,14,0.875,0.737,1,0,3,0,1,1,1165,357,2078,2980,2980,40,94,0,0,0,0,0,0,0,0,0,0,0.0,-,,,,,,,,,,,,,,,,,,,,,,,,,,,,,,,
2025020213,2025-11-05,Mammoth,Maple Leafs,Away,RL,14,14,2.0413273955,2.7269362073,1.6759257965,2.4737942687,Vitek Vanecek,Anthony Stolarz,CG,CG,1,1,0,0,0,0,0,0,1,1,0,0,0,0,0,8,8,8,0,24,5,7,7,0,19,15,15,14,0,44,17,12,14,0,43,36,35,1,1,1,0,3,0,2,3,0,5,8,4,5,0,17,4,5,6,0,15,0,0,3,1,360,126,14,21,0.737,0.875,0,1,0,3,1,1,357,1165,2078,2980,2980,94,40,0,0,0,0,0,0,0,0,0,0,0.0,-,,,,,,,,,,,,,,,,,,,,,,,,,,,,,,,
2025020214,2025-11-05,Capitals,Blues,Home,RW,13,14,4.076467448,2.55607122,3.31037808,1.984350512,Logan Thompson,Jordan Binnington,CG,IG,0,0,0,0,0,0,0,0,1,0,0,0,0,0,0,12,8,12,0,32,5,10,9,0,24,27,15,18,0,60,18,23,20,0,61,51,50,1,4,1,0,6,0,0,1,0,1,6,1,1,0,8,6,10,11,0,27,1,0,3,3,258,297,23,26,0.958,0.812,0,0,0,0,3,2,3010,0,590,2892,2892,37,24,0,0,0,0,0,0,27,0,0,0,0.0,-,,,,,,,,,,,,,,,,,,,,,,,,,,,,,,,
2025020214,2025-11-05,Blues,Capitals,Away,RL,14,13,2.55607122,4.076467448,1.984350512,3.31037808,Jordan Binnington,Logan Thompson,IG,CG,0,0,0,0,0,0,0,0,0,0,0,0,0,0,0,5,10,9,0,24,12,8,12,0,32,18,23,20,0,61,27,15,18,0,60,50,51,0,0,1,0,1,1,4,1,0,6,6,10,11,0,27,6,1,1,0,8,0,1,3,3,297,258,26,23,0.812,0.958,0,0,0,0,2,3,0,3010,590,2892,2892,24,37,0,0,0,0,0,0,0,27,0,0,0.0,-,,,,,,,,,,,,,,,,,,,,,,,,,,,,,,,
2025020215,2025-11-05,Flames,Blue Jackets,Home,RW,15,13,2.9094005414,3.6126855351,2.4318335794,2.1484523501,Dustin Wolf,Jet Greaves,CG,CG,0,0,0,0,0,0,0,0,1,0,0,0,0,0,0,13,7,6,0,26,10,11,22,0,43,25,18,15,0,58,14,22,36,0,72,45,48,2,2,1,0,5,1,0,0,0,1,12,8,4,0,24,5,8,5,0,18,0,0,2,1,240,120,42,21,0.977,0.808,1,0,5,0,0,3,3544,0,56,2914,2810,26,268,0,0,0,0,0,0,0,0,104,0,0.0,-,,,,,,,,,,,,,,,,,,,,,,,,,,,,,,,
2025020215,2025-11-05,Blue Jackets,Flames,Away,RL,13,15,3.6126855351,2.9094005414,2.1484523501,2.4318335794,Jet Greaves,Dustin Wolf,CG,CG,0,0,0,0,0,0,0,0,0,0,0,0,0,0,0,10,11,22,0,43,13,7,6,0,26,14,22,36,0,72,25,18,15,0,58,48,45,1,0,0,0,1,2,2,1,0,5,5,8,5,0,18,12,8,4,0,24,0,0,1,2,120,240,21,42,0.808,0.977,0,1,0,5,3,0,0,3544,56,2914,2810,268,26,0,0,0,0,0,0,0,0,104,0,0.0,-,,,,,,,,,,,,,,,,,,,,,,,,,,,,,,,
2025020216,2025-11-05,Canucks,Blackhawks,Home,RL,15,14,4.7842949346,3.3852839641,3.9228368426,3.0147728541,Kevin Lankinen,Spencer Knight,CG,CG,0,0,0,0,0,0,0,0,0,0,0,0,0,0,0,16,19,10,0,45,11,8,9,0,28,28,29,24,0,81,19,14,17,0,50,71,47,0,0,2,0,2,0,0,5,0,5,8,5,5,0,18,3,4,5,0,12,0,1,2,1,240,55,23,43,0.821,0.956,0,1,0,2,2,1,0,1014,2586,3232,3232,50,11,0,0,0,0,0,0,0,0,0,0,0.0,-,,,,,,,,,,,,,,,,,,,,,,,,,,,,,,,
2025020216,2025-11-05,Blackhawks,Canucks,Away,RW,14,15,3.3852839641,4.7842949346,3.0147728541,3.9228368426,Spencer Knight,Kevin Lankinen,CG,CG,0,0,0,0,0,0,0,0,1,0,0,0,0,0,0,11,8,9,0,28,16,19,10,0,45,19,14,17,0,50,28,29,24,0,81,47,71,0,0,5,0,5,0,0,2,0,2,3,4,5,0,12,8,5,5,0,18,1,0,1,2,55,240,43,23,0.956,0.821,1,0,2,0,1,2,1014,0,2586,3232,3232,11,50,0,0,0,0,0,0,0,0,0,0,0.0,-,,,,,,,,,,,,,,,,,,,,,,,,,,,,,,,
2025020217,2025-11-05,Kraken,Sharks,Home,RL,13,14,2.8661334504,2.6592427073000002,1.4072200294,1.3609719023,Joey Daccord,Yaroslav Askarov,IG,CG,0,0,0,0,0,0,0,0,0,0,0,0,0,0,0,11,5,14,0,30,6,11,6,0,23,19,16,25,0,60,15,20,20,0,55,36,34,1,0,0,0,1,2,1,3,0,6,5,7,4,0,16,9,5,4,0,18,0,1,6,3,764,258,17,29,0.739,0.967,0,0,0,0,3,0,0,3400,200,2481,2481,43,54,0,0,0,0,0,0,8,0,0,0,0.0,-,,,,,,,,,,,,,,,,,,,,,,,,,,,,,,,
2025020217,2025-11-05,Sharks,Kraken,Away,RW,14,13,2.6592427073000002,2.8661334504,1.3609719023,1.4072200294,Yaroslav Askarov,Joey Daccord,CG,IG,0,0,0,0,0,0,0,0,1,0,0,0,0,0,0,6,11,6,0,23,11,5,14,0,30,15,20,20,0,55,19,16,25,0,60,34,36,2,1,3,0,6,1,0,0,0,1,9,5,4,0,18,5,7,4,0,16,1,0,3,6,258,764,29,17,0.967,0.739,0,0,0,0,0,3,3400,0,200,2481,2481,54,43,0,0,0,0,0,0,0,8,0,0,0.0,-,,,,,,,,,,,,,,,,,,,,,,,,,,,,,,,
2025020218,2025-11-06,Bruins,Senators,Home,OTW,16,14,2.9854770946,2.1336220894,1.8502874195999999,1.0298099054,Joonas Korpisalo,Linus Ullmark,CG,CG,0,0,0,0,0,0,0,0,0,0,0,0,1,0,0,9,9,3,4,25,2,8,10,2,22,16,21,12,7,56,17,14,17,5,53,44,36,0,2,0,1,3,1,0,1,0,2,13,8,3,1,25,9,7,14,0,30,0,0,3,2,165,162,20,22,0.909,0.88,0,0,0,0,2,2,949,940,2005,3440,2984,13,34,3,0,0,0,0,0,0,21,165,291,0.0,-,,,,,,,,,,,,,,,,,,,,,,,,,,,,,,,
2025020218,2025-11-06,Senators,Bruins,Away,OTL,14,16,2.1336220894,2.9854770946,1.0298099054,1.8502874195999999,Linus Ullmark,Joonas Korpisalo,CG,CG,0,0,0,0,0,0,0,0,1,1,0,0,0,0,0,2,8,10,2,22,9,9,3,4,25,17,14,17,5,53,16,21,12,7,56,36,44,1,0,1,0,2,0,2,0,1,3,9,7,14,0,30,13,8,3,1,25,0,0,2,3,162,165,22,20,0.88,0.909,0,0,0,0,2,2,940,949,2005,3440,2984,34,13,0,3,0,0,0,0,21,0,165,291,0.0,-,,,,,,,,,,,,,,,,,,,,,,,,,,,,,,,
2025020219,2025-11-06,Sabres,Blues,Home,RL,14,15,2.7878096954,2.1124242784000002,2.2315434934000002,1.4514112804,Ukko-Pekka Luukkonen,Joel Hofer,CG,CG,0,0,0,0,1,1,1,0,0,0,0,0,0,0,0,7,9,12,0,28,4,8,5,0,17,17,16,20,0,53,12,18,15,0,45,44,37,0,0,0,0,0,1,1,1,0,3,7,6,3,0,16,8,5,2,0,15,0,0,3,2,339,240,14,28,0.824,1.0,0,1,0,1,4,1,0,2842,758,2879,2879,15,106,0,0,0,0,0,0,0,0,0,0,0.0,-,,,,,,,,,,,,,,,,,,,,,,,,,,,,,,,
2025020219,2025-11-06,Blues,Sabres,Away,RW,15,14,2.1124242784000002,2.7878096954,1.4514112804,2.2315434934000002,Joel Hofer,Ukko-Pekka Luukkonen,CG,CG,1,1,1,0,0,0,0,0,1,0,0,0,0,0,0,4,8,5,0,17,7,9,12,0,28,12,18,15,0,45,17,16,20,0,53,37,44,1,1,1,0,3,0,0,0,0,0,8,5,2,0,15,7,6,3,0,16,0,0,2,3,240,339,28,14,1.0,0.824,1,0,1,0,1,4,2842,0,758,2879,2879,106,15,0,0,0,0,0,0,0,0,0,0,0.0,-,,,,,,,,,,,,,,,,,,,,,,,,,,,,,,,
2025020220,2025-11-06,Devils,Canadiens,Home,OTW,14,14,2.8136561456,2.404444251,1.9840760336,2.068827341,Jacob Markstrom,Jakub Dobes,CG,CG,0,0,0,0,0,0,0,0,1,0,0,0,1,0,0,8,12,6,2,28,4,8,7,0,19,16,20,15,2,53,17,14,18,0,49,40,34,1,1,1,1,4,1,0,2,0,3,5,8,6,0,19,3,7,4,0,14,0,0,5,2,500,140,16,24,0.842,0.857,0,0,0,2,2,2,840,500,2353,2894,2720,76,42,0,0,0,0,0,0,0,0,81,93,0.0,-,,,,,,,,,,,,,,,,,,,,,,,,,,,,,,,
2025020220,2025-11-06,Canadiens,Devils,Away,OTL,14,14,2.404444251,2.8136561456,2.068827341,1.9840760336,Jakub Dobes,Jacob Markstrom,CG,CG,0,0,0,0,0,0,0,0,0,1,0,0,0,0,0,4,8,7,0,19,8,12,6,2,28,17,14,18,0,49,16,20,15,2,53,34,40,1,0,2,0,3,1,1,1,1,4,3,7,4,0,14,5,8,6,0,19,0,0,2,5,140,500,24,16,0.857,0.842,0,0,2,0,2,2,500,840,2353,2894,2720,42,76,0,0,0,0,0,0,0,0,81,93,0.0,-,,,,,,,,,,,,,,,,,,,,,,,,,,,,,,,
2025020222,2025-11-06,Hurricanes,Wild,Home,RW,13,15,5.2198642522,2.403477712,3.9772559682,1.8160269425,Frederik Andersen,Filip Gustavsson,CG,CG,0,0,0,0,0,0,0,0,0,0,0,0,1,0,0,7,14,6,0,27,3,7,14,0,24,16,27,27,0,70,13,16,25,0,54,58,41,3,1,0,0,4,2,1,0,0,3,7,6,6,0,19,8,12,15,0,35,0,1,2,3,300,285,21,23,0.875,0.852,0,0,1,0,7,2,2580,460,560,2880,2761,6,128,0,0,0,0,0,0,17,0,119,0,0.0,-,,,,,,,,,,,,,,,,,,,,,,,,,,,,,,,
2025020222,2025-11-06,Wild,Hurricanes,Away,RL,15,13,2.403477712,5.2198642522,1.8160269425,3.9772559682,Filip Gustavsson,Frederik Andersen,CG,CG,0,0,0,0,0,0,0,0,1,1,0,0,0,0,0,3,7,14,0,24,7,14,6,0,27,13,16,25,0,54,16,27,27,0,70,41,58,2,1,0,0,3,3,1,0,0,4,8,12,15,0,35,7,6,6,0,19,1,0,3,2,285,300,23,21,0.852,0.875,0,0,0,1,2,7,460,2580,560,2880,2761,128,6,0,0,0,0,0,0,0,17,119,0,0.0,-,,,,,,,,,,,,,,,,,,,,,,,,,,,,,,,
2025020221,2025-11-06,Penguins,Capitals,Home,RW,15,14,4.1222808264,2.6971684476,2.9146545924,2.4630768356,Arturs Silovs,Charlie Lindgren,CG,CG,0,0,0,0,1,0,0,0,1,0,0,0,0,0,0,16,7,8,0,31,7,15,8,0,30,27,26,15,0,68,13,27,18,0,58,51,48,2,1,2,0,5,0,3,0,0,3,3,5,2,0,10,8,9,10,0,27,3,0,5,3,413,285,27,26,0.9,0.839,1,0,1,0,6,2,2777,0,823,2689,2621,57,117,0,0,0,0,0,0,23,0,68,0,0.0,-,,,,,,,,,,,,,,,,,,,,,,,,,,,,,,,
2025020221,2025-11-06,Capitals,Penguins,Away,RL,14,15,2.6971684476,4.1222808264,2.4630768356,2.9146545924,Charlie Lindgren,Arturs Silovs,CG,CG,1,0,0,0,0,0,0,0,0,0,0,0,0,0,0,7,15,8,0,30,16,7,8,0,31,13,27,18,0,58,27,26,15,0,68,48,51,0,3,0,0,3,2,1,2,0,5,8,9,10,0,27,3,5,2,0,10,0,3,3,5,285,413,26,27,0.839,0.9,0,1,0,1,2,6,0,2777,823,2689,2621,117,57,0,0,0,0,0,0,0,23,68,0,0.0,-,,,,,,,,,,,,,,,,,,,,,,,,,,,,,,,
2025020223,2025-11-06,Predators,Flyers,Home,RL,16,14,3.6560605198,2.7266490941,3.2612629068,2.3660647127,Juuse Saros,Dan Vladar,CG,CG,0,1,1,0,0,0,1,0,1,1,0,0,0,0,0,10,10,4,0,24,7,10,9,0,26,27,20,16,0,63,15,19,17,0,51,53,44,1,0,0,0,1,0,2,1,0,3,3,12,7,0,22,8,11,6,0,25,0,0,3,1,360,146,23,23,0.885,0.958,0,1,0,4,3,1,1379,1343,878,2977,2977,74,32,0,0,0,0,0,0,0,0,0,0,0.0,-,,,,,,,,,,,,,,,,,,,,,,,,,,,,,,,
2025020223,2025-11-06,Flyers,Predators,Away,RW,14,16,2.7266490941,3.6560605198,2.3660647127,3.2612629068,Dan Vladar,Juuse Saros,CG,CG,0,0,1,0,0,1,1,0,0,0,0,0,1,0,0,7,10,9,0,26,10,10,4,0,24,15,19,17,0,51,27,20,16,0,63,44,53,0,2,1,0,3,1,0,0,0,1,8,11,6,0,25,3,12,7,0,22,0,0,1,3,146,360,23,23,0.958,0.885,1,0,4,0,1,3,1343,1379,878,2977,2977,32,74,0,0,0,0,0,0,0,0,0,0,0.0,-,,,,,,,,,,,,,,,,,,,,,,,,,,,,,,,
2025020224,2025-11-06,Stars,Ducks,Home,RL,14,13,3.279228089,3.3904542558,1.902229542,1.9123914188,Jake Oettinger,Lukas Dostal,CG,CG,0,0,0,0,0,0,0,0,1,1,1,0,0,0,0,8,5,13,0,26,7,11,7,0,25,15,16,22,0,53,15,21,14,0,50,37,35,2,1,2,0,5,0,4,3,0,7,9,4,2,0,15,6,7,9,0,22,3,2,5,5,302,496,18,21,0.72,0.808,0,1,0,2,0,2,1367,1375,858,2635,2616,102,9,0,0,0,0,0,0,0,71,19,0,0.0,-,,,,,,,,,,,,,,,,,,,,,,,,,,,,,,,
2025020224,2025-11-06,Ducks,Stars,Away,RW,13,14,3.3904542558,3.279228089,1.9123914188,1.902229542,Lukas Dostal,Jake Oettinger,CG,CG,0,0,0,0,0,0,0,0,0,0,0,0,1,1,0,7,11,7,0,25,8,5,13,0,26,15,21,14,0,50,15,16,22,0,53,35,37,0,4,3,0,7,2,1,2,0,5,6,7,9,0,22,9,4,2,0,15,2,3,5,5,496,302,21,18,0.808,0.72,1,0,2,0,2,0,1375,1367,858,2635,2616,9,102,0,0,0,0,0,0,71,0,19,0,0.0,-,,,,,,,,,,,,,,,,,,,,,,,,,,,,,,,
2025020225,2025-11-06,Golden Knights,Lightning,Home,RL,13,14,3.3530492238,4.6687369212,2.7122620518,2.9505177371999998,Carl Lindbom,Andrei Vasilevskiy,CG,CG,0,0,0,0,0,0,0,0,1,1,1,0,0,0,0,15,4,13,0,32,3,15,9,0,27,25,14,21,0,60,13,28,28,0,69,47,45,2,0,1,0,3,0,2,4,0,6,3,5,5,0,13,6,4,1,0,11,0,2,3,4,360,456,21,29,0.778,0.906,0,1,0,3,0,3,963,998,1639,2635,2635,120,24,0,0,0,0,0,0,0,0,0,0,0.0,-,,,,,,,,,,,,,,,,,,,,,,,,,,,,,,,
2025020225,2025-11-06,Lightning,Golden Knights,Away,RW,14,13,4.6687369212,3.3530492238,2.9505177371999998,2.7122620518,Andrei Vasilevskiy,Carl Lindbom,CG,CG,0,0,0,0,0,0,0,0,0,0,0,0,1,1,0,3,15,9,0,27,15,4,13,0,32,13,28,28,0,69,25,14,21,0,60,45,47,0,2,4,0,6,2,0,1,0,3,6,4,1,0,11,3,5,5,0,13,2,0,4,3,456,360,29,21,0.906,0.778,1,0,3,0,3,0,998,963,1639,2635,2635,24,120,0,0,0,0,0,0,0,0,0,0,0.0,-,,,,,,,,,,,,,,,,,,,,,,,,,,,,,,,
2025020226,2025-11-06,Kings,Panthers,Home,RL,15,14,1.9886494417,2.5929528154,1.2852754307,1.9512593749,Anton Forsberg,Sergei Bobrovsky,CG,CG,0,0,0,0,0,0,0,0,0,1,0,0,0,0,0,13,6,7,0,26,8,8,8,0,24,19,18,16,0,53,15,16,18,0,49,42,43,2,0,0,0,2,2,1,2,0,5,5,5,6,0,16,11,7,6,0,24,1,0,4,2,398,240,19,24,0.792,0.923,0,0,0,0,2,1,390,2132,1078,2828,2828,60,52,0,0,0,0,0,0,0,0,0,0,0.0,-,,,,,,,,,,,,,,,,,,,,,,,,,,,,,,,
2025020226,2025-11-06,Panthers,Kings,Away,RW,14,15,2.5929528154,1.9886494417,1.9512593749,1.2852754307,Sergei Bobrovsky,Anton Forsberg,CG,CG,0,0,0,0,0,0,0,0,1,0,0,0,1,0,0,8,8,8,0,24,13,6,7,0,26,15,16,18,0,49,19,18,16,0,53,43,42,2,1,2,0,5,2,0,0,0,2,11,7,6,0,24,5,5,6,0,16,0,1,2,4,240,398,24,19,0.923,0.792,0,0,0,0,1,2,2132,390,1078,2828,2828,52,60,0,0,0,0,0,0,0,0,0,0,0.0,-,,,,,,,,,,,,,,,,,,,,,,,,,,,,,,,
2025020227,2025-11-07,Red Wings,Rangers,Home,RL,15,15,2.2937850817,3.779016796,1.3230657917,3.093262878,Cam Talbot,Jonathan Quick,CG,CG,0,0,0,0,0,0,0,0,0,0,0,0,0,0,0,13,10,10,0,33,7,13,6,0,26,21,19,18,0,58,21,26,19,0,66,43,52,1,0,0,0,1,1,1,2,0,4,10,10,4,0,24,11,6,10,0,27,0,1,4,3,480,259,22,32,0.846,0.97,0,0,0,0,1,4,0,2368,1232,2828,2828,6,17,0,0,0,0,0,0,0,0,0,0,0.0,-,,,,,,,,,,,,,,,,,,,,,,,,,,,,,,,
2025020227,2025-11-07,Rangers,Red Wings,Away,RW,15,15,3.779016796,2.2937850817,3.093262878,1.3230657917,Jonathan Quick,Cam Talbot,CG,CG,0,0,0,0,0,0,0,0,1,0,0,0,0,0,0,7,13,6,0,26,13,10,10,0,33,21,26,19,0,66,21,19,18,0,58,52,43,1,1,2,0,4,1,0,0,0,1,11,6,10,0,27,10,10,4,0,24,1,0,3,4,259,480,32,22,0.97,0.846,0,0,0,0,4,1,2368,0,1232,2828,2828,17,6,0,0,0,0,0,0,0,0,0,0,0.0,-,,,,,,,,,,,,,,,,,,,,,,,,,,,,,,,
2025020228,2025-11-07,Islanders,Wild,Home,RL,14,16,2.2789977114,3.457218461,1.8468893384,3.053486334,David Rittich,Jesper Wallstedt,CG,CG,0,0,0,0,1,1,0,0,0,0,0,0,0,0,0,10,11,6,0,27,7,13,6,0,26,16,21,13,0,50,17,19,16,0,52,45,47,0,2,0,0,2,2,2,1,0,5,7,6,2,0,15,6,4,6,0,16,0,0,2,1,240,120,21,25,0.808,0.926,0,0,0,0,0,1,0,3156,444,3157,3157,44,39,0,0,0,0,0,0,0,0,0,0,0.0,-,,,,,,,,,,,,,,,,,,,,,,,,,,,,,,,
2025020228,2025-11-07,Wild,Islanders,Away,RW,16,14,3.457218461,2.2789977114,3.053486334,1.8468893384,Jesper Wallstedt,David Rittich,CG,CG,1,1,0,0,0,0,0,0,1,0,0,0,0,0,0,7,13,6,0,26,10,11,6,0,27,17,19,16,0,52,16,21,13,0,50,47,45,2,2,1,0,5,0,2,0,0,2,6,4,6,0,16,7,6,2,0,15,0,0,1,2,120,240,25,21,0.926,0.808,0,0,0,0,1,0,3156,0,444,3157,3157,39,44,0,0,0,0,0,0,0,0,0,0,0.0,-,,,,,,,,,,,,,,,,,,,,,,,,,,,,,,,
2025020229,2025-11-07,Flames,Blackhawks,Home,RL,16,15,2.1984770109,2.2849754643,2.0229084998999998,1.9094064733,Dustin Wolf,Spencer Knight,CG,CG,0,0,0,0,0,0,0,0,0,0,0,0,0,0,0,11,11,11,0,33,10,7,10,0,27,18,21,20,0,59,15,11,18,0,44,53,36,0,0,0,0,0,1,0,3,0,4,12,8,9,0,29,7,7,4,0,18,0,1,3,3,339,289,23,33,0.852,1.0,0,0,0,0,3,0,0,2848,752,2861,2857,18,24,0,0,0,0,0,0,76,0,4,0,0.0,-,,,,,,,,,,,,,,,,,,,,,,,,,,,,,,,
2025020229,2025-11-07,Blackhawks,Flames,Away,RW,15,16,2.2849754643,2.1984770109,1.9094064733,2.0229084998999998,Spencer Knight,Dustin Wolf,CG,CG,0,0,0,0,0,0,0,0,1,0,0,0,0,0,0,10,7,10,0,27,11,11,11,0,33,15,11,18,0,44,18,21,20,0,59,36,53,1,0,3,0,4,0,0,0,0,0,7,7,4,0,18,12,8,9,0,29,1,0,3,3,289,339,33,23,1.0,0.852,0,0,0,0,0,3,2848,0,752,2861,2857,24,18,0,0,0,0,0,0,0,76,4,0,0.0,-,,,,,,,,,,,,,,,,,,,,,,,,,,,,,,,
2025020230,2025-11-07,Sharks,Jets,Home,RW,15,14,3.2731224275,3.3583098358,2.4349190875,1.6224070318,Alex Nedeljkovic,Connor Hellebuyck,CG,CG,0,0,0,0,0,0,0,0,0,0,0,0,1,0,0,8,11,9,0,28,12,9,12,0,33,18,18,17,0,53,24,23,23,0,70,41,50,1,0,1,0,2,1,0,0,0,1,9,6,1,0,16,6,7,7,0,20,0,0,4,2,411,171,32,26,0.97,0.929,0,0,3,0,1,0,261,72,3267,2831,2771,17,161,0,0,0,0,0,0,2,0,60,0,0.0,-,,,,,,,,,,,,,,,,,,,,,,,,,,,,,,,
2025020230,2025-11-07,Jets,Sharks,Away,RL,14,15,3.3583098358,3.2731224275,1.6224070318,2.4349190875,Connor Hellebuyck,Alex Nedeljkovic,CG,CG,0,0,0,0,0,0,0,0,1,1,0,0,0,0,0,12,9,12,0,33,8,11,9,0,28,24,23,23,0,70,18,18,17,0,53,50,41,1,0,0,0,1,1,0,1,0,2,6,7,7,0,20,9,6,1,0,16,0,0,2,4,171,411,26,32,0.929,0.97,0,0,0,3,0,1,72,261,3267,2831,2771,161,17,0,0,0,0,0,0,0,2,60,0,0.0,-,,,,,,,,,,,,,,,,,,,,,,,,,,,,,,,
2025020231,2025-11-08,Devils,Penguins,Home,SOW,15,16,2.8899046259,2.6484039871,2.3464091299,2.1051466371,Jake Allen,Arturs Silovs,CG,CG,0,0,0,0,0,0,0,0,1,0,0,0,0,0,0,6,9,8,1,24,12,11,7,4,34,19,17,19,4,59,19,21,15,5,60,51,45,1,0,0,0,1,0,1,0,0,1,7,6,9,0,22,10,7,1,1,19,0,0,2,1,240,120,33,23,0.971,0.958,0,0,0,0,1,1,801,0,3099,3407,3107,4,94,0,0,0,0,0,0,0,0,0,300,0.0,-,,,,,,,,,,,,,,,,,,,,,,,,,,,,,,,
2025020231,2025-11-08,Penguins,Devils,Away,SOL,16,15,2.6484039871,2.8899046259,2.1051466371,2.3464091299,Arturs Silovs,Jake Allen,CG,CG,0,0,0,0,0,0,0,0,0,0,0,0,0,0,0,12,11,7,4,34,6,9,8,1,24,19,21,15,5,60,19,17,19,4,59,45,51,0,1,0,0,1,1,0,0,0,1,10,7,1,1,19,7,6,9,0,22,0,0,1,2,120,240,23,33,0.958,0.971,0,0,0,0,1,1,0,801,3099,3407,3107,94,4,0,0,0,0,0,0,0,0,0,300,0.0,-,,,,,,,,,,,,,,,,,,,,,,,,,,,,,,,
2025020232,2025-11-08,Flyers,Senators,Home,OTL,15,15,2.7408745373,2.597126349,2.2154347453,1.690577749,Samuel Ersson,Linus Ullmark,CG,CG,0,0,0,0,0,0,0,0,0,0,0,0,0,0,0,4,10,8,0,22,6,6,1,1,14,12,18,16,0,46,18,14,13,4,49,38,39,0,1,1,0,2,2,0,0,1,3,12,8,6,0,26,6,3,9,0,18,0,0,2,2,240,240,11,20,0.786,0.909,0,0,0,0,1,1,0,2681,1118,3221,2790,52,27,0,0,0,0,0,0,0,0,232,199,0.0,-,,,,,,,,,,,,,,,,,,,,,,,,,,,,,,,
2025020232,2025-11-08,Senators,Flyers,Away,OTW,15,15,2.597126349,2.7408745373,1.690577749,2.2154347453,Linus Ullmark,Samuel Ersson,CG,CG,0,0,0,0,0,0,0,0,1,0,0,0,0,0,0,6,6,1,1,14,4,10,8,0,22,18,14,13,4,49,12,18,16,0,46,39,38,2,0,0,1,3,0,1,1,0,2,6,3,9,0,18,12,8,6,0,26,0,0,2,2,240,240,20,11,0.909,0.786,0,0,0,0,1,1,2681,0,1118,3221,2790,27,52,0,0,0,0,0,0,0,0,232,199,0.0,-,,,,,,,,,,,,,,,,,,,,,,,,,,,,,,,
2025020233,2025-11-08,Predators,Stars,Home,RL,17,15,1.7168792496,2.6206334137,1.1370603496,1.6619371797,Justus Annunen,Jake Oettinger,CG,CG,0,0,1,0,0,0,0,0,0,1,0,0,0,0,0,4,7,10,0,21,7,9,6,0,22,10,10,19,0,39,14,22,12,0,48,27,35,1,2,1,0,4,1,1,3,0,5,11,9,3,0,23,6,5,4,0,15,1,1,4,5,290,404,17,17,0.773,0.81,0,0,0,1,1,2,1292,1530,778,2682,2565,166,39,0,0,0,0,0,0,9,0,117,0,0.0,-,,,,,,,,,,,,,,,,,,,,,,,,,,,,,,,
2025020233,2025-11-08,Stars,Predators,Away,RW,15,17,2.6206334137,1.7168792496,1.6619371797,1.1370603496,Jake Oettinger,Justus Annunen,CG,CG,0,0,0,0,0,0,1,0,1,0,0,0,1,0,0,7,9,6,0,22,4,7,10,0,21,14,22,12,0,48,10,10,19,0,39,35,27,1,1,3,0,5,1,2,1,0,4,6,5,4,0,15,11,9,3,0,23,1,1,5,4,404,290,17,17,0.81,0.773,0,0,1,0,2,1,1530,1292,778,2682,2565,39,166,0,0,0,0,0,0,0,9,117,0,0.0,-,,,,,,,,,,,,,,,,,,,,,,,,,,,,,,,
2025020234,2025-11-08,Maple Leafs,Bruins,Home,RL,15,17,3.6189429464,3.8108945807,2.5187442344,3.2814501417,Anthony Stolarz,Jeremy Swayman,IG,CG,0,0,0,0,0,0,0,0,1,1,0,0,0,0,0,6,12,15,0,33,13,14,12,0,39,14,22,26,0,62,23,29,18,0,70,47,57,2,1,0,0,3,2,2,1,0,5,10,10,6,0,26,9,6,7,0,22,2,1,4,1,456,108,34,30,0.872,0.909,0,0,0,3,4,3,18,2818,764,2966,2847,11,14,0,0,0,0,0,0,114,0,119,0,0.0,-,,,,,,,,,,,,,,,,,,,,,,,,,,,,,,,
2025020234,2025-11-08,Bruins,Maple Leafs,Away,RW,17,15,3.8108945807,3.6189429464,3.2814501417,2.5187442344,Jeremy Swayman,Anthony Stolarz,CG,IG,0,0,0,0,0,0,0,0,0,0,0,0,1,0,0,13,14,12,0,39,6,12,15,0,33,23,29,18,0,70,14,22,26,0,62,57,47,2,2,1,0,5,2,1,0,0,3,9,6,7,0,22,10,10,6,0,26,1,2,1,4,108,456,30,34,0.909,0.872,0,0,3,0,3,4,2818,18,764,2966,2847,14,11,0,0,0,0,0,0,0,114,119,0,0.0,-,,,,,,,,,,,,,,,,,,,,,,,,,,,,,,,
2025020235,2025-11-08,Canadiens,Mammoth,Home,RW,15,15,2.8907966225,3.4186413783,2.7464431245,2.9422444533,Samuel Montembeault,Karel Vejmelka,CG,CG,0,0,0,0,0,0,0,0,0,0,0,0,1,0,0,5,7,11,0,23,4,15,8,0,27,13,17,20,0,50,9,28,17,0,54,45,47,1,2,3,0,6,1,1,0,0,2,10,9,6,0,25,8,5,9,0,22,0,0,2,2,240,240,25,17,0.926,0.739,0,0,0,0,2,6,1607,744,1249,3098,3098,20,2,0,0,0,0,0,0,0,0,0,0,0.0,-,,,,,,,,,,,,,,,,,,,,,,,,,,,,,,,
2025020235,2025-11-08,Mammoth,Canadiens,Away,RL,15,15,3.4186413783,2.8907966225,2.9422444533,2.7464431245,Karel Vejmelka,Samuel Montembeault,CG,CG,0,0,0,0,0,0,0,0,1,1,0,0,0,0,0,4,15,8,0,27,5,7,11,0,23,9,28,17,0,54,13,17,20,0,50,47,45,1,1,0,0,2,1,2,3,0,6,8,5,9,0,22,10,9,6,0,25,0,0,2,2,240,240,17,25,0.739,0.926,0,0,0,0,6,2,744,1607,1249,3098,3098,2,20,0,0,0,0,0,0,0,0,0,0,0.0,-,,,,,,,,,,,,,,,,,,,,,,,,,,,,,,,
2025020236,2025-11-08,Lightning,Capitals,Home,RW,15,15,2.0992321858,3.484859212,1.9462444258,2.4119175139999998,Andrei Vasilevskiy,Logan Thompson,CG,CG,0,0,0,0,0,1,0,0,0,0,0,0,1,0,0,8,8,4,0,20,13,10,8,0,31,11,16,13,0,40,23,23,18,0,64,37,52,2,0,1,0,3,1,1,0,0,2,8,5,7,0,20,5,6,8,0,19,1,0,2,1,87,120,29,17,0.935,0.85,0,0,0,0,0,0,1997,121,1482,3226,3051,7,53,0,0,0,0,0,0,0,0,175,0,0.0,-,,,,,,,,,,,,,,,,,,,,,,,,,,,,,,,
2025020236,2025-11-08,Capitals,Lightning,Away,RL,15,15,3.484859212,2.0992321858,2.4119175139999998,1.9462444258,Logan Thompson,Andrei Vasilevskiy,CG,CG,0,1,0,0,0,0,0,0,1,1,0,0,0,0,0,13,10,8,0,31,8,8,4,0,20,23,23,18,0,64,11,16,13,0,40,52,37,1,1,0,0,2,2,0,1,0,3,5,6,8,0,19,8,5,7,0,20,0,1,1,2,120,87,17,29,0.85,0.935,0,0,0,0,0,0,121,1997,1482,3226,3051,53,7,0,0,0,0,0,0,0,0,175,0,0.0,-,,,,,,,,,,,,,,,,,,,,,,,,,,,,,,,
2025020237,2025-11-08,Rangers,Islanders,Home,RL,16,15,2.9868435396,3.2174811612,1.811312113,2.6824760582000002,Igor Shesterkin,Ilya Sorokin,CG,CG,1,0,0,0,1,0,0,0,0,0,0,0,0,0,0,8,7,18,0,33,9,12,5,0,26,16,17,31,0,64,22,19,17,0,58,44,47,0,0,0,0,0,2,1,2,0,5,8,3,3,0,14,7,6,5,0,18,0,1,2,2,240,228,21,33,0.808,1.0,0,1,0,4,1,3,0,2971,629,2905,2905,189,26,0,0,0,0,0,0,0,0,0,0,0.0,-,,,,,,,,,,,,,,,,,,,,,,,,,,,,,,,
2025020237,2025-11-08,Islanders,Rangers,Away,RW,15,16,3.2174811612,2.9868435396,2.6824760582000002,1.811312113,Ilya Sorokin,Igor Shesterkin,CG,CG,1,0,0,0,1,0,0,0,1,0,0,0,0,0,0,9,12,5,0,26,8,7,18,0,33,22,19,17,0,58,16,17,31,0,64,47,44,2,1,2,0,5,0,0,0,0,0,7,6,5,0,18,8,3,3,0,14,1,0,2,2,228,240,33,21,1.0,0.808,1,0,4,0,3,1,2971,0,629,2905,2905,26,189,0,0,0,0,0,0,0,0,0,0,0.0,-,,,,,,,,,,,,,,,,,,,,,,,,,,,,,,,
2025020238,2025-11-08,Hurricanes,Sabres,Home,RW,14,15,3.487626211,2.5831217874,2.897425385,2.0525574736,Pyotr Kochetkov,Alex Lyon,CG,CG,0,0,0,0,0,0,0,0,1,0,0,0,0,0,0,10,15,10,0,35,6,5,11,0,22,18,24,26,0,68,13,22,19,0,54,57,37,1,2,3,0,6,1,0,2,0,3,11,8,6,0,25,8,9,4,0,21,1,0,2,1,215,120,19,29,0.864,0.829,2,0,6,3,5,2,2324,0,1276,3063,2922,49,153,0,0,0,0,0,0,0,0,141,0,0.0,-,,,,,,,,,,,,,,,,,,,,,,,,,,,,,,,
2025020238,2025-11-08,Sabres,Hurricanes,Away,RL,15,14,2.5831217874,3.487626211,2.0525574736,2.897425385,Alex Lyon,Pyotr Kochetkov,CG,CG,0,0,0,0,0,0,0,0,0,0,0,0,0,0,0,6,5,11,0,22,10,15,10,0,35,13,22,19,0,54,18,24,26,0,68,37,57,1,0,2,0,3,1,2,3,0,6,8,9,4,0,21,11,8,6,0,25,0,1,1,2,120,215,29,19,0.829,0.864,0,2,3,6,2,5,0,2324,1276,3063,2922,153,49,0,0,0,0,0,0,0,0,141,0,0.0,-,,,,,,,,,,,,,,,,,,,,,,,,,,,,,,,
2025020239,2025-11-08,Blues,Kraken,Home,OTL,16,14,2.683490123,2.1666247323,2.471868012,1.6669198363,Joel Hofer,Philipp Grubauer,CG,CG,0,1,1,0,0,0,0,0,1,1,1,0,0,0,0,9,5,5,0,19,9,15,5,1,30,18,14,22,0,54,18,22,14,1,55,48,44,2,0,1,0,3,0,2,1,1,4,12,10,10,0,32,5,6,3,0,14,1,1,2,3,148,296,26,16,0.867,0.842,0,0,5,0,0,0,2683,0,1034,3090,2973,38,110,0,0,0,0,0,0,0,0,0,117,0.0,-,,,,,,,,,,,,,,,,,,,,,,,,,,,,,,,
2025020239,2025-11-08,Kraken,Blues,Away,OTW,14,16,2.1666247323,2.683490123,1.6669198363,2.471868012,Philipp Grubauer,Joel Hofer,CG,CG,0,0,0,0,0,1,1,0,0,0,0,0,1,1,0,9,15,5,1,30,9,5,5,0,19,18,22,14,1,55,18,14,22,0,54,44,48,0,2,1,1,4,2,0,1,0,3,5,6,3,0,14,12,10,10,0,32,1,1,3,2,296,148,16,26,0.842,0.867,0,0,0,5,0,0,0,2683,1034,3090,2973,110,38,0,0,0,0,0,0,0,0,0,117,0.0,-,,,,,,,,,,,,,,,,,,,,,,,,,,,,,,,
2025020240,2025-11-08,Oilers,Avalanche,Home,RL,16,15,2.9919145059,3.8793509315,2.4045831205,2.40306464,Stuart Skinner,Scott Wedgewood,IG,CG,0,0,0,0,0,0,0,0,0,0,0,0,0,0,0,6,10,8,0,24,9,12,13,0,34,12,25,16,0,53,15,22,21,0,58,38,43,0,1,0,0,1,2,4,3,0,9,2,5,6,0,13,0,4,3,0,7,1,0,5,7,393,675,25,23,0.735,0.958,0,0,0,0,1,0,0,2791,809,2440,2359,1,22,0,0,0,25,0,0,26,4,81,0,0.0,-,,,,,,,,,,,,,,,,,,,,,,,,,,,,,,,
2025020240,2025-11-08,Avalanche,Oilers,Away,RW,15,16,3.8793509315,2.9919145059,2.40306464,2.4045831205,Scott Wedgewood,Stuart Skinner,CG,IG,0,0,0,0,0,0,0,0,1,0,0,0,0,0,0,9,12,13,0,34,6,10,8,0,24,15,22,21,0,58,12,25,16,0,53,43,38,2,4,3,0,9,0,1,0,0,1,0,4,3,0,7,2,5,6,0,13,0,1,7,5,675,393,23,25,0.958,0.735,0,0,0,0,0,1,2791,0,809,2440,2359,22,1,0,0,25,0,0,0,4,26,81,0,0.0,-,,,,,,,,,,,,,,,,,,,,,,,,,,,,,,,
2025020241,2025-11-08,Canucks,Blue Jackets,Home,RW,16,14,3.5035667341,4.3250752402,3.0403136201,2.9016537392,Kevin Lankinen,Elvis Merzlikins,CG,CG,0,0,0,0,0,0,0,0,1,0,0,0,1,0,0,8,9,7,0,24,11,13,8,0,32,15,22,22,0,59,21,27,18,0,66,46,47,0,2,2,0,4,0,2,1,0,3,7,9,4,0,20,5,6,4,0,15,0,0,3,3,450,370,29,20,0.906,0.833,0,0,3,0,2,3,633,361,2606,2692,2557,43,45,0,0,0,0,0,0,0,66,135,0,0.0,-,,,,,,,,,,,,,,,,,,,,,,,,,,,,,,,
2025020241,2025-11-08,Blue Jackets,Canucks,Away,RL,14,16,4.3250752402,3.5035667341,2.9016537392,3.0403136201,Elvis Merzlikins,Kevin Lankinen,CG,CG,0,0,0,0,0,0,0,0,0,1,0,0,0,0,0,11,13,8,0,32,8,9,7,0,24,21,27,18,0,66,15,22,22,0,59,47,46,0,2,1,0,3,0,2,2,0,4,5,6,4,0,15,7,9,4,0,20,0,0,3,3,370,450,20,29,0.833,0.906,0,0,0,3,3,2,361,633,2606,2692,2557,45,43,0,0,0,0,0,0,66,0,135,0,0.0,-,,,,,,,,,,,,,,,,,,,,,,,,,,,,,,,
2025020242,2025-11-08,Golden Knights,Ducks,Home,OTL,14,14,4.1132855697,2.6211227937,2.8382453536,2.2887932507,Akira Schmid,Petr Mrazek,CG,CG,0,0,0,0,0,0,0,0,1,1,0,0,0,0,0,7,8,21,3,39,8,12,6,3,29,15,16,32,4,67,19,28,16,5,68,54,59,1,0,2,0,3,1,2,0,1,4,9,4,4,0,17,5,5,8,0,18,1,0,3,1,256,120,25,36,0.862,0.923,0,0,0,0,1,1,602,1454,1812,3477,3209,15,0,0,0,0,0,0,0,0,0,0,268,0.0,-,,,,,,,,,,,,,,,,,,,,,,,,,,,,,,,
2025020242,2025-11-08,Ducks,Golden Knights,Away,OTW,14,14,2.6211227937,4.1132855697,2.2887932507,2.8382453536,Petr Mrazek,Akira Schmid,CG,CG,0,0,0,0,0,0,0,0,0,0,0,0,1,0,0,8,12,6,3,29,7,8,21,3,39,19,28,16,5,68,15,16,32,4,67,59,54,1,2,0,1,4,1,0,2,0,3,5,5,8,0,18,9,4,4,0,17,0,1,1,3,120,256,36,25,0.923,0.862,0,0,0,0,1,1,1454,602,1812,3477,3209,0,15,0,0,0,0,0,0,0,0,0,268,0.0,-,,,,,,,,,,,,,,,,,,,,,,,,,,,,,,,
2025020243,2025-11-08,Sharks,Panthers,Home,RW,16,15,2.3389212434,3.3940398889,1.7670252251,1.8351531974,Yaroslav Askarov,Daniil Tarasov,CG,CG,1,1,0,0,0,0,0,0,1,0,0,0,0,0,0,14,3,6,0,23,6,20,13,0,39,21,12,18,0,51,18,28,24,0,70,32,50,1,1,1,0,3,0,1,0,0,1,5,5,7,0,17,4,15,4,0,23,0,0,2,5,240,613,38,20,0.974,0.87,1,0,7,0,1,2,2555,0,1045,2615,2615,15,117,0,0,0,5,0,0,0,0,0,0,0.0,-,,,,,,,,,,,,,,,,,,,,,,,,,,,,,,,
2025020243,2025-11-08,Panthers,Sharks,Away,RL,15,16,3.3940398889,2.3389212434,1.8351531974,1.7670252251,Daniil Tarasov,Yaroslav Askarov,CG,CG,0,0,0,0,1,1,0,0,0,0,0,0,0,0,0,6,20,13,0,39,14,3,6,0,23,18,28,24,0,70,21,12,18,0,51,50,32,0,1,0,0,1,1,1,1,0,3,4,15,4,0,23,5,5,7,0,17,0,0,5,2,613,240,20,38,0.87,0.974,0,1,0,7,2,1,0,2555,1045,2615,2615,117,15,0,0,5,0,0,0,0,0,0,0,0.0,-,,,,,,,,,,,,,,,,,,,,,,,,,,,,,,,
2025020244,2025-11-09,Red Wings,Blackhawks,Home,RL,16,16,5.2403951733000005,1.7595156379999999,3.0128768603,1.369915526,John Gibson,Arvid Soderblom,CG,CG,0,0,0,0,0,0,0,0,0,0,0,0,0,0,0,10,14,22,0,46,9,6,5,0,20,20,21,34,0,75,20,11,14,0,45,59,37,1,0,0,0,1,1,1,3,0,5,7,5,8,0,20,8,4,5,0,17,0,3,5,3,614,79,15,45,0.75,0.978,0,1,0,2,3,1,0,2398,1202,2824,2824,42,13,0,0,0,0,0,0,9,0,0,0,0.0,-,,,,,,,,,,,,,,,,,,,,,,,,,,,,,,,
2025020244,2025-11-09,Blackhawks,Red Wings,Away,RW,16,16,1.7595156379999999,5.2403951733000005,1.369915526,3.0128768603,Arvid Soderblom,John Gibson,CG,CG,0,0,0,0,0,0,0,0,1,0,0,0,0,0,0,9,6,5,0,20,10,14,22,0,46,20,11,14,0,45,20,21,34,0,75,37,59,1,1,3,0,5,1,0,0,0,1,8,4,5,0,17,7,5,8,0,20,3,0,3,5,79,614,45,15,0.978,0.75,1,0,2,0,1,3,2398,0,1202,2824,2824,13,42,0,0,0,0,0,0,0,9,0,0,0.0,-,,,,,,,,,,,,,,,,,,,,,,,,,,,,,,,
2025020245,2025-11-09,Penguins,Kings,Home,RL,17,16,3.0421868727,2.6272745596,2.222212231,1.9349664266,Sergei Murashov,Darcy Kuemper,CG,CG,1,1,0,0,0,0,0,0,1,1,0,0,0,0,0,14,9,10,0,33,10,9,8,0,27,21,23,23,0,67,19,13,21,0,53,53,40,1,1,0,0,2,1,0,2,0,3,9,4,6,0,19,5,2,2,0,9,1,1,2,4,236,384,24,31,0.889,0.939,0,0,0,7,2,3,1391,488,1721,2762,2762,161,33,0,0,0,0,0,0,0,0,0,0,0.0,-,,,,,,,,,,,,,,,,,,,,,,,,,,,,,,,
2025020245,2025-11-09,Kings,Penguins,Away,RW,16,17,2.6272745596,3.0421868727,1.9349664266,2.222212231,Darcy Kuemper,Sergei Murashov,CG,CG,0,0,0,0,1,1,0,0,0,0,0,0,1,0,0,10,9,8,0,27,14,9,10,0,33,19,13,21,0,53,21,23,23,0,67,40,53,1,0,2,0,3,1,1,0,0,2,5,2,2,0,9,9,4,6,0,19,1,1,4,2,384,236,31,24,0.939,0.889,0,0,7,0,3,2,488,1391,1721,2762,2762,33,161,0,0,0,0,0,0,0,0,0,0,0.0,-,,,,,,,,,,,,,,,,,,,,,,,,,,,,,,,
2025020246,2025-11-09,Maple Leafs,Hurricanes,Home,RL,16,15,2.2022045121,4.8442317213,1.1315891341,3.3516267773,Dennis Hildeby,Brandon Bussi,CG,CG,1,0,0,0,1,1,1,0,1,1,1,0,0,0,0,10,8,2,0,20,12,13,22,0,47,19,18,14,0,51,19,23,31,0,73,40,53,3,1,0,0,4,2,1,2,0,5,9,4,8,0,21,5,5,3,0,13,1,1,3,4,313,394,42,16,0.894,0.8,0,0,0,1,0,4,1673,527,1400,2755,2724,90,16,0,92,0,0,0,0,0,0,31,0,0.0,-,,,,,,,,,,,,,,,,,,,,,,,,,,,,,,,
2025020246,2025-11-09,Hurricanes,Maple Leafs,Away,RW,15,16,4.8442317213,2.2022045121,3.3516267773,1.1315891341,Brandon Bussi,Dennis Hildeby,CG,CG,1,1,1,0,1,0,0,0,0,0,0,0,1,1,0,12,13,22,0,47,10,8,2,0,20,19,23,31,0,73,19,18,14,0,51,53,40,2,1,2,0,5,3,1,0,0,4,5,5,3,0,13,9,4,8,0,21,1,1,4,3,394,313,16,42,0.8,0.894,0,0,1,0,4,0,527,1673,1400,2755,2724,16,90,92,0,0,0,0,0,0,0,31,0,0.0,-,,,,,,,,,,,,,,,,,,,,,,,,,,,,,,,
2025020247,2025-11-09,Senators,Mammoth,Home,RW,16,16,3.53155154,3.3238203799,3.189250665,2.2232065585,Leevi Meriläinen,Vitek Vanecek,CG,CG,1,1,0,0,1,0,1,0,1,0,0,0,0,0,0,5,9,11,0,25,14,9,8,0,31,15,15,20,0,50,17,19,20,0,56,44,44,1,2,1,0,4,1,1,0,0,2,10,13,5,0,28,7,3,3,0,13,0,0,2,1,240,120,29,21,0.935,0.84,0,0,3,0,0,1,2181,0,1419,2962,2932,0,187,0,0,0,0,0,0,0,0,30,0,0.0,-,,,,,,,,,,,,,,,,,,,,,,,,,,,,,,,
2025020247,2025-11-09,Mammoth,Senators,Away,RL,16,16,3.3238203799,3.53155154,2.2232065585,3.189250665,Vitek Vanecek,Leevi Meriläinen,CG,CG,1,0,1,0,1,1,0,0,0,0,0,0,0,0,0,14,9,8,0,31,5,9,11,0,25,17,19,20,0,56,15,15,20,0,50,44,44,1,1,0,0,2,1,2,1,0,4,7,3,3,0,13,10,13,5,0,28,0,0,1,2,120,240,21,29,0.84,0.935,0,0,0,3,1,0,0,2181,1419,2962,2932,187,0,0,0,0,0,0,0,0,0,30,0,0.0,-,,,,,,,,,,,,,,,,,,,,,,,,,,,,,,,
2025020248,2025-11-09,Stars,Kraken,Home,RW,16,15,3.56180392,2.9368724747,2.565069625,2.1179924077,Casey DeSmith,Matt Murray,CG,CG,1,1,1,0,1,0,0,0,0,0,0,0,1,0,0,10,8,7,0,25,7,15,9,0,31,20,16,18,0,54,18,24,16,0,58,45,40,2,0,0,0,2,1,0,0,0,1,7,4,4,0,15,11,6,8,0,25,1,0,3,3,292,332,30,23,0.968,0.92,0,0,0,0,2,0,2434,69,1097,2805,2690,29,132,0,0,0,0,0,0,0,0,115,0,0.0,-,,,,,,,,,,,,,,,,,,,,,,,,,,,,,,,
2025020248,2025-11-09,Kraken,Stars,Away,RL,15,16,2.9368724747,3.56180392,2.1179924077,2.565069625,Matt Murray,Casey DeSmith,CG,CG,1,0,0,0,1,1,1,0,1,1,0,0,0,0,0,7,15,9,0,31,10,8,7,0,25,18,24,16,0,58,20,16,18,0,54,40,45,1,0,0,0,1,2,0,0,0,2,11,6,8,0,25,7,4,4,0,15,0,1,3,3,332,292,23,30,0.92,0.968,0,0,0,0,0,2,69,2434,1097,2805,2690,132,29,0,0,0,0,0,0,0,0,115,0,0.0,-,,,,,,,,,,,,,,,,,,,,,,,,,,,,,,,
2025020249,2025-11-09,Wild,Flames,Home,RW,17,17,2.8072100492,2.4398646388,2.1789552972,2.0889384008,Jesper Wallstedt,Devin Cooley,CG,CG,0,1,1,0,0,0,0,0,1,0,0,0,0,0,0,8,7,4,0,19,11,12,13,0,36,20,20,19,0,59,23,22,21,0,66,43,54,0,1,1,0,2,0,0,0,0,0,8,4,1,0,13,6,4,5,0,15,0,0,4,3,331,211,36,17,1.0,0.895,1,0,6,0,4,1,1573,0,2027,2787,2671,17,201,0,0,0,0,0,0,21,0,116,0,0.0,-,,,,,,,,,,,,,,,,,,,,,,,,,,,,,,,
2025020249,2025-11-09,Flames,Wild,Away,RL,17,17,2.4398646388,2.8072100492,2.0889384008,2.1789552972,Devin Cooley,Jesper Wallstedt,CG,CG,0,0,0,0,0,1,1,0,0,0,0,0,0,0,0,11,12,13,0,36,8,7,4,0,19,23,22,21,0,66,20,20,19,0,59,54,43,0,0,0,0,0,0,1,1,0,2,6,4,5,0,15,8,4,1,0,13,0,0,3,4,211,331,17,36,0.895,1.0,0,1,0,6,1,4,0,1573,2027,2787,2671,201,17,0,0,0,0,0,0,0,21,116,0,0.0,-,,,,,,,,,,,,,,,,,,,,,,,,,,,,,,,
2025020250,2025-11-09,Canucks,Avalanche,Home,OTL,17,16,4.3162832893,3.7944191303,2.4561286223,2.7949960803,Kevin Lankinen,Mackenzie Blackwood,CG,CG,1,0,0,0,1,0,0,0,0,0,0,0,0,0,0,16,10,7,0,33,9,7,14,2,32,32,22,20,0,74,24,16,19,2,61,56,47,1,1,2,0,4,2,0,2,1,5,4,3,3,0,10,4,8,6,0,18,1,2,5,3,496,213,27,29,0.844,0.879,0,0,0,0,1,0,0,1753,1915,2849,2781,28,42,0,0,0,0,0,0,0,0,0,68,0.0,-,,,,,,,,,,,,,,,,,,,,,,,,,,,,,,,
2025020250,2025-11-09,Avalanche,Canucks,Away,OTW,16,17,3.7944191303,4.3162832893,2.7949960803,2.4561286223,Mackenzie Blackwood,Kevin Lankinen,CG,CG,1,0,0,0,1,0,0,0,1,0,0,0,0,0,0,9,7,14,2,32,16,10,7,0,33,24,16,19,2,61,32,22,20,0,74,47,56,2,0,2,1,5,1,1,2,0,4,4,8,6,0,18,4,3,3,0,10,2,1,3,5,213,496,29,27,0.879,0.844,0,0,0,0,0,1,1753,0,1915,2849,2781,42,28,0,0,0,0,0,0,0,0,0,68,0.0,-,,,,,,,,,,,,,,,,,,,,,,,,,,,,,,,
2025020251,2025-11-09,Ducks,Jets,Home,RW,15,15,3.2155792862,2.242235646,2.6092447347,1.7083693758,Lukas Dostal,Eric Comrie,CG,CG,1,1,1,0,0,0,0,0,1,0,0,0,0,0,0,9,8,4,0,21,9,5,10,0,24,16,21,22,0,59,20,17,23,0,60,50,47,2,1,1,0,4,0,1,0,0,1,12,6,2,0,20,8,8,5,0,21,2,0,4,4,348,480,23,17,0.958,0.81,0,0,0,0,1,1,3162,0,438,2698,2698,32,18,0,0,0,0,0,0,0,0,0,0,0.0,-,,,,,,,,,,,,,,,,,,,,,,,,,,,,,,,
2025020251,2025-11-09,Jets,Ducks,Away,RL,15,15,2.242235646,3.2155792862,1.7083693758,2.6092447347,Eric Comrie,Lukas Dostal,CG,CG,0,0,0,0,1,1,1,0,0,0,0,0,0,0,0,9,5,10,0,24,9,8,4,0,21,20,17,23,0,60,16,21,22,0,59,47,50,0,1,0,0,1,2,1,1,0,4,8,8,5,0,21,12,6,2,0,20,0,2,4,4,480,348,17,23,0.81,0.958,0,0,0,0,1,1,0,3162,438,2698,2698,18,32,0,0,0,0,0,0,0,0,0,0,0.0,-,,,,,,,,,,,,,,,,,,,,,,,,,,,,,,,
2025020252,2025-11-10,Devils,Islanders,Home,OTL,16,16,4.1136967725,1.6742023743,2.6303504205,1.2915626343,Jacob Markstrom,Ilya Sorokin,CG,CG,0,0,0,0,0,1,0,0,1,1,0,0,0,0,0,11,10,14,0,35,7,8,8,1,24,20,23,22,0,65,13,17,17,2,49,46,37,1,0,1,0,2,0,1,1,1,3,5,6,2,0,13,6,6,5,0,17,1,1,4,1,465,68,21,33,0.875,0.943,0,0,0,5,2,0,1483,168,2026,2929,2852,99,38,0,0,0,0,0,0,0,0,0,77,0.0,-,,,,,,,,,,,,,,,,,,,,,,,,,,,,,,,
2025020252,2025-11-10,Islanders,Devils,Away,OTW,16,16,1.6742023743,4.1136967725,1.2915626343,2.6303504205,Ilya Sorokin,Jacob Markstrom,CG,CG,0,1,0,0,0,0,0,0,0,0,0,0,1,0,0,7,8,8,1,24,11,10,14,0,35,13,17,17,2,49,20,23,22,0,65,37,46,0,1,1,1,3,1,0,1,0,2,6,6,5,0,17,5,6,2,0,13,1,1,1,4,68,465,33,21,0.943,0.875,0,0,5,0,0,2,168,1483,2026,2929,2852,38,99,0,0,0,0,0,0,0,0,0,77,0.0,-,,,,,,,,,,,,,,,,,,,,,,,,,,,,,,,
2025020253,2025-11-10,Rangers,Predators,Home,RW,17,18,2.5075834949,2.6680462646,1.9831917748999999,1.5238390466,Igor Shesterkin,Juuse Saros,CG,IG,0,1,0,0,0,0,0,0,1,0,0,0,0,0,0,8,4,6,0,18,10,4,16,0,30,15,10,16,0,41,16,9,27,0,52,37,38,2,3,1,0,6,1,0,2,0,3,12,12,7,0,31,5,5,5,0,15,1,2,2,4,157,313,27,12,0.9,0.667,0,0,0,0,2,2,2850,0,750,3036,3036,51,26,0,0,0,71,0,0,0,4,0,0,0.0,-,,,,,,,,,,,,,,,,,,,,,,,,,,,,,,,
2025020253,2025-11-10,Predators,Rangers,Away,RL,18,17,2.6680462646,2.5075834949,1.5238390466,1.9831917748999999,Juuse Saros,Igor Shesterkin,IG,CG,0,0,0,0,0,1,0,0,0,0,0,0,0,0,0,10,4,16,0,30,8,4,6,0,18,16,9,27,0,52,15,10,16,0,41,38,37,1,0,2,0,3,2,3,1,0,6,5,5,5,0,15,12,12,7,0,31,2,1,4,2,313,157,12,27,0.667,0.9,0,0,0,0,2,2,0,2850,750,3036,3036,26,51,0,0,71,0,0,0,4,0,0,0,0.0,-,,,,,,,,,,,,,,,,,,,,,,,,,,,,,,,
2025020254,2025-11-10,Oilers,Blue Jackets,Home,OTW,17,15,2.5182861382,3.7620549596,1.7018700612,3.1209809766,Stuart Skinner,Jet Greaves,CG,CG,0,0,0,0,0,0,0,0,0,0,0,0,1,1,0,7,6,9,2,24,5,10,6,1,22,20,21,20,2,63,14,31,14,1,60,46,49,1,0,3,1,5,1,2,1,0,4,10,9,4,0,23,8,1,2,0,11,0,0,1,2,120,239,18,19,0.818,0.792,0,0,0,0,2,2,0,2589,1067,3225,2997,12,13,0,29,0,0,0,0,0,0,172,56,0.0,-,,,,,,,,,,,,,,,,,,,,,,,,,,,,,,,
2025020254,2025-11-10,Blue Jackets,Oilers,Away,OTL,15,17,3.7620549596,2.5182861382,3.1209809766,1.7018700612,Jet Greaves,Stuart Skinner,CG,CG,0,0,0,0,0,0,0,0,1,1,1,0,0,0,0,5,10,6,1,22,7,6,9,2,24,14,31,14,1,60,20,21,20,2,63,49,46,1,2,1,0,4,1,0,3,1,5,8,1,2,0,11,10,9,4,0,23,0,0,2,1,239,120,19,18,0.792,0.818,0,0,0,0,2,2,2589,0,1067,3225,2997,13,12,29,0,0,0,0,0,0,0,172,56,0.0,-,,,,,,,,,,,,,,,,,,,,,,,,,,,,,,,
2025020255,2025-11-10,Golden Knights,Panthers,Home,RL,15,16,3.4552554854,2.2820279734,2.6095509614,1.4394790634,Carl Lindbom,Sergei Bobrovsky,CG,CG,0,0,0,0,0,0,0,0,0,0,0,0,0,0,0,13,7,12,0,32,10,9,1,0,20,25,16,19,0,60,20,16,14,0,50,49,39,0,0,2,0,2,1,1,1,0,3,6,8,8,0,22,13,6,2,0,21,0,1,3,3,243,260,17,30,0.85,0.938,0,0,0,3,1,1,0,2713,887,2824,2670,166,29,0,0,65,0,0,0,17,3,154,0,0.0,-,,,,,,,,,,,,,,,,,,,,,,,,,,,,,,,
2025020255,2025-11-10,Panthers,Golden Knights,Away,RW,16,15,2.2820279734,3.4552554854,1.4394790634,2.6095509614,Sergei Bobrovsky,Carl Lindbom,CG,CG,0,0,0,0,0,0,0,0,1,0,0,0,0,0,0,10,9,1,0,20,13,7,12,0,32,20,16,14,0,50,25,16,19,0,60,39,49,1,1,1,0,3,0,0,2,0,2,13,6,2,0,21,6,8,8,0,22,1,0,3,3,260,243,30,17,0.938,0.85,0,0,3,0,1,1,2713,0,887,2824,2670,29,166,0,0,0,65,0,0,3,17,154,0,0.0,-,,,,,,,,,,,,,,,,,,,,,,,,,,,,,,,
2025020256,2025-11-11,Bruins,Maple Leafs,Home,RW,18,17,4.3666445567,3.6618349870999998,1.9873547827,2.1693479211,Jeremy Swayman,Anthony Stolarz,CG,IG,0,0,0,0,0,1,0,0,1,0,0,0,0,0,0,11,11,10,0,32,6,15,12,0,33,25,25,19,0,69,13,29,26,0,68,38,47,3,1,1,0,5,1,1,1,0,3,10,5,5,0,20,12,10,8,0,30,3,1,6,5,513,490,30,27,0.909,0.844,0,0,5,0,1,0,3162,0,438,2273,2210,100,122,0,0,8,29,0,0,0,24,63,0,0.0,-,,,,,,,,,,,,,,,,,,,,,,,,,,,,,,,
2025020256,2025-11-11,Maple Leafs,Bruins,Away,RL,17,18,3.6618349870999998,4.3666445567,2.1693479211,1.9873547827,Anthony Stolarz,Jeremy Swayman,IG,CG,0,1,0,0,0,0,0,0,0,0,0,0,0,0,0,6,15,12,0,33,11,11,10,0,32,13,29,26,0,68,25,25,19,0,69,47,38,1,1,1,0,3,3,1,1,0,5,12,10,8,0,30,10,5,5,0,20,1,3,5,6,490,513,27,30,0.844,0.909,0,0,0,5,0,1,0,3162,438,2273,2210,122,100,0,0,29,8,0,0,24,0,63,0,0.0,-,,,,,,,,,,,,,,,,,,,,,,,,,,,,,,,
2025020257,2025-11-11,Canadiens,Kings,Home,RL,16,17,2.8322621239,3.4163637872,1.9097954939000001,2.4976130822,Samuel Montembeault,Darcy Kuemper,CG,CG,0,0,0,0,0,0,0,0,1,1,0,0,0,0,0,9,7,6,0,22,12,7,7,0,26,19,18,19,0,56,22,20,21,0,63,44,52,1,0,0,0,1,0,3,2,0,5,7,9,5,0,21,2,4,4,0,10,0,0,3,3,287,360,21,21,0.808,0.955,0,1,1,2,4,4,120,2143,1337,2840,2840,55,58,0,0,45,0,0,0,0,0,0,0,0.0,-,,,,,,,,,,,,,,,,,,,,,,,,,,,,,,,
2025020257,2025-11-11,Kings,Canadiens,Away,RW,17,16,3.4163637872,2.8322621239,2.4976130822,1.9097954939000001,Darcy Kuemper,Samuel Montembeault,CG,CG,0,0,0,0,0,0,0,0,0,0,0,0,1,0,0,12,7,7,0,26,9,7,6,0,22,22,20,21,0,63,19,18,19,0,56,52,44,0,3,2,0,5,1,0,0,0,1,2,4,4,0,10,7,9,5,0,21,0,0,3,3,360,287,21,21,0.955,0.808,1,0,2,1,4,4,2143,120,1337,2840,2840,58,55,0,0,0,45,0,0,0,0,0,0,0.0,-,,,,,,,,,,,,,,,,,,,,,,,,,,,,,,,
2025020258,2025-11-11,Senators,Stars,Home,OTL,17,17,3.0758150730000002,2.2692452155,2.451834213,1.5248283425,Linus Ullmark,Jake Oettinger,CG,CG,0,1,1,0,0,1,1,0,1,1,1,0,0,0,0,12,9,6,2,29,6,7,16,4,33,17,15,17,6,55,15,11,21,5,52,46,37,2,0,0,0,2,0,1,1,1,3,6,7,2,0,15,8,8,8,0,24,0,1,2,3,240,317,30,27,0.909,0.931,0,0,0,0,1,1,2831,0,953,3113,2929,55,42,0,0,0,0,0,0,0,0,0,184,0.0,-,,,,,,,,,,,,,,,,,,,,,,,,,,,,,,,
2025020258,2025-11-11,Stars,Senators,Away,OTW,17,17,2.2692452155,3.0758150730000002,1.5248283425,2.451834213,Jake Oettinger,Linus Ullmark,CG,CG,0,1,1,0,0,1,1,0,0,0,0,0,1,1,0,6,7,16,4,33,12,9,6,2,29,15,11,21,5,52,17,15,17,6,55,37,46,0,1,1,1,3,2,0,0,0,2,8,8,8,0,24,6,7,2,0,15,1,0,3,2,317,240,27,30,0.931,0.909,0,0,0,0,1,1,0,2831,953,3113,2929,42,55,0,0,0,0,0,0,0,0,0,184,0.0,-,,,,,,,,,,,,,,,,,,,,,,,,,,,,,,,
2025020259,2025-11-11,Hurricanes,Capitals,Home,RL,16,16,4.1003794591,3.26448895,2.3379814176,1.88968778,Frederik Andersen,Logan Thompson,CG,CG,0,1,1,0,0,0,0,0,0,0,0,0,0,0,0,7,14,10,0,31,10,8,10,0,28,18,21,19,0,58,20,20,21,0,61,36,44,0,1,0,0,1,1,1,2,0,4,8,5,9,0,22,2,5,6,0,13,0,1,5,5,519,452,24,30,0.857,0.968,0,1,0,1,2,1,0,3258,342,2373,2373,81,50,0,0,0,0,0,0,11,5,0,0,0.0,-,,,,,,,,,,,,,,,,,,,,,,,,,,,,,,,
2025020259,2025-11-11,Capitals,Hurricanes,Away,RW,16,16,3.26448895,4.1003794591,1.88968778,2.3379814176,Logan Thompson,Frederik Andersen,CG,CG,0,0,0,0,0,1,1,0,1,0,0,0,0,0,0,10,8,10,0,28,7,14,10,0,31,20,20,21,0,61,18,21,19,0,58,44,36,1,1,2,0,4,0,1,0,0,1,2,5,6,0,13,8,5,9,0,22,1,0,5,5,452,519,30,24,0.968,0.857,1,0,1,0,1,2,3258,0,342,2373,2373,50,81,0,0,0,0,0,0,5,11,0,0,0.0,-,,,,,,,,,,,,,,,,,,,,,,,,,,,,,,,
2025020260,2025-11-11,Blues,Flames,Home,RW,17,18,4.4099793368,3.0855021325,3.3996035388,2.3169735975,Jordan Binnington,Dustin Wolf,CG,CG,0,0,0,0,0,0,0,0,1,0,0,0,0,0,0,14,10,7,0,31,10,14,16,0,40,20,23,17,0,60,16,20,23,0,59,48,48,2,1,0,0,3,0,2,0,0,2,10,3,12,0,25,10,4,1,0,15,1,0,2,1,226,120,38,28,0.95,0.903,0,0,2,0,1,1,2941,0,659,3093,2975,0,130,0,0,0,0,0,0,0,0,118,0,0.0,-,,,,,,,,,,,,,,,,,,,,,,,,,,,,,,,
2025020260,2025-11-11,Flames,Blues,Away,RL,18,17,3.0855021325,4.4099793368,2.3169735975,3.3996035388,Dustin Wolf,Jordan Binnington,CG,CG,0,0,0,0,0,0,0,0,0,0,0,0,0,0,0,10,14,16,0,40,14,10,7,0,31,16,20,23,0,59,20,23,17,0,60,48,48,0,2,0,0,2,2,1,0,0,3,10,4,1,0,15,10,3,12,0,25,0,1,1,2,120,226,28,38,0.903,0.95,0,0,0,2,1,1,0,2941,659,3093,2975,130,0,0,0,0,0,0,0,0,0,118,0,0.0,-,,,,,,,,,,,,,,,,,,,,,,,,,,,,,,,
2025020261,2025-11-11,Wild,Sharks,Home,OTL,18,17,3.2185437595,1.9068007228,2.3430681649,1.4479066428,Filip Gustavsson,Yaroslav Askarov,CG,CG,0,0,1,0,0,0,0,0,1,1,0,0,0,0,0,8,15,6,0,29,5,5,7,1,18,18,26,19,0,63,12,13,18,1,44,50,38,0,1,0,0,1,0,0,1,1,2,4,8,4,0,16,6,5,11,0,22,1,1,4,3,417,289,16,28,0.889,0.966,0,0,1,0,3,0,1615,0,2146,2936,2775,43,63,0,0,0,0,0,0,0,0,0,161,0.0,-,,,,,,,,,,,,,,,,,,,,,,,,,,,,,,,
2025020261,2025-11-11,Sharks,Wild,Away,OTW,17,18,1.9068007228,3.2185437595,1.4479066428,2.3430681649,Yaroslav Askarov,Filip Gustavsson,CG,CG,0,0,0,0,0,0,1,0,0,0,0,0,1,0,0,5,5,7,1,18,8,15,6,0,29,12,13,18,1,44,18,26,19,0,63,38,50,0,0,1,1,2,0,1,0,0,1,6,5,11,0,22,4,8,4,0,16,1,1,3,4,289,417,28,16,0.966,0.889,0,0,0,1,0,3,0,1615,2146,2936,2775,63,43,0,0,0,0,0,0,0,0,0,161,0.0,-,,,,,,,,,,,,,,,,,,,,,,,,,,,,,,,
2025020262,2025-11-11,Avalanche,Ducks,Home,RW,17,16,3.8437486235,3.4507474208,2.9076846205,2.5790997347999998,Scott Wedgewood,Lukas Dostal,CG,CG,0,1,0,0,0,1,1,0,1,0,0,0,0,0,0,12,11,13,0,36,12,7,17,0,36,24,20,24,0,68,24,21,25,0,70,51,53,1,1,2,0,4,1,0,0,0,1,5,8,3,0,16,6,10,10,0,26,1,0,4,2,417,240,35,32,0.972,0.889,1,0,2,0,3,2,2771,0,829,2778,2658,35,130,0,0,0,0,0,0,0,0,120,0,0.0,-,,,,,,,,,,,,,,,,,,,,,,,,,,,,,,,
2025020262,2025-11-11,Ducks,Avalanche,Away,RL,16,17,3.4507474208,3.8437486235,2.5790997347999998,2.9076846205,Lukas Dostal,Scott Wedgewood,CG,CG,0,1,1,0,0,1,0,0,0,0,0,0,0,0,0,12,7,17,0,36,12,11,13,0,36,24,21,25,0,70,24,20,24,0,68,53,51,1,0,0,0,1,1,1,2,0,4,6,10,10,0,26,5,8,3,0,16,0,1,2,4,240,417,32,35,0.889,0.972,0,1,0,2,2,3,0,2771,829,2778,2658,130,35,0,0,0,0,0,0,0,0,120,0,0.0,-,,,,,,,,,,,,,,,,,,,,,,,,,,,,,,,
2025020263,2025-11-11,Canucks,Jets,Home,RL,18,16,3.3353232405,3.5390491753,2.7044819715,2.5572970753,Thatcher Demko,Connor Hellebuyck,IG,CG,0,1,0,0,0,0,0,0,0,1,0,0,0,0,0,12,10,11,0,33,8,13,9,0,30,19,18,27,0,64,22,22,19,0,63,55,49,2,0,1,0,3,3,0,2,0,5,10,5,4,0,19,5,3,4,0,12,1,2,2,4,156,385,25,30,0.833,0.909,0,1,0,6,1,1,160,3031,409,2701,2701,297,13,0,0,0,0,0,0,0,0,0,0,0.0,-,,,,,,,,,,,,,,,,,,,,,,,,,,,,,,,
2025020263,2025-11-11,Jets,Canucks,Away,RW,16,18,3.5390491753,3.3353232405,2.5572970753,2.7044819715,Connor Hellebuyck,Thatcher Demko,CG,IG,0,0,0,0,0,1,0,0,1,0,0,0,1,0,0,8,13,9,0,30,12,10,11,0,33,22,22,19,0,63,19,18,27,0,64,49,55,3,0,2,0,5,2,0,1,0,3,5,3,4,0,12,10,5,4,0,19,2,1,4,2,385,156,30,25,0.909,0.833,1,0,6,0,1,1,3031,160,409,2701,2701,13,297,0,0,0,0,0,0,0,0,0,0,0.0,-,,,,,,,,,,,,,,,,,,,,,,,,,,,,,,,
2025020264,2025-11-11,Kraken,Blue Jackets,Home,SOL,16,16,2.4522020655,2.9690192265,2.0208083635,2.0355744979,Matt Murray,Jet Greaves,CG,CG,0,1,0,0,1,1,0,0,1,1,0,0,0,0,0,9,8,5,1,23,11,11,11,1,34,18,22,12,2,54,28,21,22,3,74,41,55,1,0,0,0,1,0,1,0,0,1,4,2,3,0,9,2,7,6,0,15,0,1,2,4,243,408,33,22,0.971,0.957,0,0,0,0,5,3,1299,0,2601,3234,2934,1,8,0,0,0,42,0,0,8,0,0,300,0.0,-,,,,,,,,,,,,,,,,,,,,,,,,,,,,,,,
2025020264,2025-11-11,Blue Jackets,Kraken,Away,SOW,16,16,2.9690192265,2.4522020655,2.0355744979,2.0208083635,Jet Greaves,Matt Murray,CG,CG,1,1,0,0,0,1,0,0,0,0,0,0,1,0,0,11,11,11,1,34,9,8,5,1,23,28,21,22,3,74,18,22,12,2,54,55,41,0,1,0,0,1,1,0,0,0,1,2,7,6,0,15,4,2,3,0,9,1,0,4,2,408,243,22,33,0.957,0.971,0,0,0,0,3,5,0,1299,2601,3234,2934,8,1,0,0,42,0,0,0,0,8,0,300,0.0,-,,,,,,,,,,,,,,,,,,,,,,,,,,,,,,,
2025020265,2025-11-12,Lightning,Rangers,Home,RL,16,18,4.6910540711,3.375773324,2.7294185341,2.860520789,Andrei Vasilevskiy,Igor Shesterkin,IG,CG,0,0,0,0,0,0,1,0,0,0,0,0,0,0,0,10,12,14,0,36,8,5,8,0,21,19,28,30,0,77,18,11,21,0,50,56,39,3,0,0,0,3,4,1,2,0,7,10,10,6,0,26,10,7,4,0,21,0,1,3,3,360,264,14,33,0.667,0.917,0,1,0,8,3,3,0,3531,69,2797,2797,115,2,0,0,0,0,0,0,117,0,0,0,0.0,-,,,,,,,,,,,,,,,,,,,,,,,,,,,,,,,
2025020265,2025-11-12,Rangers,Lightning,Away,RW,18,16,3.375773324,4.6910540711,2.860520789,2.7294185341,Igor Shesterkin,Andrei Vasilevskiy,CG,IG,0,0,1,0,0,0,0,0,1,0,0,0,0,0,0,8,5,8,0,21,10,12,14,0,36,18,11,21,0,50,19,28,30,0,77,39,56,4,1,2,0,7,3,0,0,0,3,10,7,4,0,21,10,10,6,0,26,1,0,3,3,264,360,33,14,0.917,0.667,1,0,8,0,3,3,3531,0,69,2797,2797,2,115,0,0,0,0,0,0,0,117,0,0,0.0,-,,,,,,,,,,,,,,,,,,,,,,,,,,,,,,,
2025020266,2025-11-12,Flyers,Oilers,Home,OTL,16,18,2.3457003888,2.94088862,1.5556652288,2.34422567,Dan Vladar,Stuart Skinner,CG,CG,0,0,0,0,0,0,0,0,0,0,0,0,0,0,0,5,6,9,1,21,13,11,5,2,31,18,14,15,1,48,17,18,14,2,51,40,42,0,1,0,0,1,1,0,0,1,2,7,9,5,0,21,6,2,2,0,10,1,0,3,2,300,240,29,20,0.935,0.952,0,0,0,0,5,1,0,993,2686,3086,3007,16,30,0,0,0,0,0,0,0,0,0,79,0.0,-,,,,,,,,,,,,,,,,,,,,,,,,,,,,,,,
2025020266,2025-11-12,Oilers,Flyers,Away,OTW,18,16,2.94088862,2.3457003888,2.34422567,1.5556652288,Stuart Skinner,Dan Vladar,CG,CG,0,0,0,0,0,0,0,0,1,0,0,0,0,0,0,13,11,5,2,31,5,6,9,1,21,17,18,14,2,51,18,14,15,1,48,42,40,1,0,0,1,2,0,1,0,0,1,6,2,2,0,10,7,9,5,0,21,0,1,2,3,240,300,20,29,0.952,0.935,0,0,0,0,1,5,993,0,2686,3086,3007,30,16,0,0,0,0,0,0,0,0,0,79,0.0,-,,,,,,,,,,,,,,,,,,,,,,,,,,,,,,,
2025020267,2025-11-12,Mammoth,Sabres,Home,RW,17,16,3.1676595716,2.5777281943,2.7143676156,2.2744654233,Karel Vejmelka,Colten Ellis,CG,CG,0,0,0,0,0,0,0,0,0,0,0,0,1,1,0,12,11,14,0,37,8,8,3,0,19,19,19,23,0,61,17,24,13,0,54,51,48,0,1,4,0,5,1,1,0,0,2,3,8,5,0,16,5,11,4,0,20,0,0,2,2,143,232,17,32,0.895,0.865,1,0,5,0,1,2,998,2119,483,3093,3093,1,131,0,0,0,2,0,0,0,0,0,0,0.0,-,,,,,,,,,,,,,,,,,,,,,,,,,,,,,,,
2025020267,2025-11-12,Sabres,Mammoth,Away,RL,16,17,2.5777281943,3.1676595716,2.2744654233,2.7143676156,Colten Ellis,Karel Vejmelka,CG,CG,0,0,0,0,0,0,0,0,1,1,1,0,0,0,0,8,8,3,0,19,12,11,14,0,37,17,24,13,0,54,19,19,23,0,61,48,51,1,1,0,0,2,0,1,4,0,5,5,11,4,0,20,3,8,5,0,16,0,0,2,2,232,143,32,17,0.865,0.895,0,1,0,5,2,1,2119,998,483,3093,3093,131,1,0,0,2,0,0,0,0,0,0,0,0.0,-,,,,,,,,,,,,,,,,,,,,,,,,,,,,,,,
2025020268,2025-11-12,Blackhawks,Devils,Home,OTL,17,17,2.5790567572,3.1718939664,1.3912875542,2.5087082654,Spencer Knight,Jacob Markstrom,CG,CG,0,0,0,0,0,0,0,0,1,1,0,0,0,0,0,12,3,5,0,20,10,14,9,4,37,19,13,16,2,50,17,23,21,4,65,37,56,1,0,2,0,3,0,1,2,1,4,12,10,6,0,28,9,8,2,0,19,1,0,3,1,240,120,33,17,0.892,0.85,0,0,0,0,3,1,1858,0,1950,3368,3160,25,8,0,0,77,0,0,0,0,0,0,208,0.0,-,,,,,,,,,,,,,,,,,,,,,,,,,,,,,,,
2025020268,2025-11-12,Devils,Blackhawks,Away,OTW,17,17,3.1718939664,2.5790567572,2.5087082654,1.3912875542,Jacob Markstrom,Spencer Knight,CG,CG,0,0,0,0,0,0,0,0,0,0,0,0,1,0,0,10,14,9,4,37,12,3,5,0,20,17,23,21,4,65,19,13,16,2,50,56,37,0,1,2,1,4,1,0,2,0,3,9,8,2,0,19,12,10,6,0,28,0,1,1,3,120,240,17,33,0.85,0.892,0,0,0,0,1,3,0,1858,1950,3368,3160,8,25,0,0,0,77,0,0,0,0,0,208,0.0,-,,,,,,,,,,,,,,,,,,,,,,,,,,,,,,,
2025020269,2025-11-13,Maple Leafs,Kings,Home,OTL,18,18,2.574957511,4.1435197017,2.259801561,3.0567641437,Dennis Hildeby,Darcy Kuemper,CG,CG,0,0,1,0,0,0,0,0,1,1,1,0,0,0,0,4,4,7,0,15,9,11,16,1,37,19,14,18,1,52,24,19,24,1,68,49,54,2,1,0,0,3,0,2,1,1,4,11,6,9,0,26,5,6,3,0,14,0,0,1,2,120,240,33,12,0.892,0.8,0,0,0,0,1,1,2609,0,1026,3252,3217,11,12,0,0,0,0,0,0,0,0,0,35,0.0,-,,,,,,,,,,,,,,,,,,,,,,,,,,,,,,,
2025020269,2025-11-13,Kings,Maple Leafs,Away,OTW,18,18,4.1435197017,2.574957511,3.0567641437,2.259801561,Darcy Kuemper,Dennis Hildeby,CG,CG,0,0,0,0,0,0,1,0,0,0,0,0,1,1,0,9,11,16,1,37,4,4,7,0,15,24,19,24,1,68,19,14,18,1,52,54,49,0,2,1,1,4,2,1,0,0,3,5,6,3,0,14,11,6,9,0,26,0,0,2,1,240,120,12,33,0.8,0.892,0,0,0,0,1,1,0,2609,1026,3252,3217,12,11,0,0,0,0,0,0,0,0,0,35,0.0,-,,,,,,,,,,,,,,,,,,,,,,,,,,,,,,,
2025020270,2025-11-13,Canadiens,Stars,Home,RL,17,18,2.7773072889,2.686130288,2.1809259509,2.359691653,Jakub Dobes,Casey DeSmith,IG,CG,0,0,0,0,0,0,1,0,0,0,0,0,0,0,0,14,3,7,0,24,5,8,6,0,19,20,10,24,0,54,16,13,12,0,41,43,34,0,0,0,0,0,1,4,2,0,7,11,9,10,0,30,9,6,2,0,17,0,1,3,3,360,317,12,24,0.632,1.0,0,0,2,0,1,0,0,2739,861,2790,2790,54,43,0,0,0,0,0,0,0,0,0,0,0.0,-,,,,,,,,,,,,,,,,,,,,,,,,,,,,,,,
2025020270,2025-11-13,Stars,Canadiens,Away,RW,18,17,2.686130288,2.7773072889,2.359691653,2.1809259509,Casey DeSmith,Jakub Dobes,CG,IG,0,0,1,0,0,0,0,0,1,0,0,0,0,0,0,5,8,6,0,19,14,3,7,0,24,16,13,12,0,41,20,10,24,0,54,34,43,1,4,2,0,7,0,0,0,0,0,9,6,2,0,17,11,9,10,0,30,1,0,3,3,317,360,24,12,1.0,0.632,0,0,0,2,0,1,2739,0,861,2790,2790,43,54,0,0,0,0,0,0,0,0,0,0,0.0,-,,,,,,,,,,,,,,,,,,,,,,,,,,,,,,,
2025020271,2025-11-13,Senators,Bruins,Home,RW,18,19,1.8322032054,1.8683948965000001,1.3683246674,1.1878056802,Leevi Meriläinen,Joonas Korpisalo,CG,CG,0,0,1,0,0,0,0,0,1,0,0,0,0,0,0,10,4,8,0,22,4,10,7,0,21,20,11,19,0,50,13,22,16,0,51,39,42,2,0,3,0,5,0,1,2,0,3,8,8,10,0,26,8,13,9,0,30,1,1,2,2,168,218,18,17,0.857,0.773,1,0,2,0,1,1,2970,0,630,3066,3066,21,121,0,0,0,0,0,0,0,0,0,0,0.0,-,,,,,,,,,,,,,,,,,,,,,,,,,,,,,,,
2025020271,2025-11-13,Bruins,Senators,Away,RL,19,18,1.8683948965000001,1.8322032054,1.1878056802,1.3683246674,Joonas Korpisalo,Leevi Meriläinen,CG,CG,0,0,0,0,0,0,1,0,0,0,0,0,0,0,0,4,10,7,0,21,10,4,8,0,22,13,22,16,0,51,20,11,19,0,50,42,39,0,1,2,0,3,2,0,3,0,5,8,13,9,0,30,8,8,10,0,26,1,1,2,2,218,168,17,18,0.773,0.857,0,1,0,2,1,1,0,2970,630,3066,3066,121,21,0,0,0,0,0,0,0,0,0,0,0.0,-,,,,,,,,,,,,,,,,,,,,,,,,,,,,,,,
2025020272,2025-11-13,Red Wings,Ducks,Home,RW,17,17,3.118916908,3.0264094411,2.246251388,2.3676792411,John Gibson,Lukas Dostal,IG,CG,0,0,0,0,0,0,1,0,1,0,0,0,0,0,0,10,16,7,0,33,10,7,11,0,28,20,26,16,0,62,20,20,21,0,61,43,47,0,3,3,0,6,0,2,1,0,3,5,7,4,0,16,4,9,8,0,21,2,0,4,3,281,326,25,27,0.893,0.818,1,0,3,0,2,2,1697,0,1903,2845,2546,22,43,0,0,0,0,0,0,4,0,299,0,0.0,-,,,,,,,,,,,,,,,,,,,,,,,,,,,,,,,
2025020272,2025-11-13,Ducks,Red Wings,Away,RL,17,17,3.0264094411,3.118916908,2.3676792411,2.246251388,Lukas Dostal,John Gibson,CG,IG,0,0,1,0,0,0,0,0,0,0,0,0,0,0,0,10,7,11,0,28,10,16,7,0,33,20,20,21,0,61,20,26,16,0,62,47,43,0,2,1,0,3,0,3,3,0,6,4,9,8,0,21,5,7,4,0,16,0,2,3,4,326,281,27,25,0.818,0.893,0,1,0,3,2,2,0,1697,1903,2845,2546,43,22,0,0,0,0,0,0,0,4,299,0,0.0,-,,,,,,,,,,,,,,,,,,,,,,,,,,,,,,,
2025020273,2025-11-13,Panthers,Capitals,Home,RW,17,17,4.42853387,3.0935913582,3.071074197,2.6149227365,Daniil Tarasov,Logan Thompson,CG,CG,0,0,0,0,0,0,0,0,0,0,0,0,1,0,0,7,12,9,0,28,17,10,13,0,40,16,23,27,0,66,25,27,24,0,76,50,65,1,2,3,0,6,1,0,2,0,3,10,6,6,0,22,3,4,7,0,14,2,0,5,2,434,240,37,22,0.925,0.786,1,0,1,0,3,2,2215,28,1357,2793,2793,41,63,0,0,0,0,0,0,0,0,0,0,0.0,-,,,,,,,,,,,,,,,,,,,,,,,,,,,,,,,
2025020273,2025-11-13,Capitals,Panthers,Away,RL,17,17,3.0935913582,4.42853387,2.6149227365,3.071074197,Logan Thompson,Daniil Tarasov,CG,CG,0,0,0,0,0,0,0,0,1,1,0,0,0,0,0,17,10,13,0,40,7,12,9,0,28,25,27,24,0,76,16,23,27,0,66,65,50,1,0,2,0,3,1,2,3,0,6,3,4,7,0,14,10,6,6,0,22,0,2,2,5,240,434,22,37,0.786,0.925,0,1,0,1,2,3,28,2215,1357,2793,2793,63,41,0,0,0,0,0,0,0,0,0,0,0.0,-,,,,,,,,,,,,,,,,,,,,,,,,,,,,,,,
2025020274,2025-11-13,Blue Jackets,Oilers,Home,RW,17,19,3.9590671528,3.3571936076,3.1507638818,1.9707471304,Jet Greaves,Calvin Pickard,CG,CG,0,1,1,0,1,1,1,0,1,0,0,0,0,0,0,6,15,4,0,25,4,12,13,0,29,19,23,13,0,55,15,21,25,0,61,44,44,1,3,1,0,5,0,2,2,0,4,4,4,4,0,12,5,5,5,0,15,0,0,1,2,120,240,25,20,0.862,0.8,0,0,6,0,9,1,2634,0,966,3039,2920,77,112,0,0,0,0,0,0,0,0,119,0,0.0,-,,,,,,,,,,,,,,,,,,,,,,,,,,,,,,,
2025020274,2025-11-13,Oilers,Blue Jackets,Away,RL,19,17,3.3571936076,3.9590671528,1.9707471304,3.1507638818,Calvin Pickard,Jet Greaves,CG,CG,1,1,1,0,0,1,1,0,0,0,0,0,0,0,0,4,12,13,0,29,6,15,4,0,25,15,21,25,0,61,19,23,13,0,55,44,44,0,2,2,0,4,1,3,1,0,5,5,5,5,0,15,4,4,4,0,12,0,0,2,1,240,120,20,25,0.8,0.862,0,0,0,6,1,9,0,2634,966,3039,2920,112,77,0,0,0,0,0,0,0,0,119,0,0.0,-,,,,,,,,,,,,,,,,,,,,,,,,,,,,,,,
2025020275,2025-11-13,Avalanche,Sabres,Home,RW,18,17,4.6518625007,2.5518771591,3.4595415943,1.8474381550999999,Mackenzie Blackwood,Alex Lyon,CG,IG,0,0,1,0,1,0,0,0,1,0,0,0,0,0,0,6,12,16,0,34,6,8,7,0,21,23,23,28,0,74,22,16,15,0,53,59,38,3,1,2,0,6,2,1,0,0,3,8,11,3,0,22,7,4,5,0,16,0,1,2,4,240,510,18,28,0.857,0.824,1,0,3,0,4,1,3462,0,138,2676,2676,57,110,0,0,0,0,0,0,0,0,0,0,0.0,-,,,,,,,,,,,,,,,,,,,,,,,,,,,,,,,
2025020275,2025-11-13,Sabres,Avalanche,Away,RL,17,18,2.5518771591,4.6518625007,1.8474381550999999,3.4595415943,Alex Lyon,Mackenzie Blackwood,IG,CG,1,0,0,0,0,0,1,0,0,0,0,0,0,0,0,6,8,7,0,21,6,12,16,0,34,22,16,15,0,53,23,23,28,0,74,38,59,2,1,0,0,3,3,1,2,0,6,7,4,5,0,16,8,11,3,0,22,1,0,4,2,510,240,28,18,0.824,0.857,0,1,0,3,1,4,0,3462,138,2676,2676,110,57,0,0,0,0,0,0,0,0,0,0,0.0,-,,,,,,,,,,,,,,,,,,,,,,,,,,,,,,,
2025020276,2025-11-13,Flames,Sharks,Home,RW,19,18,4.101373321,1.5116921245,3.581194274,0.7146757235,Dustin Wolf,Yaroslav Askarov,CG,CG,0,0,0,0,0,0,0,0,1,0,0,0,0,0,0,13,14,9,0,36,1,6,10,0,17,22,26,19,0,67,19,15,19,0,53,58,38,0,1,1,0,2,0,0,0,0,0,2,7,1,0,10,8,7,4,0,19,0,0,3,2,360,240,17,34,1.0,0.944,1,0,1,0,1,0,2054,0,1546,2858,2858,19,123,0,0,0,0,0,0,0,0,0,0,0.0,-,,,,,,,,,,,,,,,,,,,,,,,,,,,,,,,
2025020276,2025-11-13,Sharks,Flames,Away,RL,18,19,1.5116921245,4.101373321,0.7146757235,3.581194274,Yaroslav Askarov,Dustin Wolf,CG,CG,0,0,0,0,0,0,0,0,0,0,0,0,0,0,0,1,6,10,0,17,13,14,9,0,36,19,15,19,0,53,22,26,19,0,67,38,58,0,0,0,0,0,0,1,1,0,2,8,7,4,0,19,2,7,1,0,10,0,0,2,3,240,360,34,17,0.944,1.0,0,1,0,1,0,1,0,2054,1546,2858,2858,123,19,0,0,0,0,0,0,0,0,0,0,0.0,-,,,,,,,,,,,,,,,,,,,,,,,,,,,,,,,
2025020277,2025-11-13,Golden Knights,Islanders,Home,OTL,16,17,4.517683773,3.5151250784,2.281965188,1.4581362064,Akira Schmid,Ilya Sorokin,CG,CG,0,0,0,0,0,0,0,0,0,1,0,0,0,0,0,10,8,8,3,29,6,10,5,3,24,18,19,19,6,62,14,19,19,4,56,39,32,0,1,2,0,3,2,0,1,1,4,10,6,6,0,22,4,3,2,0,9,0,1,5,5,394,413,20,26,0.833,0.897,0,0,1,1,5,4,398,2060,1324,2756,2506,115,76,21,0,0,0,0,0,0,7,89,161,0.0,-,,,,,,,,,,,,,,,,,,,,,,,,,,,,,,,
2025020277,2025-11-13,Islanders,Golden Knights,Away,OTW,17,16,3.5151250784,4.517683773,1.4581362064,2.281965188,Ilya Sorokin,Akira Schmid,CG,CG,0,0,0,0,0,0,0,0,1,0,0,0,1,0,0,6,10,5,3,24,10,8,8,3,29,14,19,19,4,56,18,19,19,6,62,32,39,2,0,1,1,4,0,1,2,0,3,4,3,2,0,9,10,6,6,0,22,1,0,5,5,413,394,26,20,0.897,0.833,0,0,1,1,4,5,2060,398,1324,2756,2506,76,115,0,21,0,0,0,0,7,0,89,161,0.0,-,,,,,,,,,,,,,,,,,,,,,,,,,,,,,,,
2025020278,2025-11-13,Kraken,Jets,Home,RW,17,17,2.5073812428,2.2201693274,1.6426282428,1.3065232354,Philipp Grubauer,Connor Hellebuyck,CG,CG,0,0,1,0,0,0,0,0,0,0,0,0,1,0,0,8,5,5,0,18,4,13,9,0,26,19,13,14,0,46,9,26,18,0,53,35,40,1,1,3,0,5,1,2,0,0,3,10,0,4,0,14,8,6,6,0,20,1,1,3,3,316,223,23,13,0.885,0.722,1,0,3,0,0,0,759,868,1973,2927,2901,33,89,0,0,0,0,0,0,0,32,26,0,0.0,-,,,,,,,,,,,,,,,,,,,,,,,,,,,,,,,
2025020278,2025-11-13,Jets,Kraken,Away,RL,17,17,2.2201693274,2.5073812428,1.3065232354,1.6426282428,Connor Hellebuyck,Philipp Grubauer,CG,CG,0,0,0,0,0,0,1,0,1,1,0,0,0,0,0,4,13,9,0,26,8,5,5,0,18,9,26,18,0,53,19,13,14,0,46,40,35,1,2,0,0,3,1,1,3,0,5,8,6,6,0,20,10,0,4,0,14,1,1,3,3,223,316,13,23,0.722,0.885,0,1,0,3,0,0,868,759,1973,2927,2901,89,33,0,0,0,0,0,0,32,0,26,0,0.0,-,,,,,,,,,,,,,,,,,,,,,,,,,,,,,,,
2025020281,2025-11-14,Predators,Penguins,Home,OTW,19,18,3.9192058043,1.964421621,3.2870452413,1.829306001,Juuse Saros,Arturs Silovs,CG,CG,0,0,0,0,0,0,0,0,0,0,0,0,1,0,0,8,12,8,2,30,8,2,7,0,17,15,24,16,2,57,14,16,13,1,44,50,43,0,0,1,1,2,0,1,0,0,1,6,4,7,0,17,5,3,2,0,10,0,0,1,2,130,240,16,28,0.941,0.933,0,0,0,0,3,2,0,1501,2143,3263,3219,11,0,0,0,0,0,0,0,0,0,0,44,0.0,-,,,,,,,,,,,,,,,,,,,,,,,,,,,,,,,
2025020281,2025-11-14,Penguins,Predators,Away,OTL,18,19,1.964421621,3.9192058043,1.829306001,3.2870452413,Arturs Silovs,Juuse Saros,CG,CG,0,0,0,0,0,0,0,0,1,1,0,0,0,0,0,8,2,7,0,17,8,12,8,2,30,14,16,13,1,44,15,24,16,2,57,43,50,0,1,0,0,1,0,0,1,1,2,5,3,2,0,10,6,4,7,0,17,0,0,2,1,240,130,28,16,0.933,0.941,0,0,0,0,2,3,1501,0,2143,3263,3219,0,11,0,0,0,0,0,0,0,0,0,44,0.0,-,,,,,,,,,,,,,,,,,,,,,,,,,,,,,,,
2025020279,2025-11-14,Hurricanes,Canucks,Home,OTW,17,19,4.3813419402000005,1.3701489339000001,3.8617409402,0.8582894168999999,Pyotr Kochetkov,Kevin Lankinen,CG,CG,0,0,0,0,0,0,0,0,0,0,0,0,1,0,0,8,18,8,4,38,4,8,4,1,17,14,27,22,4,67,16,24,14,3,57,61,49,2,0,1,1,4,2,1,0,0,3,6,10,5,0,21,11,4,10,0,25,1,1,2,2,125,150,14,34,0.824,0.895,0,0,0,0,2,3,240,1488,2141,3554,3285,10,7,0,0,0,0,0,0,0,0,0,269,0.0,-,,,,,,,,,,,,,,,,,,,,,,,,,,,,,,,
2025020279,2025-11-14,Canucks,Hurricanes,Away,OTL,19,17,1.3701489339000001,4.3813419402000005,0.8582894168999999,3.8617409402,Kevin Lankinen,Pyotr Kochetkov,CG,CG,0,0,0,0,0,0,0,0,1,1,0,0,0,0,0,4,8,4,1,17,8,18,8,4,38,16,24,14,3,57,14,27,22,4,67,49,61,2,1,0,0,3,2,0,1,1,4,11,4,10,0,25,6,10,5,0,21,1,1,2,2,150,125,34,14,0.895,0.824,0,0,0,0,3,2,1488,240,2141,3554,3285,7,10,0,0,0,0,0,0,0,0,0,269,0.0,-,,,,,,,,,,,,,,,,,,,,,,,,,,,,,,,
2025020280,2025-11-14,Blues,Flyers,Home,SOL,18,17,2.2517911809999998,2.1217814194,2.013667979,1.5719733784,Jordan Binnington,Samuel Ersson,CG,CG,0,0,0,0,0,0,0,0,1,1,1,0,0,0,0,8,4,4,1,17,8,11,6,6,31,13,12,14,2,41,14,23,13,8,58,37,47,2,1,2,0,5,1,2,2,0,5,9,4,7,0,20,3,11,4,0,18,0,0,1,1,120,120,26,12,0.839,0.706,0,0,0,0,0,0,2730,0,1170,3654,3354,3,3,0,0,0,0,0,0,0,0,0,300,0.0,-,,,,,,,,,,,,,,,,,,,,,,,,,,,,,,,
2025020280,2025-11-14,Flyers,Blues,Away,SOW,17,18,2.1217814194,2.2517911809999998,1.5719733784,2.013667979,Samuel Ersson,Jordan Binnington,CG,CG,0,0,0,0,0,0,0,0,0,0,0,0,1,1,0,8,11,6,6,31,8,4,4,1,17,14,23,13,8,58,13,12,14,2,41,47,37,1,2,2,0,5,2,1,2,0,5,3,11,4,0,18,9,4,7,0,20,0,0,1,1,120,120,12,26,0.706,0.839,0,0,0,0,0,0,0,2730,1170,3654,3354,3,3,0,0,0,0,0,0,0,0,0,300,0.0,-,,,,,,,,,,,,,,,,,,,,,,,,,,,,,,,
2025020282,2025-11-14,Mammoth,Islanders,Home,OTL,18,18,3.9150321585,3.795151873,2.9175758245,2.688349498,Karel Vejmelka,David Rittich,CG,CG,0,0,0,0,1,0,0,0,0,1,0,0,0,0,0,14,10,6,0,30,6,7,6,3,22,26,25,17,1,69,14,17,15,3,49,50,34,2,0,0,0,2,1,0,1,1,3,3,5,5,0,13,7,9,2,0,18,1,0,6,4,501,378,19,28,0.864,0.933,0,0,0,0,2,1,2109,349,1268,2660,2475,23,51,0,0,39,0,0,0,0,0,59,126,0.0,-,,,,,,,,,,,,,,,,,,,,,,,,,,,,,,,
2025020282,2025-11-14,Islanders,Mammoth,Away,OTW,18,18,3.795151873,3.9150321585,2.688349498,2.9175758245,David Rittich,Karel Vejmelka,CG,CG,1,0,0,0,0,0,0,0,1,0,0,0,1,0,0,6,7,6,3,22,14,10,6,0,30,14,17,15,3,49,26,25,17,1,69,34,50,1,0,1,1,3,2,0,0,0,2,7,9,2,0,18,3,5,5,0,13,0,1,4,6,378,501,28,19,0.933,0.864,0,0,0,0,1,2,349,2109,1268,2660,2475,51,23,0,0,0,39,0,0,0,0,59,126,0.0,-,,,,,,,,,,,,,,,,,,,,,,,,,,,,,,,
2025020283,2025-11-15,Panthers,Lightning,Home,RL,18,17,2.1915542305,3.0103937255,1.4036552055,2.1121385215,Sergei Bobrovsky,Andrei Vasilevskiy,CG,CG,0,0,0,0,0,0,0,0,0,0,0,0,0,0,0,6,7,10,0,23,10,7,3,0,20,12,18,24,0,54,19,17,13,0,49,35,33,0,1,0,0,1,1,0,2,0,3,12,11,2,0,25,11,9,7,0,27,1,0,5,4,462,474,17,22,0.85,0.957,0,1,0,6,3,1,0,2103,1497,2333,2282,211,31,0,0,0,0,0,0,0,0,51,0,0.0,-,,,,,,,,,,,,,,,,,,,,,,,,,,,,,,,
2025020283,2025-11-15,Lightning,Panthers,Away,RW,17,18,3.0103937255,2.1915542305,2.1121385215,1.4036552055,Andrei Vasilevskiy,Sergei Bobrovsky,CG,CG,0,0,0,0,0,0,0,0,1,0,0,0,0,0,0,10,7,3,0,20,6,7,10,0,23,19,17,13,0,49,12,18,24,0,54,33,35,1,0,2,0,3,0,1,0,0,1,11,9,7,0,27,12,11,2,0,25,0,1,4,5,474,462,22,17,0.957,0.85,1,0,6,0,1,3,2103,0,1497,2333,2282,31,211,0,0,0,0,0,0,0,0,51,0,0.0,-,,,,,,,,,,,,,,,,,,,,,,,,,,,,,,,
2025020284,2025-11-15,Wild,Ducks,Home,RW,19,18,3.165479048,2.5708010832,2.062674105,1.7223446739,Jesper Wallstedt,Petr Mrazek,CG,CG,0,0,0,0,0,0,0,0,1,0,0,0,0,0,0,9,10,11,0,30,8,11,9,0,28,18,17,18,0,53,18,21,17,0,56,32,41,0,1,1,0,2,0,0,0,0,0,5,9,4,0,18,10,6,4,0,20,0,0,7,2,865,240,28,28,1.0,0.933,1,0,5,0,4,1,2345,0,1255,2366,2366,9,120,0,0,0,0,0,0,0,0,0,0,0.0,-,,,,,,,,,,,,,,,,,,,,,,,,,,,,,,,
2025020284,2025-11-15,Ducks,Wild,Away,RL,18,19,2.5708010832,3.165479048,1.7223446739,2.062674105,Petr Mrazek,Jesper Wallstedt,CG,CG,0,0,0,0,0,0,0,0,0,0,0,0,0,0,0,8,11,9,0,28,9,10,11,0,30,18,21,17,0,56,18,17,18,0,53,41,32,0,0,0,0,0,0,1,1,0,2,10,6,4,0,20,5,9,4,0,18,0,0,2,7,240,865,28,28,0.933,1.0,0,1,0,5,1,4,0,2345,1255,2366,2366,120,9,0,0,0,0,0,0,0,0,0,0,0.0,-,,,,,,,,,,,,,,,,,,,,,,,,,,,,,,,
2025020285,2025-11-15,Canadiens,Bruins,Home,RL,18,20,3.7137959185000002,3.5922688624,2.1053572195,1.7971251274,Samuel Montembeault,Jeremy Swayman,CG,CG,0,0,0,0,0,0,0,0,0,0,0,0,0,0,0,7,12,9,0,28,10,7,6,0,23,16,32,27,0,75,23,16,20,0,59,45,31,1,1,0,0,2,1,2,0,0,3,10,12,5,0,27,15,7,5,0,27,0,1,7,5,626,531,20,26,0.87,0.929,0,0,0,7,3,3,0,2494,1106,2073,1983,119,21,0,0,171,0,0,0,0,0,90,0,0.0,-,,,,,,,,,,,,,,,,,,,,,,,,,,,,,,,
2025020285,2025-11-15,Bruins,Canadiens,Away,RW,20,18,3.5922688624,3.7137959185000002,1.7971251274,2.1053572195,Jeremy Swayman,Samuel Montembeault,CG,CG,0,0,0,0,0,0,0,0,1,0,0,0,0,0,0,10,7,6,0,23,7,12,9,0,28,23,16,20,0,59,16,32,27,0,75,31,45,1,2,0,0,3,1,1,0,0,2,15,7,5,0,27,10,12,5,0,27,1,0,5,7,531,626,26,20,0.929,0.87,0,0,7,0,3,3,2494,0,1106,2073,1983,21,119,0,0,0,171,0,0,0,0,90,0,0.0,-,,,,,,,,,,,,,,,,,,,,,,,,,,,,,,,
2025020286,2025-11-15,Senators,Kings,Home,RL,19,19,2.1849976832,1.5635212795,1.9842720372,1.1100739705,Linus Ullmark,Anton Forsberg,CG,CG,0,0,0,0,0,0,0,0,0,0,0,0,0,0,0,4,6,7,0,17,5,2,11,0,18,12,14,24,0,50,16,10,23,0,49,44,37,0,0,0,0,0,1,0,0,0,1,8,8,6,0,22,3,7,6,0,16,0,0,2,2,240,240,17,17,0.944,1.0,0,0,0,6,0,1,0,3041,559,2893,2893,167,60,0,0,0,0,0,0,0,0,0,0,0.0,-,,,,,,,,,,,,,,,,,,,,,,,,,,,,,,,
2025020286,2025-11-15,Kings,Senators,Away,RW,19,19,1.5635212795,2.1849976832,1.1100739705,1.9842720372,Anton Forsberg,Linus Ullmark,CG,CG,0,0,0,0,0,0,0,0,1,0,0,0,0,0,0,5,2,11,0,18,4,6,7,0,17,16,10,23,0,49,12,14,24,0,50,37,44,1,0,0,0,1,0,0,0,0,0,3,7,6,0,16,8,8,6,0,22,0,0,2,2,240,240,17,17,1.0,0.944,0,0,6,0,1,0,3041,0,559,2893,2893,60,167,0,0,0,0,0,0,0,0,0,0,0.0,-,,,,,,,,,,,,,,,,,,,,,,,,,,,,,,,
2025020287,2025-11-15,Red Wings,Sabres,Home,OTL,18,18,3.2789548097,2.8070417155,1.9338814287,2.041358713,John Gibson,Colten Ellis,CG,CG,0,0,0,0,0,1,0,0,1,1,1,1,0,0,0,5,15,8,0,28,5,8,13,1,27,16,27,15,1,59,16,14,22,1,53,42,39,1,3,0,0,4,1,1,2,1,5,5,4,9,0,18,5,8,6,0,19,1,0,5,4,395,374,22,24,0.815,0.857,0,0,0,1,3,1,1565,0,2100,2753,2621,63,38,0,0,0,0,0,0,0,9,67,65,0.0,-,,,,,,,,,,,,,,,,,,,,,,,,,,,,,,,
2025020287,2025-11-15,Sabres,Red Wings,Away,OTW,18,18,2.8070417155,3.2789548097,2.041358713,1.9338814287,Colten Ellis,John Gibson,CG,CG,0,1,0,0,0,0,0,0,0,0,0,0,1,1,1,5,8,13,1,27,5,15,8,0,28,16,14,22,1,53,16,27,15,1,59,39,42,1,1,2,1,5,1,3,0,0,4,5,8,6,0,19,5,4,9,0,18,0,1,4,5,374,395,24,22,0.857,0.815,0,0,1,0,1,3,0,1565,2100,2753,2621,38,63,0,0,0,0,0,0,9,0,67,65,0.0,-,,,,,,,,,,,,,,,,,,,,,,,,,,,,,,,
2025020288,2025-11-15,Capitals,Devils,Home,SOL,18,18,3.7016375555,3.6052676522,3.2086737375,2.1101731702,Logan Thompson,Jake Allen,CG,CG,0,0,0,0,0,0,0,0,0,0,0,0,0,0,0,8,10,11,2,31,14,7,5,5,31,16,20,25,3,64,23,24,18,6,71,54,54,0,0,2,0,2,2,0,0,0,2,13,7,5,1,26,6,3,4,0,13,0,1,1,3,120,277,29,29,0.935,0.935,0,0,0,0,2,2,0,2604,1296,3465,3165,21,7,0,0,0,6,0,0,0,0,0,300,0.0,-,,,,,,,,,,,,,,,,,,,,,,,,,,,,,,,
2025020288,2025-11-15,Devils,Capitals,Away,SOW,18,18,3.6052676522,3.7016375555,2.1101731702,3.2086737375,Jake Allen,Logan Thompson,CG,CG,0,0,0,0,0,0,0,0,1,0,0,0,0,0,0,14,7,5,5,31,8,10,11,2,31,23,24,18,6,71,16,20,25,3,64,54,54,2,0,0,0,2,0,0,2,0,2,6,3,4,0,13,13,7,5,1,26,1,0,3,1,277,120,29,29,0.935,0.935,0,0,0,0,2,2,2604,0,1296,3465,3165,7,21,0,0,6,0,0,0,0,0,0,300,0.0,-,,,,,,,,,,,,,,,,,,,,,,,,,,,,,,,
2025020289,2025-11-15,Hurricanes,Oilers,Home,OTL,18,20,3.6036129771,4.3191155851,3.0444803311,3.6478675850999998,Frederik Andersen,Stuart Skinner,CG,CG,1,0,0,0,0,1,1,0,0,0,0,0,0,0,0,11,16,9,0,36,8,6,8,1,23,22,28,19,0,69,24,13,16,1,54,60,49,1,1,1,0,3,2,0,1,1,4,8,2,7,0,17,10,10,5,0,25,0,1,2,1,240,103,19,33,0.826,0.917,0,0,0,0,3,1,0,1133,2486,3214,3195,1,44,0,0,0,0,0,0,0,0,0,19,0.0,-,,,,,,,,,,,,,,,,,,,,,,,,,,,,,,,
2025020289,2025-11-15,Oilers,Hurricanes,Away,OTW,20,18,4.3191155851,3.6036129771,3.6478675850999998,3.0444803311,Stuart Skinner,Frederik Andersen,CG,CG,0,1,1,0,1,0,0,0,1,0,0,0,0,0,0,8,6,8,1,23,11,16,9,0,36,24,13,16,1,54,22,28,19,0,69,49,60,2,0,1,1,4,1,1,1,0,3,10,10,5,0,25,8,2,7,0,17,1,0,1,2,103,240,33,19,0.917,0.826,0,0,0,0,1,3,1133,0,2486,3214,3195,44,1,0,0,0,0,0,0,0,0,0,19,0.0,-,,,,,,,,,,,,,,,,,,,,,,,,,,,,,,,
2025020290,2025-11-15,Blue Jackets,Rangers,Home,SOL,18,19,2.9909897356,3.8555227299,1.9590066176,2.6914796579,Jet Greaves,Igor Shesterkin,CG,CG,0,0,1,0,0,0,0,0,0,0,0,0,0,0,0,5,13,8,1,27,10,16,6,1,33,16,19,24,5,64,20,25,19,5,69,52,57,0,1,0,0,1,0,1,0,0,1,10,9,8,0,27,13,7,11,0,31,1,1,2,2,100,110,32,26,0.97,0.963,0,0,0,0,1,5,0,578,3322,3608,3216,6,58,0,0,0,0,0,0,0,9,92,300,0.0,-,,,,,,,,,,,,,,,,,,,,,,,,,,,,,,,
2025020290,2025-11-15,Rangers,Blue Jackets,Away,SOW,19,18,3.8555227299,2.9909897356,2.6914796579,1.9590066176,Igor Shesterkin,Jet Greaves,CG,CG,0,0,0,0,0,0,1,0,1,0,0,0,0,0,0,10,16,6,1,33,5,13,8,1,27,20,25,19,5,69,16,19,24,5,64,57,52,0,1,0,0,1,0,1,0,0,1,13,7,11,0,31,10,9,8,0,27,1,1,2,2,110,100,26,32,0.963,0.97,0,0,0,0,5,1,578,0,3322,3608,3216,58,6,0,0,0,0,0,0,9,0,92,300,0.0,-,,,,,,,,,,,,,,,,,,,,,,,,,,,,,,,
2025020291,2025-11-15,Blackhawks,Maple Leafs,Home,RW,18,19,3.1042663966,3.4526318017,2.1647015696,3.0622692197,Spencer Knight,Joseph Woll,CG,CG,0,0,0,0,0,0,0,0,1,0,0,0,1,0,0,10,11,11,0,32,14,5,14,0,33,20,23,27,0,70,19,15,19,0,53,52,47,1,0,2,0,3,1,1,0,0,2,7,7,1,0,15,11,9,8,0,28,0,0,2,3,240,360,31,29,0.939,0.906,0,0,5,0,1,2,752,935,1913,2859,2859,45,96,0,0,0,0,0,0,0,0,0,0,0.0,-,,,,,,,,,,,,,,,,,,,,,,,,,,,,,,,
2025020291,2025-11-15,Maple Leafs,Blackhawks,Away,RL,19,18,3.4526318017,3.1042663966,3.0622692197,2.1647015696,Joseph Woll,Spencer Knight,CG,CG,0,0,0,0,0,0,0,0,0,1,0,0,0,0,0,14,5,14,0,33,10,11,11,0,32,19,15,19,0,53,20,23,27,0,70,47,52,1,1,0,0,2,1,0,2,0,3,11,9,8,0,28,7,7,1,0,15,0,0,3,2,360,240,29,31,0.906,0.939,0,0,0,5,2,1,935,752,1913,2859,2859,96,45,0,0,0,0,0,0,0,0,0,0,0.0,-,,,,,,,,,,,,,,,,,,,,,,,,,,,,,,,
2025020292,2025-11-15,Blues,Golden Knights,Home,RL,19,17,1.5680829832,3.9668581686,1.3412102432,2.8661404726,Joel Hofer,Akira Schmid,CG,CG,1,0,0,0,0,0,0,0,0,0,0,0,0,0,0,8,7,8,0,23,13,15,6,0,34,19,17,15,0,51,29,23,17,0,69,45,57,0,0,1,0,1,2,1,1,0,4,13,7,4,0,24,4,6,2,0,12,0,1,2,3,240,303,30,22,0.882,0.957,0,0,0,0,0,1,0,2828,772,2982,2982,0,75,0,0,0,0,0,0,0,0,0,0,0.0,-,,,,,,,,,,,,,,,,,,,,,,,,,,,,,,,
2025020292,2025-11-15,Golden Knights,Blues,Away,RW,17,19,3.9668581686,1.5680829832,2.8661404726,1.3412102432,Akira Schmid,Joel Hofer,CG,CG,0,0,0,0,1,0,0,0,1,0,0,0,0,0,0,13,15,6,0,34,8,7,8,0,23,29,23,17,0,69,19,17,15,0,51,57,45,2,1,1,0,4,0,0,1,0,1,4,6,2,0,12,13,7,4,0,24,1,0,3,2,303,240,22,30,0.957,0.882,0,0,0,0,1,0,2828,0,772,2982,2982,75,0,0,0,0,0,0,0,0,0,0,0,0.0,-,,,,,,,,,,,,,,,,,,,,,,,,,,,,,,,
2025020293,2025-11-15,Stars,Flyers,Home,RW,19,18,4.6108762445,1.832323129,3.7674961625,1.756829779,Jake Oettinger,Dan Vladar,CG,CG,0,0,0,0,1,1,0,0,1,0,0,0,0,0,0,10,6,12,0,28,3,11,7,0,21,21,14,25,0,60,13,17,14,0,44,54,39,1,2,2,0,5,0,0,1,0,1,5,10,8,0,23,10,11,11,0,32,1,0,2,1,176,120,20,23,0.952,0.821,0,0,0,0,3,1,3372,0,228,3257,3257,1,24,0,0,0,0,0,0,0,0,0,0,0.0,-,,,,,,,,,,,,,,,,,,,,,,,,,,,,,,,
2025020293,2025-11-15,Flyers,Stars,Away,RL,18,19,1.832323129,4.6108762445,1.756829779,3.7674961625,Dan Vladar,Jake Oettinger,CG,CG,1,1,0,0,0,0,0,0,0,0,0,0,0,0,0,3,11,7,0,21,10,6,12,0,28,13,17,14,0,44,21,14,25,0,60,39,54,0,0,1,0,1,1,2,2,0,5,10,11,11,0,32,5,10,8,0,23,0,1,1,2,120,176,23,20,0.821,0.952,0,0,0,0,1,3,0,3372,228,3257,3257,24,1,0,0,0,0,0,0,0,0,0,0,0.0,-,,,,,,,,,,,,,,,,,,,,,,,,,,,,,,,
2025020294,2025-11-15,Flames,Jets,Home,SOL,20,18,3.1522333546,3.0924816782,2.0708961496,2.480321146,Dustin Wolf,Connor Hellebuyck,CG,CG,0,0,0,0,0,0,0,0,0,0,0,0,0,0,0,12,10,11,1,34,8,10,4,1,23,25,26,18,3,72,19,23,14,5,61,59,51,0,2,1,0,3,0,2,1,0,3,8,13,6,0,27,6,10,4,1,21,1,1,3,1,302,22,20,31,0.87,0.912,0,0,0,1,2,2,0,1383,2517,3475,3264,21,46,89,0,0,0,0,0,31,0,0,211,0.0,-,,,,,,,,,,,,,,,,,,,,,,,,,,,,,,,
2025020294,2025-11-15,Jets,Flames,Away,SOW,18,20,3.0924816782,3.1522333546,2.480321146,2.0708961496,Connor Hellebuyck,Dustin Wolf,CG,CG,0,0,0,0,0,0,0,0,1,0,0,0,0,0,0,8,10,4,1,23,12,10,11,1,34,19,23,14,5,61,25,26,18,3,72,51,59,0,2,1,0,3,0,2,1,0,3,6,10,4,1,21,8,13,6,0,27,1,1,1,3,22,302,31,20,0.912,0.87,0,0,1,0,2,2,1383,0,2517,3475,3264,46,21,0,89,0,0,0,0,0,31,0,211,0.0,-,,,,,,,,,,,,,,,,,,,,,,,,,,,,,,,
2025020295,2025-11-15,Kraken,Sharks,Home,RW,18,19,2.599091636,3.0232364557,2.266816505,2.3629906577,Matt Murray,Alex Nedeljkovic,IG,CG,0,0,0,0,0,0,0,0,1,0,0,0,0,0,0,6,10,7,0,23,7,14,5,0,26,21,21,20,0,62,20,19,16,0,55,54,43,1,2,1,0,4,1,0,0,0,1,6,5,2,0,13,7,6,6,0,19,0,1,2,6,182,574,25,19,0.962,0.826,1,0,2,0,1,1,2123,0,1477,2695,2688,98,0,0,0,0,0,0,0,0,97,7,0,0.0,-,,,,,,,,,,,,,,,,,,,,,,,,,,,,,,,
2025020295,2025-11-15,Sharks,Kraken,Away,RL,19,18,3.0232364557,2.599091636,2.3629906577,2.266816505,Alex Nedeljkovic,Matt Murray,CG,IG,0,0,0,0,0,0,0,0,0,0,0,0,0,0,0,7,14,5,0,26,6,10,7,0,23,20,19,16,0,55,21,21,20,0,62,43,54,1,0,0,0,1,1,2,1,0,4,7,6,6,0,19,6,5,2,0,13,1,0,6,2,574,182,19,25,0.826,0.962,0,1,0,2,1,1,0,2123,1477,2695,2688,0,98,0,0,0,0,0,0,97,0,7,0,0.0,-,,,,,,,,,,,,,,,,,,,,,,,,,,,,,,,
2025020296,2025-11-16,Penguins,Predators,Home,RW,19,20,3.452774395,1.5887691336,3.17917572,0.9819012721,Sergei Murashov,Juuse Saros,CG,CG,0,0,0,0,0,0,0,0,1,0,0,0,0,0,0,11,4,7,0,22,2,8,11,0,21,18,19,16,0,53,7,17,23,0,47,47,35,3,0,1,0,4,0,0,0,0,0,6,6,3,0,15,9,9,9,0,27,0,0,0,4,0,438,21,18,1.0,0.818,1,0,1,0,2,0,3461,0,139,3094,3094,46,22,0,0,0,28,0,0,0,0,0,0,0.0,-,,,,,,,,,,,,,,,,,,,,,,,,,,,,,,,
2025020296,2025-11-16,Predators,Penguins,Away,RL,20,19,1.5887691336,3.452774395,0.9819012721,3.17917572,Juuse Saros,Sergei Murashov,CG,CG,0,0,0,0,0,0,0,0,0,0,0,0,0,0,0,2,8,11,0,21,11,4,7,0,22,7,17,23,0,47,18,19,16,0,53,35,47,0,0,0,0,0,3,0,1,0,4,9,9,9,0,27,6,6,3,0,15,0,0,4,0,438,0,18,21,0.818,1.0,0,1,0,1,0,2,0,3461,139,3094,3094,22,46,0,0,28,0,0,0,0,0,0,0,0.0,-,,,,,,,,,,,,,,,,,,,,,,,,,,,,,,,
2025020297,2025-11-16,Lightning,Canucks,Home,RL,18,20,4.2071746125,2.061269862,3.4845110465,1.160072682,Jonas Johansson,Kevin Lankinen,CG,CG,1,0,0,0,0,0,0,0,1,1,1,0,0,0,0,13,6,11,0,30,1,6,11,0,18,24,13,22,0,59,9,9,20,0,38,48,31,1,1,0,0,2,0,1,5,0,6,5,3,10,0,18,6,13,9,0,28,0,2,2,3,240,168,12,28,0.667,0.933,0,1,0,1,2,1,1486,906,1208,2964,2934,151,14,0,0,0,0,0,0,0,0,30,0,0.0,-,,,,,,,,,,,,,,,,,,,,,,,,,,,,,,,
2025020297,2025-11-16,Canucks,Lightning,Away,RW,20,18,2.061269862,4.2071746125,1.160072682,3.4845110465,Kevin Lankinen,Jonas Johansson,CG,CG,0,0,0,0,1,0,0,0,0,0,0,0,1,1,0,1,6,11,0,18,13,6,11,0,30,9,9,20,0,38,24,13,22,0,59,31,48,0,1,5,0,6,1,1,0,0,2,6,13,9,0,28,5,3,10,0,18,2,0,3,2,168,240,28,12,0.933,0.667,1,0,1,0,1,2,906,1486,1208,2964,2934,14,151,0,0,0,0,0,0,0,0,30,0,0.0,-,,,,,,,,,,,,,,,,,,,,,,,,,,,,,,,
2025020298,2025-11-16,Wild,Golden Knights,Home,OTW,20,18,2.1723211015,1.5724991971,1.4918269968,1.1022652521,Filip Gustavsson,Carl Lindbom,CG,CG,1,0,0,0,1,1,0,0,1,0,0,0,0,0,0,12,6,7,3,28,8,8,9,0,25,17,14,16,3,50,19,16,16,0,51,36,41,1,1,0,1,3,1,0,1,0,2,8,13,10,0,31,5,6,4,0,15,1,2,4,4,359,372,23,25,0.92,0.893,0,0,0,0,1,3,1675,0,2215,3053,2771,45,22,19,0,0,0,0,0,0,26,11,271,0.0,-,,,,,,,,,,,,,,,,,,,,,,,,,,,,,,,
2025020298,2025-11-16,Golden Knights,Wild,Away,OTL,18,20,1.5724991971,2.1723211015,1.1022652521,1.4918269968,Carl Lindbom,Filip Gustavsson,CG,CG,1,1,0,0,1,0,0,0,0,0,0,0,0,0,0,8,8,9,0,25,12,6,7,3,28,19,16,16,0,51,17,14,16,3,50,41,36,1,0,1,0,2,1,1,0,1,3,5,6,4,0,15,8,13,10,0,31,2,1,4,4,372,359,25,23,0.893,0.92,0,0,0,0,3,1,0,1675,2215,3053,2771,22,45,0,19,0,0,0,0,26,0,11,271,0.0,-,,,,,,,,,,,,,,,,,,,,,,,,,,,,,,,
2025020299,2025-11-16,Rangers,Red Wings,Home,RL,20,19,2.0957740151,4.1867811237,1.3775950961,2.1074057007,Jonathan Quick,Cam Talbot,CG,CG,1,0,0,0,1,1,0,0,0,0,0,0,0,0,0,6,10,3,0,19,9,19,14,0,42,24,16,15,0,55,20,31,29,0,80,43,50,0,1,0,0,1,0,1,1,0,2,9,5,12,0,26,12,4,7,0,23,1,1,2,5,248,569,40,18,0.952,0.947,0,0,0,5,0,2,0,376,3224,2624,2624,113,31,0,0,0,0,0,0,0,0,0,0,0.0,-,,,,,,,,,,,,,,,,,,,,,,,,,,,,,,,
2025020299,2025-11-16,Red Wings,Rangers,Away,RW,19,20,4.1867811237,2.0957740151,2.1074057007,1.3775950961,Cam Talbot,Jonathan Quick,CG,CG,1,1,0,0,1,0,0,0,1,0,0,0,0,0,0,9,19,14,0,42,6,10,3,0,19,20,31,29,0,80,24,16,15,0,55,50,43,0,1,1,0,2,0,1,0,0,1,12,4,7,0,23,9,5,12,0,26,1,1,5,2,569,248,18,40,0.947,0.952,0,0,5,0,2,0,376,0,3224,2624,2624,31,113,0,0,0,0,0,0,0,0,0,0,0.0,-,,,,,,,,,,,,,,,,,,,,,,,,,,,,,,,
2025020300,2025-11-16,Avalanche,Islanders,Home,RW,19,19,3.1413364534,2.8708595255000002,2.4191945504,1.7197358975,Scott Wedgewood,Ilya Sorokin,CG,CG,0,0,0,0,0,1,0,0,0,0,0,0,1,0,0,7,10,11,0,28,7,11,11,0,29,15,18,19,0,52,19,19,23,0,61,41,45,0,2,2,0,4,1,0,0,0,1,8,6,5,0,19,4,4,3,0,11,0,0,3,4,337,467,28,24,0.966,0.857,1,0,1,0,1,2,2049,1347,204,2659,2639,15,73,0,0,0,0,0,0,65,12,20,0,0.0,-,,,,,,,,,,,,,,,,,,,,,,,,,,,,,,,
2025020300,2025-11-16,Islanders,Avalanche,Away,RL,19,19,2.8708595255000002,3.1413364534,1.7197358975,2.4191945504,Ilya Sorokin,Scott Wedgewood,CG,CG,0,1,0,0,0,0,0,0,1,1,0,0,0,0,0,7,11,11,0,29,7,10,11,0,28,19,19,23,0,61,15,18,19,0,52,45,41,1,0,0,0,1,0,2,2,0,4,4,4,3,0,11,8,6,5,0,19,0,0,4,3,467,337,24,28,0.857,0.966,0,1,0,1,2,1,1347,2049,204,2659,2639,73,15,0,0,0,0,0,0,12,65,20,0,0.0,-,,,,,,,,,,,,,,,,,,,,,,,,,,,,,,,
2025020301,2025-11-17,Bruins,Hurricanes,Home,RL,21,19,1.8711009893,4.3128166341,1.3658963613000001,3.2845316391,Jeremy Swayman,Pyotr Kochetkov,CG,CG,0,0,0,0,0,1,0,0,0,0,0,0,0,0,0,9,7,14,0,30,10,13,9,0,32,23,19,18,0,60,21,25,22,0,68,50,52,0,0,1,0,1,0,2,1,0,3,8,8,10,0,26,12,4,3,0,19,1,0,4,2,470,240,29,29,0.906,0.967,0,0,0,0,0,9,0,1895,1705,2815,2698,28,25,0,0,0,0,0,0,0,0,117,0,0.0,-,,,,,,,,,,,,,,,,,,,,,,,,,,,,,,,
2025020301,2025-11-17,Hurricanes,Bruins,Away,RW,19,21,4.3128166341,1.8711009893,3.2845316391,1.3658963613000001,Pyotr Kochetkov,Jeremy Swayman,CG,CG,0,1,0,0,0,0,0,0,1,0,0,0,0,0,0,10,13,9,0,32,9,7,14,0,30,21,25,22,0,68,23,19,18,0,60,52,50,0,2,1,0,3,0,0,1,0,1,12,4,3,0,19,8,8,10,0,26,0,1,2,4,240,470,29,29,0.967,0.906,0,0,0,0,9,0,1895,0,1705,2815,2698,25,28,0,0,0,0,0,0,0,0,117,0,0.0,-,,,,,,,,,,,,,,,,,,,,,,,,,,,,,,,
2025020302,2025-11-17,Sabres,Oilers,Home,RW,19,21,3.8396483395,2.2371194643,3.4883412025,1.6852403151,Colten Ellis,Stuart Skinner,CG,CG,0,0,1,0,0,0,1,0,1,0,0,0,0,0,0,6,13,9,0,28,7,10,16,0,33,16,21,29,0,66,19,18,26,0,63,61,55,1,2,2,0,5,0,1,0,0,1,5,5,3,0,13,7,11,2,0,20,1,0,2,1,147,120,32,23,0.97,0.821,1,0,3,0,1,0,2205,0,1395,3195,3195,20,118,0,0,0,0,0,0,0,0,0,0,0.0,-,,,,,,,,,,,,,,,,,,,,,,,,,,,,,,,
2025020302,2025-11-17,Oilers,Sabres,Away,RL,21,19,2.2371194643,3.8396483395,1.6852403151,3.4883412025,Stuart Skinner,Colten Ellis,CG,CG,0,0,1,0,0,0,1,0,0,0,0,0,0,0,0,7,10,16,0,33,6,13,9,0,28,19,18,26,0,63,16,21,29,0,66,55,61,0,1,0,0,1,1,2,2,0,5,7,11,2,0,20,5,5,3,0,13,0,1,1,2,120,147,23,32,0.821,0.97,0,1,0,3,0,1,0,2205,1395,3195,3195,118,20,0,0,0,0,0,0,0,0,0,0,0.0,-,,,,,,,,,,,,,,,,,,,,,,,,,,,,,,,
2025020303,2025-11-17,Panthers,Canucks,Home,RW,19,21,4.6551991893,2.0356786273,3.7628236523,1.2509220314,Sergei Bobrovsky,Jiri Patera,CG,CG,0,0,0,0,1,1,0,0,0,0,0,0,1,1,0,11,16,14,0,41,5,4,6,0,15,17,31,27,0,75,16,20,12,0,48,54,34,2,3,3,0,8,2,1,2,0,5,10,8,6,0,24,5,4,4,0,13,2,2,6,6,581,541,10,33,0.667,0.805,1,0,4,0,1,4,2209,302,1089,2233,2233,43,127,0,0,0,0,0,0,0,31,0,0,0.0,-,,,,,,,,,,,,,,,,,,,,,,,,,,,,,,,
2025020303,2025-11-17,Canucks,Panthers,Away,RL,21,19,2.0356786273,4.6551991893,1.2509220314,3.7628236523,Jiri Patera,Sergei Bobrovsky,CG,CG,1,1,0,0,0,0,0,0,1,1,1,0,0,0,0,5,4,6,0,15,11,16,14,0,41,16,20,12,0,48,17,31,27,0,75,34,54,2,1,2,0,5,2,3,3,0,8,5,4,4,0,13,10,8,6,0,24,2,2,6,6,541,581,33,10,0.805,0.667,0,1,0,4,4,1,302,2209,1089,2233,2233,127,43,0,0,0,0,0,0,31,0,0,0,0.0,-,,,,,,,,,,,,,,,,,,,,,,,,,,,,,,,
2025020304,2025-11-17,Capitals,Kings,Home,RW,19,20,3.236798817,3.2601298387,2.842690504,2.4141523507000002,Charlie Lindgren,Darcy Kuemper,CG,CG,0,0,0,0,0,0,0,0,1,0,0,0,0,0,0,14,4,7,0,25,8,12,11,0,31,25,17,17,0,59,17,23,20,0,60,51,49,1,1,0,0,2,0,1,0,0,1,6,7,4,0,17,8,6,4,0,18,0,1,2,3,147,311,30,23,0.968,0.92,0,0,3,0,3,2,3379,0,221,3005,3005,32,91,0,0,0,0,0,0,0,0,0,0,0.0,-,,,,,,,,,,,,,,,,,,,,,,,,,,,,,,,
2025020304,2025-11-17,Kings,Capitals,Away,RL,20,19,3.2601298387,3.236798817,2.4141523507000002,2.842690504,Darcy Kuemper,Charlie Lindgren,CG,CG,0,0,0,0,0,0,0,0,0,0,0,0,0,0,0,8,12,11,0,31,14,4,7,0,25,17,23,20,0,60,25,17,17,0,59,49,51,0,1,0,0,1,1,1,0,0,2,8,6,4,0,18,6,7,4,0,17,1,0,3,2,311,147,23,30,0.92,0.968,0,0,0,3,2,3,0,3379,221,3005,3005,91,32,0,0,0,0,0,0,0,0,0,0,0.0,-,,,,,,,,,,,,,,,,,,,,,,,,,,,,,,,
2025020305,2025-11-17,Blue Jackets,Canadiens,Home,SOW,19,19,3.0831962535,3.3629899511,2.2814788325,2.9031114781,Jet Greaves,Jakub Dobes,CG,CG,0,0,0,0,0,0,0,0,1,0,0,0,0,0,0,10,6,7,0,23,8,9,9,6,32,12,19,13,1,45,15,21,17,6,59,39,51,1,2,0,0,3,0,1,2,0,3,6,4,5,0,15,11,3,3,0,17,1,0,2,0,120,0,29,20,0.906,0.87,0,0,0,0,2,0,2803,0,1097,3736,3436,0,42,0,0,17,0,0,0,0,0,0,300,0.0,-,,,,,,,,,,,,,,,,,,,,,,,,,,,,,,,
2025020305,2025-11-17,Canadiens,Blue Jackets,Away,SOL,19,19,3.3629899511,3.0831962535,2.9031114781,2.2814788325,Jakub Dobes,Jet Greaves,CG,CG,0,0,0,0,0,0,0,0,0,0,0,0,0,0,0,8,9,9,6,32,10,6,7,0,23,15,21,17,6,59,12,19,13,1,45,51,39,0,1,2,0,3,1,2,0,0,3,11,3,3,0,17,6,4,5,0,15,0,1,0,2,0,120,20,29,0.87,0.906,0,0,0,0,0,2,0,2803,1097,3736,3436,42,0,0,0,0,17,0,0,0,0,0,300,0.0,-,,,,,,,,,,,,,,,,,,,,,,,,,,,,,,,
2025020306,2025-11-17,Ducks,Mammoth,Home,OTW,19,19,2.9115143916,1.6693624437,1.9977470736,1.6189394937,Lukas Dostal,Karel Vejmelka,CG,CG,0,0,0,0,0,0,0,0,1,0,0,0,1,0,0,5,9,11,1,26,6,7,5,0,18,13,22,20,1,56,13,19,15,0,47,44,43,1,0,1,1,3,0,1,1,0,2,8,4,8,0,20,5,8,3,1,17,0,0,1,1,120,120,16,23,0.889,0.885,0,0,0,2,2,1,1342,636,1732,3276,3123,105,3,0,0,0,0,0,0,0,0,43,110,0.0,-,,,,,,,,,,,,,,,,,,,,,,,,,,,,,,,
2025020306,2025-11-17,Mammoth,Ducks,Away,OTL,19,19,1.6693624437,2.9115143916,1.6189394937,1.9977470736,Karel Vejmelka,Lukas Dostal,CG,CG,0,0,0,0,0,0,0,0,0,1,0,0,0,0,0,6,7,5,0,18,5,9,11,1,26,13,19,15,0,47,13,22,20,1,56,43,44,0,1,1,0,2,1,0,1,1,3,5,8,3,1,17,8,4,8,0,20,0,0,1,1,120,120,23,16,0.885,0.889,0,0,2,0,1,2,636,1342,1732,3276,3123,3,105,0,0,0,0,0,0,0,0,43,110,0.0,-,,,,,,,,,,,,,,,,,,,,,,,,,,,,,,,
2025020307,2025-11-18,Maple Leafs,Blues,Home,OTW,20,20,1.941685821,3.8159288453,1.4066061536,2.7098632793,Joseph Woll,Jordan Binnington,CG,CG,0,0,0,0,0,0,0,0,0,0,0,0,1,0,0,10,11,7,1,29,5,12,13,0,30,19,20,13,5,57,17,21,21,2,61,43,44,1,1,0,1,3,1,1,0,0,2,10,3,8,0,21,8,6,4,0,18,0,1,3,3,372,312,28,26,0.933,0.897,0,0,0,0,2,2,226,226,3394,3130,2884,7,7,0,0,0,0,0,0,0,0,0,246,0.0,-,,,,,,,,,,,,,,,,,,,,,,,,,,,,,,,
2025020307,2025-11-18,Blues,Maple Leafs,Away,OTL,20,20,3.8159288453,1.941685821,2.7098632793,1.4066061536,Jordan Binnington,Joseph Woll,CG,CG,0,0,0,0,0,0,0,0,1,1,0,0,0,0,0,5,12,13,0,30,10,11,7,1,29,17,21,21,2,61,19,20,13,5,57,44,43,1,1,0,0,2,1,1,0,1,3,8,6,4,0,18,10,3,8,0,21,1,0,3,3,312,372,26,28,0.897,0.933,0,0,0,0,2,2,226,226,3394,3130,2884,7,7,0,0,0,0,0,0,0,0,0,246,0.0,-,,,,,,,,,,,,,,,,,,,,,,,,,,,,,,,
2025020308,2025-11-18,Red Wings,Kraken,Home,RW,20,19,3.2377399293,2.162540728,2.4703853913000002,1.522844948,Cam Talbot,Joey Daccord,CG,CG,0,1,1,0,0,0,0,0,0,0,0,0,1,0,0,10,10,7,0,27,11,6,5,0,22,21,15,16,0,52,20,15,12,0,47,43,43,0,3,1,0,4,1,1,0,0,2,8,9,6,0,23,6,3,2,0,11,1,1,2,2,205,192,20,23,0.909,0.852,1,0,3,0,0,2,2066,137,1397,3014,3014,44,66,0,0,0,0,0,0,0,0,0,0,0.0,-,,,,,,,,,,,,,,,,,,,,,,,,,,,,,,,
2025020308,2025-11-18,Kraken,Red Wings,Away,RL,19,20,2.162540728,3.2377399293,1.522844948,2.4703853913000002,Joey Daccord,Cam Talbot,CG,CG,0,0,0,0,0,1,1,0,1,1,0,0,0,0,0,11,6,5,0,22,10,10,7,0,27,20,15,12,0,47,21,15,16,0,52,43,43,1,1,0,0,2,0,3,1,0,4,6,3,2,0,11,8,9,6,0,23,1,1,2,2,192,205,23,20,0.852,0.909,0,1,0,3,2,0,137,2066,1397,3014,3014,66,44,0,0,0,0,0,0,0,0,0,0,0.0,-,,,,,,,,,,,,,,,,,,,,,,,,,,,,,,,
2025020309,2025-11-18,Lightning,Devils,Home,RW,19,19,4.047171754,2.9750694182,2.888884985,2.1810994891999997,Andrei Vasilevskiy,Jacob Markstrom,CG,CG,0,1,0,0,0,0,0,0,1,0,0,0,0,0,0,7,10,12,0,29,14,13,5,0,32,11,22,17,0,50,21,20,18,0,59,35,47,2,1,2,0,5,0,1,0,0,1,7,3,4,0,14,7,4,6,0,17,2,0,3,4,260,480,31,24,0.969,0.828,0,0,0,0,2,0,2900,0,700,2665,2621,53,121,0,0,0,0,0,0,0,0,44,0,0.0,-,,,,,,,,,,,,,,,,,,,,,,,,,,,,,,,
2025020309,2025-11-18,Devils,Lightning,Away,RL,19,19,2.9750694182,4.047171754,2.1810994891999997,2.888884985,Jacob Markstrom,Andrei Vasilevskiy,CG,CG,0,0,0,0,0,1,0,0,0,0,0,0,0,0,0,14,13,5,0,32,7,10,12,0,29,21,20,18,0,59,11,22,17,0,50,47,35,0,1,0,0,1,2,1,2,0,5,7,4,6,0,17,7,3,4,0,14,0,2,4,3,480,260,24,31,0.828,0.969,0,0,0,0,0,2,0,2900,700,2665,2621,121,53,0,0,0,0,0,0,0,0,44,0,0.0,-,,,,,,,,,,,,,,,,,,,,,,,,,,,,,,,
2025020310,2025-11-18,Stars,Islanders,Home,RL,20,20,3.4742360938,2.6852305467,2.7036218578,2.3627674467,Jake Oettinger,David Rittich,CG,CG,0,0,0,0,0,0,1,0,0,0,0,0,0,0,0,10,5,9,0,24,10,5,7,0,22,15,14,14,0,43,21,18,14,0,53,32,47,0,1,1,0,2,0,1,2,0,3,7,5,4,0,16,4,7,6,0,17,0,0,3,2,201,99,19,22,0.864,0.917,0,0,0,2,1,2,0,1123,2477,3164,3040,76,4,0,0,0,0,0,0,49,0,124,0,0.0,-,,,,,,,,,,,,,,,,,,,,,,,,,,,,,,,
2025020310,2025-11-18,Islanders,Stars,Away,RW,20,20,2.6852305467,3.4742360938,2.3627674467,2.7036218578,David Rittich,Jake Oettinger,CG,CG,0,0,1,0,0,0,0,0,1,0,0,0,0,0,0,10,5,7,0,22,10,5,9,0,24,21,18,14,0,53,15,14,14,0,43,47,32,0,1,2,0,3,0,1,1,0,2,4,7,6,0,17,7,5,4,0,16,0,0,2,3,99,201,22,19,0.917,0.864,0,0,2,0,2,1,1123,0,2477,3164,3040,4,76,0,0,0,0,0,0,0,49,124,0,0.0,-,,,,,,,,,,,,,,,,,,,,,,,,,,,,,,,
2025020311,2025-11-18,Jets,Blue Jackets,Home,RW,19,20,3.3131671396,2.5068245683,2.9559099396,2.1335526313,Eric Comrie,Elvis Merzlikins,CG,CG,0,0,0,0,1,1,1,1,1,0,0,0,0,0,0,11,8,11,0,30,11,4,7,0,22,23,20,21,0,64,23,13,14,0,50,54,46,1,2,2,0,5,1,0,1,0,2,8,5,3,0,16,3,5,5,0,13,1,0,2,1,160,120,20,25,0.909,0.833,0,0,0,0,1,1,2980,0,620,3204,3204,37,26,0,0,0,0,0,0,0,0,0,0,0.0,-,,,,,,,,,,,,,,,,,,,,,,,,,,,,,,,
2025020311,2025-11-18,Blue Jackets,Jets,Away,RL,20,19,2.5068245683,3.3131671396,2.1335526313,2.9559099396,Elvis Merzlikins,Eric Comrie,CG,CG,1,1,1,1,0,0,0,0,0,0,0,0,0,0,0,11,4,7,0,22,11,8,11,0,30,23,13,14,0,50,23,20,21,0,64,46,54,1,0,1,0,2,1,2,2,0,5,3,5,5,0,13,8,5,3,0,16,0,1,1,2,120,160,25,20,0.833,0.909,0,0,0,0,1,1,0,2980,620,3204,3204,26,37,0,0,0,0,0,0,0,0,0,0,0.0,-,,,,,,,,,,,,,,,,,,,,,,,,,,,,,,,
2025020312,2025-11-18,Blackhawks,Flames,Home,RW,19,21,2.514610264,1.8569478028,1.831438545,1.3166239664000001,Arvid Soderblom,Dustin Wolf,CG,CG,0,0,0,0,0,0,0,0,1,0,0,0,0,0,0,5,9,9,0,23,4,7,10,0,21,16,16,16,0,48,17,19,15,0,51,40,37,1,1,3,0,5,0,1,1,0,2,4,5,4,0,13,13,15,15,0,43,0,1,4,4,418,369,19,18,0.905,0.783,1,0,2,0,1,2,2580,0,1020,2639,2639,35,139,0,0,23,0,0,0,0,0,0,0,0.0,-,,,,,,,,,,,,,,,,,,,,,,,,,,,,,,,
2025020312,2025-11-18,Flames,Blackhawks,Away,RL,21,19,1.8569478028,2.514610264,1.3166239664000001,1.831438545,Dustin Wolf,Arvid Soderblom,CG,CG,0,0,0,0,0,0,0,0,0,0,0,0,0,0,0,4,7,10,0,21,5,9,9,0,23,17,19,15,0,51,16,16,16,0,48,37,40,0,1,1,0,2,1,1,3,0,5,13,15,15,0,43,4,5,4,0,13,1,0,4,4,369,418,18,19,0.783,0.905,0,1,0,2,2,1,0,2580,1020,2639,2639,139,35,0,0,0,23,0,0,0,0,0,0,0.0,-,,,,,,,,,,,,,,,,,,,,,,,,,,,,,,,
2025020313,2025-11-18,Golden Knights,Rangers,Home,RW,19,21,2.8371248093,2.1956006169999998,1.9641851053,1.633126359,Akira Schmid,Igor Shesterkin,CG,CG,0,1,1,0,0,1,0,0,1,0,0,0,0,0,0,8,7,11,0,26,5,6,8,0,19,23,16,22,0,61,19,16,19,0,54,50,40,1,1,1,0,3,0,1,1,0,2,8,5,7,0,20,9,11,14,0,34,2,0,2,1,129,120,17,23,0.895,0.885,0,0,1,1,2,2,2900,0,700,3165,3165,18,114,0,0,0,0,0,0,0,0,0,0,0.0,-,,,,,,,,,,,,,,,,,,,,,,,,,,,,,,,
2025020313,2025-11-18,Rangers,Golden Knights,Away,RL,21,19,2.1956006169999998,2.8371248093,1.633126359,1.9641851053,Igor Shesterkin,Akira Schmid,CG,CG,0,1,0,0,0,1,1,0,0,0,0,0,0,0,0,5,6,8,0,19,8,7,11,0,26,19,16,19,0,54,23,16,22,0,61,40,50,0,1,1,0,2,1,1,1,0,3,9,11,14,0,34,8,5,7,0,20,0,2,1,2,120,129,23,17,0.885,0.895,0,0,1,1,2,2,0,2900,700,3165,3165,114,18,0,0,0,0,0,0,0,0,0,0,0.0,-,,,,,,,,,,,,,,,,,,,,,,,,,,,,,,,
2025020314,2025-11-18,Sharks,Mammoth,Home,OTW,20,20,2.0213933734,2.3729213668,1.6916100804,2.1079642838,Yaroslav Askarov,Vitek Vanecek,CG,CG,0,0,0,0,1,0,0,0,1,0,0,0,0,0,0,7,9,4,2,22,7,7,11,1,26,16,16,16,2,50,14,18,16,1,49,43,44,2,0,0,1,3,0,0,2,0,2,7,8,7,0,22,3,6,4,0,13,1,0,5,2,544,240,24,19,0.923,0.864,0,0,0,0,1,1,3322,0,450,2937,2829,17,34,64,0,0,0,0,0,0,0,0,108,0.0,-,,,,,,,,,,,,,,,,,,,,,,,,,,,,,,,
2025020314,2025-11-18,Mammoth,Sharks,Away,OTL,20,20,2.3729213668,2.0213933734,2.1079642838,1.6916100804,Vitek Vanecek,Yaroslav Askarov,CG,CG,1,0,0,0,0,0,0,0,0,0,0,0,0,0,0,7,7,11,1,26,7,9,4,2,22,14,18,16,1,49,16,16,16,2,50,44,43,0,0,2,0,2,2,0,0,1,3,3,6,4,0,13,7,8,7,0,22,0,1,2,5,240,544,19,24,0.864,0.923,0,0,0,0,1,1,0,3322,450,2937,2829,34,17,0,64,0,0,0,0,0,0,0,108,0.0,-,,,,,,,,,,,,,,,,,,,,,,,,,,,,,,,
2025020315,2025-11-19,Capitals,Oilers,Home,RW,20,22,3.1570750286,3.9329369036,2.7185805756,3.4754078236,Logan Thompson,Stuart Skinner,CG,CG,0,0,0,0,0,0,0,0,1,0,0,0,0,0,0,11,5,6,0,22,9,5,16,0,30,20,21,20,0,61,16,13,25,0,54,52,48,3,1,3,0,7,2,0,2,0,4,6,6,4,0,16,7,3,1,0,11,0,1,1,3,120,294,26,15,0.867,0.682,2,0,4,0,1,0,3463,0,137,2906,2906,98,116,0,0,0,0,0,0,0,0,0,0,0.0,-,,,,,,,,,,,,,,,,,,,,,,,,,,,,,,,
2025020315,2025-11-19,Oilers,Capitals,Away,RL,22,20,3.9329369036,3.1570750286,3.4754078236,2.7185805756,Stuart Skinner,Logan Thompson,CG,CG,0,0,0,0,0,0,0,0,0,0,0,0,0,0,0,9,5,16,0,30,11,5,6,0,22,16,13,25,0,54,20,21,20,0,61,48,52,2,0,2,0,4,3,1,3,0,7,7,3,1,0,11,6,6,4,0,16,1,0,3,1,294,120,15,26,0.682,0.867,0,2,0,4,0,1,0,3463,137,2906,2906,116,98,0,0,0,0,0,0,0,0,0,0,0.0,-,,,,,,,,,,,,,,,,,,,,,,,,,,,,,,,
2025020316,2025-11-19,Sabres,Flames,Home,RL,20,22,1.7731560137,3.6540253284,1.6064035957,3.1213477994,Colten Ellis,Devin Cooley,CG,CG,0,0,0,0,1,0,0,0,0,0,0,0,0,0,0,5,12,13,0,30,11,10,14,0,35,16,30,22,0,68,21,20,24,0,65,61,56,0,2,0,0,2,2,0,4,0,6,9,4,4,0,17,3,4,10,0,17,0,0,3,1,360,122,29,28,0.829,0.933,0,0,0,0,0,2,0,2877,723,3091,3091,0,27,0,0,0,0,0,0,0,0,0,0,0.0,-,,,,,,,,,,,,,,,,,,,,,,,,,,,,,,,
2025020316,2025-11-19,Flames,Sabres,Away,RW,22,20,3.6540253284,1.7731560137,3.1213477994,1.6064035957,Devin Cooley,Colten Ellis,CG,CG,1,0,0,0,0,0,0,0,1,0,0,0,0,0,0,11,10,14,0,35,5,12,13,0,30,21,20,24,0,65,16,30,22,0,68,56,61,2,0,4,0,6,0,2,0,0,2,3,4,10,0,17,9,4,4,0,17,0,0,1,3,122,360,28,29,0.933,0.829,0,0,0,0,2,0,2877,0,723,3091,3091,27,0,0,0,0,0,0,0,0,0,0,0,0.0,-,,,,,,,,,,,,,,,,,,,,,,,,,,,,,,,
2025020317,2025-11-19,Wild,Hurricanes,Home,SOW,21,20,2.0622008530000002,3.7427640484,1.875527564,2.9470479514,Jesper Wallstedt,Frederik Andersen,CG,CG,0,0,0,0,0,0,1,0,1,0,0,0,0,0,0,11,5,3,0,19,14,16,13,2,45,23,15,15,2,55,21,27,20,5,73,45,61,2,0,1,0,3,0,1,2,0,3,6,10,2,0,18,5,1,5,1,12,0,0,1,2,120,260,42,16,0.933,0.842,0,0,2,0,0,4,3420,0,480,3447,3147,15,58,0,0,0,0,0,0,0,0,0,300,0.0,-,,,,,,,,,,,,,,,,,,,,,,,,,,,,,,,
2025020317,2025-11-19,Hurricanes,Wild,Away,SOL,20,21,3.7427640484,2.0622008530000002,2.9470479514,1.875527564,Frederik Andersen,Jesper Wallstedt,CG,CG,0,0,1,0,0,0,0,0,0,0,0,0,0,0,0,14,16,13,2,45,11,5,3,0,19,21,27,20,5,73,23,15,15,2,55,61,45,0,1,2,0,3,2,0,1,0,3,5,1,5,1,12,6,10,2,0,18,0,0,2,1,260,120,16,42,0.842,0.933,0,0,0,2,4,0,0,3420,480,3447,3147,58,15,0,0,0,0,0,0,0,0,0,300,0.0,-,,,,,,,,,,,,,,,,,,,,,,,,,,,,,,,
2025020318,2025-11-19,Ducks,Bruins,Home,RW,20,22,3.6327295423000003,3.7189022303,2.9462319043000003,3.0009167583,Lukas Dostal,Joonas Korpisalo,CG,CG,0,0,0,0,0,0,0,0,1,0,0,0,0,0,0,11,8,14,0,33,18,12,9,0,39,21,21,24,0,66,30,23,23,0,76,58,68,2,1,1,0,4,1,1,1,0,3,6,8,2,0,16,16,15,7,0,38,1,2,3,2,358,49,36,29,0.923,0.879,0,0,2,0,1,3,2925,0,675,3022,3022,7,112,0,0,0,0,0,0,0,0,0,0,0.0,-,,,,,,,,,,,,,,,,,,,,,,,,,,,,,,,
2025020318,2025-11-19,Bruins,Ducks,Away,RL,22,20,3.7189022303,3.6327295423000003,3.0009167583,2.9462319043000003,Joonas Korpisalo,Lukas Dostal,CG,CG,0,0,0,0,0,0,0,0,0,0,0,0,0,0,0,18,12,9,0,39,11,8,14,0,33,30,23,23,0,76,21,21,24,0,66,68,58,1,1,1,0,3,2,1,1,0,4,16,15,7,0,38,6,8,2,0,16,2,1,2,3,49,358,29,36,0.879,0.923,0,0,0,2,3,1,0,2925,675,3022,3022,112,7,0,0,0,0,0,0,0,0,0,0,0.0,-,,,,,,,,,,,,,,,,,,,,,,,,,,,,,,,
2025020319,2025-11-20,Maple Leafs,Blue Jackets,Home,OTL,21,21,2.4850991847,2.8590300705000002,1.4868941727,1.7967902735,Joseph Woll,Jet Greaves,CG,CG,0,0,0,0,0,1,1,0,0,0,0,0,0,0,0,12,8,8,1,29,4,10,12,4,30,23,17,17,4,61,21,26,23,4,74,46,59,0,1,1,0,2,0,2,0,1,3,7,10,9,1,27,5,6,4,0,15,0,0,2,2,240,240,27,27,0.9,0.931,0,0,0,0,3,1,0,1216,2645,3359,3098,15,7,0,0,0,0,0,0,0,0,0,261,0.0,-,,,,,,,,,,,,,,,,,,,,,,,,,,,,,,,
2025020319,2025-11-20,Blue Jackets,Maple Leafs,Away,OTW,21,21,2.8590300705000002,2.4850991847,1.7967902735,1.4868941727,Jet Greaves,Joseph Woll,CG,CG,0,1,1,0,0,0,0,0,1,0,0,0,0,0,0,4,10,12,4,30,12,8,8,1,29,21,26,23,4,74,23,17,17,4,61,59,46,0,2,0,1,3,0,1,1,0,2,5,6,4,0,15,7,10,9,1,27,0,0,2,2,240,240,27,27,0.931,0.9,0,0,0,0,1,3,1216,0,2645,3359,3098,7,15,0,0,0,0,0,0,0,0,0,261,0.0,-,,,,,,,,,,,,,,,,,,,,,,,,,,,,,,,
2025020320,2025-11-20,Canadiens,Capitals,Home,RL,20,21,3.3490452604,4.0683038835,2.5034888874,3.189389724,Samuel Montembeault,Charlie Lindgren,IG,CG,0,0,0,0,1,1,1,0,0,0,0,0,0,0,0,12,7,9,0,28,6,15,15,0,36,20,18,20,0,58,12,28,30,0,70,47,55,1,2,1,0,4,1,4,3,0,8,5,13,2,0,20,3,7,9,0,19,1,2,3,4,272,315,28,24,0.778,0.857,0,1,0,1,1,1,0,3167,433,2909,2847,25,24,0,111,0,0,0,0,5,0,62,0,0.0,-,,,,,,,,,,,,,,,,,,,,,,,,,,,,,,,
2025020320,2025-11-20,Capitals,Canadiens,Away,RW,21,20,4.0683038835,3.3490452604,3.189389724,2.5034888874,Charlie Lindgren,Samuel Montembeault,CG,IG,1,1,1,0,0,0,0,0,1,0,0,0,0,0,0,6,15,15,0,36,12,7,9,0,28,12,28,30,0,70,20,18,20,0,58,55,47,1,4,3,0,8,1,2,1,0,4,3,7,9,0,19,5,13,2,0,20,2,1,4,3,315,272,24,28,0.857,0.778,1,0,1,0,1,1,3167,0,433,2909,2847,24,25,111,0,0,0,0,0,0,5,62,0,0.0,-,,,,,,,,,,,,,,,,,,,,,,,,,,,,,,,
2025020321,2025-11-20,Red Wings,Islanders,Home,RL,21,21,3.042287789,3.227098238,2.688242964,2.08737701,John Gibson,Ilya Sorokin,CG,CG,0,0,1,0,0,0,0,0,0,0,0,0,0,0,0,5,15,9,0,29,8,13,5,0,26,15,26,16,0,57,19,23,13,0,55,49,40,0,0,0,0,0,2,2,1,0,5,7,10,6,0,23,4,0,4,0,8,0,0,1,4,120,480,21,29,0.808,1.0,0,0,0,0,0,2,0,3194,406,2932,2798,25,12,0,0,0,0,0,0,0,0,134,0,0.0,-,,,,,,,,,,,,,,,,,,,,,,,,,,,,,,,
2025020321,2025-11-20,Islanders,Red Wings,Away,RW,21,21,3.227098238,3.042287789,2.08737701,2.688242964,Ilya Sorokin,John Gibson,CG,CG,0,0,0,0,0,0,1,0,1,0,0,0,0,0,0,8,13,5,0,26,5,15,9,0,29,19,23,13,0,55,15,26,16,0,57,40,49,2,2,1,0,5,0,0,0,0,0,4,0,4,0,8,7,10,6,0,23,0,0,4,1,480,120,29,21,1.0,0.808,0,0,0,0,2,0,3194,0,406,2932,2798,12,25,0,0,0,0,0,0,0,0,134,0,0.0,-,,,,,,,,,,,,,,,,,,,,,,,,,,,,,,,
2025020323,2025-11-20,Panthers,Devils,Home,RW,20,20,3.673278419,2.0935147375,3.673278419,1.2492048945,Sergei Bobrovsky,Jake Allen,CG,CG,0,0,0,0,0,0,0,0,1,0,0,0,0,0,0,9,11,4,0,24,13,7,12,0,32,20,25,15,0,60,18,17,18,0,53,55,43,1,0,0,0,1,0,0,0,0,0,7,11,4,0,22,12,4,7,0,23,0,0,1,2,120,249,32,23,1.0,0.958,0,0,1,0,2,2,2822,0,778,3152,3152,7,72,0,0,0,0,0,0,0,0,0,0,0.0,-,,,,,,,,,,,,,,,,,,,,,,,,,,,,,,,
2025020323,2025-11-20,Devils,Panthers,Away,RL,20,20,2.0935147375,3.673278419,1.2492048945,3.673278419,Jake Allen,Sergei Bobrovsky,CG,CG,0,0,0,0,0,0,0,0,0,0,0,0,0,0,0,13,7,12,0,32,9,11,4,0,24,18,17,18,0,53,20,25,15,0,60,43,55,0,0,0,0,0,1,0,0,0,1,12,4,7,0,23,7,11,4,0,22,0,0,2,1,249,120,23,32,0.958,1.0,0,0,0,1,2,2,0,2822,778,3152,3152,72,7,0,0,0,0,0,0,0,0,0,0,0.0,-,,,,,,,,,,,,,,,,,,,,,,,,,,,,,,,
2025020324,2025-11-20,Flyers,Blues,Home,OTW,19,21,3.063801982,3.3739474035,2.382334128,2.7112402835,Dan Vladar,Joel Hofer,CG,CG,0,0,0,0,0,0,0,0,0,0,0,0,1,1,0,12,9,5,2,28,9,10,7,3,29,24,17,15,4,60,18,20,12,3,53,51,46,0,1,1,1,3,2,0,0,0,2,7,10,7,0,24,9,8,8,0,25,0,1,2,2,240,218,27,25,0.931,0.893,0,0,0,0,2,0,0,2778,1053,3304,3073,2,28,0,0,0,0,0,0,0,0,0,231,0.0,-,,,,,,,,,,,,,,,,,,,,,,,,,,,,,,,
2025020324,2025-11-20,Blues,Flyers,Away,OTL,21,19,3.3739474035,3.063801982,2.7112402835,2.382334128,Joel Hofer,Dan Vladar,CG,CG,0,0,0,0,0,0,0,0,1,1,1,0,0,0,0,9,10,7,3,29,12,9,5,2,28,18,20,12,3,53,24,17,15,4,60,46,51,2,0,0,0,2,0,1,1,1,3,9,8,8,0,25,7,10,7,0,24,1,0,2,2,218,240,25,27,0.893,0.931,0,0,0,0,0,2,2778,0,1053,3304,3073,28,2,0,0,0,0,0,0,0,0,0,231,0.0,-,,,,,,,,,,,,,,,,,,,,,,,,,,,,,,,
2025020322,2025-11-20,Lightning,Oilers,Home,OTW,20,23,3.225975865,2.82717718,2.385969645,1.94172113,Andrei Vasilevskiy,Calvin Pickard,CG,CG,0,0,1,0,1,1,1,1,0,0,0,0,1,0,0,8,11,14,2,35,11,7,4,3,25,19,16,28,3,66,18,17,11,3,49,56,36,0,0,1,1,2,1,0,0,0,1,13,9,7,0,29,4,8,5,0,17,0,0,3,2,380,240,24,33,0.96,0.943,0,0,0,0,3,1,0,3356,347,3016,2913,35,32,0,0,0,0,0,0,0,0,0,103,0.0,-,,,,,,,,,,,,,,,,,,,,,,,,,,,,,,,
2025020322,2025-11-20,Oilers,Lightning,Away,OTL,23,20,2.82717718,3.225975865,1.94172113,2.385969645,Calvin Pickard,Andrei Vasilevskiy,CG,CG,1,1,1,1,0,0,1,0,1,1,0,0,0,0,0,11,7,4,3,25,8,11,14,2,35,18,17,11,3,49,19,16,28,3,66,36,56,1,0,0,0,1,0,0,1,1,2,4,8,5,0,17,13,9,7,0,29,0,0,2,3,240,380,33,24,0.943,0.96,0,0,0,0,1,3,3356,0,347,3016,2913,32,35,0,0,0,0,0,0,0,0,0,103,0.0,-,,,,,,,,,,,,,,,,,,,,,,,,,,,,,,,
2025020325,2025-11-20,Blackhawks,Kraken,Home,RL,20,20,3.2438948398,2.3364791695,2.4148626698,1.6770407495,Spencer Knight,Joey Daccord,CG,CG,0,0,0,0,0,0,0,0,1,1,1,0,0,0,0,7,14,3,0,24,9,6,12,0,27,14,28,8,0,50,17,14,18,0,49,41,38,0,2,0,0,2,0,0,3,0,3,2,7,2,0,11,5,6,5,0,16,1,1,2,3,186,358,24,22,0.889,0.917,0,0,0,2,2,0,1590,138,1872,2892,2892,120,14,0,0,0,0,0,0,0,0,0,0,0.0,-,,,,,,,,,,,,,,,,,,,,,,,,,,,,,,,
2025020325,2025-11-20,Kraken,Blackhawks,Away,RW,20,20,2.3364791695,3.2438948398,1.6770407495,2.4148626698,Joey Daccord,Spencer Knight,CG,CG,0,0,0,0,0,0,0,0,0,0,0,0,1,1,0,9,6,12,0,27,7,14,3,0,24,17,14,18,0,49,14,28,8,0,50,38,41,0,0,3,0,3,0,2,0,0,2,5,6,5,0,16,2,7,2,0,11,1,1,3,2,358,186,22,24,0.917,0.889,0,0,2,0,0,2,138,1590,1872,2892,2892,14,120,0,0,0,0,0,0,0,0,0,0,0.0,-,,,,,,,,,,,,,,,,,,,,,,,,,,,,,,,
2025020326,2025-11-20,Avalanche,Rangers,Home,RW,20,22,3.9746155195,1.6228037391,2.5438889364999997,1.0129859474,Scott Wedgewood,Igor Shesterkin,CG,CG,0,0,0,0,0,0,1,0,0,0,0,0,1,0,0,10,14,11,0,35,6,4,9,0,19,21,27,19,0,67,16,17,23,0,56,51,39,1,1,4,0,6,1,1,1,0,3,6,6,5,0,17,8,9,5,0,22,1,2,6,2,705,58,16,29,0.842,0.829,2,0,5,0,3,3,1014,1824,762,2616,2616,26,167,0,0,0,0,0,0,0,0,0,0,0.0,-,,,,,,,,,,,,,,,,,,,,,,,,,,,,,,,
2025020326,2025-11-20,Rangers,Avalanche,Away,RL,22,20,1.6228037391,3.9746155195,1.0129859474,2.5438889364999997,Igor Shesterkin,Scott Wedgewood,CG,CG,0,0,1,0,0,0,0,0,1,1,0,0,0,0,0,6,4,9,0,19,10,14,11,0,35,16,17,23,0,56,21,27,19,0,67,39,51,1,1,1,0,3,1,1,4,0,6,8,9,5,0,22,6,6,5,0,17,2,1,2,6,58,705,29,16,0.829,0.842,0,2,0,5,3,3,1824,1014,762,2616,2616,167,26,0,0,0,0,0,0,0,0,0,0,0.0,-,,,,,,,,,,,,,,,,,,,,,,,,,,,,,,,
2025020327,2025-11-20,Mammoth,Golden Knights,Home,RL,21,20,3.036571638,3.5549030156,2.471298565,2.9798849586,Karel Vejmelka,Akira Schmid,CG,CG,0,1,0,0,0,0,1,0,0,0,0,0,0,0,0,9,9,8,0,26,7,17,9,0,33,15,21,15,0,51,16,26,14,0,56,42,50,0,1,0,0,1,0,3,1,0,4,12,11,1,0,24,11,5,3,0,19,0,0,2,3,131,251,29,25,0.879,0.962,0,0,0,0,0,0,0,2211,1389,2994,2787,42,8,0,0,0,0,0,0,0,0,207,0,0.0,-,,,,,,,,,,,,,,,,,,,,,,,,,,,,,,,
2025020327,2025-11-20,Golden Knights,Mammoth,Away,RW,20,21,3.5549030156,3.036571638,2.9798849586,2.471298565,Akira Schmid,Karel Vejmelka,CG,CG,0,0,1,0,0,1,0,0,1,0,0,0,0,0,0,7,17,9,0,33,9,9,8,0,26,16,26,14,0,56,15,21,15,0,51,50,42,0,3,1,0,4,0,1,0,0,1,11,5,3,0,19,12,11,1,0,24,0,0,3,2,251,131,25,29,0.962,0.879,0,0,0,0,0,0,2211,0,1389,2994,2787,8,42,0,0,0,0,0,0,0,0,207,0,0.0,-,,,,,,,,,,,,,,,,,,,,,,,,,,,,,,,
2025020328,2025-11-20,Canucks,Stars,Home,RL,22,21,4.2295342907,2.4113801796,1.8364462033,1.9882141316,Kevin Lankinen,Jake Oettinger,CG,CG,0,0,0,0,0,0,0,0,0,0,0,0,0,0,0,10,15,11,0,36,8,6,10,0,24,20,25,20,0,65,20,12,21,0,53,39,43,2,0,0,0,2,2,0,2,0,4,10,7,7,0,24,9,7,5,0,21,1,0,5,2,489,240,20,34,0.833,0.944,0,0,0,3,3,1,0,1085,2515,2704,2704,115,37,0,0,76,0,0,0,0,0,0,0,0.0,-,,,,,,,,,,,,,,,,,,,,,,,,,,,,,,,
2025020328,2025-11-20,Stars,Canucks,Away,RW,21,22,2.4113801796,4.2295342907,1.9882141316,1.8364462033,Jake Oettinger,Kevin Lankinen,CG,CG,0,0,0,0,0,0,0,0,1,0,0,0,0,0,0,8,6,10,0,24,10,15,11,0,36,20,12,21,0,53,20,25,20,0,65,43,39,2,0,2,0,4,2,0,0,0,2,9,7,5,0,21,10,7,7,0,24,0,1,2,5,240,489,34,20,0.944,0.833,0,0,3,0,1,3,1085,0,2515,2704,2704,37,115,0,0,0,76,0,0,0,0,0,0,0.0,-,,,,,,,,,,,,,,,,,,,,,,,,,,,,,,,
2025020329,2025-11-20,Ducks,Senators,Home,RL,21,20,2.215766144,3.7488012788,1.572443408,2.6439781268,Petr Mrazek,Linus Ullmark,CG,CG,1,1,1,0,0,0,0,0,0,1,0,0,0,0,0,3,12,10,0,25,10,10,5,0,25,15,24,25,0,64,14,19,18,0,51,51,41,0,2,0,0,2,1,1,1,0,3,10,8,6,0,24,16,6,7,0,29,0,1,2,3,240,354,22,23,0.88,0.92,0,0,0,4,1,3,268,1107,2225,2857,2857,107,36,0,0,0,0,0,0,0,0,0,0,0.0,-,,,,,,,,,,,,,,,,,,,,,,,,,,,,,,,
2025020329,2025-11-20,Senators,Ducks,Away,RW,20,21,3.7488012788,2.215766144,2.6439781268,1.572443408,Linus Ullmark,Petr Mrazek,CG,CG,0,0,0,0,1,1,1,0,1,0,0,0,1,0,0,10,10,5,0,25,3,12,10,0,25,14,19,18,0,51,15,24,25,0,64,41,51,1,1,1,0,3,0,2,0,0,2,16,6,7,0,29,10,8,6,0,24,1,0,3,2,354,240,23,22,0.92,0.88,0,0,4,0,3,1,1107,268,2225,2857,2857,36,107,0,0,0,0,0,0,0,0,0,0,0.0,-,,,,,,,,,,,,,,,,,,,,,,,,,,,,,,,
2025020330,2025-11-20,Sharks,Kings,Home,SOW,21,21,3.4270363718,3.6138427478,2.7069108395,1.8664579082000001,Yaroslav Askarov,Anton Forsberg,CG,CG,0,0,0,0,0,0,0,0,1,0,0,0,0,0,0,9,7,6,2,24,9,12,13,0,34,18,19,21,6,64,18,24,23,0,65,45,39,2,1,0,0,3,1,1,1,0,3,8,11,7,0,26,3,3,6,0,12,0,0,3,4,372,440,31,21,0.912,0.875,0,0,1,0,1,7,2245,0,1655,2904,2494,30,154,0,6,0,0,0,0,0,0,110,300,0.0,-,,,,,,,,,,,,,,,,,,,,,,,,,,,,,,,
2025020330,2025-11-20,Kings,Sharks,Away,SOL,21,21,3.6138427478,3.4270363718,1.8664579082000001,2.7069108395,Anton Forsberg,Yaroslav Askarov,CG,CG,0,0,0,0,0,0,0,0,0,0,0,0,0,0,0,9,12,13,0,34,9,7,6,2,24,18,24,23,0,65,18,19,21,6,64,39,45,1,1,1,0,3,2,1,0,0,3,3,3,6,0,12,8,11,7,0,26,0,0,4,3,440,372,21,31,0.875,0.912,0,0,0,1,7,1,0,2245,1655,2904,2494,154,30,6,0,0,0,0,0,0,0,110,300,0.0,-,,,,,,,,,,,,,,,,,,,,,,,,,,,,,,,
2025020331,2025-11-21,Sabres,Blackhawks,Home,RW,21,21,3.1315848743,1.491338799,2.6149418423,1.156115305,Ukko-Pekka Luukkonen,Arvid Soderblom,CG,CG,0,0,0,0,1,1,0,0,1,0,0,0,0,0,0,15,9,7,0,31,6,7,10,0,23,21,17,17,0,55,14,17,24,0,55,46,48,3,3,3,0,9,1,1,1,0,3,12,4,3,0,19,3,7,3,0,13,1,1,2,2,233,199,20,22,0.87,0.71,0,0,0,0,2,2,2763,0,837,3121,3121,1,39,0,0,0,0,0,0,0,0,0,0,0.0,-,,,,,,,,,,,,,,,,,,,,,,,,,,,,,,,
2025020331,2025-11-21,Blackhawks,Sabres,Away,RL,21,21,1.491338799,3.1315848743,1.156115305,2.6149418423,Arvid Soderblom,Ukko-Pekka Luukkonen,CG,CG,1,1,0,0,0,0,0,0,0,0,0,0,0,0,0,6,7,10,0,23,15,9,7,0,31,14,17,24,0,55,21,17,17,0,55,48,46,1,1,1,0,3,3,3,3,0,9,3,7,3,0,13,12,4,3,0,19,1,1,2,2,199,233,22,20,0.71,0.87,0,0,0,0,2,2,0,2763,837,3121,3121,39,1,0,0,0,0,0,0,0,0,0,0,0.0,-,,,,,,,,,,,,,,,,,,,,,,,,,,,,,,,
2025020332,2025-11-21,Penguins,Wild,Home,RL,20,22,1.8658709723,3.103965395,1.6865195853,2.606121054,Arturs Silovs,Filip Gustavsson,IG,CG,0,0,0,0,0,0,0,0,0,0,0,0,0,0,0,3,6,10,0,19,9,5,7,0,21,15,16,19,0,50,18,15,19,0,52,44,43,0,0,0,0,0,3,2,0,0,5,2,3,4,0,9,11,5,4,0,20,0,1,2,3,240,346,16,19,0.762,1.0,0,0,0,0,1,5,0,3363,237,2912,2912,45,43,0,0,0,0,0,0,0,0,0,0,0.0,-,,,,,,,,,,,,,,,,,,,,,,,,,,,,,,,
2025020332,2025-11-21,Wild,Penguins,Away,RW,22,20,3.103965395,1.8658709723,2.606121054,1.6865195853,Filip Gustavsson,Arturs Silovs,CG,IG,0,0,0,0,0,0,0,0,1,0,0,0,0,0,0,9,5,7,0,21,3,6,10,0,19,18,15,19,0,52,15,16,19,0,50,43,44,3,2,0,0,5,0,0,0,0,0,11,5,4,0,20,2,3,4,0,9,1,0,3,2,346,240,19,16,1.0,0.762,0,0,0,0,5,1,3363,0,237,2912,2912,43,45,0,0,0,0,0,0,0,0,0,0,0.0,-,,,,,,,,,,,,,,,,,,,,,,,,,,,,,,,
2025020333,2025-11-21,Jets,Hurricanes,Home,RL,20,21,2.543519645,2.2533475151,2.2831530696,1.0692955161,Eric Comrie,Brandon Bussi,CG,CG,0,0,0,0,0,0,0,0,0,1,0,0,0,0,0,11,4,13,0,28,12,9,7,0,28,27,13,21,0,61,19,19,15,0,53,48,39,2,0,1,0,3,1,2,1,0,4,12,9,8,0,29,4,4,5,0,13,1,1,3,3,203,290,24,25,0.857,0.893,0,0,0,1,0,0,820,2218,562,3073,2922,21,8,0,0,0,0,0,0,52,0,151,0,0.0,-,,,,,,,,,,,,,,,,,,,,,,,,,,,,,,,
2025020333,2025-11-21,Hurricanes,Jets,Away,RW,21,20,2.2533475151,2.543519645,1.0692955161,2.2831530696,Brandon Bussi,Eric Comrie,CG,CG,0,0,0,0,0,0,0,0,1,0,0,0,1,0,0,12,9,7,0,28,11,4,13,0,28,19,19,15,0,53,27,13,21,0,61,39,48,1,2,1,0,4,2,0,1,0,3,4,4,5,0,13,12,9,8,0,29,1,1,3,3,290,203,25,24,0.893,0.857,0,0,1,0,0,0,2218,820,562,3073,2922,8,21,0,0,0,0,0,0,0,52,151,0,0.0,-,,,,,,,,,,,,,,,,,,,,,,,,,,,,,,,
2025020334,2025-11-21,Kings,Bruins,Home,OTL,22,23,3.0181162955,2.3933522906,2.2634811475,1.6961516926,Darcy Kuemper,Jeremy Swayman,CG,CG,1,0,0,0,0,0,0,0,0,0,0,0,0,0,0,8,9,15,0,32,9,7,7,3,26,26,15,24,0,65,22,26,22,3,73,52,56,0,0,1,0,1,0,0,1,1,2,7,1,3,1,12,9,8,11,0,28,0,0,5,2,528,240,24,31,0.923,0.969,0,0,0,0,1,3,0,302,3445,2929,2782,40,10,0,0,53,0,0,0,0,0,0,147,0.0,-,,,,,,,,,,,,,,,,,,,,,,,,,,,,,,,
2025020334,2025-11-21,Bruins,Kings,Away,OTW,23,22,2.3933522906,3.0181162955,1.6961516926,2.2634811475,Jeremy Swayman,Darcy Kuemper,CG,CG,0,0,0,0,1,0,0,0,1,0,0,0,0,0,0,9,7,7,3,26,8,9,15,0,32,22,26,22,3,73,26,15,24,0,65,56,52,0,0,1,1,2,0,0,1,0,1,9,8,11,0,28,7,1,3,1,12,0,0,2,5,240,528,31,24,0.969,0.923,0,0,0,0,3,1,302,0,3445,2929,2782,10,40,0,0,0,53,0,0,0,0,0,147,0.0,-,,,,,,,,,,,,,,,,,,,,,,,,,,,,,,,
2025020335,2025-11-22,Red Wings,Blue Jackets,Home,OTW,22,22,3.2374461633,4.4120470102,2.8708901203,2.9530240732,Cam Talbot,Jet Greaves,CG,CG,0,0,0,0,0,0,1,0,0,0,0,0,1,1,0,11,9,11,2,33,11,13,10,1,35,23,21,25,2,71,21,28,19,1,69,62,52,0,1,2,1,4,1,1,1,0,3,5,4,3,0,12,7,5,4,0,16,0,1,2,3,240,244,32,29,0.914,0.879,0,0,0,0,3,2,0,2389,1321,3169,2822,8,36,0,0,0,43,0,0,0,0,237,110,0.0,-,,,,,,,,,,,,,,,,,,,,,,,,,,,,,,,
2025020335,2025-11-22,Blue Jackets,Red Wings,Away,OTL,22,22,4.4120470102,3.2374461633,2.9530240732,2.8708901203,Jet Greaves,Cam Talbot,CG,CG,0,0,1,0,0,0,0,0,1,1,1,0,0,0,0,11,13,10,1,35,11,9,11,2,33,21,28,19,1,69,23,21,25,2,71,52,62,1,1,1,0,3,0,1,2,1,4,7,5,4,0,16,5,4,3,0,12,1,0,3,2,244,240,29,32,0.879,0.914,0,0,0,0,2,3,2389,0,1321,3169,2822,36,8,0,0,43,0,0,0,0,0,237,110,0.0,-,,,,,,,,,,,,,,,,,,,,,,,,,,,,,,,
2025020336,2025-11-22,Islanders,Blues,Home,RL,22,22,3.1840695586,3.276745639,2.3771319606,3.070086379,Ilya Sorokin,Jordan Binnington,CG,CG,0,0,0,0,0,0,0,0,0,0,0,0,0,0,0,6,11,13,0,30,6,11,5,0,22,18,18,24,0,60,16,20,17,0,53,47,48,0,0,1,0,1,1,1,0,0,2,8,4,8,0,20,10,5,7,0,22,0,0,3,1,245,87,20,29,0.909,0.967,0,0,0,2,4,0,0,3558,42,3219,3189,46,0,0,0,0,0,0,0,120,0,30,0,0.0,-,,,,,,,,,,,,,,,,,,,,,,,,,,,,,,,
2025020336,2025-11-22,Blues,Islanders,Away,RW,22,22,3.276745639,3.1840695586,3.070086379,2.3771319606,Jordan Binnington,Ilya Sorokin,CG,CG,0,0,0,0,0,0,0,0,1,0,0,0,0,0,0,6,11,5,0,22,6,11,13,0,30,16,20,17,0,53,18,18,24,0,60,48,47,1,1,0,0,2,0,0,1,0,1,10,5,7,0,22,8,4,8,0,20,0,0,1,3,87,245,29,20,0.967,0.909,0,0,2,0,0,4,3558,0,42,3219,3189,0,46,0,0,0,0,0,0,0,120,30,0,0.0,-,,,,,,,,,,,,,,,,,,,,,,,,,,,,,,,
2025020337,2025-11-22,Canadiens,Maple Leafs,Home,RW,21,22,3.526893654,1.8920843305,2.09835551,1.5116453828,Jakub Dobes,Joseph Woll,CG,IG,0,0,0,0,0,0,0,0,1,0,0,0,0,0,0,9,17,3,0,29,11,6,9,0,26,20,29,13,0,62,18,15,21,0,54,43,44,2,2,1,0,5,0,1,1,0,2,12,5,8,0,25,10,3,7,0,20,0,1,3,3,360,270,24,24,0.923,0.828,1,0,1,1,2,2,2869,0,731,2601,2495,78,72,0,0,0,0,0,0,0,0,106,0,0.0,-,,,,,,,,,,,,,,,,,,,,,,,,,,,,,,,
2025020337,2025-11-22,Maple Leafs,Canadiens,Away,RL,22,21,1.8920843305,3.526893654,1.5116453828,2.09835551,Joseph Woll,Jakub Dobes,IG,CG,0,0,0,0,0,0,0,0,0,0,0,0,0,0,0,11,6,9,0,26,9,17,3,0,29,18,15,21,0,54,20,29,13,0,62,44,43,0,1,1,0,2,2,2,1,0,5,10,3,7,0,20,12,5,8,0,25,1,0,3,3,270,360,24,24,0.828,0.923,0,1,1,1,2,2,0,2869,731,2601,2495,72,78,0,0,0,0,0,0,0,0,106,0,0.0,-,,,,,,,,,,,,,,,,,,,,,,,,,,,,,,,
2025020338,2025-11-22,Panthers,Oilers,Home,RL,21,24,4.3681756775,3.961280662,3.2765974625,3.3755921030000002,Sergei Bobrovsky,Stuart Skinner,IG,CG,0,0,0,0,0,1,1,0,0,0,0,0,0,0,0,8,20,10,0,38,13,11,7,0,31,27,31,21,0,79,23,22,20,0,65,64,56,1,2,0,0,3,3,1,2,0,6,9,11,10,0,30,10,4,6,0,20,1,0,4,2,338,240,25,35,0.806,0.921,0,2,0,2,0,2,0,3539,61,2956,2843,8,45,0,0,0,0,0,0,0,0,113,0,0.0,-,,,,,,,,,,,,,,,,,,,,,,,,,,,,,,,
2025020338,2025-11-22,Oilers,Panthers,Away,RW,24,21,3.961280662,4.3681756775,3.3755921030000002,3.2765974625,Stuart Skinner,Sergei Bobrovsky,CG,IG,0,1,1,0,0,0,0,0,1,0,0,0,0,0,0,13,11,7,0,31,8,20,10,0,38,23,22,20,0,65,27,31,21,0,79,56,64,3,1,2,0,6,1,2,0,0,3,10,4,6,0,20,9,11,10,0,30,0,1,2,4,240,338,35,25,0.921,0.806,2,0,2,0,2,0,3539,0,61,2956,2843,45,8,0,0,0,0,0,0,0,0,113,0,0.0,-,,,,,,,,,,,,,,,,,,,,,,,,,,,,,,,
2025020339,2025-11-22,Flyers,Devils,Home,RW,20,21,4.163453012,3.6746035801,2.9655979,2.0330750751,Dan Vladar,Jake Allen,CG,CG,0,0,0,0,0,0,0,0,0,0,0,0,1,0,0,10,10,9,0,29,9,13,13,0,35,20,21,14,0,55,15,21,28,0,64,41,49,4,1,1,0,6,1,1,1,0,3,6,9,8,0,23,7,11,10,0,28,0,1,4,2,480,143,32,23,0.914,0.793,0,0,0,0,2,4,2874,83,643,2865,2865,3,18,0,0,0,0,0,0,0,0,0,0,0.0,-,,,,,,,,,,,,,,,,,,,,,,,,,,,,,,,
2025020339,2025-11-22,Devils,Flyers,Away,RL,21,20,3.6746035801,4.163453012,2.0330750751,2.9655979,Jake Allen,Dan Vladar,CG,CG,0,0,0,0,0,0,0,0,1,1,0,0,0,0,0,9,13,13,0,35,10,10,9,0,29,15,21,28,0,64,20,21,14,0,55,49,41,1,1,1,0,3,4,1,1,0,6,7,11,10,0,28,6,9,8,0,23,1,0,2,4,143,480,23,32,0.793,0.914,0,0,0,0,4,2,83,2874,643,2865,2865,18,3,0,0,0,0,0,0,0,0,0,0,0.0,-,,,,,,,,,,,,,,,,,,,,,,,,,,,,,,,
2025020340,2025-11-22,Penguins,Kraken,Home,OTL,21,21,3.716380906,2.1595058212,2.573485953,1.6374808392,Sergei Murashov,Philipp Grubauer,CG,CG,1,0,0,0,0,0,0,0,0,1,0,0,0,0,0,9,13,8,2,32,3,12,5,1,21,21,22,20,4,67,8,24,15,1,48,50,36,0,1,1,0,2,0,1,1,1,3,7,2,6,1,16,5,10,7,0,22,1,0,4,2,456,229,18,30,0.857,0.938,0,0,0,0,3,1,400,892,2558,3041,2689,9,70,0,0,0,0,0,0,101,0,102,250,0.0,-,,,,,,,,,,,,,,,,,,,,,,,,,,,,,,,
2025020340,2025-11-22,Kraken,Penguins,Away,OTW,21,21,2.1595058212,3.716380906,1.6374808392,2.573485953,Philipp Grubauer,Sergei Murashov,CG,CG,0,0,0,0,1,0,0,0,1,0,0,0,1,0,0,3,12,5,1,21,9,13,8,2,32,8,24,15,1,48,21,22,20,4,67,36,50,0,1,1,1,3,0,1,1,0,2,5,10,7,0,22,7,2,6,1,16,0,1,2,4,229,456,30,18,0.938,0.857,0,0,0,0,1,3,892,400,2558,3041,2689,70,9,0,0,0,0,0,0,0,101,102,250,0.0,-,,,,,,,,,,,,,,,,,,,,,,,,,,,,,,,
2025020341,2025-11-22,Capitals,Lightning,Home,RL,22,21,3.6744750944,2.435940892,2.5505525624,1.76599842,Logan Thompson,Jonas Johansson,IG,CG,0,1,1,0,0,0,0,0,1,1,0,0,0,0,0,9,11,12,0,32,6,4,6,0,16,19,22,20,0,61,19,14,17,0,50,48,35,1,1,1,0,3,4,0,1,0,5,6,8,8,0,22,5,6,4,0,15,0,1,6,3,544,247,11,29,0.688,0.906,0,0,0,3,4,0,107,3279,214,2516,2423,239,39,0,0,68,0,0,0,0,19,93,0,0.0,-,,,,,,,,,,,,,,,,,,,,,,,,,,,,,,,
2025020341,2025-11-22,Lightning,Capitals,Away,RW,21,22,2.435940892,3.6744750944,1.76599842,2.5505525624,Jonas Johansson,Logan Thompson,CG,IG,0,0,0,0,0,1,1,0,0,0,0,0,1,0,0,6,4,6,0,16,9,11,12,0,32,19,14,17,0,50,19,22,20,0,61,35,48,4,0,1,0,5,1,1,1,0,3,5,6,4,0,15,6,8,8,0,22,1,0,3,6,247,544,29,11,0.906,0.688,0,0,3,0,0,4,3279,107,214,2516,2423,39,239,0,0,0,68,0,0,19,0,93,0,0.0,-,,,,,,,,,,,,,,,,,,,,,,,,,,,,,,,
2025020342,2025-11-22,Sharks,Senators,Home,RL,22,21,1.9841511942,3.2243487663,1.6978100282,2.7175350453,Alex Nedeljkovic,Linus Ullmark,CG,CG,0,0,0,0,0,0,0,0,0,1,0,0,0,0,0,6,7,6,0,19,5,15,7,0,27,17,14,12,0,43,11,27,13,0,51,30,40,1,1,0,0,2,1,1,1,0,3,10,7,6,0,23,9,6,4,0,19,1,1,5,5,508,473,24,17,0.889,0.895,0,0,0,5,1,3,651,894,2055,2411,2371,92,77,0,0,0,0,0,0,24,60,40,0,0.0,-,,,,,,,,,,,,,,,,,,,,,,,,,,,,,,,
2025020342,2025-11-22,Senators,Sharks,Away,RW,21,22,3.2243487663,1.9841511942,2.7175350453,1.6978100282,Linus Ullmark,Alex Nedeljkovic,CG,CG,0,0,0,0,0,0,0,0,1,0,0,0,1,0,0,5,15,7,0,27,6,7,6,0,19,11,27,13,0,51,17,14,12,0,43,40,30,1,1,1,0,3,1,1,0,0,2,9,6,4,0,19,10,7,6,0,23,1,1,5,5,473,508,17,24,0.895,0.889,0,0,5,0,3,1,894,651,2055,2411,2371,77,92,0,0,0,0,0,0,60,24,40,0,0.0,-,,,,,,,,,,,,,,,,,,,,,,,,,,,,,,,
2025020343,2025-11-22,Predators,Avalanche,Home,RL,21,21,3.043751343,3.6199640277,2.728386533,2.7591670347,Juuse Saros,Mackenzie Blackwood,CG,CG,0,0,0,0,0,0,0,0,0,0,0,0,0,0,0,16,11,8,0,35,6,10,10,0,26,22,22,17,0,61,12,26,21,0,59,56,49,0,0,0,0,0,1,0,2,0,3,3,7,5,0,15,11,9,8,0,28,0,0,3,2,360,240,23,35,0.885,1.0,0,2,0,3,2,1,0,3585,15,2951,2951,21,28,0,0,0,0,0,0,0,0,0,0,0.0,-,,,,,,,,,,,,,,,,,,,,,,,,,,,,,,,
2025020343,2025-11-22,Avalanche,Predators,Away,RW,21,21,3.6199640277,3.043751343,2.7591670347,2.728386533,Mackenzie Blackwood,Juuse Saros,CG,CG,0,0,0,0,0,0,0,0,1,0,0,0,0,0,0,6,10,10,0,26,16,11,8,0,35,12,26,21,0,59,22,22,17,0,61,49,56,1,0,2,0,3,0,0,0,0,0,11,9,8,0,28,3,7,5,0,15,0,0,2,3,240,360,35,23,1.0,0.885,2,0,3,0,1,2,3585,0,15,2951,2951,28,21,0,0,0,0,0,0,0,0,0,0,0.0,-,,,,,,,,,,,,,,,,,,,,,,,,,,,,,,,
2025020344,2025-11-22,Mammoth,Rangers,Home,RW,22,23,3.2898200315,3.076125497,3.0150869074999997,2.509879705,Karel Vejmelka,Jonathan Quick,CG,CG,0,0,1,0,0,0,0,0,1,0,0,0,1,0,0,13,8,13,0,34,12,3,7,0,22,24,14,27,0,65,17,14,18,0,49,58,41,1,1,1,0,3,1,1,0,0,2,6,6,5,0,17,12,11,7,0,30,0,0,1,2,30,240,20,31,0.909,0.912,0,0,1,0,2,3,1059,188,2353,3248,3136,12,53,0,0,0,0,0,0,0,0,112,0,0.0,-,,,,,,,,,,,,,,,,,,,,,,,,,,,,,,,
2025020344,2025-11-22,Rangers,Mammoth,Away,RL,23,22,3.076125497,3.2898200315,2.509879705,3.0150869074999997,Jonathan Quick,Karel Vejmelka,CG,CG,0,0,0,0,0,0,1,0,0,1,0,0,0,0,0,12,3,7,0,22,13,8,13,0,34,17,14,18,0,49,24,14,27,0,65,41,58,1,1,0,0,2,1,1,1,0,3,12,11,7,0,30,6,6,5,0,17,0,0,2,1,240,30,31,20,0.912,0.909,0,0,0,1,3,2,188,1059,2353,3248,3136,53,12,0,0,0,0,0,0,0,0,112,0,0.0,-,,,,,,,,,,,,,,,,,,,,,,,,,,,,,,,
2025020345,2025-11-22,Flames,Stars,Home,SOW,23,22,3.3722693735,3.499799118,2.3973379995,1.603725563,Devin Cooley,Casey DeSmith,CG,CG,0,0,0,0,0,0,0,0,1,0,0,0,0,0,0,7,18,7,1,33,13,8,8,1,30,13,29,19,2,63,20,21,15,1,57,46,41,1,0,1,0,2,0,0,2,0,2,5,7,5,0,17,10,5,0,0,15,2,0,6,4,537,504,28,31,0.933,0.939,0,0,1,0,1,3,2712,0,1188,2758,2478,17,83,0,144,18,68,0,0,0,0,280,0,0.0,-,,,,,,,,,,,,,,,,,,,,,,,,,,,,,,,
2025020345,2025-11-22,Stars,Flames,Away,SOL,22,23,3.499799118,3.3722693735,1.603725563,2.3973379995,Casey DeSmith,Devin Cooley,CG,CG,0,0,0,0,0,0,0,0,0,0,0,0,0,0,0,13,8,8,1,30,7,18,7,1,33,20,21,15,1,57,13,29,19,2,63,41,46,0,0,2,0,2,1,0,1,0,2,10,5,0,0,15,5,7,5,0,17,0,2,4,6,504,537,31,28,0.939,0.933,0,0,0,1,3,1,0,2712,1188,2758,2478,83,17,144,0,68,18,0,0,0,0,280,0,0.0,-,,,,,,,,,,,,,,,,,,,,,,,,,,,,,,,
2025020346,2025-11-22,Ducks,Golden Knights,Home,OTW,22,21,3.425953653,3.663832827,2.4216643429999998,2.708881485,Lukas Dostal,Akira Schmid,CG,CG,0,1,1,0,0,0,0,0,0,0,0,0,1,1,0,6,13,11,3,33,11,8,12,1,32,19,23,22,6,70,24,15,22,2,63,53,49,2,1,0,1,4,3,0,0,0,3,5,7,7,0,19,3,5,7,0,15,0,1,2,4,141,286,29,29,0.906,0.879,0,0,0,0,4,2,0,1243,2594,3307,2846,49,17,0,0,0,0,0,0,17,0,224,237,0.0,-,,,,,,,,,,,,,,,,,,,,,,,,,,,,,,,
2025020346,2025-11-22,Golden Knights,Ducks,Away,OTL,21,22,3.663832827,3.425953653,2.708881485,2.4216643429999998,Akira Schmid,Lukas Dostal,CG,CG,0,0,0,0,0,1,1,0,1,1,1,0,0,0,0,11,8,12,1,32,6,13,11,3,33,24,15,22,2,63,19,23,22,6,70,49,53,3,0,0,0,3,2,1,0,1,4,3,5,7,0,15,5,7,7,0,19,1,0,4,2,286,141,29,29,0.879,0.906,0,0,0,0,2,4,1243,0,2594,3307,2846,17,49,0,0,0,0,0,0,0,17,224,237,0.0,-,,,,,,,,,,,,,,,,,,,,,,,,,,,,,,,
2025020347,2025-11-23,Sabres,Hurricanes,Home,RW,22,22,3.8033968874,4.0461942098,2.5375189220000003,2.6986511448,Ukko-Pekka Luukkonen,Frederik Andersen,CG,CG,0,0,0,0,0,0,0,0,1,0,0,0,0,0,0,7,10,4,0,21,5,12,13,0,30,21,20,18,0,59,15,27,24,0,66,39,51,1,2,1,0,4,1,0,0,0,1,7,14,6,0,27,2,10,6,0,18,1,1,4,4,349,375,29,17,0.967,0.81,1,0,8,0,3,0,2690,0,910,2563,2542,50,163,0,0,0,0,0,0,0,26,21,0,0.0,-,,,,,,,,,,,,,,,,,,,,,,,,,,,,,,,
2025020347,2025-11-23,Hurricanes,Sabres,Away,RL,22,22,4.0461942098,3.8033968874,2.6986511448,2.5375189220000003,Frederik Andersen,Ukko-Pekka Luukkonen,CG,CG,0,0,0,0,0,0,0,0,0,0,0,0,0,0,0,5,12,13,0,30,7,10,4,0,21,15,27,24,0,66,21,20,18,0,59,51,39,1,0,0,0,1,1,2,1,0,4,2,10,6,0,18,7,14,6,0,27,1,1,4,4,375,349,17,29,0.81,0.967,0,1,0,8,0,3,0,2690,910,2563,2542,163,50,0,0,0,0,0,0,26,0,21,0,0.0,-,,,,,,,,,,,,,,,,,,,,,,,,,,,,,,,
2025020348,2025-11-23,Jets,Wild,Home,RL,21,23,2.8116668195,2.7248017757,2.2167645385,2.2698834272,Eric Comrie,Jesper Wallstedt,CG,CG,0,0,0,0,0,0,0,0,0,0,0,0,0,0,0,9,13,10,0,32,7,13,10,0,30,19,22,16,0,57,20,18,18,0,56,50,44,0,0,0,0,0,0,2,1,0,3,7,10,3,0,20,16,9,3,0,28,0,0,4,1,448,79,27,32,0.9,1.0,0,0,0,0,1,0,0,1897,1703,2989,2885,0,59,32,0,0,0,0,0,45,0,104,0,0.0,-,,,,,,,,,,,,,,,,,,,,,,,,,,,,,,,
2025020348,2025-11-23,Wild,Jets,Away,RW,23,21,2.7248017757,2.8116668195,2.2698834272,2.2167645385,Jesper Wallstedt,Eric Comrie,CG,CG,0,0,0,0,0,0,0,0,1,0,0,0,0,0,0,7,13,10,0,30,9,13,10,0,32,20,18,18,0,56,19,22,16,0,57,44,50,0,2,1,0,3,0,0,0,0,0,16,9,3,0,28,7,10,3,0,20,0,0,1,4,79,448,32,27,1.0,0.9,0,0,0,0,0,1,1897,0,1703,2989,2885,59,0,0,32,0,0,0,0,0,45,104,0,0.0,-,,,,,,,,,,,,,,,,,,,,,,,,,,,,,,,
2025020349,2025-11-23,Islanders,Kraken,Home,SOW,23,22,4.194242854,2.2762578013,3.050193609,2.0670754113,David Rittich,Joey Daccord,CG,CG,1,1,1,0,1,1,1,0,0,0,0,0,0,0,0,11,9,11,3,34,4,6,8,1,19,20,21,23,7,71,12,13,33,3,61,60,56,0,0,0,0,0,0,0,0,0,0,6,5,7,0,18,5,4,5,0,14,0,0,2,1,139,120,19,34,1.0,1.0,0,0,0,0,3,2,0,0,3900,3586,3305,30,25,19,0,0,0,0,0,0,0,0,281,0.0,-,,,,,,,,,,,,,,,,,,,,,,,,,,,,,,,
2025020349,2025-11-23,Kraken,Islanders,Away,SOL,22,23,2.2762578013,4.194242854,2.0670754113,3.050193609,Joey Daccord,David Rittich,CG,CG,1,1,1,0,1,1,1,0,0,0,0,0,0,0,0,4,6,8,1,19,11,9,11,3,34,12,13,33,3,61,20,21,23,7,71,56,60,0,0,0,0,0,0,0,0,0,0,5,4,5,0,14,6,5,7,0,18,0,0,1,2,120,139,34,19,1.0,1.0,0,0,0,0,2,3,0,0,3900,3586,3305,25,30,0,19,0,0,0,0,0,0,0,281,0.0,-,,,,,,,,,,,,,,,,,,,,,,,,,,,,,,,
2025020350,2025-11-23,Blackhawks,Avalanche,Home,RL,22,22,2.4479474772,2.342042355,1.7932396882,2.090675788,Spencer Knight,Scott Wedgewood,CG,CG,0,1,1,0,1,1,0,0,0,0,0,0,0,0,0,11,1,10,0,22,2,19,5,0,26,23,7,19,0,49,10,31,19,0,60,41,50,0,0,0,0,0,0,1,0,0,1,7,4,9,0,20,10,10,9,0,29,0,0,2,3,240,360,25,22,0.962,1.0,0,0,0,5,2,2,0,1299,2301,2820,2820,164,16,0,0,0,0,0,0,0,0,0,0,0.0,-,,,,,,,,,,,,,,,,,,,,,,,,,,,,,,,
2025020350,2025-11-23,Avalanche,Blackhawks,Away,RW,22,22,2.342042355,2.4479474772,2.090675788,1.7932396882,Scott Wedgewood,Spencer Knight,CG,CG,1,1,0,0,0,1,1,0,1,0,0,0,0,0,0,2,19,5,0,26,11,1,10,0,22,10,31,19,0,60,23,7,19,0,49,50,41,0,1,0,0,1,0,0,0,0,0,10,10,9,0,29,7,4,9,0,20,0,0,3,2,360,240,22,25,1.0,0.962,0,0,5,0,2,2,1299,0,2301,2820,2820,16,164,0,0,0,0,0,0,0,0,0,0,0.0,-,,,,,,,,,,,,,,,,,,,,,,,,,,,,,,,
2025020351,2025-11-23,Sharks,Bruins,Home,RW,23,24,2.805243042,2.5088395859,1.436063041,1.6978375089,Yaroslav Askarov,Jeremy Swayman,CG,CG,1,1,1,0,0,0,0,0,1,0,0,0,0,0,0,12,11,8,0,31,10,15,10,0,35,18,20,18,0,56,16,34,14,0,64,38,46,1,1,1,0,3,0,0,1,0,1,13,6,4,0,23,12,8,10,0,30,1,0,6,3,506,428,34,28,0.971,0.903,1,0,2,0,1,1,2647,0,953,2591,2584,6,58,0,0,99,0,0,0,0,24,7,0,0.0,-,,,,,,,,,,,,,,,,,,,,,,,,,,,,,,,
2025020351,2025-11-23,Bruins,Sharks,Away,RL,24,23,2.5088395859,2.805243042,1.6978375089,1.436063041,Jeremy Swayman,Yaroslav Askarov,CG,CG,0,0,0,0,1,1,1,0,0,0,0,0,0,0,0,10,15,10,0,35,12,11,8,0,31,16,34,14,0,64,18,20,18,0,56,46,38,0,0,1,0,1,1,1,1,0,3,12,8,10,0,30,13,6,4,0,23,0,1,3,6,428,506,28,34,0.903,0.971,0,1,0,2,1,1,0,2647,953,2591,2584,58,6,0,0,0,99,0,0,24,0,7,0,0.0,-,,,,,,,,,,,,,,,,,,,,,,,,,,,,,,,
2025020352,2025-11-23,Canucks,Flames,Home,RL,23,24,3.2591457382,3.0718193445,2.2362503857,2.387023625,Kevin Lankinen,Dustin Wolf,CG,CG,0,0,0,0,1,0,1,0,1,1,0,0,0,0,0,13,6,12,0,31,7,11,3,0,21,27,15,22,0,64,10,17,23,0,50,41,37,1,0,1,0,2,2,2,1,0,5,7,6,4,0,17,4,8,3,0,15,1,0,4,4,395,480,16,29,0.762,0.935,0,0,0,10,2,3,388,3112,100,2361,2361,279,79,0,0,0,0,0,0,88,0,0,0,0.0,-,,,,,,,,,,,,,,,,,,,,,,,,,,,,,,,
2025020352,2025-11-23,Flames,Canucks,Away,RW,24,23,3.0718193445,3.2591457382,2.387023625,2.2362503857,Dustin Wolf,Kevin Lankinen,CG,CG,1,0,1,0,0,0,0,0,0,0,0,0,1,0,0,7,11,3,0,21,13,6,12,0,31,10,17,23,0,50,27,15,22,0,64,37,41,2,2,1,0,5,1,0,1,0,2,4,8,3,0,15,7,6,4,0,17,0,1,4,4,480,395,29,16,0.935,0.762,0,0,10,0,3,2,3112,388,100,2361,2361,79,279,0,0,0,0,0,0,0,88,0,0,0.0,-,,,,,,,,,,,,,,,,,,,,,,,,,,,,,,,
2025020353,2025-11-24,Lightning,Flyers,Home,RW,22,21,3.093163693,2.0200763162,2.220757577,1.7733738322,Andrei Vasilevskiy,Samuel Ersson,CG,CG,0,0,0,0,0,0,0,0,1,0,0,0,0,0,0,7,5,6,0,18,4,7,9,0,20,12,10,19,0,41,16,16,15,0,47,33,44,1,1,1,0,3,0,0,0,0,0,9,7,4,0,20,7,10,5,0,22,0,0,2,1,155,35,20,15,1.0,0.833,1,0,1,0,1,3,2666,0,934,3345,3269,0,47,0,0,0,0,0,0,0,0,76,0,0.0,-,,,,,,,,,,,,,,,,,,,,,,,,,,,,,,,
2025020353,2025-11-24,Flyers,Lightning,Away,RL,21,22,2.0200763162,3.093163693,1.7733738322,2.220757577,Samuel Ersson,Andrei Vasilevskiy,CG,CG,0,0,0,0,0,0,0,0,0,0,0,0,0,0,0,4,7,9,0,20,7,5,6,0,18,16,16,15,0,47,12,10,19,0,41,44,33,0,0,0,0,0,1,1,1,0,3,7,10,5,0,22,9,7,4,0,20,0,0,1,2,35,155,15,20,0.833,1.0,0,1,0,1,3,1,0,2666,934,3345,3269,47,0,0,0,0,0,0,0,0,0,76,0,0.0,-,,,,,,,,,,,,,,,,,,,,,,,,,,,,,,,
2025020354,2025-11-24,Devils,Red Wings,Home,RW,22,23,2.3772922100000002,4.715865466,2.329886698,2.783088113,Jacob Markstrom,Cam Talbot,CG,CG,0,0,0,0,0,0,0,0,1,0,0,0,0,0,0,9,6,5,0,20,7,15,13,0,35,21,17,14,0,52,25,29,28,0,82,44,63,3,1,0,0,4,1,1,1,0,3,10,8,7,0,25,9,10,3,0,22,0,1,1,3,120,296,32,16,0.914,0.8,0,0,2,0,1,3,2741,0,859,3004,3004,36,108,0,0,0,0,0,0,0,0,0,0,0.0,-,,,,,,,,,,,,,,,,,,,,,,,,,,,,,,,
2025020354,2025-11-24,Red Wings,Devils,Away,RL,23,22,4.715865466,2.3772922100000002,2.783088113,2.329886698,Cam Talbot,Jacob Markstrom,CG,CG,0,0,0,0,0,0,0,0,0,0,0,0,0,0,0,7,15,13,0,35,9,6,5,0,20,25,29,28,0,82,21,17,14,0,52,63,44,1,1,1,0,3,3,1,0,0,4,9,10,3,0,22,10,8,7,0,25,1,0,3,1,296,120,16,32,0.8,0.914,0,0,0,2,3,1,0,2741,859,3004,3004,108,36,0,0,0,0,0,0,0,0,0,0,0.0,-,,,,,,,,,,,,,,,,,,,,,,,,,,,,,,,
2025020355,2025-11-24,Rangers,Blues,Home,RW,24,23,1.7613282993,2.0572694272,1.7038898733,1.078554298,Igor Shesterkin,Joel Hofer,CG,CG,0,0,0,0,0,0,0,0,0,0,0,0,1,0,0,9,7,5,0,21,5,7,9,0,21,22,17,14,0,53,17,15,20,0,52,47,41,0,1,2,0,3,1,0,1,0,2,13,11,7,0,31,8,6,4,0,18,0,0,0,4,0,363,19,18,0.905,0.857,0,0,2,0,2,4,1160,750,1690,3124,3124,5,105,0,0,0,0,0,0,0,40,0,0,0.0,-,,,,,,,,,,,,,,,,,,,,,,,,,,,,,,,
2025020355,2025-11-24,Blues,Rangers,Away,RL,23,24,2.0572694272,1.7613282993,1.078554298,1.7038898733,Joel Hofer,Igor Shesterkin,CG,CG,0,0,0,0,0,0,0,0,1,1,0,0,0,0,0,5,7,9,0,21,9,7,5,0,21,17,15,20,0,52,22,17,14,0,53,41,47,1,0,1,0,2,0,1,2,0,3,8,6,4,0,18,13,11,7,0,31,0,0,4,0,363,0,18,19,0.857,0.905,0,0,0,2,4,2,750,1160,1690,3124,3124,105,5,0,0,0,0,0,0,40,0,0,0,0.0,-,,,,,,,,,,,,,,,,,,,,,,,,,,,,,,,
2025020356,2025-11-24,Capitals,Blue Jackets,Home,RW,23,23,3.317470198,2.0217496715000003,2.569545094,1.8910523835,Logan Thompson,Elvis Merzlikins,CG,CG,0,0,1,0,0,0,0,0,1,0,0,0,0,0,0,10,12,9,0,31,7,7,9,0,23,20,21,20,0,61,19,14,13,0,46,51,42,1,3,1,0,5,0,0,1,0,1,4,3,4,0,11,7,9,5,0,21,1,0,3,2,230,240,22,26,0.957,0.839,0,0,0,0,2,2,3235,0,365,3107,3107,9,14,0,0,1,0,0,0,0,0,0,0,0.0,-,,,,,,,,,,,,,,,,,,,,,,,,,,,,,,,
2025020356,2025-11-24,Blue Jackets,Capitals,Away,RL,23,23,2.0217496715000003,3.317470198,1.8910523835,2.569545094,Elvis Merzlikins,Logan Thompson,CG,CG,0,0,0,0,0,0,1,0,0,0,0,0,0,0,0,7,7,9,0,23,10,12,9,0,31,19,14,13,0,46,20,21,20,0,61,42,51,0,0,1,0,1,1,3,1,0,5,7,9,5,0,21,4,3,4,0,11,0,1,2,3,240,230,26,22,0.839,0.957,0,0,0,0,2,2,0,3235,365,3107,3107,14,9,0,0,0,1,0,0,0,0,0,0,0.0,-,,,,,,,,,,,,,,,,,,,,,,,,,,,,,,,
2025020357,2025-11-24,Predators,Panthers,Home,RL,22,22,2.778942242,3.2672291974000003,2.417721406,2.7295098924,Juuse Saros,Daniil Tarasov,IG,CG,0,0,0,0,0,0,0,0,0,0,0,0,0,0,0,13,13,13,0,39,15,4,7,0,26,17,21,17,0,55,22,14,17,0,53,47,44,2,0,1,0,3,4,1,3,0,8,8,11,6,0,25,2,6,11,0,19,1,0,3,2,245,240,18,36,0.692,0.923,0,0,0,0,0,1,0,3530,70,3016,2902,46,37,0,0,0,0,0,0,0,0,114,0,0.0,-,,,,,,,,,,,,,,,,,,,,,,,,,,,,,,,
2025020357,2025-11-24,Panthers,Predators,Away,RW,22,22,3.2672291974000003,2.778942242,2.7295098924,2.417721406,Daniil Tarasov,Juuse Saros,CG,IG,0,0,0,0,0,0,0,0,1,0,0,0,0,0,0,15,4,7,0,26,13,13,13,0,39,22,14,17,0,53,17,21,17,0,55,44,47,4,1,3,0,8,2,0,1,0,3,2,6,11,0,19,8,11,6,0,25,0,1,2,3,240,245,36,18,0.923,0.692,0,0,0,0,1,0,3530,0,70,3016,2902,37,46,0,0,0,0,0,0,0,0,114,0,0.0,-,,,,,,,,,,,,,,,,,,,,,,,,,,,,,,,
2025020358,2025-11-24,Mammoth,Golden Knights,Home,RW,23,22,3.2214227955,4.6185985671,2.6067735525,3.2941321655999998,Karel Vejmelka,Carl Lindbom,CG,CG,0,0,0,0,0,0,0,0,1,0,0,0,0,0,0,8,4,11,0,23,8,16,10,0,34,21,20,19,0,60,15,29,23,0,67,46,49,2,0,3,0,5,0,1,0,0,1,9,4,6,0,19,7,4,6,0,17,0,0,2,3,240,360,33,18,0.971,0.783,2,0,3,0,2,3,2706,0,894,2898,2898,31,71,0,0,0,0,0,0,0,59,0,0,0.0,-,,,,,,,,,,,,,,,,,,,,,,,,,,,,,,,
2025020358,2025-11-24,Golden Knights,Mammoth,Away,RL,22,23,4.6185985671,3.2214227955,3.2941321655999998,2.6067735525,Carl Lindbom,Karel Vejmelka,CG,CG,0,0,0,0,0,0,0,0,0,0,0,0,0,0,0,8,16,10,0,34,8,4,11,0,23,15,29,23,0,67,21,20,19,0,60,49,46,0,1,0,0,1,2,0,3,0,5,7,4,6,0,17,9,4,6,0,19,0,0,3,2,360,240,18,33,0.783,0.971,0,2,0,3,3,2,0,2706,894,2898,2898,71,31,0,0,0,0,0,0,59,0,0,0,0.0,-,,,,,,,,,,,,,,,,,,,,,,,,,,,,,,,
2025020359,2025-11-24,Kings,Senators,Home,RW,23,22,2.2089778091,2.5691179111,1.8728144001,1.9945807281,Darcy Kuemper,Leevi Meriläinen,CG,CG,0,0,0,0,0,0,0,0,1,0,0,0,0,0,0,10,5,7,0,22,11,10,7,0,28,19,11,13,0,43,20,19,20,0,59,38,48,0,0,2,0,2,0,0,1,0,1,8,4,2,0,14,8,5,9,0,22,1,0,3,3,359,360,27,20,0.964,0.909,0,0,2,0,2,3,688,0,2912,2583,2583,90,207,0,0,0,0,0,0,0,0,0,0,0.0,-,,,,,,,,,,,,,,,,,,,,,,,,,,,,,,,
2025020359,2025-11-24,Senators,Kings,Away,RL,22,23,2.5691179111,2.2089778091,1.9945807281,1.8728144001,Leevi Meriläinen,Darcy Kuemper,CG,CG,0,0,0,0,0,0,0,0,0,0,0,0,0,0,0,11,10,7,0,28,10,5,7,0,22,20,19,20,0,59,19,11,13,0,43,48,38,0,0,1,0,1,0,0,2,0,2,8,5,9,0,22,8,4,2,0,14,0,1,3,3,360,359,20,27,0.909,0.964,0,0,0,2,3,2,0,688,2912,2583,2583,207,90,0,0,0,0,0,0,0,0,0,0,0.0,-,,,,,,,,,,,,,,,,,,,,,,,,,,,,,,,
2025020360,2025-11-25,Oilers,Stars,Home,RL,25,23,1.5774057531,4.445286955,1.4085355101,3.013236774,Stuart Skinner,Jake Oettinger,IG,CG,0,0,0,0,0,0,0,0,0,0,0,0,0,0,0,5,10,10,0,25,8,15,7,0,30,12,22,18,0,52,15,28,12,0,55,45,41,0,1,2,0,3,4,2,2,0,8,8,7,7,0,22,13,2,2,0,17,0,3,2,4,147,340,22,22,0.733,0.88,0,0,0,0,2,2,0,3372,228,3050,2939,50,0,0,0,0,13,0,0,0,0,111,0,0.0,-,,,,,,,,,,,,,,,,,,,,,,,,,,,,,,,
2025020360,2025-11-25,Stars,Oilers,Away,RW,23,25,4.445286955,1.5774057531,3.013236774,1.4085355101,Jake Oettinger,Stuart Skinner,CG,IG,0,0,0,0,0,0,0,0,1,0,0,0,0,0,0,8,15,7,0,30,5,10,10,0,25,15,28,12,0,55,12,22,18,0,52,41,45,4,2,2,0,8,0,1,2,0,3,13,2,2,0,17,8,7,7,0,22,3,0,4,2,340,147,22,22,0.88,0.733,0,0,0,0,2,2,3372,0,228,3050,2939,0,50,0,0,13,0,0,0,0,0,111,0,0.0,-,,,,,,,,,,,,,,,,,,,,,,,,,,,,,,,
2025020361,2025-11-26,Red Wings,Predators,Home,RL,24,23,3.0692824771,3.4615456637,1.5269040541,2.7268619807,Cam Talbot,Justus Annunen,CG,CG,0,0,0,0,0,0,0,0,0,1,0,0,0,0,0,7,10,14,0,31,12,8,9,0,29,23,23,21,0,67,18,21,13,0,52,46,40,0,2,1,0,3,1,0,5,0,6,3,5,5,0,13,12,4,6,0,22,2,1,4,4,288,357,23,28,0.793,0.903,0,1,0,2,5,3,331,972,2297,2684,2562,182,13,0,0,0,0,0,0,16,0,122,0,0.0,-,,,,,,,,,,,,,,,,,,,,,,,,,,,,,,,
2025020361,2025-11-26,Predators,Red Wings,Away,RW,23,24,3.4615456637,3.0692824771,2.7268619807,1.5269040541,Justus Annunen,Cam Talbot,CG,CG,0,0,0,0,0,0,0,0,1,0,0,0,1,0,0,12,8,9,0,29,7,10,14,0,31,18,21,13,0,52,23,23,21,0,67,40,46,1,0,5,0,6,0,2,1,0,3,12,4,6,0,22,3,5,5,0,13,1,2,4,4,357,288,28,23,0.903,0.793,1,0,2,0,3,5,972,331,2297,2684,2562,13,182,0,0,0,0,0,0,0,16,122,0,0.0,-,,,,,,,,,,,,,,,,,,,,,,,,,,,,,,,
2025020362,2025-11-26,Lightning,Flames,Home,RW,23,25,3.117941927,4.0967171513,2.126953344,3.2374556023,Andrei Vasilevskiy,Dustin Wolf,CG,IG,0,0,0,0,0,0,0,0,1,0,0,0,0,0,0,10,9,4,0,23,5,9,18,0,32,18,25,15,0,58,17,18,30,0,65,43,52,4,0,1,0,5,0,0,1,0,1,8,2,3,0,13,6,8,11,0,25,0,0,4,5,370,503,31,18,0.969,0.783,0,0,0,0,7,0,3561,0,39,2638,2533,36,38,0,0,0,0,0,0,0,14,105,0,0.0,-,,,,,,,,,,,,,,,,,,,,,,,,,,,,,,,
2025020362,2025-11-26,Flames,Lightning,Away,RL,25,23,4.0967171513,3.117941927,3.2374556023,2.126953344,Dustin Wolf,Andrei Vasilevskiy,IG,CG,0,0,0,0,0,0,0,0,0,0,0,0,0,0,0,5,9,18,0,32,10,9,4,0,23,17,18,30,0,65,18,25,15,0,58,52,43,0,0,1,0,1,4,0,1,0,5,6,8,11,0,25,8,2,3,0,13,0,0,5,4,503,370,18,31,0.783,0.969,0,0,0,0,0,7,0,3561,39,2638,2533,38,36,0,0,0,0,0,0,14,0,105,0,0.0,-,,,,,,,,,,,,,,,,,,,,,,,,,,,,,,,
2025020363,2025-11-26,Panthers,Flyers,Home,RL,23,22,3.13788649,1.74470271,2.6936628799999998,1.697912695,Sergei Bobrovsky,Dan Vladar,CG,CG,0,0,0,0,0,0,0,0,1,1,1,0,0,0,0,15,5,7,0,27,7,5,6,0,18,29,11,18,0,58,13,19,19,0,51,52,49,1,1,0,0,2,0,2,2,0,4,12,14,7,0,33,8,4,5,0,17,0,0,3,1,360,120,14,25,0.778,0.926,0,0,0,0,3,2,1552,46,2002,3034,3034,15,71,0,0,0,0,0,0,0,0,0,0,0.0,-,,,,,,,,,,,,,,,,,,,,,,,,,,,,,,,
2025020363,2025-11-26,Flyers,Panthers,Away,RW,22,23,1.74470271,3.13788649,1.697912695,2.6936628799999998,Dan Vladar,Sergei Bobrovsky,CG,CG,0,0,0,0,0,0,0,0,0,0,0,0,1,1,0,7,5,6,0,18,15,5,7,0,27,13,19,19,0,51,29,11,18,0,58,49,52,0,2,2,0,4,1,1,0,0,2,8,4,5,0,17,12,14,7,0,33,0,0,1,3,120,360,25,14,0.926,0.778,0,0,0,0,2,3,46,1552,2002,3034,3034,71,15,0,0,0,0,0,0,0,0,0,0,0.0,-,,,,,,,,,,,,,,,,,,,,,,,,,,,,,,,
2025020364,2025-11-26,Devils,Blues,Home,OTW,23,24,1.9633963383,2.1405917715,1.5382617263,1.1735751315,Jacob Markstrom,Jordan Binnington,CG,CG,0,0,0,0,0,0,0,0,0,0,0,0,1,0,0,14,9,4,2,29,7,8,8,0,23,24,20,15,3,62,17,16,17,0,50,46,33,1,1,0,1,3,2,0,0,0,2,7,8,10,1,26,6,3,6,0,15,1,1,2,4,171,414,21,26,0.913,0.897,0,0,1,0,3,2,0,1378,2400,3086,2859,37,49,0,0,0,0,0,0,0,3,49,178,0.0,-,,,,,,,,,,,,,,,,,,,,,,,,,,,,,,,
2025020364,2025-11-26,Blues,Devils,Away,OTL,24,23,2.1405917715,1.9633963383,1.1735751315,1.5382617263,Jordan Binnington,Jacob Markstrom,CG,CG,0,0,0,0,0,0,0,0,1,1,0,0,0,0,0,7,8,8,0,23,14,9,4,2,29,17,16,17,0,50,24,20,15,3,62,33,46,2,0,0,0,2,1,1,0,1,3,6,3,6,0,15,7,8,10,1,26,1,1,4,2,414,171,26,21,0.897,0.913,0,0,0,1,2,3,1378,0,2400,3086,2859,49,37,0,0,0,0,0,0,3,0,49,178,0.0,-,,,,,,,,,,,,,,,,,,,,,,,,,,,,,,,
2025020365,2025-11-26,Islanders,Bruins,Home,RL,24,25,4.8910221371,1.559063694,2.7422984671,1.394236632,Ilya Sorokin,Jeremy Swayman,CG,CG,0,0,0,0,0,0,0,0,1,1,0,0,0,0,0,10,11,23,0,44,4,7,3,0,14,26,22,33,0,81,12,18,11,0,41,54,29,1,0,0,0,1,1,1,1,0,3,5,5,7,0,17,10,10,4,0,24,0,0,4,1,480,123,11,43,0.786,0.977,0,0,0,5,2,0,102,2357,1141,2687,2687,274,36,0,0,0,0,0,0,0,0,0,0,0.0,-,,,,,,,,,,,,,,,,,,,,,,,,,,,,,,,
2025020365,2025-11-26,Bruins,Islanders,Away,RW,25,24,1.559063694,4.8910221371,1.394236632,2.7422984671,Jeremy Swayman,Ilya Sorokin,CG,CG,0,0,0,0,0,0,0,0,0,0,0,0,1,0,0,4,7,3,0,14,10,11,23,0,44,12,18,11,0,41,26,22,33,0,81,29,54,1,1,1,0,3,1,0,0,0,1,10,10,4,0,24,5,5,7,0,17,0,0,1,4,123,480,43,11,0.977,0.786,0,0,5,0,0,2,2357,102,1141,2687,2687,36,274,0,0,0,0,0,0,0,0,0,0,0.0,-,,,,,,,,,,,,,,,,,,,,,,,,,,,,,,,
2025020366,2025-11-26,Penguins,Sabres,Home,RW,22,23,2.10759953,3.2415499952999998,1.6775497400000001,2.9231043813,Tristan Jarry,Ukko-Pekka Luukkonen,CG,CG,0,0,0,0,0,0,0,0,1,0,0,0,0,0,0,3,8,8,0,19,4,8,19,0,31,9,15,17,0,41,12,20,33,0,65,37,58,1,0,3,0,4,0,0,2,0,2,9,3,5,0,17,5,9,7,0,21,0,0,1,0,120,0,29,15,0.935,0.789,1,0,1,0,2,3,2540,0,1060,3458,3458,0,22,0,0,0,0,0,0,0,0,0,0,0.0,-,,,,,,,,,,,,,,,,,,,,,,,,,,,,,,,
2025020366,2025-11-26,Sabres,Penguins,Away,RL,23,22,3.2415499952999998,2.10759953,2.9231043813,1.6775497400000001,Ukko-Pekka Luukkonen,Tristan Jarry,CG,CG,0,0,0,0,0,0,0,0,0,0,0,0,0,0,0,4,8,19,0,31,3,8,8,0,19,12,20,33,0,65,9,15,17,0,41,58,37,0,0,2,0,2,1,0,3,0,4,5,9,7,0,21,9,3,5,0,17,0,0,0,1,0,120,15,29,0.789,0.935,0,1,0,1,3,2,0,2540,1060,3458,3458,22,0,0,0,0,0,0,0,0,0,0,0,0.0,-,,,,,,,,,,,,,,,,,,,,,,,,,,,,,,,
2025020367,2025-11-26,Capitals,Jets,Home,RW,24,22,2.9339267121,3.7636282218,2.6490279461,2.9623373488,Charlie Lindgren,Eric Comrie,CG,CG,0,0,0,0,0,0,0,0,1,0,0,0,0,0,0,12,15,8,0,35,6,7,8,0,21,24,25,18,0,67,18,13,22,0,53,62,44,2,1,1,0,4,1,1,1,0,3,7,5,8,0,20,5,3,4,0,12,0,1,2,2,246,214,18,31,0.857,0.886,0,0,0,0,1,0,2964,0,636,3033,3033,22,85,0,0,0,0,0,0,0,0,0,0,0.0,-,,,,,,,,,,,,,,,,,,,,,,,,,,,,,,,
2025020367,2025-11-26,Jets,Capitals,Away,RL,22,24,3.7636282218,2.9339267121,2.9623373488,2.6490279461,Eric Comrie,Charlie Lindgren,CG,CG,0,0,0,0,0,0,0,0,0,0,0,0,0,0,0,6,7,8,0,21,12,15,8,0,35,18,13,22,0,53,24,25,18,0,67,44,62,1,1,1,0,3,2,1,1,0,4,5,3,4,0,12,7,5,8,0,20,1,0,2,2,214,246,31,18,0.886,0.857,0,0,0,0,0,1,0,2964,636,3033,3033,85,22,0,0,0,0,0,0,0,0,0,0,0.0,-,,,,,,,,,,,,,,,,,,,,,,,,,,,,,,,
2025020368,2025-11-26,Hurricanes,Rangers,Home,RL,23,25,4.2581893502,2.646666103,2.6147303861999998,2.270357372,Frederik Andersen,Igor Shesterkin,CG,CG,0,0,0,0,0,0,0,0,0,0,0,0,0,0,0,13,11,14,0,38,4,9,5,0,18,21,18,27,0,66,17,26,15,0,58,48,45,0,1,1,0,2,1,1,2,0,4,12,6,8,0,26,10,13,11,0,34,1,0,5,1,408,120,14,36,0.778,0.947,0,1,0,6,4,2,0,1755,1845,2985,2985,41,46,0,0,0,0,0,0,67,0,0,0,0.0,-,,,,,,,,,,,,,,,,,,,,,,,,,,,,,,,
2025020368,2025-11-26,Rangers,Hurricanes,Away,RW,25,23,2.646666103,4.2581893502,2.270357372,2.6147303861999998,Igor Shesterkin,Frederik Andersen,CG,CG,0,0,0,0,0,0,0,0,1,0,0,0,0,0,0,4,9,5,0,18,13,11,14,0,38,17,26,15,0,58,21,18,27,0,66,45,48,1,1,2,0,4,0,1,1,0,2,10,13,11,0,34,12,6,8,0,26,0,1,1,5,120,408,36,14,0.947,0.778,1,0,6,0,2,4,1755,0,1845,2985,2985,46,41,0,0,0,0,0,0,0,67,0,0,0.0,-,,,,,,,,,,,,,,,,,,,,,,,,,,,,,,,
2025020369,2025-11-26,Blue Jackets,Maple Leafs,Home,OTL,24,23,4.0276110213,2.9736525237,3.0055605463,2.2496498968,Jet Greaves,Joseph Woll,CG,CG,0,0,0,0,0,0,0,0,1,1,0,0,0,0,0,11,7,14,4,36,6,9,6,3,24,18,20,23,5,66,16,21,12,6,55,49,41,0,0,1,0,1,0,0,1,1,2,7,6,7,0,20,9,7,5,0,21,0,0,3,2,418,240,22,35,0.917,0.972,0,0,0,0,2,4,193,0,3687,3156,2876,6,14,0,0,0,0,0,0,0,0,0,280,0.0,-,,,,,,,,,,,,,,,,,,,,,,,,,,,,,,,
2025020369,2025-11-26,Maple Leafs,Blue Jackets,Away,OTW,23,24,2.9736525237,4.0276110213,2.2496498968,3.0055605463,Joseph Woll,Jet Greaves,CG,CG,0,0,0,0,0,0,0,0,0,0,0,0,1,0,0,6,9,6,3,24,11,7,14,4,36,16,21,12,6,55,18,20,23,5,66,41,49,0,0,1,1,2,0,0,1,0,1,9,7,5,0,21,7,6,7,0,20,0,0,2,3,240,418,35,22,0.972,0.917,0,0,0,0,4,2,0,193,3687,3156,2876,14,6,0,0,0,0,0,0,0,0,0,280,0.0,-,,,,,,,,,,,,,,,,,,,,,,,,,,,,,,,
2025020370,2025-11-26,Blackhawks,Wild,Home,OTL,23,24,3.8895133561,2.739999804,3.2528792871,2.1268337385,Spencer Knight,Filip Gustavsson,CG,CG,0,0,0,0,0,0,0,0,1,1,1,0,0,0,0,20,9,8,0,37,5,8,9,2,24,33,17,19,0,69,11,21,14,3,49,54,39,0,2,1,0,3,0,1,2,1,4,1,6,4,0,11,10,9,6,1,26,0,1,4,5,373,436,20,34,0.833,0.919,0,0,0,0,5,2,1300,0,2398,2748,2673,12,40,0,45,0,0,0,0,39,24,22,53,0.0,-,,,,,,,,,,,,,,,,,,,,,,,,,,,,,,,
2025020370,2025-11-26,Wild,Blackhawks,Away,OTW,24,23,2.739999804,3.8895133561,2.1268337385,3.2528792871,Filip Gustavsson,Spencer Knight,CG,CG,0,0,0,0,0,0,0,0,0,0,0,0,1,1,0,5,8,9,2,24,20,9,8,0,37,11,21,14,3,49,33,17,19,0,69,39,54,0,1,2,1,4,0,2,1,0,3,10,9,6,1,26,1,6,4,0,11,1,0,5,4,436,373,34,20,0.919,0.833,0,0,0,0,2,5,0,1300,2398,2748,2673,40,12,45,0,0,0,0,0,24,39,22,53,0.0,-,,,,,,,,,,,,,,,,,,,,,,,,,,,,,,,
2025020371,2025-11-26,Avalanche,Sharks,Home,RW,23,24,4.2566829429999995,2.03510492897,3.0686903295,1.47489790557,Mackenzie Blackwood,Yaroslav Askarov,CG,IG,0,0,0,0,0,0,0,0,1,0,0,0,0,0,0,15,11,16,0,42,5,17,4,0,26,32,27,26,0,85,16,34,11,0,61,58,42,2,3,1,0,6,0,0,0,0,0,5,2,3,0,10,8,6,8,0,22,1,0,4,4,442,480,26,36,1.0,0.857,0,0,0,0,1,0,3381,0,219,2594,2594,21,58,0,0,0,0,0,0,0,0,0,0,0.0,-,,,,,,,,,,,,,,,,,,,,,,,,,,,,,,,
2025020371,2025-11-26,Sharks,Avalanche,Away,RL,24,23,2.03510492897,4.2566829429999995,1.47489790557,3.0686903295,Yaroslav Askarov,Mackenzie Blackwood,IG,CG,0,0,0,0,0,0,0,0,0,0,0,0,0,0,0,5,17,4,0,26,15,11,16,0,42,16,34,11,0,61,32,27,26,0,85,42,58,0,0,0,0,0,2,3,1,0,6,8,6,8,0,22,5,2,3,0,10,0,1,4,4,480,442,36,26,0.857,1.0,0,0,0,0,0,1,0,3381,219,2594,2594,58,21,0,0,0,0,0,0,0,0,0,0,0.0,-,,,,,,,,,,,,,,,,,,,,,,,,,,,,,,,
2025020372,2025-11-26,Mammoth,Canadiens,Home,RL,24,22,4.5948329806,2.1195987819999997,3.5205525886,1.515910169,Karel Vejmelka,Jakub Dobes,CG,CG,0,0,0,0,0,0,0,0,0,1,0,0,0,0,0,6,13,15,0,34,7,5,5,0,17,15,28,23,0,66,19,12,15,0,46,53,34,0,3,0,0,3,2,0,2,0,4,6,8,4,0,18,11,5,4,0,20,1,2,4,3,396,214,13,31,0.765,0.912,0,0,0,6,7,2,568,2193,839,2725,2725,167,36,0,0,0,49,0,0,0,0,0,0,0.0,-,,,,,,,,,,,,,,,,,,,,,,,,,,,,,,,
2025020372,2025-11-26,Canadiens,Mammoth,Away,RW,22,24,2.1195987819999997,4.5948329806,1.515910169,3.5205525886,Jakub Dobes,Karel Vejmelka,CG,CG,0,0,0,0,0,0,0,0,1,0,0,0,1,0,0,7,5,5,0,17,6,13,15,0,34,19,12,15,0,46,15,28,23,0,66,34,53,2,0,2,0,4,0,3,0,0,3,11,5,4,0,20,6,8,4,0,18,2,1,3,4,214,396,31,13,0.912,0.765,0,0,6,0,2,7,2193,568,839,2725,2725,36,167,0,0,49,0,0,0,0,0,0,0,0.0,-,,,,,,,,,,,,,,,,,,,,,,,,,,,,,,,
2025020373,2025-11-26,Golden Knights,Senators,Home,SOL,23,23,4.1092210875,2.5419302031999997,2.7800016815,2.0541900612,Akira Schmid,Linus Ullmark,CG,CG,0,0,0,0,0,0,0,0,0,0,0,0,0,0,0,11,11,11,2,35,10,7,4,1,22,22,20,21,3,66,19,15,15,3,52,52,43,1,1,1,0,3,3,0,0,0,3,10,17,6,0,33,10,10,6,0,26,1,1,3,3,328,303,19,32,0.864,0.914,0,0,0,0,2,2,0,2749,1151,3186,2886,20,48,0,0,0,0,0,0,0,0,0,300,0.0,-,,,,,,,,,,,,,,,,,,,,,,,,,,,,,,,
2025020373,2025-11-26,Senators,Golden Knights,Away,SOW,23,23,2.5419302031999997,4.1092210875,2.0541900612,2.7800016815,Linus Ullmark,Akira Schmid,CG,CG,0,0,0,0,0,0,0,0,1,0,0,0,0,0,0,10,7,4,1,22,11,11,11,2,35,19,15,15,3,52,22,20,21,3,66,43,52,3,0,0,0,3,1,1,1,0,3,10,10,6,0,26,10,17,6,0,33,1,1,3,3,303,328,32,19,0.914,0.864,0,0,0,0,2,2,2749,0,1151,3186,2886,48,20,0,0,0,0,0,0,0,0,0,300,0.0,-,,,,,,,,,,,,,,,,,,,,,,,,,,,,,,,
2025020374,2025-11-26,Ducks,Canucks,Home,RL,23,24,5.3727198328,4.4650675587,3.1480334898,3.208896577,Petr Mrazek,Nikita Tolopilo,CG,CG,0,0,0,0,0,0,0,0,0,0,0,0,0,0,0,13,17,11,0,41,5,12,11,0,28,32,31,26,0,89,19,25,24,0,68,60,48,0,3,1,0,4,2,1,2,0,5,8,3,4,0,15,3,8,2,0,13,1,1,6,3,586,275,23,37,0.821,0.902,0,1,0,4,6,3,0,1967,1633,2505,2393,135,28,0,0,0,0,0,0,1,0,112,0,0.0,-,,,,,,,,,,,,,,,,,,,,,,,,,,,,,,,
2025020374,2025-11-26,Canucks,Ducks,Away,RW,24,23,4.4650675587,5.3727198328,3.208896577,3.1480334898,Nikita Tolopilo,Petr Mrazek,CG,CG,0,0,0,0,0,0,0,0,1,0,0,0,0,0,0,5,12,11,0,28,13,17,11,0,41,19,25,24,0,68,32,31,26,0,89,48,60,2,1,2,0,5,0,3,1,0,4,3,8,2,0,13,8,3,4,0,15,1,1,3,6,275,586,37,23,0.902,0.821,1,0,4,0,3,6,1967,0,1633,2505,2393,28,135,0,0,0,0,0,0,0,1,112,0,0.0,-,,,,,,,,,,,,,,,,,,,,,,,,,,,,,,,
2025020375,2025-11-26,Kraken,Stars,Home,RL,23,24,2.3978913076,3.01308944,1.5425027326,2.430225296,Joey Daccord,Casey DeSmith,CG,CG,0,0,0,0,1,0,0,0,0,0,0,0,0,0,0,10,9,9,0,28,10,9,2,0,21,15,14,18,0,47,16,14,13,0,43,33,33,1,0,1,0,2,1,1,1,0,3,8,9,6,0,23,4,6,7,0,17,0,0,5,1,600,125,18,26,0.857,0.929,0,0,0,2,3,1,0,1383,2217,2712,2611,89,51,0,0,0,0,0,0,0,0,101,0,0.0,-,,,,,,,,,,,,,,,,,,,,,,,,,,,,,,,
2025020375,2025-11-26,Stars,Kraken,Away,RW,24,23,3.01308944,2.3978913076,2.430225296,1.5425027326,Casey DeSmith,Joey Daccord,CG,CG,1,0,0,0,0,0,0,0,1,0,0,0,0,0,0,10,9,2,0,21,10,9,9,0,28,16,14,13,0,43,15,14,18,0,47,33,33,1,1,1,0,3,1,0,1,0,2,4,6,7,0,17,8,9,6,0,23,0,0,1,5,125,600,26,18,0.929,0.857,0,0,2,0,1,3,1383,0,2217,2712,2611,51,89,0,0,0,0,0,0,0,0,101,0,0.0,-,,,,,,,,,,,,,,,,,,,,,,,,,,,,,,,
2025020377,2025-11-28,Red Wings,Lightning,Home,RL,25,24,3.2277804188,4.5948960644,2.8651274038,3.9033140814,John Gibson,Andrei Vasilevskiy,CG,CG,0,0,0,0,0,0,0,0,1,1,0,0,0,0,0,11,13,13,0,37,11,9,7,0,27,27,20,17,0,64,15,19,10,0,44,57,37,1,2,0,0,3,1,3,2,0,6,10,4,6,0,20,4,7,4,0,15,0,1,1,1,120,36,21,34,0.778,0.919,0,1,0,1,3,4,338,2366,896,3396,3288,10,1,0,0,0,0,0,0,0,0,108,0,0.0,-,,,,,,,,,,,,,,,,,,,,,,,,,,,,,,,
2025020377,2025-11-28,Lightning,Red Wings,Away,RW,24,25,4.5948960644,3.2277804188,3.9033140814,2.8651274038,Andrei Vasilevskiy,John Gibson,CG,CG,0,0,0,0,0,0,0,0,0,0,0,0,1,0,0,11,9,7,0,27,11,13,13,0,37,15,19,10,0,44,27,20,17,0,64,37,57,1,3,2,0,6,1,2,0,0,3,4,7,4,0,15,10,4,6,0,20,1,0,1,1,36,120,34,21,0.919,0.778,1,0,1,0,4,3,2366,338,896,3396,3288,1,10,0,0,0,0,0,0,0,0,108,0,0.0,-,,,,,,,,,,,,,,,,,,,,,,,,,,,,,,,
2025020376,2025-11-28,Bruins,Rangers,Home,RL,26,26,2.3878159896,3.9743915875,2.1839593726,2.8877056145,Joonas Korpisalo,Igor Shesterkin,CG,CG,0,0,0,0,0,0,0,0,0,0,0,0,0,0,0,7,5,9,0,21,12,17,8,0,37,19,12,16,0,47,22,25,24,0,71,41,61,0,0,2,0,2,2,2,2,0,6,14,4,7,0,25,14,9,11,0,34,0,2,2,3,197,165,31,19,0.838,0.905,0,1,0,2,1,0,0,3392,208,3204,3204,34,0,0,0,0,0,0,0,0,0,0,0,0.0,-,,,,,,,,,,,,,,,,,,,,,,,,,,,,,,,
2025020376,2025-11-28,Rangers,Bruins,Away,RW,26,26,3.9743915875,2.3878159896,2.8877056145,2.1839593726,Igor Shesterkin,Joonas Korpisalo,CG,CG,0,0,0,0,0,0,0,0,1,0,0,0,0,0,0,12,17,8,0,37,7,5,9,0,21,22,25,24,0,71,19,12,16,0,47,61,41,2,2,2,0,6,0,0,2,0,2,14,9,11,0,34,14,4,7,0,25,2,0,3,2,165,197,19,31,0.905,0.838,1,0,2,0,0,1,3392,0,208,3204,3204,0,34,0,0,0,0,0,0,0,0,0,0,0.0,-,,,,,,,,,,,,,,,,,,,,,,,,,,,,,,,
2025020378,2025-11-28,Wild,Avalanche,Home,SOW,25,24,3.9625799369,4.2219362191,3.8123518598999997,3.4132780131,Jesper Wallstedt,Scott Wedgewood,CG,CG,0,0,0,0,0,0,0,0,0,0,0,0,1,0,0,12,17,10,0,39,14,10,14,3,41,24,30,23,0,77,28,19,25,3,75,75,65,0,2,0,0,2,1,0,1,0,2,5,12,8,0,25,3,6,3,0,12,0,0,1,1,120,120,39,37,0.951,0.949,0,0,0,0,1,1,785,1026,2089,3610,3310,11,39,0,0,0,0,0,0,0,0,0,300,0.0,-,,,,,,,,,,,,,,,,,,,,,,,,,,,,,,,
2025020378,2025-11-28,Avalanche,Wild,Away,SOL,24,25,4.2219362191,3.9625799369,3.4132780131,3.8123518598999997,Scott Wedgewood,Jesper Wallstedt,CG,CG,0,0,0,0,0,0,0,0,1,1,0,0,0,0,0,14,10,14,3,41,12,17,10,0,39,28,19,25,3,75,24,30,23,0,77,65,75,1,0,1,0,2,0,2,0,0,2,3,6,3,0,12,5,12,8,0,25,0,0,1,1,120,120,37,39,0.949,0.951,0,0,0,0,1,1,1026,785,2089,3610,3310,39,11,0,0,0,0,0,0,0,0,0,300,0.0,-,,,,,,,,,,,,,,,,,,,,,,,,,,,,,,,
2025020379,2025-11-28,Sabres,Devils,Home,RL,24,24,3.2785229886,2.6008078706,2.9437635706,2.4132919106,Alex Lyon,Jake Allen,CG,CG,0,0,0,0,0,0,0,0,0,0,0,0,0,0,0,10,15,17,0,42,9,8,6,0,23,15,27,31,0,73,18,19,16,0,53,66,50,0,0,0,0,0,1,1,3,0,5,9,4,11,0,24,6,9,5,0,20,0,0,2,1,214,94,18,42,0.783,1.0,0,0,0,0,3,1,0,2873,727,3235,3212,0,24,0,0,0,0,0,0,9,0,23,0,0.0,-,,,,,,,,,,,,,,,,,,,,,,,,,,,,,,,
2025020379,2025-11-28,Devils,Sabres,Away,RW,24,24,2.6008078706,3.2785229886,2.4132919106,2.9437635706,Jake Allen,Alex Lyon,CG,CG,0,0,0,0,0,0,0,0,1,0,0,0,0,0,0,9,8,6,0,23,10,15,17,0,42,18,19,16,0,53,15,27,31,0,73,50,66,1,1,3,0,5,0,0,0,0,0,6,9,5,0,20,9,4,11,0,24,0,0,1,2,94,214,42,18,1.0,0.783,0,0,0,0,1,3,2873,0,727,3235,3212,24,0,0,0,0,0,0,0,0,9,23,0,0.0,-,,,,,,,,,,,,,,,,,,,,,,,,,,,,,,,
2025020380,2025-11-28,Panthers,Flames,Home,RL,24,26,5.2855308144,3.1854921139,3.6403877954,2.7270330939,Daniil Tarasov,Devin Cooley,CG,CG,0,0,0,0,0,0,0,0,1,1,1,0,0,0,0,20,8,13,0,41,14,10,10,0,34,30,20,27,0,77,31,26,24,0,81,58,70,2,0,1,0,3,2,2,1,0,5,4,13,13,0,30,8,6,6,0,20,0,1,2,2,240,128,29,38,0.853,0.927,0,1,0,5,2,2,587,2345,668,3067,3067,155,10,0,0,0,98,0,0,0,0,0,0,0.0,-,,,,,,,,,,,,,,,,,,,,,,,,,,,,,,,
2025020380,2025-11-28,Flames,Panthers,Away,RW,26,24,3.1854921139,5.2855308144,2.7270330939,3.6403877954,Devin Cooley,Daniil Tarasov,CG,CG,0,0,0,0,0,0,0,0,0,0,0,0,1,1,0,14,10,10,0,34,20,8,13,0,41,31,26,24,0,81,30,20,27,0,77,70,58,2,2,1,0,5,2,0,1,0,3,8,6,6,0,20,4,13,13,0,30,1,0,2,2,128,240,38,29,0.927,0.853,1,0,5,0,2,2,2345,587,668,3067,3067,10,155,0,0,98,0,0,0,0,0,0,0,0.0,-,,,,,,,,,,,,,,,,,,,,,,,,,,,,,,,
2025020381,2025-11-28,Islanders,Flyers,Home,SOL,25,23,3.5198467967,2.587198241,2.1653654877,1.432678074,David Rittich,Samuel Ersson,CG,CG,0,0,0,0,0,0,0,0,0,0,0,0,0,0,0,6,13,9,3,31,3,12,5,1,21,18,21,20,6,65,17,20,11,2,50,44,33,0,3,0,0,3,2,1,0,0,3,6,5,5,1,17,10,7,3,0,20,1,1,5,2,565,211,18,28,0.857,0.903,0,0,0,0,3,1,0,1843,2057,3059,2735,0,49,0,0,0,0,0,0,18,0,24,300,0.0,-,,,,,,,,,,,,,,,,,,,,,,,,,,,,,,,
2025020381,2025-11-28,Flyers,Islanders,Away,SOW,23,25,2.587198241,3.5198467967,1.432678074,2.1653654877,Samuel Ersson,David Rittich,CG,CG,0,0,0,0,0,0,0,0,1,0,0,0,0,0,0,3,12,5,1,21,6,13,9,3,31,17,20,11,2,50,18,21,20,6,65,33,44,2,1,0,0,3,0,3,0,0,3,10,7,3,0,20,6,5,5,1,17,1,1,2,5,211,565,28,18,0.903,0.857,0,0,0,0,1,3,1843,0,2057,3059,2735,49,0,0,0,0,0,0,0,0,18,24,300,0.0,-,,,,,,,,,,,,,,,,,,,,,,,,,,,,,,,
2025020382,2025-11-28,Blues,Senators,Home,RW,25,24,3.24687418,3.0514667828,2.938387483,2.5169093185,Jordan Binnington,Leevi Meriläinen,CG,CG,0,0,0,0,0,0,0,0,1,0,0,0,1,0,0,7,11,13,0,31,5,9,14,0,28,12,23,25,0,60,13,18,27,0,58,47,48,0,1,3,0,4,0,2,1,0,3,7,6,4,0,17,7,6,7,0,20,0,0,3,1,360,120,25,27,0.893,0.871,0,0,6,0,1,1,891,215,2494,2900,2784,0,182,0,0,0,0,0,0,0,0,116,0,0.0,-,,,,,,,,,,,,,,,,,,,,,,,,,,,,,,,
2025020382,2025-11-28,Senators,Blues,Away,RL,24,25,3.0514667828,3.24687418,2.5169093185,2.938387483,Leevi Meriläinen,Jordan Binnington,CG,CG,0,0,0,0,0,0,0,0,0,1,0,0,0,0,0,5,9,14,0,28,7,11,13,0,31,13,18,27,0,58,12,23,25,0,60,48,47,0,2,1,0,3,0,1,3,0,4,7,6,7,0,20,7,6,4,0,17,0,0,1,3,120,360,27,25,0.871,0.893,0,0,0,6,1,1,215,891,2494,2900,2784,182,0,0,0,0,0,0,0,0,0,116,0,0.0,-,,,,,,,,,,,,,,,,,,,,,,,,,,,,,,,
2025020383,2025-11-28,Golden Knights,Canadiens,Home,RL,24,23,3.671101419,3.2202503285,2.671463329,2.6738863685,Akira Schmid,Samuel Montembeault,CG,CG,0,0,0,0,0,0,0,0,0,0,0,0,0,0,0,11,11,9,0,31,6,5,8,0,19,21,23,14,0,58,19,17,22,0,58,48,50,0,0,1,0,1,1,1,2,0,4,5,4,6,0,15,10,6,4,0,20,0,0,1,1,120,167,15,30,0.789,0.968,0,1,0,2,4,4,0,2730,870,3206,3105,72,6,0,0,0,0,0,0,0,0,101,0,0.0,-,,,,,,,,,,,,,,,,,,,,,,,,,,,,,,,
2025020383,2025-11-28,Canadiens,Golden Knights,Away,RW,23,24,3.2202503285,3.671101419,2.6738863685,2.671463329,Samuel Montembeault,Akira Schmid,CG,CG,0,0,0,0,0,0,0,0,1,0,0,0,0,0,0,6,5,8,0,19,11,11,9,0,31,19,17,22,0,58,21,23,14,0,58,50,48,1,1,2,0,4,0,0,1,0,1,10,6,4,0,20,5,4,6,0,15,0,0,1,1,167,120,30,15,0.968,0.789,1,0,2,0,4,4,2730,0,870,3206,3105,6,72,0,0,0,0,0,0,0,0,101,0,0.0,-,,,,,,,,,,,,,,,,,,,,,,,,,,,,,,,
2025020384,2025-11-28,Ducks,Kings,Home,SOW,24,24,3.9682154056,2.6338005828,2.8389003896,2.0657964678,Ville Husso,Darcy Kuemper,CG,CG,0,0,0,0,0,0,0,0,0,0,0,0,1,1,0,7,11,9,4,31,9,5,11,2,27,18,24,23,4,69,19,23,23,2,67,60,58,0,2,2,0,4,1,1,2,0,4,4,7,6,1,18,2,9,2,1,14,1,0,2,1,130,137,23,27,0.852,0.871,0,0,0,2,3,1,0,1637,2263,3569,3269,40,15,0,0,0,0,0,0,0,0,0,300,0.0,-,,,,,,,,,,,,,,,,,,,,,,,,,,,,,,,
2025020384,2025-11-28,Kings,Ducks,Away,SOL,24,24,2.6338005828,3.9682154056,2.0657964678,2.8389003896,Darcy Kuemper,Ville Husso,CG,CG,0,0,0,0,0,0,0,0,1,1,1,0,0,0,0,9,5,11,2,27,7,11,9,4,31,19,23,23,2,67,18,24,23,4,69,58,60,1,1,2,0,4,0,2,2,0,4,2,9,2,1,14,4,7,6,1,18,0,1,1,2,137,130,27,23,0.871,0.852,0,0,2,0,1,3,1637,0,2263,3569,3269,15,40,0,0,0,0,0,0,0,0,0,300,0.0,-,,,,,,,,,,,,,,,,,,,,,,,,,,,,,,,
2025020385,2025-11-28,Sharks,Canucks,Home,RW,25,25,2.5131731144000002,4.241510561,1.3450473724,2.083648404,Yaroslav Askarov,Nikita Tolopilo,CG,CG,0,0,0,0,0,0,0,0,0,0,0,0,1,0,0,12,7,5,0,24,8,17,9,0,34,18,21,13,0,52,12,28,16,0,56,29,31,1,2,0,0,3,1,1,0,0,2,5,7,2,0,14,6,7,4,0,17,2,0,6,8,476,756,32,21,0.941,0.875,0,0,2,0,1,6,1483,956,1161,2216,2101,42,9,0,0,52,0,0,2,59,43,115,0,0.0,-,,,,,,,,,,,,,,,,,,,,,,,,,,,,,,,
2025020385,2025-11-28,Canucks,Sharks,Away,RL,25,25,4.241510561,2.5131731144000002,2.083648404,1.3450473724,Nikita Tolopilo,Yaroslav Askarov,CG,CG,0,0,0,0,0,0,0,0,1,1,0,0,0,0,0,8,17,9,0,34,12,7,5,0,24,12,28,16,0,56,18,21,13,0,52,31,29,1,1,0,0,2,1,2,0,0,3,6,7,4,0,17,5,7,2,0,14,0,2,8,6,756,476,21,32,0.875,0.941,0,0,0,2,6,1,956,1483,1161,2216,2101,9,42,0,0,0,52,2,0,43,59,115,0,0.0,-,,,,,,,,,,,,,,,,,,,,,,,,,,,,,,,
2025020386,2025-11-28,Capitals,Maple Leafs,Home,RW,25,24,3.4429649269000002,3.5755871045,3.0510268149,3.2835670605000002,Logan Thompson,Joseph Woll,CG,CG,0,0,0,0,0,0,0,0,0,0,0,0,1,1,0,10,13,11,0,34,5,5,12,0,22,18,23,23,0,64,15,12,25,0,52,57,50,0,1,3,0,4,1,1,0,0,2,10,5,2,0,17,6,12,10,0,28,0,0,2,0,240,0,20,30,0.909,0.882,1,0,3,0,4,4,236,3009,355,3232,3232,0,128,0,0,0,0,0,0,0,0,0,0,0.0,-,,,,,,,,,,,,,,,,,,,,,,,,,,,,,,,
2025020386,2025-11-28,Maple Leafs,Capitals,Away,RL,24,25,3.5755871045,3.4429649269000002,3.2835670605000002,3.0510268149,Joseph Woll,Logan Thompson,CG,CG,0,0,0,0,0,0,0,0,1,1,1,0,0,0,0,5,5,12,0,22,10,13,11,0,34,15,12,25,0,52,18,23,23,0,64,50,57,1,1,0,0,2,0,1,3,0,4,6,12,10,0,28,10,5,2,0,17,0,0,0,2,0,240,30,20,0.882,0.909,0,1,0,3,4,4,3009,236,355,3232,3232,128,0,0,0,0,0,0,0,0,0,0,0,0.0,-,,,,,,,,,,,,,,,,,,,,,,,,,,,,,,,
2025020387,2025-11-28,Hurricanes,Jets,Home,RW,24,23,3.3937527619,1.506424888,2.8514198889,1.291371096,Brandon Bussi,Thomas Milic,CG,CG,0,0,0,0,0,0,0,0,1,0,0,0,0,0,0,10,10,15,0,35,5,5,3,0,13,19,19,29,0,67,17,11,16,0,44,55,33,1,0,4,0,5,0,1,0,0,1,7,4,2,0,13,11,12,9,0,32,0,0,4,2,480,240,12,30,0.923,0.857,1,0,1,0,3,2,1363,0,2237,2743,2743,29,108,0,0,0,0,0,0,0,0,0,0,0.0,-,,,,,,,,,,,,,,,,,,,,,,,,,,,,,,,
2025020387,2025-11-28,Jets,Hurricanes,Away,RL,23,24,1.506424888,3.3937527619,1.291371096,2.8514198889,Thomas Milic,Brandon Bussi,CG,CG,0,0,0,0,0,0,0,0,0,0,0,0,0,0,0,5,5,3,0,13,10,10,15,0,35,17,11,16,0,44,19,19,29,0,67,33,55,0,1,0,0,1,1,0,4,0,5,11,12,9,0,32,7,4,2,0,13,0,0,2,4,240,480,30,12,0.857,0.923,0,1,0,1,2,3,0,1363,2237,2743,2743,108,29,0,0,0,0,0,0,0,0,0,0,0.0,-,,,,,,,,,,,,,,,,,,,,,,,,,,,,,,,
2025020388,2025-11-28,Blue Jackets,Penguins,Home,OTL,25,23,3.963919617,3.3146420384999997,3.28629708,2.9558696735,Jet Greaves,Tristan Jarry,CG,CG,0,0,0,0,0,0,0,0,0,1,1,0,0,0,0,8,13,8,0,29,8,7,8,1,24,16,24,16,0,56,25,18,19,1,63,44,55,1,2,0,0,3,1,0,2,1,4,3,6,7,0,16,11,2,5,0,18,0,0,2,2,242,240,20,26,0.833,0.897,0,0,2,0,4,3,1477,450,1732,3108,3049,35,34,0,0,0,0,0,0,0,0,0,59,0.0,-,,,,,,,,,,,,,,,,,,,,,,,,,,,,,,,
2025020388,2025-11-28,Penguins,Blue Jackets,Away,OTW,23,25,3.3146420384999997,3.963919617,2.9558696735,3.28629708,Tristan Jarry,Jet Greaves,CG,CG,0,0,0,0,0,0,0,0,1,0,0,0,1,1,0,8,7,8,1,24,8,13,8,0,29,25,18,19,1,63,16,24,16,0,56,55,44,1,0,2,1,4,1,2,0,0,3,11,2,5,0,18,3,6,7,0,16,0,0,2,2,240,242,26,20,0.897,0.833,0,0,0,2,3,4,450,1477,1732,3108,3049,34,35,0,0,0,0,0,0,0,0,0,59,0.0,-,,,,,,,,,,,,,,,,,,,,,,,,,,,,,,,
2025020389,2025-11-28,Blackhawks,Predators,Home,RL,24,24,3.2424794741,3.1888603939999998,2.0491436351,2.895099416,Arvid Soderblom,Juuse Saros,CG,CG,0,0,0,0,0,0,0,0,1,1,0,0,0,0,0,11,6,10,0,27,10,11,8,0,29,19,19,24,0,62,16,30,20,0,66,50,55,1,1,1,0,3,0,3,1,0,4,3,5,7,0,15,10,6,5,0,21,1,0,4,2,469,240,25,24,0.862,0.889,0,0,0,2,4,1,156,1889,1555,2803,2803,61,4,0,0,0,0,0,0,0,0,0,0,0.0,-,,,,,,,,,,,,,,,,,,,,,,,,,,,,,,,
2025020389,2025-11-28,Predators,Blackhawks,Away,RW,24,24,3.1888603939999998,3.2424794741,2.895099416,2.0491436351,Juuse Saros,Arvid Soderblom,CG,CG,0,0,0,0,0,0,0,0,0,0,0,0,1,0,0,10,11,8,0,29,11,6,10,0,27,16,30,20,0,66,19,19,24,0,62,55,50,0,3,1,0,4,1,1,1,0,3,10,6,5,0,21,3,5,7,0,15,0,1,2,4,240,469,24,25,0.889,0.862,0,0,2,0,1,4,1889,156,1555,2803,2803,4,61,0,0,0,0,0,0,0,0,0,0,0.0,-,,,,,,,,,,,,,,,,,,,,,,,,,,,,,,,
2025020390,2025-11-28,Stars,Mammoth,Home,RW,25,25,3.6260840164,3.3933096892,2.6143409144,2.9651520442,Jake Oettinger,Vitek Vanecek,CG,CG,0,1,0,0,0,0,0,0,0,0,0,0,1,1,0,11,12,5,0,28,8,13,9,0,30,15,17,14,0,46,13,17,20,0,50,35,43,1,3,0,0,4,2,1,0,0,3,3,8,8,0,19,8,4,10,0,22,2,0,5,2,309,162,27,24,0.9,0.857,0,0,3,0,3,1,1703,1639,258,3048,2974,9,68,0,0,28,0,0,0,0,20,74,0,0.0,-,,,,,,,,,,,,,,,,,,,,,,,,,,,,,,,
2025020390,2025-11-28,Mammoth,Stars,Away,RL,25,25,3.3933096892,3.6260840164,2.9651520442,2.6143409144,Vitek Vanecek,Jake Oettinger,CG,CG,0,0,0,0,0,1,0,0,1,1,1,0,0,0,0,8,13,9,0,30,11,12,5,0,28,13,17,20,0,50,15,17,14,0,46,43,35,2,1,0,0,3,1,3,0,0,4,8,4,10,0,22,3,8,8,0,19,0,2,2,5,162,309,24,27,0.857,0.9,0,0,0,3,1,3,1639,1703,258,3048,2974,68,9,0,0,0,28,0,0,20,0,74,0,0.0,-,,,,,,,,,,,,,,,,,,,,,,,,,,,,,,,
2025020391,2025-11-29,Rangers,Lightning,Home,RL,27,25,1.6188208501,4.7968274499,1.0535519083,3.8203409842,Igor Shesterkin,Jonas Johansson,CG,CG,1,1,1,0,1,1,1,0,0,0,0,0,0,0,0,2,7,4,0,13,11,16,8,0,35,14,15,16,0,45,20,32,25,0,77,35,60,0,1,0,0,1,1,1,2,0,4,9,10,5,0,24,7,4,5,0,16,0,0,2,2,240,261,31,12,0.886,0.923,0,1,0,10,0,4,0,2947,653,2966,2966,108,25,0,0,0,0,0,0,0,0,0,0,0.0,-,,,,,,,,,,,,,,,,,,,,,,,,,,,,,,,
2025020391,2025-11-29,Lightning,Rangers,Away,RW,25,27,4.7968274499,1.6188208501,3.8203409842,1.0535519083,Jonas Johansson,Igor Shesterkin,CG,CG,1,1,1,0,1,1,1,0,1,0,0,0,0,0,0,11,16,8,0,35,2,7,4,0,13,20,32,25,0,77,14,15,16,0,45,60,35,1,1,2,0,4,0,1,0,0,1,7,4,5,0,16,9,10,5,0,24,0,0,2,2,261,240,12,31,0.923,0.886,1,0,10,0,4,0,2947,0,653,2966,2966,25,108,0,0,0,0,0,0,0,0,0,0,0.0,-,,,,,,,,,,,,,,,,,,,,,,,,,,,,,,,
2025020392,2025-11-29,Avalanche,Canadiens,Home,RW,25,24,4.655719189,2.0160782058,3.615629985,1.4106208748,Mackenzie Blackwood,Jakub Dobes,CG,CG,1,1,0,0,1,1,0,0,1,0,0,0,0,0,0,14,10,12,0,36,12,5,6,0,23,24,22,20,0,66,25,13,14,0,52,51,43,2,3,2,0,7,0,1,1,0,2,4,6,3,0,13,6,9,12,0,27,1,1,4,2,427,172,21,29,0.913,0.806,0,0,0,0,2,2,3148,0,452,2910,2746,22,32,0,0,0,0,0,0,0,0,164,0,0.0,-,,,,,,,,,,,,,,,,,,,,,,,,,,,,,,,
2025020392,2025-11-29,Canadiens,Avalanche,Away,RL,24,25,2.0160782058,4.655719189,1.4106208748,3.615629985,Jakub Dobes,Mackenzie Blackwood,CG,CG,1,1,0,0,1,1,0,0,0,0,0,0,0,0,0,12,5,6,0,23,14,10,12,0,36,25,13,14,0,52,24,22,20,0,66,43,51,0,1,1,0,2,2,3,2,0,7,6,9,12,0,27,4,6,3,0,13,1,1,2,4,172,427,29,21,0.806,0.913,0,0,0,0,2,2,0,3148,452,2910,2746,32,22,0,0,0,0,0,0,0,0,164,0,0.0,-,,,,,,,,,,,,,,,,,,,,,,,,,,,,,,,
2025020393,2025-11-29,Kraken,Oilers,Home,RL,24,26,2.7263590613,3.4649063374,1.5874301593,3.0357813274,Joey Daccord,Stuart Skinner,CG,CG,0,0,0,0,0,0,0,0,0,0,0,0,0,0,0,12,6,8,0,26,11,8,6,0,25,20,16,18,0,54,23,19,17,0,59,37,49,0,0,0,0,0,1,2,1,0,4,5,6,7,0,18,9,6,4,0,19,0,2,6,2,617,102,21,26,0.84,1.0,0,0,0,0,2,3,0,2911,689,2694,2694,11,157,0,0,94,0,0,0,0,0,0,0,0.0,-,,,,,,,,,,,,,,,,,,,,,,,,,,,,,,,
2025020393,2025-11-29,Oilers,Kraken,Away,RW,26,24,3.4649063374,2.7263590613,3.0357813274,1.5874301593,Stuart Skinner,Joey Daccord,CG,CG,0,0,0,0,0,0,0,0,1,0,0,0,0,0,0,11,8,6,0,25,12,6,8,0,26,23,19,17,0,59,20,16,18,0,54,49,37,1,2,1,0,4,0,0,0,0,0,9,6,4,0,19,5,6,7,0,18,2,0,2,6,102,617,26,21,1.0,0.84,0,0,0,0,3,2,2911,0,689,2694,2694,157,11,0,0,0,94,0,0,0,0,0,0,0.0,-,,,,,,,,,,,,,,,,,,,,,,,,,,,,,,,
2025020394,2025-11-29,Bruins,Red Wings,Home,SOW,27,26,2.3927630327,3.9100663277,1.6497255967,2.2846783267,Jeremy Swayman,Cam Talbot,CG,CG,1,1,0,0,1,1,1,0,1,0,0,0,0,0,0,5,9,5,1,20,4,5,13,4,26,15,20,16,3,54,12,18,18,8,56,40,37,0,1,1,0,2,0,0,2,0,2,9,11,7,1,28,10,5,8,1,24,1,0,2,5,191,600,24,18,0.923,0.9,0,0,1,0,5,1,1600,0,2300,2913,2698,45,35,0,109,0,0,0,0,0,1,131,84,0.0,-,,,,,,,,,,,,,,,,,,,,,,,,,,,,,,,
2025020394,2025-11-29,Red Wings,Bruins,Away,SOL,26,27,3.9100663277,2.3927630327,2.2846783267,1.6497255967,Cam Talbot,Jeremy Swayman,CG,CG,1,1,1,0,1,1,0,0,0,0,0,0,0,0,0,4,5,13,4,26,5,9,5,1,20,12,18,18,8,56,15,20,16,3,54,37,40,0,0,2,0,2,0,1,1,0,2,10,5,8,1,24,9,11,7,1,28,0,1,5,2,600,191,18,24,0.9,0.923,0,0,0,1,1,5,0,1600,2300,2913,2698,35,45,109,0,0,0,0,0,1,0,131,84,0.0,-,,,,,,,,,,,,,,,,,,,,,,,,,,,,,,,
2025020395,2025-11-29,Devils,Flyers,Home,RL,25,24,2.5701293042,4.902224957,1.4114700412,3.533329027,Jacob Markstrom,Dan Vladar,CG,CG,1,1,1,0,1,1,1,0,0,0,0,0,0,0,0,6,14,12,0,32,8,12,12,0,32,15,26,17,0,58,17,26,22,0,65,42,54,1,1,1,0,3,1,3,1,0,5,7,8,5,0,20,5,12,3,0,20,1,0,4,2,456,214,27,29,0.844,0.906,0,1,0,1,1,1,0,2758,842,2857,2847,5,46,0,0,0,0,0,0,0,0,10,0,0.0,-,,,,,,,,,,,,,,,,,,,,,,,,,,,,,,,
2025020395,2025-11-29,Flyers,Devils,Away,RW,24,25,4.902224957,2.5701293042,3.533329027,1.4114700412,Dan Vladar,Jacob Markstrom,CG,CG,1,1,1,0,1,1,1,0,1,0,0,0,0,0,0,8,12,12,0,32,6,14,12,0,32,17,26,22,0,65,15,26,17,0,58,54,42,1,3,1,0,5,1,1,1,0,3,5,12,3,0,20,7,8,5,0,20,0,1,2,4,214,456,29,27,0.906,0.844,1,0,1,0,1,1,2758,0,842,2857,2847,46,5,0,0,0,0,0,0,0,0,10,0,0.0,-,,,,,,,,,,,,,,,,,,,,,,,,,,,,,,,
2025020396,2025-11-29,Penguins,Maple Leafs,Home,RL,24,25,3.4598561363,3.06517414,2.7332702406,2.168447236,Arturs Silovs,Dennis Hildeby,IG,CG,1,1,0,0,1,1,0,0,0,0,0,0,0,0,0,10,10,15,0,35,7,8,8,0,23,21,24,26,0,71,17,21,21,0,59,60,47,1,0,1,0,2,2,3,2,0,7,5,8,3,0,16,8,5,6,0,19,1,1,3,3,248,398,16,33,0.696,0.943,0,0,0,1,2,0,0,3022,578,2850,2850,18,48,0,0,0,0,0,0,0,0,0,0,0.0,-,,,,,,,,,,,,,,,,,,,,,,,,,,,,,,,
2025020396,2025-11-29,Maple Leafs,Penguins,Away,RW,25,24,3.06517414,3.4598561363,2.168447236,2.7332702406,Dennis Hildeby,Arturs Silovs,CG,IG,1,1,0,0,1,1,0,0,1,0,0,0,0,0,0,7,8,8,0,23,10,10,15,0,35,17,21,21,0,59,21,24,26,0,71,47,60,2,3,2,0,7,1,0,1,0,2,8,5,6,0,19,5,8,3,0,16,1,1,3,3,398,248,33,16,0.943,0.696,0,0,1,0,0,2,3022,0,578,2850,2850,48,18,0,0,0,0,0,0,0,0,0,0,0.0,-,,,,,,,,,,,,,,,,,,,,,,,,,,,,,,,
2025020397,2025-11-29,Predators,Jets,Home,RL,25,24,2.1892287251,4.4554136413,1.6690934168,3.4426693333,Justus Annunen,Eric Comrie,CG,CG,1,1,1,0,1,1,0,0,0,0,0,0,0,0,0,5,9,9,0,23,9,9,9,0,27,12,19,16,0,47,21,14,23,0,58,37,45,0,1,1,0,2,2,1,2,0,5,7,7,5,0,19,13,12,2,0,27,1,0,4,4,290,406,22,21,0.815,0.913,0,1,0,7,1,2,0,3553,47,2620,2574,178,1,0,0,0,0,0,0,0,57,46,0,0.0,-,,,,,,,,,,,,,,,,,,,,,,,,,,,,,,,
2025020397,2025-11-29,Jets,Predators,Away,RW,24,25,4.4554136413,2.1892287251,3.4426693333,1.6690934168,Eric Comrie,Justus Annunen,CG,CG,1,1,0,0,1,1,1,0,1,0,0,0,0,0,0,9,9,9,0,27,5,9,9,0,23,21,14,23,0,58,12,19,16,0,47,45,37,2,1,2,0,5,0,1,1,0,2,13,12,2,0,27,7,7,5,0,19,0,1,4,4,406,290,21,22,0.913,0.815,1,0,7,0,2,1,3553,0,47,2620,2574,1,178,0,0,0,0,0,0,57,0,46,0,0.0,-,,,,,,,,,,,,,,,,,,,,,,,,,,,,,,,
2025020398,2025-11-29,Blues,Mammoth,Home,RW,26,26,3.4040648216,2.2595890261,2.1352268646,1.5754345941,Joel Hofer,Karel Vejmelka,CG,CG,1,1,1,0,1,1,1,0,1,0,0,0,0,0,0,8,8,3,0,19,4,4,10,0,18,21,22,15,0,58,12,16,25,0,53,41,37,0,1,0,0,1,0,0,0,0,0,8,11,7,0,26,7,7,6,0,20,0,0,2,2,276,420,18,18,1.0,0.947,0,0,3,0,2,3,1310,0,2290,2751,2751,65,88,0,0,0,0,0,0,0,0,0,0,0.0,-,,,,,,,,,,,,,,,,,,,,,,,,,,,,,,,
2025020398,2025-11-29,Mammoth,Blues,Away,RL,26,26,2.2595890261,3.4040648216,1.5754345941,2.1352268646,Karel Vejmelka,Joel Hofer,CG,CG,1,1,1,0,1,1,1,0,0,0,0,0,0,0,0,4,4,10,0,18,8,8,3,0,19,12,16,25,0,53,21,22,15,0,58,37,41,0,0,0,0,0,0,1,0,0,1,7,7,6,0,20,8,11,7,0,26,0,0,2,2,420,276,18,18,0.947,1.0,0,0,0,3,3,2,0,1310,2290,2751,2751,88,65,0,0,0,0,0,0,0,0,0,0,0.0,-,,,,,,,,,,,,,,,,,,,,,,,,,,,,,,,
2025020399,2025-11-29,Wild,Sabres,Home,SOL,26,25,2.3846038509,3.0777650343,1.6391988979,2.3052748543,Filip Gustavsson,Colten Ellis,CG,CG,1,1,0,0,1,1,0,0,1,1,0,0,0,0,0,11,8,3,2,24,11,12,8,2,33,21,16,11,2,50,15,18,17,5,55,38,44,2,0,0,0,2,1,0,1,0,2,5,6,6,1,18,6,5,9,0,20,0,0,3,3,271,271,31,22,0.939,0.917,0,0,0,0,1,2,2101,0,1799,3313,2925,7,34,0,0,0,0,0,0,0,0,88,300,0.0,-,,,,,,,,,,,,,,,,,,,,,,,,,,,,,,,
2025020399,2025-11-29,Sabres,Wild,Away,SOW,25,26,3.0777650343,2.3846038509,2.3052748543,1.6391988979,Colten Ellis,Filip Gustavsson,CG,CG,1,1,0,0,1,1,0,0,0,0,0,0,1,0,0,11,12,8,2,33,11,8,3,2,24,15,18,17,5,55,21,16,11,2,50,44,38,1,0,1,0,2,2,0,0,0,2,6,5,9,0,20,5,6,6,1,18,0,0,3,3,271,271,22,31,0.917,0.939,0,0,0,0,2,1,0,2101,1799,3313,2925,34,7,0,0,0,0,0,0,0,0,88,300,0.0,-,,,,,,,,,,,,,,,,,,,,,,,,,,,,,,,
2025020400,2025-11-29,Golden Knights,Sharks,Home,RW,25,26,3.847833271,2.2112078205,3.466353056,1.6155227805,Carl Lindbom,Alex Nedeljkovic,CG,CG,1,1,1,0,1,1,0,0,0,0,0,0,1,0,0,9,10,5,0,24,7,9,5,0,21,26,19,18,0,63,19,24,15,0,58,56,50,1,3,0,0,4,1,2,0,0,3,4,1,1,0,6,12,7,6,0,25,1,1,2,2,216,69,18,20,0.857,0.833,0,0,3,0,2,1,2064,519,1017,3238,3238,3,53,0,0,0,0,0,0,0,35,0,0,0.0,-,,,,,,,,,,,,,,,,,,,,,,,,,,,,,,,
2025020400,2025-11-29,Sharks,Golden Knights,Away,RL,26,25,2.2112078205,3.847833271,1.6155227805,3.466353056,Alex Nedeljkovic,Carl Lindbom,CG,CG,1,1,0,0,1,1,1,0,1,1,0,0,0,0,0,7,9,5,0,21,9,10,5,0,24,19,24,15,0,58,26,19,18,0,63,50,56,1,2,0,0,3,1,3,0,0,4,12,7,6,0,25,4,1,1,0,6,1,1,2,2,69,216,20,18,0.833,0.857,0,0,0,3,1,2,519,2064,1017,3238,3238,53,3,0,0,0,0,0,0,35,0,0,0,0.0,-,,,,,,,,,,,,,,,,,,,,,,,,,,,,,,,
2025020401,2025-11-29,Kings,Canucks,Home,OTW,25,26,2.1506807655999998,1.9764528621,1.10216728,1.3624078761,Anton Forsberg,Kevin Lankinen,CG,CG,1,0,0,0,1,1,0,0,1,0,0,0,0,0,0,7,6,9,1,23,6,6,7,1,20,13,14,18,4,49,14,23,16,3,56,33,37,1,0,0,1,2,0,1,0,0,1,5,2,6,1,14,9,4,3,0,16,0,0,4,3,489,360,19,21,0.95,0.913,0,0,0,0,2,5,333,0,3505,2901,2663,34,54,0,0,0,0,0,0,0,0,0,238,0.0,-,,,,,,,,,,,,,,,,,,,,,,,,,,,,,,,
2025020401,2025-11-29,Canucks,Kings,Away,OTL,26,25,1.9764528621,2.1506807655999998,1.3624078761,1.10216728,Kevin Lankinen,Anton Forsberg,CG,CG,1,1,0,0,1,0,0,0,0,0,0,0,0,0,0,6,6,7,1,20,7,6,9,1,23,14,23,16,3,56,13,14,18,4,49,37,33,0,1,0,0,1,1,0,0,1,2,9,4,3,0,16,5,2,6,1,14,0,0,3,4,360,489,21,19,0.913,0.95,0,0,0,0,5,2,0,333,3505,2901,2663,54,34,0,0,0,0,0,0,0,0,0,238,0.0,-,,,,,,,,,,,,,,,,,,,,,,,,,,,,,,,
2025020402,2025-11-30,Islanders,Capitals,Home,RL,26,26,3.9760421195,2.9524638827,2.7830249695,2.2071303037,Ilya Sorokin,Logan Thompson,CG,CG,0,0,0,0,0,0,0,0,0,0,0,0,0,0,0,9,13,9,0,31,7,8,4,0,19,19,29,15,0,63,17,20,13,0,50,51,39,0,0,1,0,1,1,1,2,0,4,11,4,8,0,23,9,8,4,0,21,1,1,3,2,319,132,15,30,0.789,0.968,0,2,0,6,4,1,0,3143,457,2900,2900,160,83,0,0,0,0,0,0,0,0,0,0,0.0,-,,,,,,,,,,,,,,,,,,,,,,,,,,,,,,,
2025020402,2025-11-30,Capitals,Islanders,Away,RW,26,26,2.9524638827,3.9760421195,2.2071303037,2.7830249695,Logan Thompson,Ilya Sorokin,CG,CG,0,0,0,0,0,0,0,0,1,0,0,0,0,0,0,7,8,4,0,19,9,13,9,0,31,17,20,13,0,50,19,29,15,0,63,39,51,1,1,2,0,4,0,0,1,0,1,9,8,4,0,21,11,4,8,0,23,1,1,2,3,132,319,30,15,0.968,0.789,2,0,6,0,1,4,3143,0,457,2900,2900,83,160,0,0,0,0,0,0,0,0,0,0,0.0,-,,,,,,,,,,,,,,,,,,,,,,,,,,,,,,,
2025020403,2025-11-30,Blackhawks,Ducks,Home,RW,25,25,2.6748025052999997,2.5956036599,1.9946116163,2.0801533619,Spencer Knight,Petr Mrazek,CG,IG,0,0,0,0,0,0,0,0,0,0,0,0,1,1,1,5,9,4,0,18,10,7,9,0,26,20,18,19,0,57,16,16,17,0,49,41,40,1,2,2,0,5,3,0,0,0,3,8,5,2,0,15,4,5,13,0,22,2,0,4,3,355,360,23,13,0.885,0.722,1,0,4,0,2,2,605,1939,1056,2694,2694,25,157,0,0,0,0,0,0,0,0,0,0,0.0,-,,,,,,,,,,,,,,,,,,,,,,,,,,,,,,,
2025020403,2025-11-30,Ducks,Blackhawks,Away,RL,25,25,2.5956036599,2.6748025052999997,2.0801533619,1.9946116163,Petr Mrazek,Spencer Knight,IG,CG,0,0,0,0,0,0,0,0,1,1,1,1,0,0,0,10,7,9,0,26,5,9,4,0,18,16,16,17,0,49,20,18,19,0,57,40,41,3,0,0,0,3,1,2,2,0,5,4,5,13,0,22,8,5,2,0,15,0,2,3,4,360,355,13,23,0.722,0.885,0,1,0,4,2,2,1939,605,1056,2694,2694,157,25,0,0,0,0,0,0,0,0,0,0,0.0,-,,,,,,,,,,,,,,,,,,,,,,,,,,,,,,,
2025020404,2025-11-30,Hurricanes,Flames,Home,OTW,25,27,3.3961674946,2.000744207,2.5628313716,1.421748012,Brandon Bussi,Devin Cooley,CG,CG,0,0,0,0,0,0,0,0,1,0,0,0,0,0,0,6,4,5,2,17,3,8,5,0,16,16,16,12,5,49,16,22,21,0,59,41,52,0,0,0,1,1,0,0,0,0,0,8,2,8,0,18,9,7,5,0,21,0,0,1,1,120,120,16,16,1.0,0.941,0,0,1,0,4,2,0,0,3772,3455,3199,4,19,0,0,0,0,0,0,0,0,84,172,0.0,-,,,,,,,,,,,,,,,,,,,,,,,,,,,,,,,
2025020404,2025-11-30,Flames,Hurricanes,Away,OTL,27,25,2.000744207,3.3961674946,1.421748012,2.5628313716,Devin Cooley,Brandon Bussi,CG,CG,0,0,0,0,0,0,0,0,0,0,0,0,0,0,0,3,8,5,0,16,6,4,5,2,17,16,22,21,0,59,16,16,12,5,49,52,41,0,0,0,0,0,0,0,0,1,1,9,7,5,0,21,8,2,8,0,18,0,0,1,1,120,120,16,16,0.941,1.0,0,0,0,1,2,4,0,0,3772,3455,3199,19,4,0,0,0,0,0,0,0,0,84,172,0.0,-,,,,,,,,,,,,,,,,,,,,,,,,,,,,,,,
2025020405,2025-11-30,Stars,Senators,Home,RW,26,25,3.1507192407,2.42621059263,1.8115992216999999,2.27703894363,Casey DeSmith,Linus Ullmark,CG,CG,0,0,1,0,0,0,0,0,1,0,0,0,0,0,0,5,6,15,0,26,7,4,5,0,16,9,12,17,0,38,18,18,9,0,45,29,40,0,3,3,0,6,0,1,0,0,1,8,11,2,0,21,13,9,9,0,31,2,0,4,3,332,338,15,20,0.938,0.769,0,0,0,0,0,1,2238,0,1362,2791,2791,17,28,0,0,0,0,0,0,15,0,0,0,0.0,-,,,,,,,,,,,,,,,,,,,,,,,,,,,,,,,
2025020405,2025-11-30,Senators,Stars,Away,RL,25,26,2.42621059263,3.1507192407,2.27703894363,1.8115992216999999,Linus Ullmark,Casey DeSmith,CG,CG,0,0,0,0,0,0,1,0,0,0,0,0,0,0,0,7,4,5,0,16,5,6,15,0,26,18,18,9,0,45,9,12,17,0,38,40,29,0,1,0,0,1,0,3,3,0,6,13,9,9,0,31,8,11,2,0,21,0,2,3,4,338,332,20,15,0.769,0.938,0,0,0,0,1,0,0,2238,1362,2791,2791,28,17,0,0,0,0,0,0,0,15,0,0,0.0,-,,,,,,,,,,,,,,,,,,,,,,,,,,,,,,,
2025020406,2025-12-01,Devils,Blue Jackets,Home,RL,26,26,3.7770316045,2.5878044322,2.3555694495,1.6834721062,Jake Allen,Elvis Merzlikins,CG,CG,0,1,1,0,0,0,0,0,1,1,1,0,0,0,0,10,14,9,0,33,8,11,6,0,25,16,24,23,0,63,15,15,15,0,45,40,29,2,0,1,0,3,1,1,3,0,5,4,15,4,0,23,9,9,3,0,21,2,1,5,3,362,248,20,30,0.8,0.909,0,0,0,7,0,2,1202,800,1598,2410,2229,351,47,0,0,0,0,0,0,0,0,181,0,0.0,-,,,,,,,,,,,,,,,,,,,,,,,,,,,,,,,
2025020406,2025-12-01,Blue Jackets,Devils,Away,RW,26,26,2.5878044322,3.7770316045,1.6834721062,2.3555694495,Elvis Merzlikins,Jake Allen,CG,CG,0,0,0,0,0,1,1,0,0,0,0,0,1,1,0,8,11,6,0,25,10,14,9,0,33,15,15,15,0,45,16,24,23,0,63,29,40,1,1,3,0,5,2,0,1,0,3,9,9,3,0,21,4,15,4,0,23,1,2,3,5,248,362,30,20,0.909,0.8,0,0,7,0,2,0,800,1202,1598,2410,2229,47,351,0,0,0,0,0,0,0,0,181,0,0.0,-,,,,,,,,,,,,,,,,,,,,,,,,,,,,,,,
2025020407,2025-12-01,Flyers,Penguins,Home,RL,25,25,2.5057626745,3.7391551287,1.5778671505,2.6999964767,Dan Vladar,Tristan Jarry,CG,CG,0,1,1,0,0,1,1,0,0,0,0,0,0,0,0,8,6,15,0,29,7,9,11,0,27,18,14,23,0,55,14,17,22,0,53,39,38,0,1,0,0,1,1,2,2,0,5,12,6,9,0,27,6,9,3,0,18,1,3,7,4,559,254,22,28,0.815,0.966,0,0,0,0,1,3,0,2890,710,2661,2661,35,36,0,0,94,0,0,0,5,23,0,0,0.0,-,,,,,,,,,,,,,,,,,,,,,,,,,,,,,,,
2025020407,2025-12-01,Penguins,Flyers,Away,RW,25,25,3.7391551287,2.5057626745,2.6999964767,1.5778671505,Tristan Jarry,Dan Vladar,CG,CG,0,1,1,0,0,1,1,0,1,0,0,0,0,0,0,7,9,11,0,27,8,6,15,0,29,14,17,22,0,53,18,14,23,0,55,38,39,1,2,2,0,5,0,1,0,0,1,6,9,3,0,18,12,6,9,0,27,3,1,4,7,254,559,28,22,0.966,0.815,0,0,0,0,3,1,2890,0,710,2661,2661,36,35,0,0,0,94,0,0,23,5,0,0,0.0,-,,,,,,,,,,,,,,,,,,,,,,,,,,,,,,,
2025020408,2025-12-01,Sabres,Jets,Home,RW,26,25,3.0564553428,2.1307855787,2.7483220178,1.5610524397,Ukko-Pekka Luukkonen,Eric Comrie,CG,IG,0,1,1,0,0,1,1,0,1,0,0,0,0,0,0,14,7,10,0,31,8,6,10,0,24,19,17,13,0,49,25,14,16,0,55,45,45,3,1,1,0,5,0,1,0,0,1,5,3,4,0,12,12,12,11,0,35,1,0,3,2,315,240,23,26,0.958,0.839,0,0,0,0,3,0,3434,0,166,2913,2913,20,111,0,0,0,0,0,0,0,0,0,0,0.0,-,,,,,,,,,,,,,,,,,,,,,,,,,,,,,,,
2025020408,2025-12-01,Jets,Sabres,Away,RL,25,26,2.1307855787,3.0564553428,1.5610524397,2.7483220178,Eric Comrie,Ukko-Pekka Luukkonen,IG,CG,0,1,1,0,0,1,1,0,0,0,0,0,0,0,0,8,6,10,0,24,14,7,10,0,31,25,14,16,0,55,19,17,13,0,49,45,45,0,1,0,0,1,3,1,1,0,5,12,12,11,0,35,5,3,4,0,12,0,1,2,3,240,315,26,23,0.839,0.958,0,0,0,0,0,3,0,3434,166,2913,2913,111,20,0,0,0,0,0,0,0,0,0,0,0.0,-,,,,,,,,,,,,,,,,,,,,,,,,,,,,,,,
2025020409,2025-12-01,Blues,Ducks,Home,RL,27,26,2.847354633,2.4724365826,1.821375868,1.7778196986,Jordan Binnington,Ville Husso,IG,CG,0,1,1,0,1,1,1,0,0,0,0,0,0,0,0,9,4,9,0,22,10,10,6,0,26,12,15,20,0,47,21,22,19,0,62,34,46,1,0,0,0,1,2,0,2,0,4,4,10,1,0,15,4,7,6,0,17,0,0,6,3,632,258,22,21,0.846,0.955,0,1,0,1,1,0,0,2996,604,2532,2447,60,88,0,0,0,0,0,0,0,0,85,0,0.0,-,,,,,,,,,,,,,,,,,,,,,,,,,,,,,,,
2025020409,2025-12-01,Ducks,Blues,Away,RW,26,27,2.4724365826,2.847354633,1.7778196986,1.821375868,Ville Husso,Jordan Binnington,CG,IG,1,1,1,0,0,1,1,0,1,0,0,0,0,0,0,10,10,6,0,26,9,4,9,0,22,21,22,19,0,62,12,15,20,0,47,46,34,2,0,2,0,4,1,0,0,0,1,4,7,6,0,17,4,10,1,0,15,0,0,3,6,258,632,21,22,0.955,0.846,1,0,1,0,0,1,2996,0,604,2532,2447,88,60,0,0,0,0,0,0,0,0,85,0,0.0,-,,,,,,,,,,,,,,,,,,,,,,,,,,,,,,,
2025020410,2025-12-01,Sharks,Mammoth,Home,RW,27,27,3.435225689,2.7676119709,2.660242796,2.1846355429,Yaroslav Askarov,Karel Vejmelka,CG,IG,0,1,1,0,0,1,1,0,1,0,0,0,0,0,0,13,15,2,0,30,12,17,5,0,34,21,19,15,0,55,25,24,14,0,63,44,51,3,3,0,0,6,2,0,1,0,3,8,5,6,0,19,3,7,6,0,16,1,0,4,3,479,360,31,24,0.912,0.8,0,0,0,0,1,1,3319,0,281,2714,2714,7,39,0,0,0,0,0,0,0,0,0,0,0.0,-,,,,,,,,,,,,,,,,,,,,,,,,,,,,,,,
2025020410,2025-12-01,Mammoth,Sharks,Away,RL,27,27,2.7676119709,3.435225689,2.1846355429,2.660242796,Karel Vejmelka,Yaroslav Askarov,IG,CG,0,1,1,0,0,1,1,0,0,0,0,0,0,0,0,12,17,5,0,34,13,15,2,0,30,25,24,14,0,63,21,19,15,0,55,51,44,2,0,1,0,3,3,3,0,0,6,3,7,6,0,16,8,5,6,0,19,0,1,3,4,360,479,24,31,0.8,0.912,0,0,0,0,1,1,0,3319,281,2714,2714,39,7,0,0,0,0,0,0,0,0,0,0,0.0,-,,,,,,,,,,,,,,,,,,,,,,,,,,,,,,,
2025020411,2025-12-02,Canadiens,Senators,Home,RL,25,26,2.0840460419,4.9332822646,1.6159463749,4.3460862236,Samuel Montembeault,Linus Ullmark,CG,CG,0,0,0,0,0,0,0,0,1,1,0,0,0,0,0,6,10,6,0,22,10,11,8,0,29,18,15,18,0,51,16,25,19,0,60,39,52,1,1,0,0,2,2,2,1,0,5,16,10,7,0,33,8,6,7,0,21,2,0,3,2,222,240,24,20,0.828,0.909,0,0,0,0,2,6,24,2587,989,2956,2754,49,71,0,0,0,0,0,0,0,24,202,0,0.0,-,,,,,,,,,,,,,,,,,,,,,,,,,,,,,,,
2025020411,2025-12-02,Senators,Canadiens,Away,RW,26,25,4.9332822646,2.0840460419,4.3460862236,1.6159463749,Linus Ullmark,Samuel Montembeault,CG,CG,0,0,0,0,0,0,0,0,0,0,0,0,1,0,0,10,11,8,0,29,6,10,6,0,22,16,25,19,0,60,18,15,18,0,51,52,39,2,2,1,0,5,1,1,0,0,2,8,6,7,0,21,16,10,7,0,33,0,2,2,3,240,222,20,24,0.909,0.828,0,0,0,0,6,2,2587,24,989,2956,2754,71,49,0,0,0,0,0,0,24,0,202,0,0.0,-,,,,,,,,,,,,,,,,,,,,,,,,,,,,,,,
2025020412,2025-12-02,Red Wings,Bruins,Home,RW,27,28,3.5887874586,3.3568564662,2.9162106246,2.3299619927,John Gibson,Jeremy Swayman,CG,IG,0,0,0,0,0,0,0,0,1,0,0,0,0,0,0,7,14,11,0,32,10,10,18,0,38,15,33,16,0,64,24,15,27,0,66,57,51,2,2,1,0,5,0,2,2,0,4,9,5,4,0,18,11,7,9,0,27,1,0,3,2,189,158,34,27,0.895,0.844,0,0,1,0,3,0,3188,0,412,2915,2863,28,253,0,0,0,0,0,0,0,12,52,0,0.0,-,,,,,,,,,,,,,,,,,,,,,,,,,,,,,,,
2025020412,2025-12-02,Bruins,Red Wings,Away,RL,28,27,3.3568564662,3.5887874586,2.3299619927,2.9162106246,Jeremy Swayman,John Gibson,IG,CG,0,0,0,0,0,0,0,0,0,0,0,0,0,0,0,10,10,18,0,38,7,14,11,0,32,24,15,27,0,66,15,33,16,0,64,51,57,0,2,2,0,4,2,2,1,0,5,11,7,9,0,27,9,5,4,0,18,0,1,2,3,158,189,27,34,0.844,0.895,0,0,0,1,0,3,0,3188,412,2915,2863,253,28,0,0,0,0,0,0,12,0,52,0,0.0,-,,,,,,,,,,,,,,,,,,,,,,,,,,,,,,,
2025020414,2025-12-02,Islanders,Lightning,Home,RW,27,26,2.738395844,3.7931901589,2.2494005924000002,2.8352436749,Ilya Sorokin,Andrei Vasilevskiy,CG,CG,0,0,0,0,0,0,0,0,1,0,0,0,0,0,0,9,8,7,0,24,9,13,9,0,31,17,16,26,0,59,17,20,22,0,59,49,46,0,1,1,0,2,0,0,1,0,1,3,9,7,0,19,5,5,4,0,14,0,0,3,3,360,360,30,22,0.968,0.917,0,0,6,0,0,0,2345,0,1255,2581,2581,53,246,0,0,0,0,0,0,0,0,0,0,0.0,-,,,,,,,,,,,,,,,,,,,,,,,,,,,,,,,
2025020414,2025-12-02,Lightning,Islanders,Away,RL,26,27,3.7931901589,2.738395844,2.8352436749,2.2494005924000002,Andrei Vasilevskiy,Ilya Sorokin,CG,CG,0,0,0,0,0,0,0,0,0,0,0,0,0,0,0,9,13,9,0,31,9,8,7,0,24,17,20,22,0,59,17,16,26,0,59,46,49,0,0,1,0,1,0,1,1,0,2,5,5,4,0,14,3,9,7,0,19,0,0,3,3,360,360,22,30,0.917,0.968,0,0,0,6,0,0,0,2345,1255,2581,2581,246,53,0,0,0,0,0,0,0,0,0,0,0.0,-,,,,,,,,,,,,,,,,,,,,,,,,,,,,,,,
2025020415,2025-12-02,Rangers,Stars,Home,OTW,28,27,3.8925162247,2.1572554317,2.273256092,1.5078530827,Igor Shesterkin,Casey DeSmith,CG,CG,0,0,0,0,0,0,0,0,1,0,0,0,1,0,0,10,11,18,2,41,10,12,4,0,26,22,20,26,2,70,19,18,16,1,54,48,42,1,0,1,1,3,1,0,1,0,2,14,7,6,0,27,8,4,5,0,17,0,0,5,2,600,240,24,38,0.923,0.927,0,0,0,0,2,2,133,495,3041,2700,2631,29,100,0,0,0,0,0,0,0,0,0,69,0.0,-,,,,,,,,,,,,,,,,,,,,,,,,,,,,,,,
2025020415,2025-12-02,Stars,Rangers,Away,OTL,27,28,2.1572554317,3.8925162247,1.5078530827,2.273256092,Casey DeSmith,Igor Shesterkin,CG,CG,0,0,0,0,0,0,0,0,0,1,0,0,0,0,0,10,12,4,0,26,10,11,18,2,41,19,18,16,1,54,22,20,26,2,70,42,48,1,0,1,0,2,1,0,1,1,3,8,4,5,0,17,14,7,6,0,27,0,0,2,5,240,600,38,24,0.927,0.923,0,0,0,0,2,2,495,133,3041,2700,2631,100,29,0,0,0,0,0,0,0,0,0,69,0.0,-,,,,,,,,,,,,,,,,,,,,,,,,,,,,,,,
2025020413,2025-12-02,Panthers,Maple Leafs,Home,RL,25,26,2.3080476195,4.864685446,1.9359788895,3.978445025,Sergei Bobrovsky,Joseph Woll,CG,CG,0,0,0,0,0,0,0,0,0,0,0,0,0,0,0,11,9,6,0,26,11,10,10,0,31,18,20,15,0,53,25,23,22,0,70,47,55,0,1,0,0,1,2,0,2,0,4,7,11,9,0,27,7,11,4,0,22,0,0,1,3,120,349,27,25,0.871,0.962,0,1,0,4,2,0,0,3276,324,2962,2962,87,68,0,0,0,0,0,0,0,0,0,0,0.0,-,,,,,,,,,,,,,,,,,,,,,,,,,,,,,,,
2025020413,2025-12-02,Maple Leafs,Panthers,Away,RW,26,25,4.864685446,2.3080476195,3.978445025,1.9359788895,Joseph Woll,Sergei Bobrovsky,CG,CG,0,0,0,0,0,0,0,0,1,0,0,0,0,0,0,11,10,10,0,31,11,9,6,0,26,25,23,22,0,70,18,20,15,0,53,55,47,2,0,2,0,4,0,1,0,0,1,7,11,4,0,22,7,11,9,0,27,0,0,3,1,349,120,25,27,0.962,0.871,1,0,4,0,0,2,3276,0,324,2962,2962,68,87,0,0,0,0,0,0,0,0,0,0,0.0,-,,,,,,,,,,,,,,,,,,,,,,,,,,,,,,,
2025020416,2025-12-02,Predators,Flames,Home,RW,26,28,2.7465157281,2.2883222022,2.1754694907,1.5437771732,Juuse Saros,Devin Cooley,CG,IG,0,0,0,0,0,0,0,0,1,0,0,0,0,0,0,9,7,12,0,28,10,10,8,0,28,13,15,23,0,51,17,19,16,0,52,43,42,1,3,1,0,5,0,0,1,0,1,5,9,4,0,18,8,10,6,0,24,0,1,3,3,240,348,27,23,0.964,0.821,0,0,0,0,0,2,3216,0,384,2832,2661,68,28,4,0,0,0,0,0,43,0,171,0,0.0,-,,,,,,,,,,,,,,,,,,,,,,,,,,,,,,,
2025020416,2025-12-02,Flames,Predators,Away,RL,28,26,2.2883222022,2.7465157281,1.5437771732,2.1754694907,Devin Cooley,Juuse Saros,IG,CG,0,0,0,0,0,0,0,0,0,0,0,0,0,0,0,10,10,8,0,28,9,7,12,0,28,17,19,16,0,52,13,15,23,0,51,42,43,0,0,1,0,1,1,3,1,0,5,8,10,6,0,24,5,9,4,0,18,1,0,3,3,348,240,23,27,0.821,0.964,0,0,0,0,2,0,0,3216,384,2832,2661,28,68,0,4,0,0,0,0,0,43,171,0,0.0,-,,,,,,,,,,,,,,,,,,,,,,,,,,,,,,,
2025020417,2025-12-02,Avalanche,Canucks,Home,RW,26,27,3.5245151404,2.6527892232,3.2583079284,1.8625277904,Scott Wedgewood,Kevin Lankinen,IG,CG,0,0,0,0,0,0,0,0,0,0,0,0,1,0,0,14,12,5,0,31,8,5,8,0,21,21,27,22,0,70,20,14,17,0,51,60,41,1,2,0,0,3,1,0,0,0,1,3,10,5,0,18,8,2,7,0,17,0,0,1,1,120,120,20,28,0.952,0.903,0,0,10,0,2,2,1568,988,1044,3154,3154,2,204,0,0,0,0,0,0,0,0,0,0,0.0,-,,,,,,,,,,,,,,,,,,,,,,,,,,,,,,,
2025020417,2025-12-02,Canucks,Avalanche,Away,RL,27,26,2.6527892232,3.5245151404,1.8625277904,3.2583079284,Kevin Lankinen,Scott Wedgewood,CG,IG,0,0,0,0,0,0,0,0,1,1,0,0,0,0,0,8,5,8,0,21,14,12,5,0,31,20,14,17,0,51,21,27,22,0,70,41,60,1,0,0,0,1,1,2,0,0,3,8,2,7,0,17,3,10,5,0,18,0,0,1,1,120,120,28,20,0.903,0.952,0,0,0,10,2,2,988,1568,1044,3154,3154,204,2,0,0,0,0,0,0,0,0,0,0,0.0,-,,,,,,,,,,,,,,,,,,,,,,,,,,,,,,,
2025020418,2025-12-02,Oilers,Wild,Home,RL,27,27,2.9257237622,3.290443193,2.2896265851999997,2.051566999,Stuart Skinner,Jesper Wallstedt,CG,CG,0,0,0,0,0,0,0,0,0,0,0,0,0,0,0,7,15,11,0,33,9,6,9,0,24,19,23,23,0,65,16,16,25,0,57,52,42,0,0,0,0,0,1,0,0,0,1,7,5,7,0,19,9,6,10,0,25,0,0,3,2,282,240,23,33,0.958,1.0,0,0,0,1,3,0,0,2809,791,2967,2967,93,18,0,0,0,0,0,0,42,0,0,0,0.0,-,,,,,,,,,,,,,,,,,,,,,,,,,,,,,,,
2025020418,2025-12-02,Wild,Oilers,Away,RW,27,27,3.290443193,2.9257237622,2.051566999,2.2896265851999997,Jesper Wallstedt,Stuart Skinner,CG,CG,0,0,0,0,0,0,0,0,1,0,0,0,0,0,0,9,6,9,0,24,7,15,11,0,33,16,16,25,0,57,19,23,23,0,65,42,52,1,0,0,0,1,0,0,0,0,0,9,6,10,0,25,7,5,7,0,19,0,0,2,3,240,282,33,23,1.0,0.958,0,0,1,0,0,3,2809,0,791,2967,2967,18,93,0,0,0,0,0,0,0,42,0,0,0.0,-,,,,,,,,,,,,,,,,,,,,,,,,,,,,,,,
2025020419,2025-12-02,Golden Knights,Blackhawks,Home,SOW,26,26,3.0390261785,3.1850640601,2.0667122175,1.5534667011,Carter Hart,Spencer Knight,CG,CG,0,0,0,0,0,0,0,0,1,0,0,0,1,0,0,8,9,9,2,28,8,10,6,6,30,12,22,19,6,59,19,19,17,9,64,46,41,1,1,1,0,3,1,1,1,0,3,4,9,7,0,20,2,1,6,0,9,0,0,2,5,123,485,27,25,0.9,0.893,0,0,0,0,1,0,56,1124,2720,3208,2839,35,1,0,0,0,0,0,0,12,4,69,300,0.0,-,,,,,,,,,,,,,,,,,,,,,,,,,,,,,,,
2025020419,2025-12-02,Blackhawks,Golden Knights,Away,SOL,26,26,3.1850640601,3.0390261785,1.5534667011,2.0667122175,Spencer Knight,Carter Hart,CG,CG,0,0,0,0,0,0,0,0,0,1,0,0,0,0,0,8,10,6,6,30,8,9,9,2,28,19,19,17,9,64,12,22,19,6,59,41,46,1,1,1,0,3,1,1,1,0,3,2,1,6,0,9,4,9,7,0,20,0,0,5,2,485,123,25,27,0.893,0.9,0,0,0,0,0,1,1124,56,2720,3208,2839,1,35,0,0,0,0,0,0,4,12,69,300,0.0,-,,,,,,,,,,,,,,,,,,,,,,,,,,,,,,,
2025020420,2025-12-02,Kings,Capitals,Home,RL,26,27,2.6592445541,2.8553124836,1.7461368621,1.7964758176,Darcy Kuemper,Logan Thompson,CG,CG,0,0,0,0,0,0,0,0,0,0,0,0,0,0,0,3,14,8,0,25,12,8,5,0,25,12,21,20,0,53,23,17,19,0,59,38,48,0,1,0,0,1,1,0,2,0,3,5,4,4,0,13,8,5,7,0,20,0,1,2,2,246,189,22,24,0.88,0.96,0,1,0,3,4,2,0,1760,1840,3052,3052,103,0,0,0,0,0,0,0,0,0,0,0,0.0,-,,,,,,,,,,,,,,,,,,,,,,,,,,,,,,,
2025020420,2025-12-02,Capitals,Kings,Away,RW,27,26,2.8553124836,2.6592445541,1.7964758176,1.7461368621,Logan Thompson,Darcy Kuemper,CG,CG,0,0,0,0,0,0,0,0,1,0,0,0,0,0,0,12,8,5,0,25,3,14,8,0,25,23,17,19,0,59,12,21,20,0,53,48,38,1,0,2,0,3,0,1,0,0,1,8,5,7,0,20,5,4,4,0,13,1,0,2,2,189,246,24,22,0.96,0.88,1,0,3,0,2,4,1760,0,1840,3052,3052,0,103,0,0,0,0,0,0,0,0,0,0,0.0,-,,,,,,,,,,,,,,,,,,,,,,,,,,,,,,,
2025020421,2025-12-03,Devils,Stars,Home,RL,27,28,2.0952576254,2.8021926125,1.8390960814,2.6110456725,Jacob Markstrom,Jake Oettinger,CG,CG,0,0,1,0,1,1,1,1,0,0,0,0,0,0,0,8,13,9,0,30,6,13,9,0,28,17,21,15,0,53,23,20,16,0,59,48,54,0,0,0,0,0,0,2,1,0,3,10,5,8,0,23,5,5,2,0,12,0,0,2,1,240,133,25,30,0.893,1.0,0,0,0,0,0,1,0,1706,1894,3175,3175,0,52,0,0,0,0,0,0,0,0,0,0,0.0,-,,,,,,,,,,,,,,,,,,,,,,,,,,,,,,,
2025020421,2025-12-03,Stars,Devils,Away,RW,28,27,2.8021926125,2.0952576254,2.6110456725,1.8390960814,Jake Oettinger,Jacob Markstrom,CG,CG,1,1,1,1,0,0,1,0,1,0,0,0,0,0,0,6,13,9,0,28,8,13,9,0,30,23,20,16,0,59,17,21,15,0,53,54,48,0,2,1,0,3,0,0,0,0,0,5,5,2,0,12,10,5,8,0,23,0,0,1,2,133,240,30,25,1.0,0.893,0,0,0,0,1,0,1706,0,1894,3175,3175,52,0,0,0,0,0,0,0,0,0,0,0,0.0,-,,,,,,,,,,,,,,,,,,,,,,,,,,,,,,,
2025020422,2025-12-03,Canadiens,Jets,Home,SOW,26,26,4.452233286,2.9096311344,3.725929243,2.4461846824,Jakub Dobes,Eric Comrie,CG,CG,1,0,1,0,0,0,1,0,0,0,0,0,1,0,0,11,8,7,5,31,11,12,8,1,32,22,25,18,6,71,26,17,16,4,63,64,58,0,2,0,0,2,1,1,0,0,2,13,9,3,0,25,11,5,6,0,22,1,0,1,1,28,120,30,29,0.938,0.935,0,0,0,0,5,0,0,814,3086,3695,3395,25,10,0,0,0,0,0,0,0,0,0,300,0.0,-,,,,,,,,,,,,,,,,,,,,,,,,,,,,,,,
2025020422,2025-12-03,Jets,Canadiens,Away,SOL,26,26,2.9096311344,4.452233286,2.4461846824,3.725929243,Eric Comrie,Jakub Dobes,CG,CG,0,0,1,0,1,0,1,0,1,1,0,0,0,0,0,11,12,8,1,32,11,8,7,5,31,26,17,16,4,63,22,25,18,6,71,58,64,1,1,0,0,2,0,2,0,0,2,11,5,6,0,22,13,9,3,0,25,0,1,1,1,120,28,29,30,0.935,0.938,0,0,0,0,0,5,814,0,3086,3695,3395,10,25,0,0,0,0,0,0,0,0,0,300,0.0,-,,,,,,,,,,,,,,,,,,,,,,,,,,,,,,,
2025020423,2025-12-03,Flyers,Sabres,Home,RW,26,27,5.763289905,3.6277605497,4.301710306,2.3968422187000002,Samuel Ersson,Colten Ellis,CG,CG,0,0,1,0,0,0,1,0,0,0,0,0,1,0,0,11,12,12,0,35,4,14,11,0,29,23,18,22,0,63,17,28,25,0,70,44,47,3,2,0,0,5,1,1,0,0,2,7,7,4,0,18,5,4,7,0,16,2,1,5,6,598,575,27,30,0.931,0.857,0,0,0,0,1,3,3056,258,286,2344,2279,43,3,0,0,36,0,0,0,8,0,65,0,0.0,-,,,,,,,,,,,,,,,,,,,,,,,,,,,,,,,
2025020423,2025-12-03,Sabres,Flyers,Away,RL,27,26,3.6277605497,5.763289905,2.3968422187000002,4.301710306,Colten Ellis,Samuel Ersson,CG,CG,0,0,1,0,0,0,1,0,1,1,0,0,0,0,0,4,14,11,0,29,11,12,12,0,35,17,28,25,0,70,23,18,22,0,63,47,44,1,1,0,0,2,3,2,0,0,5,5,4,7,0,16,7,7,4,0,18,1,2,6,5,575,598,30,27,0.857,0.931,0,0,0,0,3,1,258,3056,286,2344,2279,3,43,0,0,0,36,0,0,0,8,65,0,0.0,-,,,,,,,,,,,,,,,,,,,,,,,,,,,,,,,
2025020424,2025-12-03,Ducks,Mammoth,Home,RL,27,28,2.3621109734,3.959566401,2.1087386731,3.735897643,Ville Husso,Karel Vejmelka,IG,CG,0,1,1,0,0,0,1,0,0,0,0,0,0,0,0,6,16,5,0,27,8,13,13,0,34,15,26,16,0,57,20,33,23,0,76,48,67,0,0,0,0,0,2,2,3,0,7,9,5,8,0,22,14,8,8,0,30,0,1,3,2,360,162,27,27,0.794,1.0,0,0,0,0,2,3,0,3241,359,3044,3044,2,22,0,0,0,0,0,0,0,0,0,0,0.0,-,,,,,,,,,,,,,,,,,,,,,,,,,,,,,,,
2025020424,2025-12-03,Mammoth,Ducks,Away,RW,28,27,3.959566401,2.3621109734,3.735897643,2.1087386731,Karel Vejmelka,Ville Husso,CG,IG,0,0,1,0,0,1,1,0,1,0,0,0,0,0,0,8,13,13,0,34,6,16,5,0,27,20,33,23,0,76,15,26,16,0,57,67,48,2,2,3,0,7,0,0,0,0,0,14,8,8,0,30,9,5,8,0,22,1,0,2,3,162,360,27,27,1.0,0.794,0,0,0,0,3,2,3241,0,359,3044,3044,22,2,0,0,0,0,0,0,0,0,0,0,0.0,-,,,,,,,,,,,,,,,,,,,,,,,,,,,,,,,
2025020425,2025-12-03,Sharks,Capitals,Home,RL,28,28,2.2474067876,3.1063245749,1.2664080426,2.4167259669,Yaroslav Askarov,Charlie Lindgren,IG,CG,0,0,1,0,1,1,1,0,0,0,0,0,0,0,0,11,7,6,0,24,12,14,5,0,31,20,13,12,0,45,22,24,13,0,59,31,46,0,0,1,0,1,4,2,1,0,7,2,12,5,0,19,6,2,2,0,10,1,1,5,2,526,222,24,23,0.774,0.958,0,0,0,0,3,2,0,3095,505,2679,2679,41,114,0,0,0,0,0,0,0,0,0,0,0.0,-,,,,,,,,,,,,,,,,,,,,,,,,,,,,,,,
2025020425,2025-12-03,Capitals,Sharks,Away,RW,28,28,3.1063245749,2.2474067876,2.4167259669,1.2664080426,Charlie Lindgren,Yaroslav Askarov,CG,IG,1,1,1,0,0,0,1,0,1,0,0,0,0,0,0,12,14,5,0,31,11,7,6,0,24,22,24,13,0,59,20,13,12,0,45,46,31,4,2,1,0,7,0,0,1,0,1,6,2,2,0,10,2,12,5,0,19,1,1,2,5,222,526,23,24,0.958,0.774,0,0,0,0,2,3,3095,0,505,2679,2679,114,41,0,0,0,0,0,0,0,0,0,0,0.0,-,,,,,,,,,,,,,,,,,,,,,,,,,,,,,,,
2025020426,2025-12-04,Bruins,Blues,Home,RW,29,28,2.8735528884,2.8637599479699998,2.5040799954,2.76177883697,Joonas Korpisalo,Jordan Binnington,CG,CG,0,0,0,0,0,0,0,0,1,0,0,0,0,0,0,14,8,5,0,27,10,15,14,0,39,20,17,11,0,48,23,19,24,0,66,44,63,2,3,0,0,5,0,1,1,0,2,9,4,6,0,19,8,18,5,0,31,1,0,2,2,134,224,37,22,0.949,0.815,0,0,0,0,1,2,3210,0,390,3210,3210,2,30,0,0,0,0,0,0,0,0,0,0,0.0,-,,,,,,,,,,,,,,,,,,,,,,,,,,,,,,,
2025020426,2025-12-04,Blues,Bruins,Away,RL,28,29,2.8637599479699998,2.8735528884,2.76177883697,2.5040799954,Jordan Binnington,Joonas Korpisalo,CG,CG,0,0,0,0,0,0,0,0,0,0,0,0,0,0,0,10,15,14,0,39,14,8,5,0,27,23,19,24,0,66,20,17,11,0,48,63,44,0,1,1,0,2,2,3,0,0,5,8,18,5,0,31,9,4,6,0,19,0,1,2,2,224,134,22,37,0.815,0.949,0,0,0,0,2,1,0,3210,390,3210,3210,30,2,0,0,0,0,0,0,0,0,0,0,0.0,-,,,,,,,,,,,,,,,,,,,,,,,,,,,,,,,
2025020427,2025-12-04,Senators,Rangers,Home,RL,27,29,2.7608276507,3.4476812203,2.3631528088,3.0912123863,Leevi Meriläinen,Igor Shesterkin,CG,CG,0,0,0,0,0,0,0,0,0,0,0,0,0,0,0,11,7,9,0,27,9,13,6,0,28,23,16,23,0,62,14,21,19,0,54,57,47,1,0,1,0,2,2,1,1,0,4,14,10,5,0,29,8,7,5,0,20,2,0,3,1,226,120,24,25,0.857,0.926,0,1,0,6,2,2,0,3401,199,3106,3106,90,22,0,0,0,0,0,0,0,0,0,0,0.0,-,,,,,,,,,,,,,,,,,,,,,,,,,,,,,,,
2025020427,2025-12-04,Rangers,Senators,Away,RW,29,27,3.4476812203,2.7608276507,3.0912123863,2.3631528088,Igor Shesterkin,Leevi Meriläinen,CG,CG,0,0,0,0,0,0,0,0,1,0,0,0,0,0,0,9,13,6,0,28,11,7,9,0,27,14,21,19,0,54,23,16,23,0,62,47,57,2,1,1,0,4,1,0,1,0,2,8,7,5,0,20,14,10,5,0,29,0,2,1,3,120,226,25,24,0.926,0.857,1,0,6,0,2,2,3401,0,199,3106,3106,22,90,0,0,0,0,0,0,0,0,0,0,0.0,-,,,,,,,,,,,,,,,,,,,,,,,,,,,,,,,
2025020428,2025-12-04,Lightning,Penguins,Home,RL,27,26,4.1841375422,3.3671794524,2.2009184862,2.4905867984,Jonas Johansson,Tristan Jarry,CG,CG,0,0,0,0,0,0,0,0,0,0,0,0,0,0,0,15,9,16,0,40,8,11,12,0,31,22,15,25,0,62,14,23,25,0,62,32,43,0,1,2,0,3,1,2,1,0,4,5,4,4,0,13,9,6,6,0,21,1,2,6,4,623,328,27,37,0.871,0.925,0,0,0,1,2,1,0,2895,705,2416,2416,95,73,0,0,0,0,0,0,0,0,0,0,0.0,-,,,,,,,,,,,,,,,,,,,,,,,,,,,,,,,
2025020428,2025-12-04,Penguins,Lightning,Away,RW,26,27,3.3671794524,4.1841375422,2.4905867984,2.2009184862,Tristan Jarry,Jonas Johansson,CG,CG,0,0,0,0,0,0,0,0,1,0,0,0,0,0,0,8,11,12,0,31,15,9,16,0,40,14,23,25,0,62,22,15,25,0,62,43,32,1,2,1,0,4,0,1,2,0,3,9,6,6,0,21,5,4,4,0,13,2,1,4,6,328,623,37,27,0.925,0.871,0,0,1,0,1,2,2895,0,705,2416,2416,73,95,0,0,0,0,0,0,0,0,0,0,0.0,-,,,,,,,,,,,,,,,,,,,,,,,,,,,,,,,
2025020429,2025-12-04,Panthers,Predators,Home,OTL,26,27,4.4194732545,4.4648657229,1.6889121089999999,2.4103660199,Sergei Bobrovsky,Juuse Saros,CG,CG,0,0,0,0,0,0,0,0,1,1,0,0,0,0,0,9,16,3,3,31,9,5,12,3,29,15,24,14,4,57,22,13,22,3,60,29,42,1,0,0,0,1,0,0,1,1,2,11,4,4,0,19,9,3,6,1,19,0,0,6,5,696,549,27,30,0.931,0.968,0,0,0,0,4,2,2235,0,1608,2410,2135,52,104,0,87,0,0,0,0,0,41,32,243,0.0,-,,,,,,,,,,,,,,,,,,,,,,,,,,,,,,,
2025020429,2025-12-04,Predators,Panthers,Away,OTW,27,26,4.4648657229,4.4194732545,2.4103660199,1.6889121089999999,Juuse Saros,Sergei Bobrovsky,CG,CG,0,0,0,0,0,0,0,0,0,0,0,0,1,0,0,9,5,12,3,29,9,16,3,3,31,22,13,22,3,60,15,24,14,4,57,42,29,0,0,1,1,2,1,0,0,0,1,9,3,6,1,19,11,4,4,0,19,0,0,5,6,549,696,30,27,0.968,0.931,0,0,0,0,2,4,0,2235,1608,2410,2135,104,52,87,0,0,0,0,0,41,0,32,243,0.0,-,,,,,,,,,,,,,,,,,,,,,,,,,,,,,,,
2025020430,2025-12-04,Islanders,Avalanche,Home,RW,28,27,4.7074607967,3.3256299653,3.3992883046999998,2.9953121258,Ilya Sorokin,Mackenzie Blackwood,CG,CG,0,0,0,0,0,0,0,0,1,0,0,0,0,0,0,16,16,10,0,42,19,7,12,0,38,24,24,25,0,73,25,19,22,0,66,54,57,2,3,1,0,6,0,2,1,0,3,6,7,5,0,18,8,13,5,0,26,1,0,4,3,305,274,35,36,0.921,0.857,1,0,5,0,1,3,3244,0,356,2910,2830,11,91,0,0,0,0,0,0,0,128,80,0,0.0,-,,,,,,,,,,,,,,,,,,,,,,,,,,,,,,,
2025020430,2025-12-04,Avalanche,Islanders,Away,RL,27,28,3.3256299653,4.7074607967,2.9953121258,3.3992883046999998,Mackenzie Blackwood,Ilya Sorokin,CG,CG,0,0,0,0,0,0,0,0,0,0,0,0,0,0,0,19,7,12,0,38,16,16,10,0,42,25,19,22,0,66,24,24,25,0,73,57,54,0,2,1,0,3,2,3,1,0,6,8,13,5,0,26,6,7,5,0,18,0,1,3,4,274,305,36,35,0.857,0.921,0,1,0,5,3,1,0,3244,356,2910,2830,91,11,0,0,0,0,0,0,128,0,80,0,0.0,-,,,,,,,,,,,,,,,,,,,,,,,,,,,,,,,
2025020431,2025-12-04,Hurricanes,Maple Leafs,Home,RL,26,27,4.3973204212,3.19246942,3.4074180852,2.668134977,Frederik Andersen,Joseph Woll,CG,IG,0,0,0,0,0,0,0,0,0,0,0,0,0,0,0,13,11,9,0,33,7,8,9,0,24,23,21,17,0,61,18,17,22,0,57,50,45,1,0,0,0,1,2,2,1,0,5,9,7,2,0,18,5,9,6,0,20,0,0,3,2,376,240,19,32,0.792,0.97,0,1,0,5,4,0,0,3547,53,2773,2773,185,26,0,0,0,0,0,0,0,0,0,0,0.0,-,,,,,,,,,,,,,,,,,,,,,,,,,,,,,,,
2025020431,2025-12-04,Maple Leafs,Hurricanes,Away,RW,27,26,3.19246942,4.3973204212,2.668134977,3.4074180852,Joseph Woll,Frederik Andersen,IG,CG,0,0,0,0,0,0,0,0,1,0,0,0,0,0,0,7,8,9,0,24,13,11,9,0,33,18,17,22,0,57,23,21,17,0,61,45,50,2,2,1,0,5,1,0,0,0,1,5,9,6,0,20,9,7,2,0,18,0,0,2,3,240,376,32,19,0.97,0.792,1,0,5,0,0,4,3547,0,53,2773,2773,26,185,0,0,0,0,0,0,0,0,0,0,0.0,-,,,,,,,,,,,,,,,,,,,,,,,,,,,,,,,
2025020432,2025-12-04,Blue Jackets,Red Wings,Home,SOW,27,28,3.6950971006,4.534966415,2.7083460416,2.755193438,Elvis Merzlikins,Cam Talbot,CG,CG,0,0,0,0,0,0,0,0,1,0,0,0,1,0,0,8,9,14,1,32,6,16,11,0,33,21,14,23,5,63,15,26,25,3,69,49,53,1,3,1,0,5,0,3,2,0,5,7,6,9,2,24,6,4,5,0,15,2,3,3,5,157,440,28,27,0.848,0.844,0,0,0,0,3,1,1441,411,2048,3213,2913,67,18,0,0,0,0,0,0,0,0,0,300,0.0,-,,,,,,,,,,,,,,,,,,,,,,,,,,,,,,,
2025020432,2025-12-04,Red Wings,Blue Jackets,Away,SOL,28,27,4.534966415,3.6950971006,2.755193438,2.7083460416,Cam Talbot,Elvis Merzlikins,CG,CG,0,0,0,0,0,0,0,0,0,1,0,0,0,0,0,6,16,11,0,33,8,9,14,1,32,15,26,25,3,69,21,14,23,5,63,53,49,0,3,2,0,5,1,3,1,0,5,6,4,5,0,15,7,6,9,2,24,3,2,5,3,440,157,27,28,0.844,0.848,0,0,0,0,1,3,411,1441,2048,3213,2913,18,67,0,0,0,0,0,0,0,0,0,300,0.0,-,,,,,,,,,,,,,,,,,,,,,,,,,,,,,,,
2025020433,2025-12-04,Flames,Wild,Home,RW,29,28,3.545081912,2.9662364441,3.1282458859999998,2.0150470761,Dustin Wolf,Filip Gustavsson,CG,CG,0,0,0,0,0,0,0,0,1,0,0,0,0,0,0,6,15,10,0,31,11,7,9,0,27,15,24,20,0,59,23,20,18,0,61,52,44,0,1,3,0,4,0,1,0,0,1,5,8,9,0,22,7,9,8,0,24,0,0,1,5,26,506,26,27,0.963,0.871,1,0,2,0,5,1,1737,0,1863,2875,2819,36,119,0,0,0,0,0,0,0,13,56,0,0.0,-,,,,,,,,,,,,,,,,,,,,,,,,,,,,,,,
2025020433,2025-12-04,Wild,Flames,Away,RL,28,29,2.9662364441,3.545081912,2.0150470761,3.1282458859999998,Filip Gustavsson,Dustin Wolf,CG,CG,0,0,0,0,0,0,0,0,0,0,0,0,0,0,0,11,7,9,0,27,6,15,10,0,31,23,20,18,0,61,15,24,20,0,59,44,52,0,1,0,0,1,0,1,3,0,4,7,9,8,0,24,5,8,9,0,22,0,0,5,1,506,26,27,26,0.871,0.963,0,1,0,2,1,5,0,1737,1863,2875,2819,119,36,0,0,0,0,0,0,13,0,56,0,0.0,-,,,,,,,,,,,,,,,,,,,,,,,,,,,,,,,
2025020434,2025-12-04,Oilers,Kraken,Home,RW,28,25,4.0531243034,3.2525735979,2.8242946694,2.8044610972,Calvin Pickard,Joey Daccord,CG,IG,0,0,0,0,0,0,0,0,1,0,0,0,0,0,0,10,10,12,0,32,11,13,8,0,32,23,23,20,0,66,20,25,16,0,61,48,52,3,3,3,0,9,2,1,1,0,4,7,7,8,0,22,11,8,4,0,23,4,0,5,3,217,243,28,23,0.875,0.719,0,0,0,0,1,4,3163,0,437,3052,2990,0,56,0,0,108,27,0,0,18,0,62,0,0.0,-,,,,,,,,,,,,,,,,,,,,,,,,,,,,,,,
2025020434,2025-12-04,Kraken,Oilers,Away,RL,25,28,3.2525735979,4.0531243034,2.8044610972,2.8242946694,Joey Daccord,Calvin Pickard,IG,CG,0,0,0,0,0,0,0,0,0,0,0,0,0,0,0,11,13,8,0,32,10,10,12,0,32,20,25,16,0,61,23,23,20,0,66,52,48,2,1,1,0,4,3,3,3,0,9,11,8,4,0,23,7,7,8,0,22,1,4,3,5,243,217,23,28,0.719,0.875,0,0,0,0,4,1,0,3163,437,3052,2990,56,0,0,0,27,108,0,0,0,18,62,0,0.0,-,,,,,,,,,,,,,,,,,,,,,,,,,,,,,,,
2025020435,2025-12-04,Kings,Blackhawks,Home,RL,27,27,2.0105782739999998,3.3712855235,1.6523707933,2.7480187035,Darcy Kuemper,Spencer Knight,CG,CG,0,0,0,0,0,0,0,0,0,0,0,0,0,0,0,12,8,7,0,27,13,12,11,0,36,23,25,19,0,67,19,29,27,0,75,55,62,0,0,1,0,1,0,2,0,0,2,6,6,8,0,20,4,4,5,0,13,0,1,5,3,497,159,34,26,0.944,0.963,0,0,0,4,2,3,0,2023,1577,2785,2707,94,52,0,0,0,0,0,0,86,12,78,0,0.0,-,,,,,,,,,,,,,,,,,,,,,,,,,,,,,,,
2025020435,2025-12-04,Blackhawks,Kings,Away,RW,27,27,3.3712855235,2.0105782739999998,2.7480187035,1.6523707933,Spencer Knight,Darcy Kuemper,CG,CG,0,0,0,0,0,0,0,0,1,0,0,0,0,0,0,13,12,11,0,36,12,8,7,0,27,19,29,27,0,75,23,25,19,0,67,62,55,0,2,0,0,2,0,0,1,0,1,4,4,5,0,13,6,6,8,0,20,1,0,3,5,159,497,26,34,0.963,0.944,0,0,4,0,3,2,2023,0,1577,2785,2707,52,94,0,0,0,0,0,0,12,86,78,0,0.0,-,,,,,,,,,,,,,,,,,,,,,,,,,,,,,,,
2025020436,2025-12-05,Devils,Golden Knights,Home,RL,28,27,2.0253914177,3.210856577,1.7624507907,2.391989457,Jacob Markstrom,Akira Schmid,CG,CG,0,0,0,0,0,0,0,0,0,0,0,0,0,0,0,5,11,8,0,24,13,7,5,0,25,15,20,16,0,51,23,18,18,0,59,42,52,0,0,0,0,0,1,0,2,0,3,6,6,3,0,15,9,7,5,0,21,0,2,2,2,240,157,22,24,0.88,1.0,0,0,0,2,1,4,0,2413,1187,3033,3033,109,28,0,0,0,0,0,0,0,0,0,0,0.0,-,,,,,,,,,,,,,,,,,,,,,,,,,,,,,,,
2025020436,2025-12-05,Golden Knights,Devils,Away,RW,27,28,3.210856577,2.0253914177,2.391989457,1.7624507907,Akira Schmid,Jacob Markstrom,CG,CG,0,0,0,0,0,0,0,0,1,0,0,0,0,0,0,13,7,5,0,25,5,11,8,0,24,23,18,18,0,59,15,20,16,0,51,52,42,1,0,2,0,3,0,0,0,0,0,9,7,5,0,21,6,6,3,0,15,2,0,2,2,157,240,24,22,1.0,0.88,0,0,2,0,4,1,2413,0,1187,3033,3033,28,109,0,0,0,0,0,0,0,0,0,0,0.0,-,,,,,,,,,,,,,,,,,,,,,,,,,,,,,,,
2025020437,2025-12-05,Jets,Sabres,Home,RW,27,28,2.6247189966,3.4778804046,2.3092669726,2.1738851696,Eric Comrie,Ukko-Pekka Luukkonen,CG,CG,0,0,0,0,0,0,0,0,1,0,0,0,0,0,0,8,9,6,0,23,15,11,9,0,35,15,16,15,0,46,26,23,14,0,63,41,48,1,2,1,0,4,1,0,0,0,1,15,12,6,0,33,7,6,9,0,22,0,1,1,2,120,139,34,19,0.971,0.826,1,0,1,0,2,3,2878,0,722,3193,3119,5,96,0,0,0,0,0,0,66,0,74,0,0.0,-,,,,,,,,,,,,,,,,,,,,,,,,,,,,,,,
2025020437,2025-12-05,Sabres,Jets,Away,RL,28,27,3.4778804046,2.6247189966,2.1738851696,2.3092669726,Ukko-Pekka Luukkonen,Eric Comrie,CG,CG,0,0,0,0,0,0,0,0,0,0,0,0,0,0,0,15,11,9,0,35,8,9,6,0,23,26,23,14,0,63,15,16,15,0,46,48,41,1,0,0,0,1,1,2,1,0,4,7,6,9,0,22,15,12,6,0,33,1,0,2,1,139,120,19,34,0.826,0.971,0,1,0,1,3,2,0,2878,722,3193,3119,96,5,0,0,0,0,0,0,0,66,74,0,0.0,-,,,,,,,,,,,,,,,,,,,,,,,,,,,,,,,
2025020438,2025-12-05,Stars,Sharks,Home,RW,29,29,3.184566626,1.8900396413,2.536965719,1.3750671113,Jake Oettinger,Yaroslav Askarov,CG,CG,0,1,1,0,0,0,0,0,1,0,0,0,0,0,0,9,4,11,0,24,3,6,8,0,17,17,11,27,0,55,8,14,12,0,34,44,30,1,0,3,0,4,0,1,0,0,1,5,9,3,0,17,7,10,7,0,24,1,0,2,4,199,480,16,20,0.941,0.833,1,0,1,0,0,0,1387,0,2213,2703,2593,82,82,0,0,0,0,0,0,0,0,110,0,0.0,-,,,,,,,,,,,,,,,,,,,,,,,,,,,,,,,
2025020438,2025-12-05,Sharks,Stars,Away,RL,29,29,1.8900396413,3.184566626,1.3750671113,2.536965719,Yaroslav Askarov,Jake Oettinger,CG,CG,0,0,0,0,0,1,1,0,0,0,0,0,0,0,0,3,6,8,0,17,9,4,11,0,24,8,14,12,0,34,17,11,27,0,55,30,44,0,1,0,0,1,1,0,3,0,4,7,10,7,0,24,5,9,3,0,17,0,1,4,2,480,199,20,16,0.833,0.941,0,1,0,1,0,0,0,1387,2213,2703,2593,82,82,0,0,0,0,0,0,0,0,110,0,0.0,-,,,,,,,,,,,,,,,,,,,,,,,,,,,,,,,
2025020439,2025-12-05,Canucks,Mammoth,Home,RL,28,29,3.0948764316,2.8351825018000003,2.6765995626,2.1767126858,Kevin Lankinen,Karel Vejmelka,CG,CG,0,0,0,0,0,0,0,0,0,0,0,0,0,0,0,11,14,8,0,33,8,7,3,0,18,21,25,16,0,62,21,20,17,0,58,53,46,0,0,1,0,1,1,1,2,0,4,8,5,8,0,21,9,12,4,0,25,0,1,3,2,341,133,14,32,0.778,0.97,0,1,0,2,1,2,0,2640,960,3006,2870,20,70,0,0,0,0,0,0,65,0,136,0,0.0,-,,,,,,,,,,,,,,,,,,,,,,,,,,,,,,,
2025020439,2025-12-05,Mammoth,Canucks,Away,RW,29,28,2.8351825018000003,3.0948764316,2.1767126858,2.6765995626,Karel Vejmelka,Kevin Lankinen,CG,CG,0,0,0,0,0,0,0,0,1,0,0,0,0,0,0,8,7,3,0,18,11,14,8,0,33,21,20,17,0,58,21,25,16,0,62,46,53,1,1,2,0,4,0,0,1,0,1,9,12,4,0,25,8,5,8,0,21,1,0,2,3,133,341,32,14,0.97,0.778,1,0,2,0,2,1,2640,0,960,3006,2870,70,20,0,0,0,0,0,0,0,65,136,0,0.0,-,,,,,,,,,,,,,,,,,,,,,,,,,,,,,,,
2025020440,2025-12-05,Ducks,Capitals,Home,SOW,28,29,3.961547264,2.9582038062,2.4769504388,2.4277910929,Ville Husso,Logan Thompson,CG,CG,0,0,1,0,0,1,1,0,0,0,0,0,1,0,0,12,15,8,3,38,8,9,3,1,21,22,28,19,5,74,24,16,16,5,61,56,45,1,2,0,0,3,1,2,0,0,3,8,6,4,0,18,1,12,7,1,21,0,0,5,3,533,293,18,35,0.857,0.921,0,0,0,1,1,4,0,1161,2739,2896,2590,64,53,0,0,0,0,0,0,0,38,6,300,0.0,-,,,,,,,,,,,,,,,,,,,,,,,,,,,,,,,
2025020440,2025-12-05,Capitals,Ducks,Away,SOL,29,28,2.9582038062,3.961547264,2.4277910929,2.4769504388,Logan Thompson,Ville Husso,CG,CG,0,1,1,0,0,0,1,0,1,1,0,0,0,0,0,8,9,3,1,21,12,15,8,3,38,24,16,16,5,61,22,28,19,5,74,45,56,1,2,0,0,3,1,2,0,0,3,1,12,7,1,21,8,6,4,0,18,0,0,3,5,293,533,35,18,0.921,0.857,0,0,1,0,4,1,1161,0,2739,2896,2590,53,64,0,0,0,0,0,0,38,0,6,300,0.0,-,,,,,,,,,,,,,,,,,,,,,,,,,,,,,,,
2025020441,2025-12-06,Rangers,Avalanche,Home,OTL,30,28,1.9341961899,4.6259846849,1.3363618739,4.3738985529,Igor Shesterkin,Mackenzie Blackwood,CG,CG,0,0,0,0,0,0,0,0,0,0,0,0,0,0,0,11,8,8,0,27,9,13,19,1,42,22,20,23,0,65,18,23,25,3,69,52,59,0,0,2,0,2,0,1,1,1,3,13,11,7,1,32,7,7,7,0,21,0,0,2,2,240,240,39,25,0.929,0.926,0,0,0,5,4,3,0,1269,2497,3161,2995,79,46,0,0,0,0,0,0,0,0,0,166,0.0,-,,,,,,,,,,,,,,,,,,,,,,,,,,,,,,,
2025020441,2025-12-06,Avalanche,Rangers,Away,OTW,28,30,4.6259846849,1.9341961899,4.3738985529,1.3363618739,Mackenzie Blackwood,Igor Shesterkin,CG,CG,0,0,0,0,0,0,0,0,1,0,0,0,0,0,0,9,13,19,1,42,11,8,8,0,27,18,23,25,3,69,22,20,23,0,65,59,52,0,1,1,1,3,0,0,2,0,2,7,7,7,0,21,13,11,7,1,32,0,0,2,2,240,240,25,39,0.926,0.929,0,0,5,0,3,4,1269,0,2497,3161,2995,46,79,0,0,0,0,0,0,0,0,0,166,0.0,-,,,,,,,,,,,,,,,,,,,,,,,,,,,,,,,
2025020442,2025-12-06,Panthers,Blue Jackets,Home,OTW,27,28,3.9924062847,2.982185048,2.7354634223,2.027246872,Sergei Bobrovsky,Elvis Merzlikins,CG,CG,0,0,0,0,0,0,0,0,0,0,0,0,1,1,1,9,15,12,4,40,8,12,6,5,31,15,23,14,5,57,19,23,11,7,60,35,42,1,3,2,1,7,1,4,1,0,6,10,12,7,1,30,8,4,3,0,15,2,1,4,4,464,479,25,33,0.806,0.825,0,0,0,0,1,1,0,1725,2171,2865,2693,15,62,0,92,0,0,0,0,0,0,1,171,0.0,-,,,,,,,,,,,,,,,,,,,,,,,,,,,,,,,
2025020442,2025-12-06,Blue Jackets,Panthers,Away,OTL,28,27,2.982185048,3.9924062847,2.027246872,2.7354634223,Elvis Merzlikins,Sergei Bobrovsky,CG,CG,0,0,0,0,0,0,0,0,1,1,1,1,0,0,0,8,12,6,5,31,9,15,12,4,40,19,23,11,7,60,15,23,14,5,57,42,35,1,4,1,0,6,1,3,2,1,7,8,4,3,0,15,10,12,7,1,30,1,2,4,4,479,464,33,25,0.825,0.806,0,0,0,0,1,1,1725,0,2171,2865,2693,62,15,92,0,0,0,0,0,0,0,1,171,0.0,-,,,,,,,,,,,,,,,,,,,,,,,,,,,,,,,
2025020443,2025-12-06,Bruins,Devils,Home,RW,30,29,2.944419592,2.2586297051,2.5354755239999998,2.0635813371,Jeremy Swayman,Jake Allen,CG,CG,0,0,0,0,1,1,1,1,1,0,0,0,0,0,0,5,4,13,0,22,12,9,9,0,30,17,17,24,0,58,20,25,21,0,66,53,60,1,1,2,0,4,1,0,0,0,1,10,8,6,0,24,7,4,4,0,15,0,0,1,1,120,120,29,18,0.967,0.818,1,0,1,0,4,1,2385,0,1215,3279,3279,54,27,0,0,0,0,0,0,0,0,0,0,0.0,-,,,,,,,,,,,,,,,,,,,,,,,,,,,,,,,
2025020443,2025-12-06,Devils,Bruins,Away,RL,29,30,2.2586297051,2.944419592,2.0635813371,2.5354755239999998,Jake Allen,Jeremy Swayman,CG,CG,1,1,1,1,0,0,0,0,0,0,0,0,0,0,0,12,9,9,0,30,5,4,13,0,22,20,25,21,0,66,17,17,24,0,58,60,53,1,0,0,0,1,1,1,2,0,4,7,4,4,0,15,10,8,6,0,24,0,0,1,1,120,120,18,29,0.818,0.967,0,1,0,1,1,4,0,2385,1215,3279,3279,27,54,0,0,0,0,0,0,0,0,0,0,0.0,-,,,,,,,,,,,,,,,,,,,,,,,,,,,,,,,
2025020444,2025-12-06,Maple Leafs,Canadiens,Home,SOL,28,27,2.0658469128,3.736059838,1.3876437046,2.414971304,Dennis Hildeby,Jakub Dobes,CG,CG,0,0,0,0,0,0,0,0,0,0,0,0,0,0,0,7,3,10,3,23,9,14,8,3,34,17,7,17,5,46,15,32,16,3,66,35,49,0,0,1,0,1,0,1,0,0,1,10,12,6,0,28,11,5,5,0,21,0,1,3,4,311,338,33,22,0.971,0.957,0,0,0,0,1,0,0,1323,2577,3143,2834,39,29,0,0,0,0,0,0,0,70,9,300,0.0,-,,,,,,,,,,,,,,,,,,,,,,,,,,,,,,,
2025020444,2025-12-06,Canadiens,Maple Leafs,Away,SOW,27,28,3.736059838,2.0658469128,2.414971304,1.3876437046,Jakub Dobes,Dennis Hildeby,CG,CG,0,0,0,0,0,0,0,0,1,0,0,0,0,0,0,9,14,8,3,34,7,3,10,3,23,15,32,16,3,66,17,7,17,5,46,49,35,0,1,0,0,1,0,0,1,0,1,11,5,5,0,21,10,12,6,0,28,1,0,4,3,338,311,22,33,0.957,0.971,0,0,0,0,0,1,1323,0,2577,3143,2834,29,39,0,0,0,0,0,0,70,0,9,300,0.0,-,,,,,,,,,,,,,,,,,,,,,,,,,,,,,,,
2025020445,2025-12-06,Senators,Blues,Home,RL,28,29,3.8063418939,2.283094208,2.2098314326,1.912433174,Linus Ullmark,Joel Hofer,CG,CG,0,0,0,0,0,0,0,0,0,0,0,0,0,0,0,15,10,17,0,42,2,10,8,0,20,20,18,29,0,67,6,17,31,0,54,45,37,0,0,1,0,1,0,1,1,0,2,10,7,8,0,25,8,4,10,0,22,1,0,7,2,740,127,18,41,0.9,0.976,0,0,0,11,2,3,0,1344,2256,2564,2564,81,66,0,0,0,0,0,0,0,0,0,0,0.0,-,,,,,,,,,,,,,,,,,,,,,,,,,,,,,,,
2025020445,2025-12-06,Blues,Senators,Away,RW,29,28,2.283094208,3.8063418939,1.912433174,2.2098314326,Joel Hofer,Linus Ullmark,CG,CG,0,0,0,0,0,0,0,0,1,0,0,0,0,0,0,2,10,8,0,20,15,10,17,0,42,6,17,31,0,54,20,18,29,0,67,37,45,0,1,1,0,2,0,0,1,0,1,8,4,10,0,22,10,7,8,0,25,0,1,2,7,127,740,41,18,0.976,0.9,0,0,11,0,3,2,1344,0,2256,2564,2564,66,81,0,0,0,0,0,0,0,0,0,0,0.0,-,,,,,,,,,,,,,,,,,,,,,,,,,,,,,,,
2025020446,2025-12-06,Lightning,Islanders,Home,RL,28,29,3.6371552102,1.926508748,2.0788195977,1.195726318,Jonas Johansson,Ilya Sorokin,CG,CG,0,0,0,0,0,0,0,0,0,0,0,0,0,0,0,9,12,11,0,32,4,8,7,0,19,20,21,19,0,60,14,17,25,0,56,41,41,0,0,0,0,0,0,0,2,0,2,11,3,7,0,21,6,9,7,0,22,0,1,2,3,243,272,17,32,0.895,1.0,0,1,1,5,4,4,0,434,3166,2801,2801,219,54,0,0,0,0,0,0,0,0,0,0,0.0,-,,,,,,,,,,,,,,,,,,,,,,,,,,,,,,,
2025020446,2025-12-06,Islanders,Lightning,Away,RW,29,28,1.926508748,3.6371552102,1.195726318,2.0788195977,Ilya Sorokin,Jonas Johansson,CG,CG,0,0,0,0,0,0,0,0,1,0,0,0,0,0,0,4,8,7,0,19,9,12,11,0,32,14,17,25,0,56,20,21,19,0,60,41,41,0,0,2,0,2,0,0,0,0,0,6,9,7,0,22,11,3,7,0,21,1,0,3,2,272,243,32,17,1.0,0.895,1,0,5,1,4,4,434,0,3166,2801,2801,54,219,0,0,0,0,0,0,0,0,0,0,0.0,-,,,,,,,,,,,,,,,,,,,,,,,,,,,,,,,
2025020447,2025-12-06,Hurricanes,Predators,Home,RW,27,28,4.8883256193,1.9268015202,2.5417888818,1.4947323152,Brandon Bussi,Juuse Saros,CG,IG,0,0,0,0,0,0,0,0,1,0,0,0,0,0,0,19,14,7,0,40,4,7,11,0,22,23,22,16,0,61,12,20,22,0,54,40,41,3,1,2,0,6,0,0,3,0,3,6,4,2,0,12,5,11,3,0,19,2,1,6,3,611,261,19,34,0.864,0.85,0,0,0,0,1,0,3119,0,481,2665,2514,24,14,0,0,10,0,0,0,0,3,151,0,0.0,-,,,,,,,,,,,,,,,,,,,,,,,,,,,,,,,
2025020447,2025-12-06,Predators,Hurricanes,Away,RL,28,27,1.9268015202,4.8883256193,1.4947323152,2.5417888818,Juuse Saros,Brandon Bussi,IG,CG,0,0,0,0,0,0,0,0,0,0,0,0,0,0,0,4,7,11,0,22,19,14,7,0,40,12,20,22,0,54,23,22,16,0,61,41,40,0,0,3,0,3,3,1,2,0,6,5,11,3,0,19,6,4,2,0,12,1,2,3,6,261,611,34,19,0.85,0.864,0,0,0,0,0,1,0,3119,481,2665,2514,14,24,0,0,0,10,0,0,3,0,151,0,0.0,-,,,,,,,,,,,,,,,,,,,,,,,,,,,,,,,
2025020448,2025-12-06,Flames,Mammoth,Home,RW,30,30,3.3401799309999998,2.813439418,2.775443954,2.813439418,Dustin Wolf,Vitek Vanecek,CG,CG,0,0,0,0,1,1,1,1,1,0,0,0,0,0,0,9,5,9,0,23,12,9,7,0,28,18,16,25,0,59,23,17,12,0,52,51,51,1,0,1,0,2,0,0,0,0,0,4,6,10,0,20,6,10,6,0,22,0,0,1,2,120,122,28,21,1.0,0.913,1,0,1,0,3,2,3584,0,16,3272,3272,43,31,0,0,0,0,0,0,0,0,0,0,0.0,-,,,,,,,,,,,,,,,,,,,,,,,,,,,,,,,
2025020448,2025-12-06,Mammoth,Flames,Away,RL,30,30,2.813439418,3.3401799309999998,2.813439418,2.775443954,Vitek Vanecek,Dustin Wolf,CG,CG,1,1,1,1,0,0,0,0,0,0,0,0,0,0,0,12,9,7,0,28,9,5,9,0,23,23,17,12,0,52,18,16,25,0,59,51,51,0,0,0,0,0,1,0,1,0,2,6,10,6,0,22,4,6,10,0,20,0,0,2,1,122,120,21,28,0.913,1.0,0,1,0,1,2,3,0,3584,16,3272,3272,31,43,0,0,0,0,0,0,0,0,0,0,0.0,-,,,,,,,,,,,,,,,,,,,,,,,,,,,,,,,
2025020449,2025-12-06,Kings,Blackhawks,Home,RW,28,28,3.6404754803,1.2231161235,2.7572912903,1.0461507305,Darcy Kuemper,Spencer Knight,CG,CG,0,0,0,0,0,0,0,0,1,0,0,0,0,0,0,7,13,12,0,32,11,5,7,0,23,15,20,20,0,55,19,13,12,0,44,48,37,0,3,3,0,6,0,0,0,0,0,7,8,5,0,20,2,4,4,0,10,1,0,2,3,129,360,23,26,1.0,0.812,0,0,0,0,3,1,2285,0,1315,2994,2911,7,50,0,0,0,0,0,0,0,0,83,0,0.0,-,,,,,,,,,,,,,,,,,,,,,,,,,,,,,,,
2025020449,2025-12-06,Blackhawks,Kings,Away,RL,28,28,1.2231161235,3.6404754803,1.0461507305,2.7572912903,Spencer Knight,Darcy Kuemper,CG,CG,0,0,0,0,0,0,0,0,0,0,0,0,0,0,0,11,5,7,0,23,7,13,12,0,32,19,13,12,0,44,15,20,20,0,55,37,48,0,0,0,0,0,0,3,3,0,6,2,4,4,0,10,7,8,5,0,20,0,1,3,2,360,129,26,23,0.812,1.0,0,0,0,0,1,3,0,2285,1315,2994,2911,50,7,0,0,0,0,0,0,0,0,83,0,0.0,-,,,,,,,,,,,,,,,,,,,,,,,,,,,,,,,
2025020450,2025-12-06,Oilers,Jets,Home,RW,29,28,3.3039569831,2.1322111601,3.0371959831,1.8075617651,Stuart Skinner,Eric Comrie,CG,IG,0,0,0,0,1,1,1,1,1,0,0,0,0,0,0,16,5,6,0,27,5,4,12,0,21,24,18,12,0,54,11,8,22,0,41,50,36,4,1,1,0,6,0,0,2,0,2,1,2,6,0,9,14,11,11,0,36,1,0,1,1,73,120,19,21,0.905,0.778,0,0,0,0,3,2,3420,0,180,3335,3222,17,23,0,0,0,0,0,0,0,0,113,0,0.0,-,,,,,,,,,,,,,,,,,,,,,,,,,,,,,,,
2025020450,2025-12-06,Jets,Oilers,Away,RL,28,29,2.1322111601,3.3039569831,1.8075617651,3.0371959831,Eric Comrie,Stuart Skinner,IG,CG,1,1,1,1,0,0,0,0,0,0,0,0,0,0,0,5,4,12,0,21,16,5,6,0,27,11,8,22,0,41,24,18,12,0,54,36,50,0,0,2,0,2,4,1,1,0,6,14,11,11,0,36,1,2,6,0,9,0,1,1,1,120,73,21,19,0.778,0.905,0,0,0,0,2,3,0,3420,180,3335,3222,23,17,0,0,0,0,0,0,0,0,113,0,0.0,-,,,,,,,,,,,,,,,,,,,,,,,,,,,,,,,
2025020451,2025-12-06,Canucks,Wild,Home,RW,29,29,2.578850813,3.3047924602,2.1519866629999997,2.6171348452,Nikita Tolopilo,Jesper Wallstedt,CG,CG,1,0,0,0,0,0,0,0,0,0,0,0,1,0,0,5,6,10,0,21,10,6,14,0,30,11,18,16,0,45,19,17,25,0,61,37,47,0,3,1,0,4,1,0,1,0,2,10,11,6,0,27,10,8,4,0,22,0,1,3,3,195,209,28,17,0.933,0.81,0,0,2,0,2,2,1694,1578,328,2996,2713,20,63,0,0,0,0,0,0,21,55,283,0,0.0,-,,,,,,,,,,,,,,,,,,,,,,,,,,,,,,,
2025020451,2025-12-06,Wild,Canucks,Away,RL,29,29,3.3047924602,2.578850813,2.6171348452,2.1519866629999997,Jesper Wallstedt,Nikita Tolopilo,CG,CG,0,0,0,0,1,0,0,0,1,1,0,0,0,0,0,10,6,14,0,30,5,6,10,0,21,19,17,25,0,61,11,18,16,0,45,47,37,1,0,1,0,2,0,3,1,0,4,10,8,4,0,22,10,11,6,0,27,1,0,3,3,209,195,17,28,0.81,0.933,0,0,0,2,2,2,1578,1694,328,2996,2713,63,20,0,0,0,0,0,0,55,21,283,0,0.0,-,,,,,,,,,,,,,,,,,,,,,,,,,,,,,,,
2025020452,2025-12-06,Kraken,Red Wings,Home,RL,26,29,3.412891261,3.2303927062,2.983306663,2.3492225152,Joey Daccord,John Gibson,CG,CG,0,0,0,0,0,0,0,0,0,1,0,0,0,0,0,8,14,5,0,27,6,12,7,0,25,19,29,21,0,69,26,27,16,0,69,59,53,1,2,0,0,3,1,2,1,0,4,6,7,4,0,17,7,7,5,0,19,0,1,2,1,240,106,21,24,0.84,0.889,0,0,0,3,3,2,408,793,2399,3172,3032,57,21,0,0,0,0,0,0,0,0,140,0,0.0,-,,,,,,,,,,,,,,,,,,,,,,,,,,,,,,,
2025020452,2025-12-06,Red Wings,Kraken,Away,RW,29,26,3.2303927062,3.412891261,2.3492225152,2.983306663,John Gibson,Joey Daccord,CG,CG,0,0,0,0,0,0,0,0,1,0,0,0,1,0,0,6,12,7,0,25,8,14,5,0,27,26,27,16,0,69,19,29,21,0,69,53,59,1,2,1,0,4,1,2,0,0,3,7,7,5,0,19,6,7,4,0,17,1,0,1,2,106,240,24,21,0.889,0.84,0,0,3,0,2,3,793,408,2399,3172,3032,21,57,0,0,0,0,0,0,0,0,140,0,0.0,-,,,,,,,,,,,,,,,,,,,,,,,,,,,,,,,
2025020453,2025-12-07,Flyers,Avalanche,Home,RL,27,29,2.2850627344,2.8045270986,2.2003771844,2.1197573096,Samuel Ersson,Mackenzie Blackwood,CG,CG,0,0,0,0,1,1,1,0,1,1,0,0,0,0,0,3,9,13,0,25,12,13,3,0,28,12,23,26,0,61,23,26,15,0,64,56,53,1,1,0,0,2,2,1,0,0,3,7,7,7,0,21,6,7,5,0,18,0,1,1,2,130,223,25,23,0.893,0.92,0,0,0,3,0,3,379,2452,769,3122,3122,108,0,0,0,0,0,0,0,0,0,0,0,0.0,-,,,,,,,,,,,,,,,,,,,,,,,,,,,,,,,
2025020453,2025-12-07,Avalanche,Flyers,Away,RW,29,27,2.8045270986,2.2850627344,2.1197573096,2.2003771844,Mackenzie Blackwood,Samuel Ersson,CG,CG,1,1,1,0,0,0,0,0,0,0,0,0,1,0,0,12,13,3,0,28,3,9,13,0,25,23,26,15,0,64,12,23,26,0,61,53,56,2,1,0,0,3,1,1,0,0,2,6,7,5,0,18,7,7,7,0,21,1,0,2,1,223,130,23,25,0.92,0.893,0,0,3,0,3,0,2452,379,769,3122,3122,0,108,0,0,0,0,0,0,0,0,0,0,0.0,-,,,,,,,,,,,,,,,,,,,,,,,,,,,,,,,
2025020454,2025-12-07,Panthers,Islanders,Home,RW,28,30,3.2463983393,2.1173139043,2.3736777053,1.7003098623,Daniil Tarasov,David Rittich,CG,CG,1,1,1,0,1,1,1,0,1,0,0,0,0,0,0,11,11,8,0,30,10,8,3,0,21,25,18,20,0,63,23,20,11,0,54,53,49,1,1,2,0,4,0,1,0,0,1,7,5,6,0,18,11,8,4,0,23,0,0,1,1,120,120,20,26,0.952,0.867,1,0,2,0,1,3,2866,0,734,3197,3036,11,32,0,0,0,0,0,0,0,0,161,0,0.0,-,,,,,,,,,,,,,,,,,,,,,,,,,,,,,,,
2025020454,2025-12-07,Islanders,Panthers,Away,RL,30,28,2.1173139043,3.2463983393,1.7003098623,2.3736777053,David Rittich,Daniil Tarasov,CG,CG,1,1,1,0,1,1,1,0,0,0,0,0,0,0,0,10,8,3,0,21,11,11,8,0,30,23,20,11,0,54,25,18,20,0,63,49,53,0,1,0,0,1,1,1,2,0,4,11,8,4,0,23,7,5,6,0,18,0,0,1,1,120,120,26,20,0.867,0.952,0,1,0,2,3,1,0,2866,734,3197,3036,32,11,0,0,0,0,0,0,0,0,161,0,0.0,-,,,,,,,,,,,,,,,,,,,,,,,,,,,,,,,
2025020455,2025-12-07,Hurricanes,Sharks,Home,RL,28,30,3.5106542734,2.915712708,2.5443980804,1.963432365,Pyotr Kochetkov,Alex Nedeljkovic,CG,CG,1,1,0,0,0,0,0,0,0,0,0,0,0,0,0,8,6,15,0,29,6,10,7,0,23,22,13,31,0,66,16,22,20,0,58,53,50,1,0,0,0,1,1,2,1,0,4,3,7,2,0,12,8,7,6,0,21,1,1,3,2,329,143,19,28,0.826,0.966,0,1,0,2,3,1,0,2691,909,2969,2954,90,37,0,0,0,0,0,0,0,0,15,0,0.0,-,,,,,,,,,,,,,,,,,,,,,,,,,,,,,,,
2025020455,2025-12-07,Sharks,Hurricanes,Away,RW,30,28,2.915712708,3.5106542734,1.963432365,2.5443980804,Alex Nedeljkovic,Pyotr Kochetkov,CG,CG,0,0,0,0,1,1,0,0,1,0,0,0,0,0,0,6,10,7,0,23,8,6,15,0,29,16,22,20,0,58,22,13,31,0,66,50,53,1,2,1,0,4,1,0,0,0,1,8,7,6,0,21,3,7,2,0,12,1,1,2,3,143,329,28,19,0.966,0.826,1,0,2,0,1,3,2691,0,909,2969,2954,37,90,0,0,0,0,0,0,0,0,15,0,0.0,-,,,,,,,,,,,,,,,,,,,,,,,,,,,,,,,
2025020456,2025-12-07,Stars,Penguins,Home,SOW,30,27,3.3601406536,3.206834925,2.3276212476,2.420362327,Jake Oettinger,Tristan Jarry,CG,CG,0,0,1,0,0,0,0,0,0,0,0,0,1,0,0,7,3,9,4,23,7,11,9,2,29,17,16,16,7,56,19,22,21,6,68,43,53,0,1,1,0,2,1,1,0,0,2,8,4,5,0,17,13,7,6,0,26,0,0,1,2,120,240,27,21,0.931,0.913,0,0,0,4,2,3,0,2124,1776,3408,3108,118,14,0,0,0,0,0,0,0,0,0,300,0.0,-,,,,,,,,,,,,,,,,,,,,,,,,,,,,,,,
2025020456,2025-12-07,Penguins,Stars,Away,SOL,27,30,3.206834925,3.3601406536,2.420362327,2.3276212476,Tristan Jarry,Jake Oettinger,CG,CG,0,0,0,0,0,0,1,0,1,1,0,0,0,0,0,7,11,9,2,29,7,3,9,4,23,19,22,21,6,68,17,16,16,7,56,53,43,1,1,0,0,2,0,1,1,0,2,13,7,6,0,26,8,4,5,0,17,0,0,2,1,240,120,21,27,0.913,0.931,0,0,4,0,3,2,2124,0,1776,3408,3108,14,118,0,0,0,0,0,0,0,0,0,300,0.0,-,,,,,,,,,,,,,,,,,,,,,,,,,,,,,,,
2025020457,2025-12-07,Canadiens,Blues,Home,RL,28,30,2.7782388275,2.531160664,2.0122481455,2.09723696,Jakub Dobes,Jordan Binnington,CG,CG,1,0,1,0,1,1,0,0,0,1,0,0,0,0,0,11,7,8,0,26,4,6,8,0,18,15,14,17,0,46,11,19,18,0,48,32,41,2,0,1,0,3,1,2,1,0,4,6,6,2,0,14,12,11,11,0,34,0,1,2,2,269,184,14,23,0.778,0.885,0,0,0,1,1,0,83,2538,979,2956,2873,120,43,0,0,0,0,0,0,0,0,83,0,0.0,-,,,,,,,,,,,,,,,,,,,,,,,,,,,,,,,
2025020457,2025-12-07,Blues,Canadiens,Away,RW,30,28,2.531160664,2.7782388275,2.09723696,2.0122481455,Jordan Binnington,Jakub Dobes,CG,CG,1,1,0,0,1,0,1,0,1,0,0,0,1,0,0,4,6,8,0,18,11,7,8,0,26,11,19,18,0,48,15,14,17,0,46,41,32,1,2,1,0,4,2,0,1,0,3,12,11,11,0,34,6,6,2,0,14,1,0,2,2,184,269,23,14,0.885,0.778,0,0,1,0,0,1,2538,83,979,2956,2873,43,120,0,0,0,0,0,0,0,0,83,0,0.0,-,,,,,,,,,,,,,,,,,,,,,,,,,,,,,,,
2025020458,2025-12-07,Rangers,Golden Knights,Home,OTL,31,28,2.7009891357,3.089324295,2.2716400367,2.090597689,Jonathan Quick,Carter Hart,CG,CG,1,1,1,0,0,0,0,0,0,1,0,0,0,0,0,4,16,3,1,24,8,5,13,2,28,18,25,14,2,59,18,13,23,4,58,50,44,0,2,0,0,2,1,0,1,1,3,11,15,6,1,33,2,9,4,0,15,0,0,0,1,0,146,25,22,0.893,0.917,0,0,0,0,4,4,1567,1712,613,3704,3200,0,0,0,0,0,0,0,0,0,0,212,292,0.0,-,,,,,,,,,,,,,,,,,,,,,,,,,,,,,,,
2025020458,2025-12-07,Golden Knights,Rangers,Away,OTW,28,31,3.089324295,2.7009891357,2.090597689,2.2716400367,Carter Hart,Jonathan Quick,CG,CG,0,0,0,0,1,1,1,0,1,0,0,0,1,0,0,8,5,13,2,28,4,16,3,1,24,18,13,23,4,58,18,25,14,2,59,44,50,1,0,1,1,3,0,2,0,0,2,2,9,4,0,15,11,15,6,1,33,0,0,1,0,146,0,22,25,0.917,0.893,0,0,0,0,4,4,1712,1567,613,3704,3200,0,0,0,0,0,0,0,0,0,0,212,292,0.0,-,,,,,,,,,,,,,,,,,,,,,,,,,,,,,,,
2025020459,2025-12-07,Capitals,Blue Jackets,Home,RW,30,29,4.7233195797,3.1092389954,2.5304851024,2.29942547,Logan Thompson,Jet Greaves,CG,CG,0,0,1,0,1,1,0,0,1,0,0,0,0,0,0,9,19,10,0,38,12,11,16,0,39,17,30,23,0,70,17,20,23,0,60,44,46,0,1,1,0,2,0,0,0,0,0,7,4,5,0,16,6,5,1,0,12,0,0,4,3,370,240,39,36,1.0,0.947,1,0,4,0,3,1,2350,0,1250,2836,2678,2,152,0,0,0,0,0,0,0,0,158,0,0.0,-,,,,,,,,,,,,,,,,,,,,,,,,,,,,,,,
2025020459,2025-12-07,Blue Jackets,Capitals,Away,RL,29,30,3.1092389954,4.7233195797,2.29942547,2.5304851024,Jet Greaves,Logan Thompson,CG,CG,1,1,0,0,0,0,1,0,0,0,0,0,0,0,0,12,11,16,0,39,9,19,10,0,38,17,20,23,0,60,17,30,23,0,70,46,44,0,0,0,0,0,0,1,1,0,2,6,5,1,0,12,7,4,5,0,16,0,0,3,4,240,370,36,39,0.947,1.0,0,1,0,4,1,3,0,2350,1250,2836,2678,152,2,0,0,0,0,0,0,0,0,158,0,0.0,-,,,,,,,,,,,,,,,,,,,,,,,,,,,,,,,
2025020460,2025-12-07,Ducks,Blackhawks,Home,RW,29,29,6.1610695488,1.138211313,4.6351927008,0.781965986,Ville Husso,Arvid Soderblom,CG,CG,0,0,0,0,1,1,1,0,1,0,0,0,0,0,0,17,27,9,0,53,6,7,7,0,20,30,35,16,0,81,13,14,13,0,40,66,32,1,4,2,0,7,0,0,1,0,1,6,4,5,0,15,4,6,5,0,15,2,1,5,2,556,128,19,46,0.95,0.868,0,0,0,0,3,1,2984,0,616,2778,2778,64,57,0,0,0,0,0,0,0,0,0,0,0.0,-,,,,,,,,,,,,,,,,,,,,,,,,,,,,,,,
2025020460,2025-12-07,Blackhawks,Ducks,Away,RL,29,29,1.138211313,6.1610695488,0.781965986,4.6351927008,Arvid Soderblom,Ville Husso,CG,CG,1,1,1,0,0,0,0,0,0,0,0,0,0,0,0,6,7,7,0,20,17,27,9,0,53,13,14,13,0,40,30,35,16,0,81,32,66,0,0,1,0,1,1,4,2,0,7,4,6,5,0,15,6,4,5,0,15,1,2,2,5,128,556,46,19,0.868,0.95,0,0,0,0,1,3,0,2984,616,2778,2778,57,64,0,0,0,0,0,0,0,0,0,0,0.0,-,,,,,,,,,,,,,,,,,,,,,,,,,,,,,,,
2025020461,2025-12-08,Maple Leafs,Lightning,Home,RW,29,29,2.4523586287,2.1563992742,2.2781252837,1.9939458942000001,Dennis Hildeby,Jonas Johansson,CG,CG,0,0,0,0,0,0,0,0,1,0,0,0,0,0,0,10,8,7,0,25,15,5,9,0,29,20,19,17,0,56,20,15,14,0,49,50,46,1,0,1,0,2,0,0,0,0,0,9,7,4,0,20,5,6,5,0,16,0,0,2,1,240,120,29,23,1.0,0.92,1,0,6,0,2,0,2614,0,986,3010,3010,0,108,0,0,0,0,0,0,0,0,0,0,0.0,-,,,,,,,,,,,,,,,,,,,,,,,,,,,,,,,
2025020461,2025-12-08,Lightning,Maple Leafs,Away,RL,29,29,2.1563992742,2.4523586287,1.9939458942000001,2.2781252837,Jonas Johansson,Dennis Hildeby,CG,CG,0,0,0,0,0,0,0,0,0,0,0,0,0,0,0,15,5,9,0,29,10,8,7,0,25,20,15,14,0,49,20,19,17,0,56,46,50,0,0,0,0,0,1,0,1,0,2,5,6,5,0,16,9,7,4,0,20,0,0,1,2,120,240,23,29,0.92,1.0,0,1,0,6,0,2,0,2614,986,3010,3010,108,0,0,0,0,0,0,0,0,0,0,0,0.0,-,,,,,,,,,,,,,,,,,,,,,,,,,,,,,,,
2025020462,2025-12-08,Mammoth,Kings,Home,RL,31,29,2.3349058118,3.347776035,1.7977168268000001,3.0664286389999997,Karel Vejmelka,Darcy Kuemper,CG,CG,0,1,1,0,0,0,0,0,0,0,0,0,0,0,0,7,6,8,0,21,12,7,8,0,27,22,16,17,0,55,24,12,20,0,56,48,52,0,1,1,0,2,2,0,2,0,4,12,12,8,0,32,6,3,8,0,17,1,0,4,1,380,120,23,19,0.852,0.905,0,1,0,5,1,1,0,3130,470,3054,3054,40,6,0,0,0,0,0,0,29,0,0,0,0.0,-,,,,,,,,,,,,,,,,,,,,,,,,,,,,,,,
2025020462,2025-12-08,Kings,Mammoth,Away,RW,29,31,3.347776035,2.3349058118,3.0664286389999997,1.7977168268000001,Darcy Kuemper,Karel Vejmelka,CG,CG,0,0,0,0,0,1,1,0,1,0,0,0,0,0,0,12,7,8,0,27,7,6,8,0,21,24,12,20,0,56,22,16,17,0,55,52,48,2,0,2,0,4,0,1,1,0,2,6,3,8,0,17,12,12,8,0,32,0,1,1,4,120,380,19,23,0.905,0.852,1,0,5,0,1,1,3130,0,470,3054,3054,6,40,0,0,0,0,0,0,0,29,0,0,0.0,-,,,,,,,,,,,,,,,,,,,,,,,,,,,,,,,
2025020463,2025-12-08,Flames,Sabres,Home,RW,31,29,3.556410856,3.2939269764,2.054676468,2.0897864794,Dustin Wolf,Ukko-Pekka Luukkonen,CG,IG,0,0,0,0,0,0,0,0,1,0,0,0,0,0,0,12,10,6,0,28,7,15,7,0,29,22,18,17,0,57,17,25,14,0,56,41,39,2,3,2,0,7,0,3,1,0,4,5,3,9,0,17,11,7,1,0,19,2,2,5,6,270,458,25,21,0.862,0.75,2,0,2,0,0,0,3006,0,594,2560,2328,71,88,0,0,23,0,0,0,0,43,232,0,0.0,-,,,,,,,,,,,,,,,,,,,,,,,,,,,,,,,
2025020463,2025-12-08,Sabres,Flames,Away,RL,29,31,3.2939269764,3.556410856,2.0897864794,2.054676468,Ukko-Pekka Luukkonen,Dustin Wolf,IG,CG,0,0,0,0,0,0,0,0,0,0,0,0,0,0,0,7,15,7,0,29,12,10,6,0,28,17,25,14,0,56,22,18,17,0,57,39,41,0,3,1,0,4,2,3,2,0,7,11,7,1,0,19,5,3,9,0,17,2,2,6,5,458,270,21,25,0.75,0.862,0,2,0,2,0,0,0,3006,594,2560,2328,88,71,0,0,0,23,0,0,43,0,232,0,0.0,-,,,,,,,,,,,,,,,,,,,,,,,,,,,,,,,
2025020464,2025-12-08,Canucks,Red Wings,Home,RL,30,30,4.1127317614,2.781206058,3.1576102934,2.280617537,Kevin Lankinen,John Gibson,IG,CG,0,1,0,0,0,0,0,0,0,0,0,0,0,0,0,11,11,17,0,39,7,7,7,0,21,19,24,28,0,71,19,14,24,0,57,58,46,0,0,0,0,0,1,2,1,0,4,12,7,8,0,27,7,3,5,0,15,0,0,3,2,250,156,17,39,0.81,1.0,0,1,0,1,2,2,0,2746,854,3075,2991,55,64,0,0,0,0,0,0,0,0,84,0,0.0,-,,,,,,,,,,,,,,,,,,,,,,,,,,,,,,,
2025020464,2025-12-08,Red Wings,Canucks,Away,RW,30,30,2.781206058,4.1127317614,2.280617537,3.1576102934,John Gibson,Kevin Lankinen,CG,IG,0,0,0,0,0,1,0,0,1,0,0,0,0,0,0,7,7,7,0,21,11,11,17,0,39,19,14,24,0,57,19,24,28,0,71,46,58,1,2,1,0,4,0,0,0,0,0,7,3,5,0,15,12,7,8,0,27,0,0,2,3,156,250,39,17,1.0,0.81,1,0,1,0,2,2,2746,0,854,3075,2991,64,55,0,0,0,0,0,0,0,0,84,0,0.0,-,,,,,,,,,,,,,,,,,,,,,,,,,,,,,,,
2025020465,2025-12-08,Kraken,Wild,Home,RL,27,30,2.027463775,3.5748139668,1.81268333,2.0140618803,Philipp Grubauer,Filip Gustavsson,CG,CG,0,0,0,0,0,0,0,0,0,0,0,0,0,0,0,8,6,10,0,24,10,9,10,0,29,18,24,24,0,66,25,20,19,0,64,60,46,0,1,0,0,1,0,1,3,0,4,7,4,5,0,16,7,11,6,0,24,1,0,3,3,248,360,25,23,0.862,0.958,0,2,0,3,3,5,0,1038,2562,2826,2826,110,14,0,0,0,0,0,0,0,0,0,0,0.0,-,,,,,,,,,,,,,,,,,,,,,,,,,,,,,,,
2025020465,2025-12-08,Wild,Kraken,Away,RW,30,27,3.5748139668,2.027463775,2.0140618803,1.81268333,Filip Gustavsson,Philipp Grubauer,CG,CG,0,0,0,0,0,0,0,0,1,0,0,0,0,0,0,10,9,10,0,29,8,6,10,0,24,25,20,19,0,64,18,24,24,0,66,46,60,0,1,3,0,4,0,1,0,0,1,7,11,6,0,24,7,4,5,0,16,0,1,3,3,360,248,23,25,0.958,0.862,2,0,3,0,5,3,1038,0,2562,2826,2826,14,110,0,0,0,0,0,0,0,0,0,0,0.0,-,,,,,,,,,,,,,,,,,,,,,,,,,,,,,,,
2025020466,2025-12-09,Canadiens,Lightning,Home,RL,29,30,3.4392053168,3.1770797005,2.0197934078,2.5891819015,Jakub Dobes,Jonas Johansson,IG,CG,0,1,0,0,1,1,1,0,0,0,0,0,0,0,0,7,15,5,0,27,14,4,9,0,27,25,28,11,0,64,28,14,16,0,58,44,51,0,1,0,0,1,3,1,2,0,6,9,4,11,0,24,16,4,7,0,27,1,1,4,3,419,244,21,26,0.778,0.963,0,0,0,0,4,2,0,3453,147,2806,2749,95,9,0,0,0,0,0,0,0,0,57,0,0.0,-,,,,,,,,,,,,,,,,,,,,,,,,,,,,,,,
2025020466,2025-12-09,Lightning,Canadiens,Away,RW,30,29,3.1770797005,3.4392053168,2.5891819015,2.0197934078,Jonas Johansson,Jakub Dobes,CG,IG,1,1,1,0,0,1,0,0,1,0,0,0,0,0,0,14,4,9,0,27,7,15,5,0,27,28,14,16,0,58,25,28,11,0,64,51,44,3,1,2,0,6,0,1,0,0,1,16,4,7,0,27,9,4,11,0,24,1,1,3,4,244,419,26,21,0.963,0.778,0,0,0,0,2,4,3453,0,147,2806,2749,9,95,0,0,0,0,0,0,0,0,57,0,0.0,-,,,,,,,,,,,,,,,,,,,,,,,,,,,,,,,
2025020467,2025-12-09,Senators,Devils,Home,RL,29,30,3.5045056288,2.9766113985,2.7115895218,1.7785657485,Linus Ullmark,Jacob Markstrom,CG,CG,0,0,0,0,0,0,0,0,1,1,0,0,0,0,0,10,10,18,0,38,14,9,9,0,32,21,22,27,0,70,21,20,21,0,62,54,44,2,1,0,0,3,2,1,1,0,4,5,13,4,0,22,9,2,4,0,15,3,0,3,3,211,360,28,35,0.875,0.921,0,0,0,3,3,0,513,830,2257,2777,2661,183,42,0,0,0,0,0,0,0,5,116,0,0.0,-,,,,,,,,,,,,,,,,,,,,,,,,,,,,,,,
2025020467,2025-12-09,Devils,Senators,Away,RW,30,29,2.9766113985,3.5045056288,1.7785657485,2.7115895218,Jacob Markstrom,Linus Ullmark,CG,CG,0,0,0,0,0,0,0,0,0,0,0,0,1,0,0,14,9,9,0,32,10,10,18,0,38,21,20,21,0,62,21,22,27,0,70,44,54,2,1,1,0,4,2,1,0,0,3,9,2,4,0,15,5,13,4,0,22,0,3,3,3,360,211,35,28,0.921,0.875,0,0,3,0,0,3,830,513,2257,2777,2661,42,183,0,0,0,0,0,0,5,0,116,0,0.0,-,,,,,,,,,,,,,,,,,,,,,,,,,,,,,,,
2025020468,2025-12-09,Islanders,Golden Knights,Home,SOW,31,29,2.4677596693,3.8134228086,1.8790272253,2.2704886016,Ilya Sorokin,Carter Hart,CG,CG,0,1,1,0,0,0,0,0,0,0,0,0,1,1,0,13,6,8,0,27,12,9,11,5,37,24,10,17,1,52,19,20,18,6,63,40,43,1,2,1,0,4,2,0,2,0,4,10,10,4,0,24,4,7,3,0,14,1,0,2,4,234,364,33,23,0.892,0.852,0,0,2,0,1,2,1048,714,2138,3255,2885,0,16,0,154,0,0,0,0,0,31,198,172,0.0,-,,,,,,,,,,,,,,,,,,,,,,,,,,,,,,,
2025020468,2025-12-09,Golden Knights,Islanders,Away,SOL,29,31,3.8134228086,2.4677596693,2.2704886016,1.8790272253,Carter Hart,Ilya Sorokin,CG,CG,0,0,0,0,0,1,1,0,1,1,1,0,0,0,0,12,9,11,5,37,13,6,8,0,27,19,20,18,6,63,24,10,17,1,52,43,40,2,0,2,0,4,1,2,1,0,4,4,7,3,0,14,10,10,4,0,24,0,1,4,2,364,234,23,33,0.852,0.892,0,0,0,2,2,1,714,1048,2138,3255,2885,16,0,154,0,0,0,0,0,31,0,198,172,0.0,-,,,,,,,,,,,,,,,,,,,,,,,,,,,,,,,
2025020469,2025-12-09,Flyers,Sharks,Home,RW,28,31,2.975643505,2.0132358487,2.578967919,1.6442615866999999,Dan Vladar,Alex Nedeljkovic,CG,CG,0,0,0,0,0,0,0,0,0,0,0,0,1,0,0,16,10,4,0,30,3,8,7,0,18,25,20,9,0,54,16,17,13,0,46,41,37,1,2,1,0,4,1,0,0,0,1,5,5,7,0,17,11,10,7,0,28,0,0,2,2,246,240,17,26,0.944,0.867,1,0,3,0,0,2,2200,426,974,2994,2994,10,110,0,0,0,0,0,0,0,0,0,0,0.0,-,,,,,,,,,,,,,,,,,,,,,,,,,,,,,,,
2025020469,2025-12-09,Sharks,Flyers,Away,RL,31,28,2.0132358487,2.975643505,1.6442615866999999,2.578967919,Alex Nedeljkovic,Dan Vladar,CG,CG,0,0,0,0,0,0,0,0,1,1,0,0,0,0,0,3,8,7,0,18,16,10,4,0,30,16,17,13,0,46,25,20,9,0,54,37,41,1,0,0,0,1,1,2,1,0,4,11,10,7,0,28,5,5,7,0,17,0,0,2,2,240,246,26,17,0.867,0.944,0,1,0,3,2,0,426,2200,974,2994,2994,110,10,0,0,0,0,0,0,0,0,0,0,0.0,-,,,,,,,,,,,,,,,,,,,,,,,,,,,,,,,
2025020470,2025-12-09,Penguins,Ducks,Home,SOL,28,30,5.8447598064,2.8861470515,4.3592071791,2.2640806575,Arturs Silovs,Ville Husso,CG,CG,0,0,0,0,0,0,0,0,1,1,0,0,0,0,0,16,12,12,7,47,8,10,9,2,29,31,23,21,11,86,16,19,18,3,56,64,43,1,1,1,0,3,0,2,1,0,3,5,4,2,0,11,6,9,9,0,24,1,0,5,1,497,120,26,44,0.897,0.936,0,0,1,0,2,0,1164,331,2405,3096,2903,3,164,107,0,0,0,0,0,0,0,2,191,0.0,-,,,,,,,,,,,,,,,,,,,,,,,,,,,,,,,
2025020470,2025-12-09,Ducks,Penguins,Away,SOW,30,28,2.8861470515,5.8447598064,2.2640806575,4.3592071791,Ville Husso,Arturs Silovs,CG,CG,0,0,0,0,0,0,0,0,0,0,0,0,1,0,0,8,10,9,2,29,16,12,12,7,47,16,19,18,3,56,31,23,21,11,86,43,64,0,2,1,0,3,1,1,1,0,3,6,9,9,0,24,5,4,2,0,11,0,1,1,5,120,497,44,26,0.936,0.897,0,0,0,1,0,2,331,1164,2405,3096,2903,164,3,0,107,0,0,0,0,0,0,2,191,0.0,-,,,,,,,,,,,,,,,,,,,,,,,,,,,,,,,
2025020471,2025-12-09,Hurricanes,Blue Jackets,Home,RW,29,30,5.0691266372,2.6844114334,3.8953595292,2.2082973094,Brandon Bussi,Jet Greaves,CG,CG,0,1,1,0,0,1,1,0,0,0,0,0,1,0,0,10,13,9,0,32,6,8,10,0,24,23,28,23,0,74,16,19,20,0,55,58,44,0,1,3,0,4,1,0,0,0,1,9,6,4,0,19,5,5,4,0,14,1,1,4,3,380,235,23,28,0.958,0.875,1,0,1,0,4,2,727,1023,1850,2799,2799,3,166,0,0,0,0,0,0,0,7,0,0,0.0,-,,,,,,,,,,,,,,,,,,,,,,,,,,,,,,,
2025020471,2025-12-09,Blue Jackets,Hurricanes,Away,RL,30,29,2.6844114334,5.0691266372,2.2082973094,3.8953595292,Jet Greaves,Brandon Bussi,CG,CG,0,1,1,0,0,1,1,0,1,1,0,0,0,0,0,6,8,10,0,24,10,13,9,0,32,16,19,20,0,55,23,28,23,0,74,44,58,1,0,0,0,1,0,1,3,0,4,5,5,4,0,14,9,6,4,0,19,1,1,3,4,235,380,28,23,0.875,0.958,0,1,0,1,2,4,1023,727,1850,2799,2799,166,3,0,0,0,0,0,0,7,0,0,0,0.0,-,,,,,,,,,,,,,,,,,,,,,,,,,,,,,,,
2025020472,2025-12-09,Blues,Bruins,Home,RL,31,31,2.8333123333,3.974224342,2.3959538753,3.1208917187000003,Joel Hofer,Jeremy Swayman,CG,CG,0,1,1,0,0,0,0,0,1,1,0,0,0,0,0,10,3,13,0,26,11,13,7,0,31,20,16,20,0,56,17,32,25,0,74,47,61,1,0,1,0,2,0,2,3,0,5,13,10,7,0,30,5,9,12,0,26,1,0,2,2,196,244,26,24,0.839,0.923,0,1,0,6,1,5,1641,1336,623,2955,2869,142,55,31,0,0,0,0,0,0,0,86,0,0.0,-,,,,,,,,,,,,,,,,,,,,,,,,,,,,,,,
2025020472,2025-12-09,Bruins,Blues,Away,RW,31,31,3.974224342,2.8333123333,3.1208917187000003,2.3959538753,Jeremy Swayman,Joel Hofer,CG,CG,0,0,0,0,0,1,1,0,0,0,0,0,1,0,0,11,13,7,0,31,10,3,13,0,26,17,32,25,0,74,20,16,20,0,56,61,47,0,2,3,0,5,1,0,1,0,2,5,9,12,0,26,13,10,7,0,30,0,1,2,2,244,196,24,26,0.923,0.839,1,0,6,0,5,1,1336,1641,623,2955,2869,55,142,0,31,0,0,0,0,0,0,86,0,0.0,-,,,,,,,,,,,,,,,,,,,,,,,,,,,,,,,
2025020473,2025-12-09,Jets,Stars,Home,RL,29,31,3.3812551878,2.811425487,2.4173817408,1.601886207,Eric Comrie,Casey DeSmith,CG,CG,0,0,0,0,0,0,0,0,0,0,0,0,0,0,0,11,14,8,0,33,6,8,5,0,19,19,22,18,0,59,18,17,15,0,50,45,38,0,2,1,0,3,1,2,1,0,4,15,12,5,0,32,6,0,2,0,8,0,2,4,4,480,443,15,30,0.789,0.909,0,0,0,0,1,0,0,3556,44,2403,2403,244,29,0,0,0,0,0,0,54,0,0,0,0.0,-,,,,,,,,,,,,,,,,,,,,,,,,,,,,,,,
2025020473,2025-12-09,Stars,Jets,Away,RW,31,29,2.811425487,3.3812551878,1.601886207,2.4173817408,Casey DeSmith,Eric Comrie,CG,CG,0,0,0,0,0,0,0,0,1,0,0,0,0,0,0,6,8,5,0,19,11,14,8,0,33,18,17,15,0,50,19,22,18,0,59,38,45,1,2,1,0,4,0,2,1,0,3,6,0,2,0,8,15,12,5,0,32,2,0,4,4,443,480,30,15,0.909,0.789,0,0,0,0,0,1,3556,0,44,2403,2403,29,244,0,0,0,0,0,0,0,54,0,0,0.0,-,,,,,,,,,,,,,,,,,,,,,,,,,,,,,,,
2025020474,2025-12-09,Oilers,Sabres,Home,OTL,30,30,2.7393652474,2.722091803,1.6911272579,1.680782266,Stuart Skinner,Colten Ellis,CG,IG,0,0,0,0,1,0,0,0,0,0,0,0,0,0,0,8,10,12,0,30,7,14,6,1,28,14,19,27,1,61,14,22,13,1,50,42,31,0,0,3,0,3,1,2,0,1,4,4,10,3,0,17,7,4,3,0,14,0,2,4,6,432,431,24,27,0.857,0.9,0,0,0,1,1,4,0,2457,1176,2614,2581,56,19,0,0,0,36,0,0,15,0,0,33,0.0,-,,,,,,,,,,,,,,,,,,,,,,,,,,,,,,,
2025020474,2025-12-09,Sabres,Oilers,Away,OTW,30,30,2.722091803,2.7393652474,1.680782266,1.6911272579,Colten Ellis,Stuart Skinner,IG,CG,1,0,0,0,0,0,0,0,1,0,0,0,0,0,0,7,14,6,1,28,8,10,12,0,30,14,22,13,1,50,14,19,27,1,61,31,42,1,2,0,1,4,0,0,3,0,3,7,4,3,0,14,4,10,3,0,17,2,0,6,4,431,432,27,24,0.9,0.857,0,0,1,0,4,1,2457,0,1176,2614,2581,19,56,0,0,36,0,0,0,0,15,0,33,0.0,-,,,,,,,,,,,,,,,,,,,,,,,,,,,,,,,
2025020475,2025-12-09,Predators,Avalanche,Home,SOW,29,30,3.6497336061,3.8270294212,2.7704237021,2.7322362272,Juuse Saros,Scott Wedgewood,CG,CG,0,0,0,0,0,1,1,0,0,0,0,0,1,0,0,11,6,9,5,31,13,13,12,4,42,21,18,19,5,63,18,22,21,5,66,51,47,2,0,1,0,3,2,0,1,0,3,5,1,5,0,11,3,4,2,0,9,1,1,2,4,184,448,39,28,0.929,0.903,0,0,1,0,1,2,705,173,3022,3128,2828,22,92,0,0,0,0,0,0,0,90,0,300,0.0,-,,,,,,,,,,,,,,,,,,,,,,,,,,,,,,,
2025020475,2025-12-09,Avalanche,Predators,Away,SOL,30,29,3.8270294212,3.6497336061,2.7322362272,2.7704237021,Scott Wedgewood,Juuse Saros,CG,CG,0,1,1,0,0,0,0,0,1,1,0,0,0,0,0,13,13,12,4,42,11,6,9,5,31,18,22,21,5,66,21,18,19,5,63,47,51,2,0,1,0,3,2,0,1,0,3,3,4,2,0,9,5,1,5,0,11,1,1,4,2,448,184,28,39,0.903,0.929,0,0,0,1,2,1,173,705,3022,3128,2828,92,22,0,0,0,0,0,0,90,0,0,300,0.0,-,,,,,,,,,,,,,,,,,,,,,,,,,,,,,,,
2025020476,2025-12-10,Blackhawks,Rangers,Home,RW,30,32,3.2630986077,2.2737751448,3.0077021007,1.8685501148,Spencer Knight,Igor Shesterkin,CG,CG,0,0,0,0,0,0,0,0,1,0,0,0,0,0,0,10,8,7,0,25,6,11,4,0,21,22,16,15,0,53,16,22,11,0,49,46,46,0,2,1,0,3,0,0,0,0,0,4,2,6,0,12,13,11,12,0,36,0,0,3,3,259,360,21,22,1.0,0.88,0,0,0,0,1,3,1972,0,1628,2903,2903,67,11,0,0,0,0,0,0,0,0,0,0,0.0,-,,,,,,,,,,,,,,,,,,,,,,,,,,,,,,,
2025020476,2025-12-10,Rangers,Blackhawks,Away,RL,32,30,2.2737751448,3.2630986077,1.8685501148,3.0077021007,Igor Shesterkin,Spencer Knight,CG,CG,0,0,0,0,0,0,0,0,0,0,0,0,0,0,0,6,11,4,0,21,10,8,7,0,25,16,22,11,0,49,22,16,15,0,53,46,46,0,0,0,0,0,0,2,1,0,3,13,11,12,0,36,4,2,6,0,12,0,0,3,3,360,259,22,21,0.88,1.0,0,0,0,0,3,1,0,1972,1628,2903,2903,11,67,0,0,0,0,0,0,0,0,0,0,0.0,-,,,,,,,,,,,,,,,,,,,,,,,,,,,,,,,
2025020477,2025-12-10,Flames,Red Wings,Home,RL,32,31,2.6058232549,4.183227049,2.0885346742,4.108709999,Devin Cooley,John Gibson,CG,CG,0,0,0,0,0,0,0,0,0,0,0,0,0,0,0,8,17,12,0,37,7,8,14,0,29,17,27,16,0,60,16,18,32,0,66,52,58,0,0,3,0,3,2,2,0,0,4,5,5,5,0,15,10,5,5,0,20,0,0,3,2,243,123,25,34,0.862,0.919,0,0,0,3,0,0,0,3538,62,3047,2976,111,30,0,0,0,0,0,0,6,3,71,0,0.0,-,,,,,,,,,,,,,,,,,,,,,,,,,,,,,,,
2025020477,2025-12-10,Red Wings,Flames,Away,RW,31,32,4.183227049,2.6058232549,4.108709999,2.0885346742,John Gibson,Devin Cooley,CG,CG,0,0,0,0,0,0,0,0,1,0,0,0,0,0,0,7,8,14,0,29,8,17,12,0,37,16,18,32,0,66,17,27,16,0,60,58,52,2,2,0,0,4,0,0,3,0,3,10,5,5,0,20,5,5,5,0,15,0,1,2,3,123,243,34,25,0.919,0.862,0,0,3,0,0,0,3538,0,62,3047,2976,30,111,0,0,0,0,0,0,3,6,71,0,0.0,-,,,,,,,,,,,,,,,,,,,,,,,,,,,,,,,
2025020478,2025-12-10,Mammoth,Panthers,Home,RL,32,29,3.0629283499,4.1193097625,2.3915964959,2.7463557575,Karel Vejmelka,Sergei Bobrovsky,CG,CG,0,0,1,0,0,0,0,0,1,1,0,0,0,0,0,13,13,4,0,30,10,7,19,0,36,26,22,11,0,59,23,19,40,0,82,50,56,1,2,0,0,3,1,2,1,0,4,8,8,3,0,19,9,5,7,0,21,0,0,3,2,363,194,32,27,0.889,0.9,0,0,0,1,2,4,474,829,2297,2987,2941,41,15,0,0,0,0,0,0,0,0,46,0,0.0,-,,,,,,,,,,,,,,,,,,,,,,,,,,,,,,,
2025020478,2025-12-10,Panthers,Mammoth,Away,RW,29,32,4.1193097625,3.0629283499,2.7463557575,2.3915964959,Sergei Bobrovsky,Karel Vejmelka,CG,CG,0,0,0,0,0,0,1,0,0,0,0,0,1,0,0,10,7,19,0,36,13,13,4,0,30,23,19,40,0,82,26,22,11,0,59,56,50,1,2,1,0,4,1,2,0,0,3,9,5,7,0,21,8,8,3,0,19,0,0,2,3,194,363,27,32,0.9,0.889,0,0,1,0,4,2,829,474,2297,2987,2941,15,41,0,0,0,0,0,0,0,0,46,0,0.0,-,,,,,,,,,,,,,,,,,,,,,,,,,,,,,,,
2025020479,2025-12-10,Kraken,Kings,Home,OTW,28,30,3.2608993246,3.3503743787999998,1.6805128196,1.9437381648,Joey Daccord,Anton Forsberg,CG,CG,0,0,0,0,0,0,0,0,1,0,0,0,1,0,0,6,16,10,1,33,9,6,11,0,26,17,25,22,1,65,27,15,24,0,66,40,47,0,1,1,1,3,0,1,1,0,2,6,4,8,0,18,5,3,10,0,18,3,1,7,5,474,483,24,30,0.923,0.909,0,0,1,3,1,6,295,294,3092,2485,2420,89,96,16,0,31,0,0,0,58,32,0,65,0.0,-,,,,,,,,,,,,,,,,,,,,,,,,,,,,,,,
2025020479,2025-12-10,Kings,Kraken,Away,OTL,30,28,3.3503743787999998,3.2608993246,1.9437381648,1.6805128196,Anton Forsberg,Joey Daccord,CG,CG,0,0,0,0,0,0,0,0,0,1,0,0,0,0,0,9,6,11,0,26,6,16,10,1,33,27,15,24,0,66,17,25,22,1,65,47,40,0,1,1,0,2,0,1,1,1,3,5,3,10,0,18,6,4,8,0,18,1,3,5,7,483,474,30,24,0.909,0.923,0,0,3,1,6,1,294,295,3092,2485,2420,96,89,0,16,0,31,0,0,32,58,0,65,0.0,-,,,,,,,,,,,,,,,,,,,,,,,,,,,,,,,
2025020480,2025-12-11,Maple Leafs,Sharks,Home,OTL,30,32,2.9332163787,3.3610400122,2.3688337397,2.3164236572,Dennis Hildeby,Alex Nedeljkovic,CG,CG,0,0,0,0,0,0,0,0,1,1,1,0,0,0,0,11,14,5,0,30,11,8,11,2,32,24,23,12,1,60,21,15,17,3,56,48,41,1,1,0,0,2,0,1,1,1,3,6,4,9,0,19,11,6,5,0,22,1,0,3,2,268,240,29,28,0.906,0.933,0,0,0,0,2,0,2642,0,1127,3118,2949,11,111,0,0,0,0,0,0,0,0,0,169,0.0,-,,,,,,,,,,,,,,,,,,,,,,,,,,,,,,,
2025020480,2025-12-11,Sharks,Maple Leafs,Away,OTW,32,30,3.3610400122,2.9332163787,2.3164236572,2.3688337397,Alex Nedeljkovic,Dennis Hildeby,CG,CG,0,0,0,0,0,0,0,0,0,0,0,0,1,1,0,11,8,11,2,32,11,14,5,0,30,21,15,17,3,56,24,23,12,1,60,41,48,0,1,1,1,3,1,1,0,0,2,11,6,5,0,22,6,4,9,0,19,0,1,2,3,240,268,28,29,0.933,0.906,0,0,0,0,0,2,0,2642,1127,3118,2949,111,11,0,0,0,0,0,0,0,0,0,169,0.0,-,,,,,,,,,,,,,,,,,,,,,,,,,,,,,,,
2025020481,2025-12-11,Devils,Lightning,Home,RL,31,31,3.0177749311,3.5293462776,2.0376106561,2.4506130666,Jacob Markstrom,Jonas Johansson,IG,CG,0,0,0,0,0,1,1,0,0,0,0,0,0,0,0,15,6,16,0,37,15,13,7,0,35,26,12,25,0,63,19,24,13,0,56,53,45,1,1,2,0,4,4,2,2,0,8,10,14,8,0,32,8,3,4,0,15,1,2,3,3,272,147,27,33,0.771,0.892,0,0,0,0,1,3,0,3423,177,3017,3004,40,104,0,0,0,0,0,0,0,20,13,0,0.0,-,,,,,,,,,,,,,,,,,,,,,,,,,,,,,,,
2025020481,2025-12-11,Lightning,Devils,Away,RW,31,31,3.5293462776,3.0177749311,2.4506130666,2.0376106561,Jonas Johansson,Jacob Markstrom,CG,IG,0,1,1,0,0,0,0,0,1,0,0,0,0,0,0,15,13,7,0,35,15,6,16,0,37,19,24,13,0,56,26,12,25,0,63,45,53,4,2,2,0,8,1,1,2,0,4,8,3,4,0,15,10,14,8,0,32,2,1,3,3,147,272,33,27,0.892,0.771,0,0,0,0,3,1,3423,0,177,3017,3004,104,40,0,0,0,0,0,0,20,0,13,0,0.0,-,,,,,,,,,,,,,,,,,,,,,,,,,,,,,,,
2025020482,2025-12-11,Islanders,Ducks,Home,RW,32,31,3.4526595973,3.3844107773,2.5689336703,2.3868041433,David Rittich,Ville Husso,CG,CG,0,0,1,0,0,0,0,0,1,0,0,0,0,0,0,13,15,9,0,37,12,10,11,0,33,24,30,18,0,72,23,22,29,0,74,57,59,3,0,2,0,5,0,1,1,0,2,9,3,8,0,20,3,9,3,0,15,2,0,4,1,376,39,31,32,0.939,0.865,0,0,4,0,2,2,3102,0,498,2945,2890,4,210,0,0,0,0,0,0,0,2,55,0,0.0,-,,,,,,,,,,,,,,,,,,,,,,,,,,,,,,,
2025020482,2025-12-11,Ducks,Islanders,Away,RL,31,32,3.3844107773,3.4526595973,2.3868041433,2.5689336703,Ville Husso,David Rittich,CG,CG,0,0,0,0,0,0,1,0,0,0,0,0,0,0,0,12,10,11,0,33,13,15,9,0,37,23,22,29,0,74,24,30,18,0,72,59,57,0,1,1,0,2,3,0,2,0,5,3,9,3,0,15,9,3,8,0,20,0,2,1,4,39,376,32,31,0.865,0.939,0,0,0,4,2,2,0,3102,498,2945,2890,210,4,0,0,0,0,0,0,2,0,55,0,0.0,-,,,,,,,,,,,,,,,,,,,,,,,,,,,,,,,
2025020483,2025-12-11,Flyers,Golden Knights,Home,OTL,29,30,1.9882126465,2.693844974,1.5724748175,1.95845581,Dan Vladar,Akira Schmid,CG,CG,0,0,0,0,0,0,0,0,0,0,0,0,0,0,0,5,9,5,0,19,6,9,5,2,22,19,12,13,1,45,13,20,17,2,52,38,43,1,1,0,0,2,1,1,0,1,3,11,8,6,0,25,9,7,7,0,23,0,1,3,2,378,168,19,17,0.864,0.895,0,0,0,0,3,0,0,799,2968,3175,3008,9,37,0,0,0,0,0,0,55,0,0,167,0.0,-,,,,,,,,,,,,,,,,,,,,,,,,,,,,,,,
2025020483,2025-12-11,Golden Knights,Flyers,Away,OTW,30,29,2.693844974,1.9882126465,1.95845581,1.5724748175,Akira Schmid,Dan Vladar,CG,CG,0,0,0,0,0,0,0,0,1,0,0,0,0,0,0,6,9,5,2,22,5,9,5,0,19,13,20,17,2,52,19,12,13,1,45,43,38,1,1,0,1,3,1,1,0,0,2,9,7,7,0,23,11,8,6,0,25,1,0,2,3,168,378,17,19,0.895,0.864,0,0,0,0,0,3,799,0,2968,3175,3008,37,9,0,0,0,0,0,0,0,55,0,167,0.0,-,,,,,,,,,,,,,,,,,,,,,,,,,,,,,,,
2025020484,2025-12-11,Penguins,Canadiens,Home,RL,29,30,3.1735600816,3.4205888225,1.2468356983,3.0460155885,Tristan Jarry,Jacob Fowler,CG,CG,0,0,0,0,0,0,1,0,0,0,0,0,0,0,0,4,16,18,0,38,9,11,9,0,29,18,31,25,0,74,21,23,23,0,67,40,48,0,0,2,0,2,1,2,1,0,4,6,11,8,0,25,6,4,2,0,12,1,1,6,4,530,285,25,36,0.862,0.947,0,0,0,7,2,2,0,3426,174,2540,2540,191,50,0,0,14,0,0,0,39,0,0,0,0.0,-,,,,,,,,,,,,,,,,,,,,,,,,,,,,,,,
2025020484,2025-12-11,Canadiens,Penguins,Away,RW,30,29,3.4205888225,3.1735600816,3.0460155885,1.2468356983,Jacob Fowler,Tristan Jarry,CG,CG,0,0,1,0,0,0,0,0,1,0,0,0,0,0,0,9,11,9,0,29,4,16,18,0,38,21,23,23,0,67,18,31,25,0,74,48,40,1,2,1,0,4,0,0,2,0,2,6,4,2,0,12,6,11,8,0,25,1,1,4,6,285,530,36,25,0.947,0.862,0,0,7,0,2,2,3426,0,174,2540,2540,50,191,0,0,0,14,0,0,0,39,0,0,0.0,-,,,,,,,,,,,,,,,,,,,,,,,,,,,,,,,
2025020485,2025-12-11,Capitals,Hurricanes,Home,SOL,31,30,3.2324360927,4.0656322251,2.3617517546999998,3.4098336811,Logan Thompson,Brandon Bussi,CG,CG,0,0,0,0,0,0,1,0,1,1,0,0,0,0,0,4,5,13,3,25,13,16,10,0,39,17,16,19,6,58,19,32,20,0,71,49,62,0,1,1,0,2,0,1,1,0,2,7,8,6,0,21,11,9,9,0,29,0,0,1,2,120,248,37,23,0.949,0.92,0,0,0,0,2,6,896,0,3004,3455,3155,23,24,0,0,0,0,0,0,0,0,0,300,0.0,-,,,,,,,,,,,,,,,,,,,,,,,,,,,,,,,
2025020485,2025-12-11,Hurricanes,Capitals,Away,SOW,30,31,4.0656322251,3.2324360927,3.4098336811,2.3617517546999998,Brandon Bussi,Logan Thompson,CG,CG,0,0,1,0,0,0,0,0,0,0,0,0,1,0,0,13,16,10,0,39,4,5,13,3,25,19,32,20,0,71,17,16,19,6,58,62,49,0,1,1,0,2,0,1,1,0,2,11,9,9,0,29,7,8,6,0,21,0,0,2,1,248,120,23,37,0.92,0.949,0,0,0,0,6,2,0,896,3004,3455,3155,24,23,0,0,0,0,0,0,0,0,0,300,0.0,-,,,,,,,,,,,,,,,,,,,,,,,,,,,,,,,
2025020486,2025-12-11,Blue Jackets,Senators,Home,RL,31,30,1.885321816,2.8812322911,1.5672490860000001,2.7182414111,Elvis Merzlikins,Linus Ullmark,IG,CG,0,0,1,0,0,0,0,0,0,0,0,0,0,0,0,9,11,7,0,27,7,12,10,0,29,16,18,15,0,49,20,25,14,0,59,42,57,1,2,0,0,3,4,1,1,0,6,10,10,3,0,23,9,6,3,0,18,1,1,1,2,59,174,23,24,0.793,0.889,0,1,0,2,1,1,0,3182,418,3232,3232,118,9,0,0,0,0,0,0,0,0,0,0,0.0,-,,,,,,,,,,,,,,,,,,,,,,,,,,,,,,,
2025020486,2025-12-11,Senators,Blue Jackets,Away,RW,30,31,2.8812322911,1.885321816,2.7182414111,1.5672490860000001,Linus Ullmark,Elvis Merzlikins,CG,IG,0,0,0,0,0,0,1,0,1,0,0,0,0,0,0,7,12,10,0,29,9,11,7,0,27,20,25,14,0,59,16,18,15,0,49,57,42,4,1,1,0,6,1,2,0,0,3,9,6,3,0,18,10,10,3,0,23,1,1,2,1,174,59,24,23,0.889,0.793,1,0,2,0,1,1,3182,0,418,3232,3232,9,118,0,0,0,0,0,0,0,0,0,0,0.0,-,,,,,,,,,,,,,,,,,,,,,,,,,,,,,,,
2025020487,2025-12-11,Predators,Blues,Home,RW,30,32,4.143531867,2.176728293,3.305659462,1.5135716427,Juuse Saros,Jordan Binnington,CG,IG,0,0,0,0,0,0,1,0,1,0,0,0,0,0,0,12,13,7,0,32,9,9,8,0,26,25,23,12,0,60,18,14,12,0,44,47,34,2,4,1,0,7,0,2,0,0,2,5,9,0,0,14,11,10,6,0,27,1,0,4,3,446,360,24,25,0.923,0.781,0,0,0,0,0,0,3098,0,502,2633,2633,108,48,0,0,0,0,0,0,0,0,0,0,0.0,-,,,,,,,,,,,,,,,,,,,,,,,,,,,,,,,
2025020487,2025-12-11,Blues,Predators,Away,RL,32,30,2.176728293,4.143531867,1.5135716427,3.305659462,Jordan Binnington,Juuse Saros,IG,CG,0,0,1,0,0,0,0,0,0,0,0,0,0,0,0,9,9,8,0,26,12,13,7,0,32,18,14,12,0,44,25,23,12,0,60,34,47,0,2,0,0,2,2,4,1,0,7,11,10,6,0,27,5,9,0,0,14,0,1,3,4,360,446,25,24,0.781,0.923,0,0,0,0,0,0,0,3098,502,2633,2633,48,108,0,0,0,0,0,0,0,0,0,0,0.0,-,,,,,,,,,,,,,,,,,,,,,,,,,,,,,,,
2025020488,2025-12-11,Wild,Stars,Home,RW,31,32,4.5327642123,1.1158597432,3.4400584597,0.9418290042,Filip Gustavsson,Jake Oettinger,CG,CG,0,0,0,0,0,0,0,0,0,0,0,0,1,0,0,14,12,6,0,32,5,4,9,0,18,23,32,22,0,77,12,17,15,0,44,64,38,1,1,3,0,5,1,1,0,0,2,8,11,7,0,26,5,4,3,0,12,0,1,3,1,367,41,16,27,0.889,0.844,2,0,3,0,3,3,680,829,2091,3054,3054,42,78,0,0,0,0,0,0,0,0,0,0,0.0,-,,,,,,,,,,,,,,,,,,,,,,,,,,,,,,,
2025020488,2025-12-11,Stars,Wild,Away,RL,32,31,1.1158597432,4.5327642123,0.9418290042,3.4400584597,Jake Oettinger,Filip Gustavsson,CG,CG,0,0,0,0,0,0,0,0,1,1,0,0,0,0,0,5,4,9,0,18,14,12,6,0,32,12,17,15,0,44,23,32,22,0,77,38,64,1,1,0,0,2,1,1,3,0,5,5,4,3,0,12,8,11,7,0,26,1,0,1,3,41,367,27,16,0.844,0.889,0,2,0,3,3,3,829,680,2091,3054,3054,78,42,0,0,0,0,0,0,0,0,0,0,0.0,-,,,,,,,,,,,,,,,,,,,,,,,,,,,,,,,
2025020489,2025-12-11,Jets,Bruins,Home,RL,30,32,2.7368639098,2.8039150028,2.0342652996,2.3669244367999998,Eric Comrie,Joonas Korpisalo,CG,CG,0,0,0,0,0,0,0,0,1,1,0,0,0,0,0,13,11,5,0,29,7,9,8,0,24,20,22,15,0,57,13,19,21,0,53,45,46,2,1,0,0,3,3,1,2,0,6,9,10,5,0,24,7,8,6,0,21,1,2,4,2,395,157,18,26,0.75,0.897,0,1,0,2,1,1,145,2972,483,2878,2878,88,34,0,0,0,0,0,0,0,0,0,0,0.0,-,,,,,,,,,,,,,,,,,,,,,,,,,,,,,,,
2025020489,2025-12-11,Bruins,Jets,Away,RW,32,30,2.8039150028,2.7368639098,2.3669244367999998,2.0342652996,Joonas Korpisalo,Eric Comrie,CG,CG,0,0,0,0,0,0,0,0,0,0,0,0,1,0,0,7,9,8,0,24,13,11,5,0,29,13,19,21,0,53,20,22,15,0,57,46,45,3,1,2,0,6,2,1,0,0,3,7,8,6,0,21,9,10,5,0,24,2,1,2,4,157,395,26,18,0.897,0.75,1,0,2,0,1,1,2972,145,483,2878,2878,34,88,0,0,0,0,0,0,0,0,0,0,0.0,-,,,,,,,,,,,,,,,,,,,,,,,,,,,,,,,
2025020491,2025-12-11,Oilers,Red Wings,Home,RW,31,32,3.2211429484,3.5827743415,2.7788856284,2.5647950105,Stuart Skinner,Cam Talbot,CG,CG,0,0,0,0,1,1,1,0,1,0,0,0,0,0,0,7,15,7,0,29,7,9,12,0,28,20,26,18,0,64,22,19,20,0,61,56,46,1,2,1,0,4,0,1,0,0,1,11,9,5,0,25,4,2,3,0,9,1,0,2,2,196,240,27,25,0.964,0.862,1,0,4,0,2,2,2735,0,865,3068,3068,2,86,0,0,0,0,0,0,0,0,0,0,0.0,-,,,,,,,,,,,,,,,,,,,,,,,,,,,,,,,
2025020491,2025-12-11,Red Wings,Oilers,Away,RL,32,31,3.5827743415,3.2211429484,2.5647950105,2.7788856284,Cam Talbot,Stuart Skinner,CG,CG,1,1,1,0,0,0,0,0,0,0,0,0,0,0,0,7,9,12,0,28,7,15,7,0,29,22,19,20,0,61,20,26,18,0,64,46,56,0,1,0,0,1,1,2,1,0,4,4,2,3,0,9,11,9,5,0,25,0,1,2,2,240,196,25,27,0.862,0.964,0,1,0,4,2,2,0,2735,865,3068,3068,86,2,0,0,0,0,0,0,0,0,0,0,0.0,-,,,,,,,,,,,,,,,,,,,,,,,,,,,,,,,
2025020490,2025-12-11,Avalanche,Panthers,Home,RW,31,30,4.3895288217,1.8485017955,3.9530658727,1.5291781115,Mackenzie Blackwood,Daniil Tarasov,CG,CG,0,0,1,0,1,0,1,0,1,0,0,0,0,0,0,20,14,8,0,42,12,8,5,0,25,31,25,20,0,76,20,13,16,0,49,65,42,2,3,1,0,6,1,0,1,0,2,5,4,2,0,11,13,10,5,0,28,0,0,3,2,405,240,23,36,0.92,0.857,0,0,0,0,1,0,2857,0,743,2929,2929,16,10,0,0,0,0,0,0,0,0,0,0,0.0,-,,,,,,,,,,,,,,,,,,,,,,,,,,,,,,,
2025020490,2025-12-11,Panthers,Avalanche,Away,RL,30,31,1.8485017955,4.3895288217,1.5291781115,3.9530658727,Daniil Tarasov,Mackenzie Blackwood,CG,CG,1,0,1,0,0,0,1,0,0,0,0,0,0,0,0,12,8,5,0,25,20,14,8,0,42,20,13,16,0,49,31,25,20,0,76,42,65,1,0,1,0,2,2,3,1,0,6,13,10,5,0,28,5,4,2,0,11,0,0,2,3,240,405,36,23,0.857,0.92,0,0,0,0,0,1,0,2857,743,2929,2929,10,16,0,0,0,0,0,0,0,0,0,0,0.0,-,,,,,,,,,,,,,,,,,,,,,,,,,,,,,,,
2025020492,2025-12-11,Canucks,Sabres,Home,RL,31,31,3.442612209,1.787812777,2.736331512,1.501640003,Thatcher Demko,Alex Lyon,CG,CG,0,0,0,0,0,1,0,0,0,1,0,0,0,0,0,12,8,12,0,32,7,6,2,0,15,26,17,22,0,65,19,18,19,0,56,52,45,1,1,0,0,2,1,2,0,0,3,11,9,2,0,22,4,6,3,0,13,1,1,3,2,290,157,12,30,0.8,0.938,0,0,0,4,2,1,177,2247,1176,2937,2865,150,13,0,0,0,0,0,0,0,0,72,0,0.0,-,,,,,,,,,,,,,,,,,,,,,,,,,,,,,,,
2025020492,2025-12-11,Sabres,Canucks,Away,RW,31,31,1.787812777,3.442612209,1.501640003,2.736331512,Alex Lyon,Thatcher Demko,CG,CG,0,1,0,0,0,0,0,0,1,0,0,0,1,0,0,7,6,2,0,15,12,8,12,0,32,19,18,19,0,56,26,17,22,0,65,45,52,1,2,0,0,3,1,1,0,0,2,4,6,3,0,13,11,9,2,0,22,1,1,2,3,157,290,30,12,0.938,0.8,0,0,4,0,1,2,2247,177,1176,2937,2865,13,150,0,0,0,0,0,0,0,0,72,0,0.0,-,,,,,,,,,,,,,,,,,,,,,,,,,,,,,,,
2025020493,2025-12-12,Blues,Blackhawks,Home,RW,33,31,3.485013809,2.0939220924,3.214204755,2.0610267844,Joel Hofer,Spencer Knight,CG,CG,1,1,1,1,0,0,0,0,1,0,0,0,0,0,0,11,9,6,0,26,6,12,11,0,29,17,19,17,0,53,15,18,18,0,51,48,46,2,1,0,0,3,1,0,1,0,2,10,11,9,0,30,3,10,6,0,19,0,0,1,0,120,0,27,23,0.931,0.885,0,0,1,0,3,1,3379,0,221,3297,3210,0,144,0,0,0,0,0,0,0,0,87,0,0.0,-,,,,,,,,,,,,,,,,,,,,,,,,,,,,,,,
2025020493,2025-12-12,Blackhawks,Blues,Away,RL,31,33,2.0939220924,3.485013809,2.0610267844,3.214204755,Spencer Knight,Joel Hofer,CG,CG,0,0,0,0,1,1,1,1,0,0,0,0,0,0,0,6,12,11,0,29,11,9,6,0,26,15,18,18,0,51,17,19,17,0,53,46,48,1,0,1,0,2,2,1,0,0,3,3,10,6,0,19,10,11,9,0,30,0,0,0,1,0,120,23,27,0.885,0.931,0,0,0,1,1,3,0,3379,221,3297,3210,144,0,0,0,0,0,0,0,0,0,87,0,0.0,-,,,,,,,,,,,,,,,,,,,,,,,,,,,,,,,
2025020494,2025-12-12,Mammoth,Kraken,Home,RW,33,29,4.416567185,3.8167981787,3.223716565,2.1122765827,Karel Vejmelka,Philipp Grubauer,CG,CG,0,0,0,0,0,0,0,0,0,0,0,0,1,0,0,12,13,8,0,33,9,16,12,0,37,20,30,18,0,68,27,29,23,0,79,53,58,0,2,3,0,5,0,1,2,0,3,3,7,3,0,13,4,4,6,0,14,1,0,2,4,141,376,34,28,0.919,0.848,2,0,4,0,2,0,1291,274,2035,2918,2820,35,86,0,0,0,79,0,0,0,0,98,0,0.0,-,,,,,,,,,,,,,,,,,,,,,,,,,,,,,,,
2025020494,2025-12-12,Kraken,Mammoth,Away,RL,29,33,3.8167981787,4.416567185,2.1122765827,3.223716565,Philipp Grubauer,Karel Vejmelka,CG,CG,0,0,0,0,0,0,0,0,1,1,0,0,0,0,0,9,16,12,0,37,12,13,8,0,33,27,29,23,0,79,20,30,18,0,68,58,53,0,1,2,0,3,0,2,3,0,5,4,4,6,0,14,3,7,3,0,13,0,1,4,2,376,141,28,34,0.848,0.919,0,2,0,4,0,2,274,1291,2035,2918,2820,86,35,0,0,79,0,0,0,0,0,98,0,0.0,-,,,,,,,,,,,,,,,,,,,,,,,,,,,,,,,
2025020495,2025-12-13,Devils,Ducks,Home,RW,32,32,3.4613746574,2.537243461,2.6370956664,1.885734004,Jake Allen,Lukas Dostal,CG,CG,0,0,0,0,0,0,0,0,0,0,0,0,1,0,0,9,8,5,0,22,6,11,14,0,31,21,19,14,0,54,19,25,25,0,69,42,55,1,2,1,0,4,1,0,0,0,1,6,5,6,0,17,5,6,6,0,17,0,0,2,3,159,360,30,18,0.968,0.818,1,0,4,0,3,2,2048,171,1381,2838,2838,82,161,0,0,40,0,0,0,0,0,0,0,0.0,-,,,,,,,,,,,,,,,,,,,,,,,,,,,,,,,
2025020495,2025-12-13,Ducks,Devils,Away,RL,32,32,2.537243461,3.4613746574,1.885734004,2.6370956664,Lukas Dostal,Jake Allen,CG,CG,0,0,0,0,0,0,0,0,1,1,0,0,0,0,0,6,11,14,0,31,9,8,5,0,22,19,25,25,0,69,21,19,14,0,54,55,42,1,0,0,0,1,1,2,1,0,4,5,6,6,0,17,6,5,6,0,17,0,0,3,2,360,159,18,30,0.818,0.968,0,1,0,4,2,3,171,2048,1381,2838,2838,161,82,0,0,0,40,0,0,0,0,0,0,0.0,-,,,,,,,,,,,,,,,,,,,,,,,,,,,,,,,
2025020496,2025-12-13,Wild,Senators,Home,RW,32,31,2.6843632077,3.9053515051,2.1273126507,2.7172457171,Jesper Wallstedt,Leevi Meriläinen,CG,CG,0,0,0,0,0,0,0,0,1,0,0,0,0,0,0,5,16,4,0,25,8,18,10,0,36,14,30,11,0,55,17,27,19,0,63,46,47,0,2,1,0,3,0,1,1,0,2,7,5,9,0,21,15,7,8,0,30,1,2,3,4,386,278,34,22,0.944,0.88,0,0,2,0,2,3,1335,0,2265,2743,2694,24,74,0,0,0,72,0,0,0,0,49,0,0.0,-,,,,,,,,,,,,,,,,,,,,,,,,,,,,,,,
2025020496,2025-12-13,Senators,Wild,Away,RL,31,32,3.9053515051,2.6843632077,2.7172457171,2.1273126507,Leevi Meriläinen,Jesper Wallstedt,CG,CG,0,0,0,0,0,0,0,0,0,0,0,0,0,0,0,8,18,10,0,36,5,16,4,0,25,17,27,19,0,63,14,30,11,0,55,47,46,0,1,1,0,2,0,2,1,0,3,15,7,8,0,30,7,5,9,0,21,2,1,4,3,278,386,22,34,0.88,0.944,0,0,0,2,3,2,0,1335,2265,2743,2694,74,24,0,0,72,0,0,0,0,0,49,0,0.0,-,,,,,,,,,,,,,,,,,,,,,,,,,,,,,,,
2025020497,2025-12-13,Penguins,Sharks,Home,OTL,30,33,4.6648618167,4.6685971719,2.9152980741,3.5591081239,Arturs Silovs,Yaroslav Askarov,CG,CG,0,0,0,0,0,0,0,0,0,1,1,1,0,0,0,12,20,10,1,43,7,6,17,1,31,24,35,20,2,81,23,20,25,1,69,55,53,1,3,1,0,5,1,0,4,1,6,7,2,5,0,14,6,6,5,0,17,3,1,5,4,372,334,25,38,0.806,0.884,0,0,3,0,3,3,2283,134,1360,2946,2610,2,72,0,0,0,30,0,3,30,0,159,177,0.0,-,,,,,,,,,,,,,,,,,,,,,,,,,,,,,,,
2025020497,2025-12-13,Sharks,Penguins,Away,OTW,33,30,4.6685971719,4.6648618167,3.5591081239,2.9152980741,Yaroslav Askarov,Arturs Silovs,CG,CG,0,0,0,0,0,0,0,0,1,0,0,0,1,1,1,7,6,17,1,31,12,20,10,1,43,23,20,25,1,69,24,35,20,2,81,53,55,1,0,4,1,6,1,3,1,0,5,6,6,5,0,17,7,2,5,0,14,1,3,4,5,334,372,38,25,0.884,0.806,0,0,0,3,3,3,134,2283,1360,2946,2610,72,2,0,0,30,0,3,0,0,30,159,177,0.0,-,,,,,,,,,,,,,,,,,,,,,,,,,,,,,,,
2025020498,2025-12-13,Islanders,Lightning,Home,SOW,33,32,2.3934532947,3.970315148,2.0234316786999997,2.213088316,Ilya Sorokin,Jonas Johansson,CG,CG,0,0,0,0,0,0,1,0,1,0,0,0,0,0,0,9,1,6,1,17,8,17,8,1,34,21,13,17,2,53,14,26,17,3,60,44,40,2,0,0,0,2,0,1,1,0,2,7,4,8,0,19,13,9,5,0,27,1,1,4,4,306,390,32,15,0.941,0.882,0,0,0,0,2,5,2415,0,1485,3115,2735,78,4,54,0,0,53,0,0,0,0,80,300,0.0,-,,,,,,,,,,,,,,,,,,,,,,,,,,,,,,,
2025020498,2025-12-13,Lightning,Islanders,Away,SOL,32,33,3.970315148,2.3934532947,2.213088316,2.0234316786999997,Jonas Johansson,Ilya Sorokin,CG,CG,0,0,1,0,0,0,0,0,0,0,0,0,0,0,0,8,17,8,1,34,9,1,6,1,17,14,26,17,3,60,21,13,17,2,53,40,44,0,1,1,0,2,2,0,0,0,2,13,9,5,0,27,7,4,8,0,19,1,1,4,4,390,306,15,32,0.882,0.941,0,0,0,0,5,2,0,2415,1485,3115,2735,4,78,0,54,53,0,0,0,0,0,80,300,0.0,-,,,,,,,,,,,,,,,,,,,,,,,,,,,,,,,
2025020499,2025-12-13,Maple Leafs,Oilers,Home,RL,31,32,2.8757505223,4.7874081287,2.1751253533,4.0622460927,Dennis Hildeby,Tristan Jarry,IG,CG,0,0,0,0,0,0,0,0,0,1,0,0,0,0,0,10,12,6,0,28,12,14,12,0,38,18,24,20,0,62,20,24,20,0,64,50,53,1,1,1,0,3,1,2,3,0,6,10,6,9,0,25,6,6,5,0,17,0,0,1,2,120,240,32,25,0.842,0.893,0,0,0,0,3,0,335,1989,1276,3209,3209,22,9,0,0,0,0,0,0,0,0,0,0,0.0,-,,,,,,,,,,,,,,,,,,,,,,,,,,,,,,,
2025020499,2025-12-13,Oilers,Maple Leafs,Away,RW,32,31,4.7874081287,2.8757505223,4.0622460927,2.1751253533,Tristan Jarry,Dennis Hildeby,CG,IG,0,0,0,0,0,0,0,0,1,0,0,0,1,0,0,12,14,12,0,38,10,12,6,0,28,20,24,20,0,64,18,24,20,0,62,53,50,1,2,3,0,6,1,1,1,0,3,6,6,5,0,17,10,6,9,0,25,0,0,2,1,240,120,25,32,0.893,0.842,0,0,0,0,0,3,1989,335,1276,3209,3209,9,22,0,0,0,0,0,0,0,0,0,0,0.0,-,,,,,,,,,,,,,,,,,,,,,,,,,,,,,,,
2025020500,2025-12-13,Rangers,Canadiens,Home,OTW,33,31,4.6932751177,3.1060715793,2.9135132715,2.1520464383,Igor Shesterkin,Jacob Fowler,CG,CG,0,0,0,0,0,0,0,0,0,0,0,0,1,1,1,11,8,5,5,29,7,4,6,1,18,25,22,20,7,74,22,11,24,2,59,53,52,2,2,0,1,5,3,1,0,0,4,11,10,11,0,32,8,9,4,0,21,2,0,2,1,178,142,14,24,0.778,0.828,0,0,0,0,3,3,0,917,2859,3408,3193,7,6,68,0,0,0,0,0,0,0,107,108,0.0,-,,,,,,,,,,,,,,,,,,,,,,,,,,,,,,,
2025020500,2025-12-13,Canadiens,Rangers,Away,OTL,31,33,3.1060715793,4.6932751177,2.1520464383,2.9135132715,Jacob Fowler,Igor Shesterkin,CG,CG,0,0,0,0,0,0,0,0,1,1,1,1,0,0,0,7,4,6,1,18,11,8,5,5,29,22,11,24,2,59,25,22,20,7,74,52,53,3,1,0,0,4,2,2,0,1,5,8,9,4,0,21,11,10,11,0,32,0,2,1,2,142,178,24,14,0.828,0.778,0,0,0,0,3,3,917,0,2859,3408,3193,6,7,0,68,0,0,0,0,0,0,107,108,0.0,-,,,,,,,,,,,,,,,,,,,,,,,,,,,,,,,
2025020501,2025-12-13,Flyers,Hurricanes,Home,SOL,30,31,2.6735738986,3.6212228892000002,1.9094702766,2.7044778592,Samuel Ersson,Pyotr Kochetkov,CG,CG,0,0,0,0,0,0,0,0,1,1,1,0,0,0,0,7,9,2,0,18,5,8,6,2,21,15,22,9,2,48,12,18,16,4,50,41,42,2,0,1,0,3,0,2,1,0,3,10,7,11,0,28,9,7,3,0,19,0,0,0,2,0,240,18,15,0.857,0.833,0,0,0,0,1,3,1448,23,2429,3625,3325,35,0,0,0,0,0,0,0,0,0,0,300,0.0,-,,,,,,,,,,,,,,,,,,,,,,,,,,,,,,,
2025020501,2025-12-13,Hurricanes,Flyers,Away,SOW,31,30,3.6212228892000002,2.6735738986,2.7044778592,1.9094702766,Pyotr Kochetkov,Samuel Ersson,CG,CG,0,0,0,0,0,0,0,0,0,0,0,0,1,1,0,5,8,6,2,21,7,9,2,0,18,12,18,16,4,50,15,22,9,2,48,42,41,0,2,1,0,3,2,0,1,0,3,9,7,3,0,19,10,7,11,0,28,0,0,2,0,240,0,15,18,0.833,0.857,0,0,0,0,3,1,23,1448,2429,3625,3325,0,35,0,0,0,0,0,0,0,0,0,300,0.0,-,,,,,,,,,,,,,,,,,,,,,,,,,,,,,,,
2025020502,2025-12-13,Blue Jackets,Golden Knights,Home,RL,32,31,2.1482394655,1.948030115,1.8168427434999999,1.3440327269999999,Jet Greaves,Carter Hart,CG,CG,0,0,0,0,0,0,0,0,1,1,0,0,0,0,0,9,10,11,0,30,9,7,10,0,26,15,17,26,0,58,22,23,17,0,62,50,49,1,0,1,0,2,0,1,2,0,3,2,7,6,0,15,7,3,5,0,15,0,1,4,3,419,265,23,28,0.885,0.933,0,0,0,1,1,2,882,407,2311,2851,2851,31,30,0,0,0,0,0,0,29,0,0,0,0.0,-,,,,,,,,,,,,,,,,,,,,,,,,,,,,,,,
2025020502,2025-12-13,Golden Knights,Blue Jackets,Away,RW,31,32,1.948030115,2.1482394655,1.3440327269999999,1.8168427434999999,Carter Hart,Jet Greaves,CG,CG,0,0,0,0,0,0,0,0,0,0,0,0,1,0,0,9,7,10,0,26,9,10,11,0,30,22,23,17,0,62,15,17,26,0,58,49,50,0,1,2,0,3,1,0,1,0,2,7,3,5,0,15,2,7,6,0,15,1,0,3,4,265,419,28,23,0.933,0.885,0,0,1,0,2,1,407,882,2311,2851,2851,30,31,0,0,0,0,0,0,0,29,0,0,0.0,-,,,,,,,,,,,,,,,,,,,,,,,,,,,,,,,
2025020503,2025-12-13,Jets,Capitals,Home,RW,31,32,3.51554783,1.7830213267,2.561379692,1.2382184427,Connor Hellebuyck,Logan Thompson,CG,CG,0,0,0,0,0,0,0,0,1,0,0,0,0,0,0,13,10,12,0,35,3,9,13,0,25,21,16,26,0,63,8,17,25,0,50,46,38,2,2,1,0,5,0,0,1,0,1,11,5,7,0,23,5,7,8,0,20,1,1,3,5,269,515,24,30,0.96,0.857,0,0,0,0,1,1,3047,0,553,2749,2749,59,8,0,0,0,62,0,0,0,0,0,0,0.0,-,,,,,,,,,,,,,,,,,,,,,,,,,,,,,,,
2025020503,2025-12-13,Capitals,Jets,Away,RL,32,31,1.7830213267,3.51554783,1.2382184427,2.561379692,Logan Thompson,Connor Hellebuyck,CG,CG,0,0,0,0,0,0,0,0,0,0,0,0,0,0,0,3,9,13,0,25,13,10,12,0,35,8,17,25,0,50,21,16,26,0,63,38,46,0,0,1,0,1,2,2,1,0,5,5,7,8,0,20,11,5,7,0,23,1,1,5,3,515,269,30,24,0.857,0.96,0,0,0,0,1,1,0,3047,553,2749,2749,8,59,0,0,62,0,0,0,0,0,0,0,0.0,-,,,,,,,,,,,,,,,,,,,,,,,,,,,,,,,
2025020504,2025-12-13,Blackhawks,Red Wings,Home,RL,32,33,2.5039169547,2.897742859,1.7427012617,2.024349189,Arvid Soderblom,John Gibson,CG,CG,1,1,0,0,0,1,1,0,0,0,0,0,0,0,0,8,6,12,0,26,10,10,4,0,24,16,18,23,0,57,22,20,15,0,57,43,45,0,0,0,0,0,2,1,1,0,4,14,7,9,0,30,8,2,5,0,15,0,0,3,3,356,356,20,26,0.833,1.0,0,1,0,2,2,2,0,3545,55,2732,2732,132,20,0,0,0,0,0,0,0,42,0,0,0.0,-,,,,,,,,,,,,,,,,,,,,,,,,,,,,,,,
2025020504,2025-12-13,Red Wings,Blackhawks,Away,RW,33,32,2.897742859,2.5039169547,2.024349189,1.7427012617,John Gibson,Arvid Soderblom,CG,CG,0,1,1,0,1,1,0,0,1,0,0,0,0,0,0,10,10,4,0,24,8,6,12,0,26,22,20,15,0,57,16,18,23,0,57,45,43,2,1,1,0,4,0,0,0,0,0,8,2,5,0,15,14,7,9,0,30,0,0,3,3,356,356,26,20,1.0,0.833,1,0,2,0,2,2,3545,0,55,2732,2732,20,132,0,0,0,0,0,0,42,0,0,0,0.0,-,,,,,,,,,,,,,,,,,,,,,,,,,,,,,,,
2025020505,2025-12-13,Stars,Panthers,Home,RL,33,31,1.7896090656,2.520955957,1.4341836636,1.864853103,Jake Oettinger,Sergei Bobrovsky,CG,CG,0,0,0,0,0,1,0,0,0,0,0,0,0,0,0,2,7,6,0,15,2,13,8,0,23,15,17,13,0,45,14,20,17,0,51,35,37,0,0,0,0,0,0,3,1,0,4,3,9,1,0,13,13,3,6,0,22,0,1,3,3,368,264,19,15,0.826,1.0,0,1,0,3,2,4,0,2381,1219,2770,2685,145,21,0,0,0,0,0,0,0,3,85,0,0.0,-,,,,,,,,,,,,,,,,,,,,,,,,,,,,,,,
2025020505,2025-12-13,Panthers,Stars,Away,RW,31,33,2.520955957,1.7896090656,1.864853103,1.4341836636,Sergei Bobrovsky,Jake Oettinger,CG,CG,0,1,0,0,0,0,0,0,1,0,0,0,0,0,0,2,13,8,0,23,2,7,6,0,15,14,20,17,0,51,15,17,13,0,45,37,35,0,3,1,0,4,0,0,0,0,0,13,3,6,0,22,3,9,1,0,13,1,0,3,3,264,368,15,19,1.0,0.826,1,0,3,0,4,2,2381,0,1219,2770,2685,21,145,0,0,0,0,0,0,3,0,85,0,0.0,-,,,,,,,,,,,,,,,,,,,,,,,,,,,,,,,
2025020506,2025-12-13,Avalanche,Predators,Home,RW,32,31,5.9446104094,3.1158762391,4.0032320214,2.3582784511,Scott Wedgewood,Justus Annunen,CG,CG,0,0,0,0,0,0,0,0,1,0,0,0,0,0,0,11,15,15,0,41,8,13,8,0,29,18,29,27,0,74,21,28,17,0,66,54,51,2,1,1,0,4,1,0,1,0,2,7,5,4,0,16,7,4,7,0,18,0,1,4,3,458,284,27,37,0.931,0.902,1,0,3,0,2,1,3514,0,86,2718,2705,29,91,0,0,0,0,0,0,0,26,13,0,0.0,-,,,,,,,,,,,,,,,,,,,,,,,,,,,,,,,
2025020506,2025-12-13,Predators,Avalanche,Away,RL,31,32,3.1158762391,5.9446104094,2.3582784511,4.0032320214,Justus Annunen,Scott Wedgewood,CG,CG,0,0,0,0,0,0,0,0,0,0,0,0,0,0,0,8,13,8,0,29,11,15,15,0,41,21,28,17,0,66,18,29,27,0,74,51,54,1,0,1,0,2,2,1,1,0,4,7,4,7,0,18,7,5,4,0,16,1,0,3,4,284,458,37,27,0.902,0.931,0,1,0,3,1,2,0,3514,86,2718,2705,91,29,0,0,0,0,0,0,26,0,13,0,0.0,-,,,,,,,,,,,,,,,,,,,,,,,,,,,,,,,
2025020507,2025-12-13,Kings,Flames,Home,OTL,31,33,2.7381323535,3.181698023,1.9901658455,2.224665631,Darcy Kuemper,Dustin Wolf,CG,CG,0,0,0,0,0,0,0,0,1,1,0,0,0,0,0,7,4,11,0,22,13,17,7,1,38,23,16,19,0,58,21,24,16,1,62,48,50,1,0,0,0,1,0,1,0,1,2,4,5,4,0,13,5,3,4,0,12,0,0,2,4,240,480,36,21,0.947,0.955,0,0,0,0,2,0,931,0,2735,2854,2788,7,43,0,0,0,0,0,0,0,0,0,66,0.0,-,,,,,,,,,,,,,,,,,,,,,,,,,,,,,,,
2025020507,2025-12-13,Flames,Kings,Away,OTW,33,31,3.181698023,2.7381323535,2.224665631,1.9901658455,Dustin Wolf,Darcy Kuemper,CG,CG,0,0,0,0,0,0,0,0,0,0,0,0,1,0,0,13,17,7,1,38,7,4,11,0,22,21,24,16,1,62,23,16,19,0,58,50,48,0,1,0,1,2,1,0,0,0,1,5,3,4,0,12,4,5,4,0,13,0,0,4,2,480,240,21,36,0.955,0.947,0,0,0,0,0,2,0,931,2735,2854,2788,43,7,0,0,0,0,0,0,0,0,0,66,0.0,-,,,,,,,,,,,,,,,,,,,,,,,,,,,,,,,
2025020508,2025-12-14,Devils,Canucks,Home,RL,33,32,2.6776670892,2.583222299,1.7730169752,1.8649019359999999,Jacob Markstrom,Thatcher Demko,CG,CG,1,1,1,0,0,0,0,0,0,0,0,0,0,0,0,5,13,8,0,26,8,6,1,0,15,11,22,21,0,54,16,16,14,0,46,43,35,0,1,0,0,1,2,0,0,0,2,6,8,4,0,18,10,7,5,0,22,0,2,3,3,261,202,13,25,0.867,0.962,0,0,0,6,1,2,0,3539,61,2875,2875,163,69,0,0,73,0,0,0,0,0,0,0,0.0,-,,,,,,,,,,,,,,,,,,,,,,,,,,,,,,,
2025020508,2025-12-14,Canucks,Devils,Away,RW,32,33,2.583222299,2.6776670892,1.8649019359999999,1.7730169752,Thatcher Demko,Jacob Markstrom,CG,CG,0,0,0,0,1,1,1,0,1,0,0,0,0,0,0,8,6,1,0,15,5,13,8,0,26,16,16,14,0,46,11,22,21,0,54,35,43,2,0,0,0,2,0,1,0,0,1,10,7,5,0,22,6,8,4,0,18,2,0,3,3,202,261,25,13,0.962,0.867,0,0,6,0,2,1,3539,0,61,2875,2875,69,163,0,0,0,73,0,0,0,0,0,0,0.0,-,,,,,,,,,,,,,,,,,,,,,,,,,,,,,,,
2025020509,2025-12-14,Penguins,Mammoth,Home,OTL,31,34,1.7549211593,2.802587339,1.4554470042999998,1.573469266,Sergei Murashov,Karel Vejmelka,CG,CG,1,1,1,0,0,0,0,0,1,1,1,1,0,0,0,6,4,6,0,16,7,11,17,1,36,13,14,13,0,40,18,25,23,1,67,33,48,2,1,1,0,4,0,0,4,1,5,4,4,10,0,18,3,4,2,0,9,0,1,2,5,240,571,31,12,0.861,0.75,0,0,0,0,1,4,2687,420,535,2627,2585,111,64,0,0,0,0,0,0,0,0,0,42,0.0,-,,,,,,,,,,,,,,,,,,,,,,,,,,,,,,,
2025020509,2025-12-14,Mammoth,Penguins,Away,OTW,34,31,2.802587339,1.7549211593,1.573469266,1.4554470042999998,Karel Vejmelka,Sergei Murashov,CG,CG,0,0,0,0,1,1,1,0,0,0,0,0,1,1,1,7,11,17,1,36,6,4,6,0,16,18,25,23,1,67,13,14,13,0,40,48,33,0,0,4,1,5,2,1,1,0,4,3,4,2,0,9,4,4,10,0,18,1,0,5,2,571,240,12,31,0.75,0.861,0,0,0,0,4,1,420,2687,535,2627,2585,64,111,0,0,0,0,0,0,0,0,0,42,0.0,-,,,,,,,,,,,,,,,,,,,,,,,,,,,,,,,
2025020510,2025-12-14,Hurricanes,Flyers,Home,SOW,32,31,4.3328713002,2.8991483925,2.9875225392,1.2528657505,Brandon Bussi,Dan Vladar,CG,CG,1,1,1,1,1,1,1,0,1,0,0,0,0,0,0,14,9,7,2,32,4,7,15,0,26,29,19,18,4,70,12,18,25,4,59,47,33,2,0,0,0,2,1,0,1,0,2,4,3,3,0,10,7,5,11,0,23,1,0,6,4,547,398,24,30,0.923,0.938,0,0,1,0,1,1,3144,0,756,2785,2454,33,81,119,0,0,0,0,0,44,0,216,115,0.0,-,,,,,,,,,,,,,,,,,,,,,,,,,,,,,,,
2025020510,2025-12-14,Flyers,Hurricanes,Away,SOL,31,32,2.8991483925,4.3328713002,1.2528657505,2.9875225392,Dan Vladar,Brandon Bussi,CG,CG,1,1,1,0,1,1,1,1,0,0,0,0,0,0,0,4,7,15,0,26,14,9,7,2,32,12,18,25,4,59,29,19,18,4,70,33,47,1,0,1,0,2,2,0,0,0,2,7,5,11,0,23,4,3,3,0,10,0,1,4,6,398,547,30,24,0.938,0.923,0,0,0,1,1,1,0,3144,756,2785,2454,81,33,0,119,0,0,0,0,0,44,216,115,0.0,-,,,,,,,,,,,,,,,,,,,,,,,,,,,,,,,
2025020511,2025-12-14,Wild,Bruins,Home,RW,33,33,3.242823227,2.476247489,2.526377976,2.1658611039999998,Filip Gustavsson,Jeremy Swayman,CG,CG,1,1,0,0,0,0,0,0,1,0,0,0,0,0,0,6,13,12,0,31,7,9,15,0,31,15,22,23,0,60,16,23,26,0,65,52,59,1,2,3,0,6,0,0,2,0,2,6,6,2,0,14,10,3,7,0,20,2,0,3,2,327,240,29,25,0.935,0.806,0,0,0,0,1,2,2989,0,611,2963,2963,19,18,0,0,0,0,0,0,0,0,0,0,0.0,-,,,,,,,,,,,,,,,,,,,,,,,,,,,,,,,
2025020511,2025-12-14,Bruins,Wild,Away,RL,33,33,2.476247489,3.242823227,2.1658611039999998,2.526377976,Jeremy Swayman,Filip Gustavsson,CG,CG,0,0,0,0,1,1,0,0,0,0,0,0,0,0,0,7,9,15,0,31,6,13,12,0,31,16,23,26,0,65,15,22,23,0,60,59,52,0,0,2,0,2,1,2,3,0,6,10,3,7,0,20,6,6,2,0,14,0,2,2,3,240,327,25,29,0.806,0.935,0,0,0,0,2,1,0,2989,611,2963,2963,18,19,0,0,0,0,0,0,0,0,0,0,0.0,-,,,,,,,,,,,,,,,,,,,,,,,,,,,,,,,
2025020512,2025-12-14,Canadiens,Oilers,Home,RW,32,33,3.4507591737,3.8814130753,2.1458793267,1.9020451493000001,Jakub Dobes,Calvin Pickard,CG,CG,1,1,1,1,1,1,1,0,1,0,0,0,0,0,0,10,12,5,0,27,12,6,10,0,28,16,17,15,0,48,19,20,19,0,58,32,34,0,2,2,0,4,0,0,1,0,1,6,9,5,0,20,5,6,6,0,17,2,1,4,5,302,387,27,23,0.964,0.852,0,0,9,2,4,2,2252,0,1348,2466,2466,35,338,0,0,0,114,0,0,0,0,0,0,0.0,-,,,,,,,,,,,,,,,,,,,,,,,,,,,,,,,
2025020512,2025-12-14,Oilers,Canadiens,Away,RL,33,32,3.8814130753,3.4507591737,1.9020451493000001,2.1458793267,Calvin Pickard,Jakub Dobes,CG,CG,1,1,1,0,1,1,1,1,0,0,0,0,0,0,0,12,6,10,0,28,10,12,5,0,27,19,20,19,0,58,16,17,15,0,48,34,32,0,0,1,0,1,0,2,2,0,4,5,6,6,0,17,6,9,5,0,20,1,2,5,4,387,302,23,27,0.852,0.964,0,0,2,9,2,4,0,2252,1348,2466,2466,338,35,0,0,114,0,0,0,0,0,0,0,0.0,-,,,,,,,,,,,,,,,,,,,,,,,,,,,,,,,
2025020513,2025-12-14,Kraken,Sabres,Home,RL,30,32,2.6871975506,2.8614886606,2.1859401216,2.2346355501,Joey Daccord,Alex Lyon,CG,CG,0,0,0,0,0,0,0,0,0,0,0,0,0,0,0,3,11,10,0,24,9,7,7,0,23,14,24,23,0,61,18,20,17,0,55,51,46,0,1,0,0,1,1,1,1,0,3,9,3,11,0,23,10,2,5,0,17,1,0,3,2,246,240,20,23,0.87,0.958,0,1,0,2,3,1,0,2571,1029,3060,3060,34,20,0,0,0,0,0,0,0,5,0,0,0.0,-,,,,,,,,,,,,,,,,,,,,,,,,,,,,,,,
2025020513,2025-12-14,Sabres,Kraken,Away,RW,32,30,2.8614886606,2.6871975506,2.2346355501,2.1859401216,Alex Lyon,Joey Daccord,CG,CG,0,0,0,0,0,0,0,0,1,0,0,0,0,0,0,9,7,7,0,23,3,11,10,0,24,18,20,17,0,55,14,24,23,0,61,46,51,1,1,1,0,3,0,1,0,0,1,10,2,5,0,17,9,3,11,0,23,0,1,2,3,240,246,23,20,0.958,0.87,1,0,2,0,1,3,2571,0,1029,3060,3060,20,34,0,0,0,0,0,0,5,0,0,0,0.0,-,,,,,,,,,,,,,,,,,,,,,,,,,,,,,,,
2025020514,2025-12-15,Lightning,Panthers,Home,RL,33,32,2.0628035795,2.550998576,1.2091428985000001,1.63534139,Jonas Johansson,Sergei Bobrovsky,CG,CG,0,0,0,0,0,0,1,0,0,0,0,0,0,0,0,13,5,10,0,28,8,13,3,0,24,25,12,14,0,51,16,19,11,0,46,37,31,0,1,1,0,2,2,2,1,0,5,10,12,11,0,33,6,8,11,0,25,0,1,5,4,600,388,19,26,0.792,0.929,0,0,0,0,1,2,0,3464,136,2395,2395,43,63,0,0,0,0,0,0,0,0,0,0,0.0,-,,,,,,,,,,,,,,,,,,,,,,,,,,,,,,,
2025020514,2025-12-15,Panthers,Lightning,Away,RW,32,33,2.550998576,2.0628035795,1.63534139,1.2091428985000001,Sergei Bobrovsky,Jonas Johansson,CG,CG,0,0,1,0,0,0,0,0,1,0,0,0,0,0,0,8,13,3,0,24,13,5,10,0,28,16,19,11,0,46,25,12,14,0,51,31,37,2,2,1,0,5,0,1,1,0,2,6,8,11,0,25,10,12,11,0,33,1,0,4,5,388,600,26,19,0.929,0.792,0,0,0,0,2,1,3464,0,136,2395,2395,63,43,0,0,0,0,0,0,0,0,0,0,0.0,-,,,,,,,,,,,,,,,,,,,,,,,,,,,,,,,
2025020515,2025-12-15,Rangers,Ducks,Home,RL,34,33,3.0474603467,2.6517905675,2.3430621797,1.2287121395,Igor Shesterkin,Lukas Dostal,CG,CG,0,0,0,0,0,0,0,0,0,0,0,0,0,0,0,9,13,5,0,27,9,9,8,0,26,23,23,15,0,61,19,23,15,0,57,45,37,0,1,0,0,1,0,1,3,0,4,11,3,6,0,20,11,8,6,0,25,0,1,4,3,446,349,22,26,0.846,0.963,0,1,1,2,4,3,0,1389,2211,2722,2714,41,39,0,0,15,0,0,0,13,0,8,0,0.0,-,,,,,,,,,,,,,,,,,,,,,,,,,,,,,,,
2025020515,2025-12-15,Ducks,Rangers,Away,RW,33,34,2.6517905675,3.0474603467,1.2287121395,2.3430621797,Lukas Dostal,Igor Shesterkin,CG,CG,0,0,0,0,0,0,0,0,1,0,0,0,0,0,0,9,9,8,0,26,9,13,5,0,27,19,23,15,0,57,23,23,15,0,61,37,45,0,1,3,0,4,0,1,0,0,1,11,8,6,0,25,11,3,6,0,20,1,0,3,4,349,446,26,22,0.963,0.846,1,0,2,1,3,4,1389,0,2211,2722,2714,39,41,0,0,0,15,0,0,0,13,8,0,0.0,-,,,,,,,,,,,,,,,,,,,,,,,,,,,,,,,
2025020516,2025-12-15,Jets,Senators,Home,OTL,32,32,3.1753382064999998,3.2952411772,2.2201031705,2.1313307622,Connor Hellebuyck,Linus Ullmark,CG,CG,0,0,0,0,0,0,0,0,0,1,0,0,0,0,0,7,10,7,1,25,7,12,8,4,31,18,20,19,3,60,18,21,18,4,61,47,47,0,2,0,0,2,0,1,1,1,3,7,8,5,0,20,7,13,9,2,31,0,0,2,3,240,360,28,23,0.903,0.92,0,0,2,0,1,2,1171,290,2270,3090,2959,13,28,0,0,0,0,0,0,0,0,0,131,0.0,-,,,,,,,,,,,,,,,,,,,,,,,,,,,,,,,
2025020516,2025-12-15,Senators,Jets,Away,OTW,32,32,3.2952411772,3.1753382064999998,2.1313307622,2.2201031705,Linus Ullmark,Connor Hellebuyck,CG,CG,0,0,0,0,0,0,0,0,1,0,0,0,1,0,0,7,12,8,4,31,7,10,7,1,25,18,21,18,4,61,18,20,19,3,60,47,47,0,1,1,1,3,0,2,0,0,2,7,13,9,2,31,7,8,5,0,20,0,0,3,2,360,240,23,28,0.92,0.903,0,0,0,2,2,1,290,1171,2270,3090,2959,28,13,0,0,0,0,0,0,0,0,0,131,0.0,-,,,,,,,,,,,,,,,,,,,,,,,,,,,,,,,
2025020517,2025-12-15,Blues,Predators,Home,RL,34,32,2.256638734,3.269589974,1.451936933,2.296232922,Joel Hofer,Juuse Saros,CG,CG,0,0,0,0,0,0,0,0,0,0,0,0,0,0,0,6,6,10,0,22,12,8,6,0,26,11,16,19,0,46,18,19,13,0,50,37,36,1,0,1,0,2,1,3,1,0,5,8,10,4,0,22,7,4,2,0,13,1,1,3,4,285,442,21,20,0.808,0.909,0,1,0,2,3,3,0,2896,704,2733,2733,41,57,0,0,0,0,0,0,0,0,0,0,0.0,-,,,,,,,,,,,,,,,,,,,,,,,,,,,,,,,
2025020517,2025-12-15,Predators,Blues,Away,RW,32,34,3.269589974,2.256638734,2.296232922,1.451936933,Juuse Saros,Joel Hofer,CG,CG,0,0,0,0,0,0,0,0,1,0,0,0,0,0,0,12,8,6,0,26,6,6,10,0,22,18,19,13,0,50,11,16,19,0,46,36,37,1,3,1,0,5,1,0,1,0,2,7,4,2,0,13,8,10,4,0,22,1,1,4,3,442,285,20,21,0.909,0.808,1,0,2,0,3,3,2896,0,704,2733,2733,57,41,0,0,0,0,0,0,0,0,0,0,0.0,-,,,,,,,,,,,,,,,,,,,,,,,,,,,,,,,
2025020518,2025-12-15,Stars,Kings,Home,RW,34,32,2.9530908216,3.1844951972,2.5995074716,2.2391203422,Casey DeSmith,Darcy Kuemper,CG,IG,0,0,0,0,0,0,0,0,0,0,0,0,1,0,0,5,9,12,0,26,11,13,4,0,28,21,15,18,0,54,27,20,13,0,60,48,45,0,1,3,0,4,0,1,0,0,1,7,3,9,0,19,12,9,9,0,30,0,1,2,3,237,349,27,22,0.964,0.846,1,0,2,0,2,2,828,279,2493,2916,2916,0,95,0,0,0,3,0,0,0,0,0,0,0.0,-,,,,,,,,,,,,,,,,,,,,,,,,,,,,,,,
2025020518,2025-12-15,Kings,Stars,Away,RL,32,34,3.1844951972,2.9530908216,2.2391203422,2.5995074716,Darcy Kuemper,Casey DeSmith,IG,CG,0,0,0,0,0,0,0,0,1,1,0,0,0,0,0,11,13,4,0,28,5,9,12,0,26,27,20,13,0,60,21,15,18,0,54,45,48,0,1,0,0,1,0,1,3,0,4,12,9,9,0,30,7,3,9,0,19,1,0,3,2,349,237,22,27,0.846,0.964,0,1,0,2,2,2,279,828,2493,2916,2916,95,0,0,0,3,0,0,0,0,0,0,0,0.0,-,,,,,,,,,,,,,,,,,,,,,,,,,,,,,,,
2025020519,2025-12-16,Bruins,Mammoth,Home,RW,34,35,2.814072563,2.1409185665,2.16619012,1.5482821745,Jeremy Swayman,Vitek Vanecek,CG,CG,0,0,0,0,0,0,0,0,0,0,0,0,1,0,0,7,8,8,0,23,13,3,5,0,21,17,18,24,0,59,22,12,14,0,48,50,38,1,1,2,0,4,1,0,0,0,1,12,4,5,0,21,8,10,3,0,21,1,1,4,3,338,346,20,19,0.952,0.826,0,0,0,0,2,2,2377,447,776,2759,2759,87,50,0,0,0,0,0,0,0,0,0,0,0.0,-,,,,,,,,,,,,,,,,,,,,,,,,,,,,,,,
2025020519,2025-12-16,Mammoth,Bruins,Away,RL,35,34,2.1409185665,2.814072563,1.5482821745,2.16619012,Vitek Vanecek,Jeremy Swayman,CG,CG,0,0,0,0,0,0,0,0,1,1,0,0,0,0,0,13,3,5,0,21,7,8,8,0,23,22,12,14,0,48,17,18,24,0,59,38,50,1,0,0,0,1,1,1,2,0,4,8,10,3,0,21,12,4,5,0,21,1,1,3,4,346,338,19,20,0.826,0.952,0,0,0,0,2,2,447,2377,776,2759,2759,50,87,0,0,0,0,0,0,0,0,0,0,0.0,-,,,,,,,,,,,,,,,,,,,,,,,,,,,,,,,
2025020520,2025-12-16,Maple Leafs,Blackhawks,Home,RW,32,33,2.465425606,2.0887478125,1.870233247,1.7153831745,Joseph Woll,Spencer Knight,CG,CG,0,0,0,0,0,0,0,0,0,0,0,0,1,1,0,7,8,12,0,27,10,6,9,0,25,18,18,23,0,59,16,11,19,0,46,47,38,0,0,3,0,3,2,0,0,0,2,11,10,8,0,29,9,4,2,0,15,1,0,3,1,317,120,23,24,0.92,0.889,0,0,0,0,2,0,181,2790,629,3079,3079,1,66,0,0,0,0,0,0,0,0,0,0,0.0,-,,,,,,,,,,,,,,,,,,,,,,,,,,,,,,,
2025020520,2025-12-16,Blackhawks,Maple Leafs,Away,RL,33,32,2.0887478125,2.465425606,1.7153831745,1.870233247,Spencer Knight,Joseph Woll,CG,CG,0,0,0,0,0,0,0,0,1,1,1,0,0,0,0,10,6,9,0,25,7,8,12,0,27,16,11,19,0,46,18,18,23,0,59,38,47,2,0,0,0,2,0,0,3,0,3,9,4,2,0,15,11,10,8,0,29,0,1,1,3,120,317,24,23,0.889,0.92,0,0,0,0,0,2,2790,181,629,3079,3079,66,1,0,0,0,0,0,0,0,0,0,0,0.0,-,,,,,,,,,,,,,,,,,,,,,,,,,,,,,,,
2025020521,2025-12-16,Canadiens,Flyers,Home,RL,33,32,2.981741091,2.382808786,2.686928399,1.730374391,Jacob Fowler,Dan Vladar,CG,CG,0,1,1,0,0,1,1,0,1,1,0,0,0,0,0,6,4,12,0,22,9,9,3,0,21,16,14,24,0,54,13,15,14,0,42,49,31,1,0,0,0,1,1,2,1,0,4,9,7,5,0,21,10,9,4,0,23,0,0,1,3,120,360,17,21,0.81,0.955,0,1,0,4,4,3,39,2014,1547,2940,2940,138,5,0,0,0,0,0,0,0,0,0,0,0.0,-,,,,,,,,,,,,,,,,,,,,,,,,,,,,,,,
2025020521,2025-12-16,Flyers,Canadiens,Away,RW,32,33,2.382808786,2.981741091,1.730374391,2.686928399,Dan Vladar,Jacob Fowler,CG,CG,0,1,1,0,0,1,1,0,0,0,0,0,1,0,0,9,9,3,0,21,6,4,12,0,22,13,15,14,0,42,16,14,24,0,54,31,49,1,2,1,0,4,1,0,0,0,1,10,9,4,0,23,9,7,5,0,21,0,0,3,1,360,120,21,17,0.955,0.81,1,0,4,0,3,4,2014,39,1547,2940,2940,5,138,0,0,0,0,0,0,0,0,0,0,0.0,-,,,,,,,,,,,,,,,,,,,,,,,,,,,,,,,
2025020522,2025-12-16,Red Wings,Islanders,Home,RW,34,34,3.4937762507,1.6295113637,3.3011016817,1.4510634937,John Gibson,Ilya Sorokin,CG,CG,0,0,0,0,0,0,0,0,0,0,0,0,1,0,0,8,5,8,0,21,7,7,4,0,18,23,18,22,0,63,19,18,14,0,51,56,47,0,0,3,0,3,1,0,1,0,2,7,6,1,0,14,6,6,4,0,16,2,0,2,1,91,125,16,18,0.889,0.857,0,0,4,0,3,2,588,2256,756,3244,3244,0,81,0,0,0,0,0,0,0,0,0,0,0.0,-,,,,,,,,,,,,,,,,,,,,,,,,,,,,,,,
2025020522,2025-12-16,Islanders,Red Wings,Away,RL,34,34,1.6295113637,3.4937762507,1.4510634937,3.3011016817,Ilya Sorokin,John Gibson,CG,CG,0,0,0,0,0,0,0,0,1,1,0,0,0,0,0,7,7,4,0,18,8,5,8,0,21,19,18,14,0,51,23,18,22,0,63,47,56,1,0,1,0,2,0,0,3,0,3,6,6,4,0,16,7,6,1,0,14,0,2,1,2,125,91,18,16,0.857,0.889,0,0,0,4,2,3,2256,588,756,3244,3244,81,0,0,0,0,0,0,0,0,0,0,0,0.0,-,,,,,,,,,,,,,,,,,,,,,,,,,,,,,,,
2025020523,2025-12-16,Rangers,Canucks,Home,RL,35,33,2.6970854591,2.278607528,1.6743279231000001,1.856421981,Jonathan Quick,Thatcher Demko,CG,CG,1,1,0,0,0,0,0,0,0,0,0,0,0,0,0,7,7,9,0,23,3,6,8,0,17,17,15,16,0,48,13,9,23,0,45,33,34,0,0,0,0,0,1,1,1,0,3,6,13,7,0,26,10,4,6,0,20,0,0,4,3,454,320,14,23,0.824,1.0,0,1,0,4,3,0,0,3494,106,2723,2723,23,54,0,0,0,0,0,0,77,0,0,0,0.0,-,,,,,,,,,,,,,,,,,,,,,,,,,,,,,,,
2025020523,2025-12-16,Canucks,Rangers,Away,RW,33,35,2.278607528,2.6970854591,1.856421981,1.6743279231000001,Thatcher Demko,Jonathan Quick,CG,CG,0,0,0,0,1,1,0,0,1,0,0,0,0,0,0,3,6,8,0,17,7,7,9,0,23,13,9,23,0,45,17,15,16,0,48,34,33,1,1,1,0,3,0,0,0,0,0,10,4,6,0,20,6,13,7,0,26,0,0,3,4,320,454,23,14,1.0,0.824,1,0,4,0,0,3,3494,0,106,2723,2723,54,23,0,0,0,0,0,0,0,77,0,0,0.0,-,,,,,,,,,,,,,,,,,,,,,,,,,,,,,,,
2025020525,2025-12-16,Blue Jackets,Ducks,Home,OTW,33,34,3.131753959,2.6087511694,2.25426728,2.0779690004,Jet Greaves,Ville Husso,CG,CG,0,0,0,0,1,1,1,0,1,0,0,0,0,0,0,6,10,9,3,28,10,9,8,0,27,18,16,18,4,56,20,21,19,2,62,45,50,1,2,0,1,4,0,2,1,0,3,11,5,4,0,20,7,9,4,0,20,0,0,2,4,240,494,24,24,0.889,0.857,0,0,0,0,0,2,2879,0,933,2997,2785,12,69,0,0,0,0,0,0,0,0,0,212,0.0,-,,,,,,,,,,,,,,,,,,,,,,,,,,,,,,,
2025020525,2025-12-16,Ducks,Blue Jackets,Away,OTL,34,33,2.6087511694,3.131753959,2.0779690004,2.25426728,Ville Husso,Jet Greaves,CG,CG,1,1,1,0,0,0,0,0,0,0,0,0,0,0,0,10,9,8,0,27,6,10,9,3,28,20,21,19,2,62,18,16,18,4,56,50,45,0,2,1,0,3,1,2,0,1,4,7,9,4,0,20,11,5,4,0,20,0,0,4,2,494,240,24,24,0.857,0.889,0,0,0,0,2,0,0,2879,933,2997,2785,69,12,0,0,0,0,0,0,0,0,0,212,0.0,-,,,,,,,,,,,,,,,,,,,,,,,,,,,,,,,
2025020524,2025-12-16,Penguins,Oilers,Home,RL,32,34,3.5253332525,3.8417019885,1.8551772398,2.7315446495,Stuart Skinner,Tristan Jarry,CG,CG,0,1,1,0,0,1,1,0,0,0,0,0,0,0,0,9,9,12,0,30,10,7,6,0,23,13,14,25,0,52,31,20,15,0,66,34,47,1,1,2,0,4,2,2,2,0,6,11,12,4,0,27,3,2,3,0,8,1,3,6,4,683,238,17,26,0.739,0.867,0,1,0,3,0,2,0,2902,698,2296,2296,162,116,0,0,0,60,0,0,0,0,0,0,0.0,-,,,,,,,,,,,,,,,,,,,,,,,,,,,,,,,
2025020524,2025-12-16,Oilers,Penguins,Away,RW,34,32,3.8417019885,3.5253332525,2.7315446495,1.8551772398,Tristan Jarry,Stuart Skinner,CG,CG,0,1,1,0,0,1,1,0,1,0,0,0,0,0,0,10,7,6,0,23,9,9,12,0,30,31,20,15,0,66,13,14,25,0,52,47,34,2,2,2,0,6,1,1,2,0,4,3,2,3,0,8,11,12,4,0,27,3,1,4,6,238,683,26,17,0.867,0.739,1,0,3,0,2,0,2902,0,698,2296,2296,116,162,0,0,60,0,0,0,0,0,0,0,0.0,-,,,,,,,,,,,,,,,,,,,,,,,,,,,,,,,
2025020526,2025-12-16,Wild,Capitals,Home,RW,34,33,3.7687356858000003,2.8675552016,2.6315636243,2.3560084486,Filip Gustavsson,Charlie Lindgren,CG,CG,0,1,1,0,0,0,0,0,1,0,0,0,0,0,0,9,15,8,0,32,11,9,5,0,25,20,28,22,0,70,18,25,11,0,54,54,47,1,1,3,0,5,0,0,0,0,0,9,8,5,0,22,8,4,6,0,18,1,0,4,2,418,240,25,27,1.0,0.844,0,0,0,0,1,2,3471,0,129,2891,2891,18,32,0,0,0,0,0,0,0,0,0,0,0.0,-,,,,,,,,,,,,,,,,,,,,,,,,,,,,,,,
2025020526,2025-12-16,Capitals,Wild,Away,RL,33,34,2.8675552016,3.7687356858000003,2.3560084486,2.6315636243,Charlie Lindgren,Filip Gustavsson,CG,CG,0,0,0,0,0,1,1,0,0,0,0,0,0,0,0,11,9,5,0,25,9,15,8,0,32,18,25,11,0,54,20,28,22,0,70,47,54,0,0,0,0,0,1,1,3,0,5,8,4,6,0,18,9,8,5,0,22,0,1,2,4,240,418,27,25,0.844,1.0,0,0,0,0,2,1,0,3471,129,2891,2891,32,18,0,0,0,0,0,0,0,0,0,0,0.0,-,,,,,,,,,,,,,,,,,,,,,,,,,,,,,,,
2025020527,2025-12-16,Sharks,Flames,Home,RW,34,34,4.8025352374,2.3154085539,4.0910809434,2.0921758715,Yaroslav Askarov,Dustin Wolf,CG,CG,0,0,0,0,0,0,0,0,1,0,0,0,0,0,0,9,7,10,0,26,9,8,13,0,30,26,24,21,0,71,15,16,21,0,52,60,46,3,0,3,0,6,2,0,1,0,3,9,8,7,0,24,9,11,4,0,24,0,0,1,2,120,240,27,20,0.9,0.769,1,0,4,0,1,0,3220,0,380,3094,3094,13,133,0,0,0,0,0,0,0,0,0,0,0.0,-,,,,,,,,,,,,,,,,,,,,,,,,,,,,,,,
2025020527,2025-12-16,Flames,Sharks,Away,RL,34,34,2.3154085539,4.8025352374,2.0921758715,4.0910809434,Dustin Wolf,Yaroslav Askarov,CG,CG,0,0,0,0,0,0,0,0,0,0,0,0,0,0,0,9,8,13,0,30,9,7,10,0,26,15,16,21,0,52,26,24,21,0,71,46,60,2,0,1,0,3,3,0,3,0,6,9,11,4,0,24,9,8,7,0,24,0,0,2,1,240,120,20,27,0.769,0.9,0,1,0,4,0,1,0,3220,380,3094,3094,133,13,0,0,0,0,0,0,0,0,0,0,0.0,-,,,,,,,,,,,,,,,,,,,,,,,,,,,,,,,
2025020528,2025-12-16,Kraken,Avalanche,Home,RL,31,33,4.6933367963,4.4193414428,3.5867028483,2.9977375138,Philipp Grubauer,Mackenzie Blackwood,CG,CG,0,0,0,0,0,0,0,0,0,1,0,0,0,0,0,11,13,14,0,38,8,15,16,0,39,31,26,25,0,82,20,31,25,0,76,65,56,0,3,0,0,3,1,1,3,0,5,5,9,4,0,18,4,5,5,0,14,1,1,4,4,388,375,34,35,0.872,0.921,0,1,0,3,3,3,657,1339,1604,2561,2561,138,34,0,0,0,0,0,0,0,0,0,0,0.0,-,,,,,,,,,,,,,,,,,,,,,,,,,,,,,,,
2025020528,2025-12-16,Avalanche,Kraken,Away,RW,33,31,4.4193414428,4.6933367963,2.9977375138,3.5867028483,Mackenzie Blackwood,Philipp Grubauer,CG,CG,0,0,0,0,0,0,0,0,1,0,0,0,1,0,0,8,15,16,0,39,11,13,14,0,38,20,31,25,0,76,31,26,25,0,82,56,65,1,1,3,0,5,0,3,0,0,3,4,5,5,0,14,5,9,4,0,18,1,1,4,4,375,388,35,34,0.921,0.872,1,0,3,0,3,3,1339,657,1604,2561,2561,34,138,0,0,0,0,0,0,0,0,0,0,0.0,-,,,,,,,,,,,,,,,,,,,,,,,,,,,,,,,
2025020529,2025-12-17,Panthers,Kings,Home,RW,33,33,2.715962842,3.7605546524999998,2.036734049,2.7118737655,Daniil Tarasov,Anton Forsberg,CG,CG,0,0,0,0,0,0,0,0,0,0,0,0,1,0,0,8,13,8,0,29,8,10,11,0,29,18,23,22,0,63,13,20,27,0,60,49,53,0,2,1,0,3,1,0,1,0,2,3,15,10,0,28,5,7,4,0,16,1,1,4,4,261,254,27,26,0.931,0.897,0,0,5,0,1,5,1976,515,1109,2941,2797,1,97,0,0,0,0,0,0,13,52,144,0,0.0,-,,,,,,,,,,,,,,,,,,,,,,,,,,,,,,,
2025020529,2025-12-17,Kings,Panthers,Away,RL,33,33,3.7605546524999998,2.715962842,2.7118737655,2.036734049,Anton Forsberg,Daniil Tarasov,CG,CG,0,0,0,0,0,0,0,0,1,1,0,0,0,0,0,8,10,11,0,29,8,13,8,0,29,13,20,27,0,60,18,23,22,0,63,53,49,1,0,1,0,2,0,2,1,0,3,5,7,4,0,16,3,15,10,0,28,1,1,4,4,254,261,26,27,0.897,0.931,0,0,0,5,5,1,515,1976,1109,2941,2797,97,1,0,0,0,0,0,0,52,13,144,0,0.0,-,,,,,,,,,,,,,,,,,,,,,,,,,,,,,,,
2025020530,2025-12-17,Red Wings,Mammoth,Home,RL,35,36,2.5074353414,3.5005508899,1.3058175454,2.9533483239000002,Cam Talbot,Karel Vejmelka,CG,CG,1,0,0,0,1,1,1,0,0,0,0,0,0,0,0,11,12,5,0,28,8,8,12,0,28,22,21,15,0,58,15,22,22,0,59,41,46,0,0,1,0,1,0,2,2,0,4,3,5,3,0,11,8,3,10,0,21,1,0,4,4,463,486,24,27,0.857,0.964,0,0,0,0,1,2,0,2296,1304,2522,2522,39,73,0,0,0,0,0,0,0,0,0,0,0.0,-,,,,,,,,,,,,,,,,,,,,,,,,,,,,,,,
2025020530,2025-12-17,Mammoth,Red Wings,Away,RW,36,35,3.5005508899,2.5074353414,2.9533483239000002,1.3058175454,Karel Vejmelka,Cam Talbot,CG,CG,1,1,1,0,1,0,0,0,1,0,0,0,0,0,0,8,8,12,0,28,11,12,5,0,28,15,22,22,0,59,22,21,15,0,58,46,41,0,2,2,0,4,0,0,1,0,1,8,3,10,0,21,3,5,3,0,11,0,1,4,4,486,463,27,24,0.964,0.857,0,0,0,0,2,1,2296,0,1304,2522,2522,73,39,0,0,0,0,0,0,0,0,0,0,0.0,-,,,,,,,,,,,,,,,,,,,,,,,,,,,,,,,
2025020531,2025-12-17,Blues,Jets,Home,RW,35,33,3.5246862055,2.156614536,2.7136933355,1.717860925,Joel Hofer,Connor Hellebuyck,CG,CG,0,0,0,0,0,0,0,0,1,0,0,0,0,0,0,11,12,3,0,26,6,9,9,0,24,23,21,12,0,56,14,20,19,0,53,45,43,0,1,0,0,1,0,0,0,0,0,7,3,4,0,14,9,8,4,0,21,0,0,4,2,402,250,24,25,1.0,0.962,0,0,0,0,3,2,1603,0,1997,2858,2858,40,50,0,0,0,0,0,0,0,0,0,0,0.0,-,,,,,,,,,,,,,,,,,,,,,,,,,,,,,,,
2025020531,2025-12-17,Jets,Blues,Away,RL,33,35,2.156614536,3.5246862055,1.717860925,2.7136933355,Connor Hellebuyck,Joel Hofer,CG,CG,0,0,0,0,0,0,0,0,0,0,0,0,0,0,0,6,9,9,0,24,11,12,3,0,26,14,20,19,0,53,23,21,12,0,56,43,45,0,0,0,0,0,0,1,0,0,1,9,8,4,0,21,7,3,4,0,14,0,0,2,4,250,402,25,24,0.962,1.0,0,0,0,0,2,3,0,1603,1997,2858,2858,50,40,0,0,0,0,0,0,0,0,0,0,0.0,-,,,,,,,,,,,,,,,,,,,,,,,,,,,,,,,
2025020532,2025-12-17,Predators,Hurricanes,Home,RL,33,33,2.0556497899,4.3282709081,1.6582219817,2.5553433027,Juuse Saros,Pyotr Kochetkov,CG,CG,0,0,0,0,0,0,0,0,0,0,0,0,0,0,0,5,6,15,0,26,19,9,9,0,37,11,16,30,0,57,27,21,20,0,68,47,46,0,0,1,0,1,1,0,3,0,4,12,8,3,0,23,3,4,4,0,11,0,1,3,4,341,420,33,25,0.892,0.962,0,1,0,4,2,2,0,2820,780,2708,2697,96,26,0,0,0,0,0,0,97,0,11,0,0.0,-,,,,,,,,,,,,,,,,,,,,,,,,,,,,,,,
2025020532,2025-12-17,Hurricanes,Predators,Away,RW,33,33,4.3282709081,2.0556497899,2.5553433027,1.6582219817,Pyotr Kochetkov,Juuse Saros,CG,CG,0,0,0,0,0,0,0,0,1,0,0,0,0,0,0,19,9,9,0,37,5,6,15,0,26,27,21,20,0,68,11,16,30,0,57,46,47,1,0,3,0,4,0,0,1,0,1,3,4,4,0,11,12,8,3,0,23,1,0,4,3,420,341,25,33,0.962,0.892,1,0,4,0,2,2,2820,0,780,2708,2697,26,96,0,0,0,0,0,0,0,97,11,0,0.0,-,,,,,,,,,,,,,,,,,,,,,,,,,,,,,,,
2025020533,2025-12-17,Golden Knights,Devils,Home,SOL,32,34,3.6475540403,4.1527212052,2.1748664593,3.3552375442,Carter Hart,Jake Allen,CG,CG,0,0,0,0,0,0,0,0,0,0,0,0,0,0,0,10,15,9,3,37,8,12,11,2,33,16,25,25,10,76,15,23,18,3,59,57,48,0,0,1,0,1,0,1,0,0,1,8,7,6,0,21,8,8,5,0,21,1,0,4,2,399,239,32,36,0.97,0.973,0,0,0,0,3,2,0,1859,2041,3216,3029,3,29,113,0,0,0,0,0,10,0,0,187,0.0,-,,,,,,,,,,,,,,,,,,,,,,,,,,,,,,,
2025020533,2025-12-17,Devils,Golden Knights,Away,SOW,34,32,4.1527212052,3.6475540403,3.3552375442,2.1748664593,Jake Allen,Carter Hart,CG,CG,0,0,0,0,0,0,0,0,1,0,0,0,0,0,0,8,12,11,2,33,10,15,9,3,37,15,23,18,3,59,16,25,25,10,76,48,57,0,1,0,0,1,0,0,1,0,1,8,8,5,0,21,8,7,6,0,21,0,1,2,4,239,399,36,32,0.973,0.97,0,0,0,0,2,3,1859,0,2041,3216,3029,29,3,0,113,0,0,0,0,0,10,0,187,0.0,-,,,,,,,,,,,,,,,,,,,,,,,,,,,,,,,
2025020534,2025-12-18,Bruins,Oilers,Home,RL,35,35,2.405022683,2.9114791456,1.764674457,1.7834380526,Jeremy Swayman,Tristan Jarry,CG,IG,0,0,0,0,0,0,1,0,0,0,0,0,0,0,0,7,9,10,0,26,5,10,10,0,25,14,20,16,0,50,14,17,23,0,54,37,36,1,0,0,0,1,1,1,1,0,3,12,6,4,0,22,6,10,5,0,21,1,1,3,5,272,428,22,25,0.88,0.962,0,0,0,2,0,1,0,1691,1909,2765,2765,100,29,0,0,0,0,0,0,0,0,0,0,0.0,-,,,,,,,,,,,,,,,,,,,,,,,,,,,,,,,
2025020534,2025-12-18,Oilers,Bruins,Away,RW,35,35,2.9114791456,2.405022683,1.7834380526,1.764674457,Tristan Jarry,Jeremy Swayman,IG,CG,0,0,1,0,0,0,0,0,1,0,0,0,0,0,0,5,10,10,0,25,7,9,10,0,26,14,17,23,0,54,14,20,16,0,50,36,37,1,1,1,0,3,1,0,0,0,1,6,10,5,0,21,12,6,4,0,22,1,1,5,3,428,272,25,22,0.962,0.88,0,0,2,0,1,0,1691,0,1909,2765,2765,29,100,0,0,0,0,0,0,0,0,0,0,0.0,-,,,,,,,,,,,,,,,,,,,,,,,,,,,,,,,
2025020536,2025-12-18,Canadiens,Blackhawks,Home,RW,34,34,4.137266608,2.492719129,3.028318639,1.889214187,Jakub Dobes,Spencer Knight,CG,CG,0,0,1,0,0,0,0,0,0,0,0,0,1,0,0,7,16,12,0,35,4,6,5,0,15,21,24,23,0,68,9,21,14,0,44,58,37,1,0,3,0,4,1,0,0,0,1,7,4,10,0,21,6,4,4,0,14,0,0,2,2,241,240,14,31,0.933,0.886,1,0,3,0,5,2,1180,416,2004,3059,3059,8,52,0,0,0,0,0,0,0,0,0,0,0.0,-,,,,,,,,,,,,,,,,,,,,,,,,,,,,,,,
2025020536,2025-12-18,Blackhawks,Canadiens,Away,RL,34,34,2.492719129,4.137266608,1.889214187,3.028318639,Spencer Knight,Jakub Dobes,CG,CG,0,0,0,0,0,0,1,0,1,1,0,0,0,0,0,4,6,5,0,15,7,16,12,0,35,9,21,14,0,44,21,24,23,0,68,37,58,1,0,0,0,1,1,0,3,0,4,6,4,4,0,14,7,4,10,0,21,0,0,2,2,240,241,31,14,0.886,0.933,0,1,0,3,2,5,416,1180,2004,3059,3059,52,8,0,0,0,0,0,0,0,0,0,0,0.0,-,,,,,,,,,,,,,,,,,,,,,,,,,,,,,,,
2025020537,2025-12-18,Senators,Penguins,Home,RW,33,33,3.171955133,2.4034265061999998,2.523589397,1.7095078146,Linus Ullmark,Arturs Silovs,CG,CG,0,0,0,0,0,0,1,0,1,0,0,0,0,0,0,7,12,7,0,26,8,4,13,0,25,19,19,13,0,51,20,13,23,0,56,45,51,1,2,1,0,4,0,0,0,0,0,9,3,6,0,18,5,10,6,0,21,1,0,3,2,232,240,25,22,1.0,0.846,0,0,0,0,1,2,3464,0,136,3074,3074,22,22,0,0,0,0,0,0,0,0,0,0,0.0,-,,,,,,,,,,,,,,,,,,,,,,,,,,,,,,,
2025020537,2025-12-18,Penguins,Senators,Away,RL,33,33,2.4034265061999998,3.171955133,1.7095078146,2.523589397,Arturs Silovs,Linus Ullmark,CG,CG,0,0,1,0,0,0,0,0,0,0,0,0,0,0,0,8,4,13,0,25,7,12,7,0,26,20,13,23,0,56,19,19,13,0,51,51,45,0,0,0,0,0,1,2,1,0,4,5,10,6,0,21,9,3,6,0,18,0,1,2,3,240,232,22,25,0.846,1.0,0,0,0,0,2,1,0,3464,136,3074,3074,22,22,0,0,0,0,0,0,0,0,0,0,0.0,-,,,,,,,,,,,,,,,,,,,,,,,,,,,,,,,
2025020538,2025-12-18,Lightning,Kings,Home,RL,34,34,3.4928683179,1.7536575363,1.9496923939,1.2995528713,Andrei Vasilevskiy,Anton Forsberg,CG,CG,0,0,0,0,1,1,1,0,1,1,0,0,0,0,0,11,8,13,0,32,8,9,3,0,20,24,17,21,0,62,18,17,13,0,48,49,42,1,0,0,0,1,0,2,0,0,2,9,2,7,0,18,6,6,5,0,17,1,0,5,1,440,62,18,31,0.9,0.969,0,0,0,2,2,0,747,1442,1411,2902,2856,77,78,0,0,0,0,0,0,92,0,46,0,0.0,-,,,,,,,,,,,,,,,,,,,,,,,,,,,,,,,
2025020538,2025-12-18,Kings,Lightning,Away,RW,34,34,1.7536575363,3.4928683179,1.2995528713,1.9496923939,Anton Forsberg,Andrei Vasilevskiy,CG,CG,1,1,1,0,0,0,0,0,0,0,0,0,1,0,0,8,9,3,0,20,11,8,13,0,32,18,17,13,0,48,24,17,21,0,62,42,49,0,2,0,0,2,1,0,0,0,1,6,6,5,0,17,9,2,7,0,18,0,1,1,5,62,440,31,18,0.969,0.9,0,0,2,0,0,2,1442,747,1411,2902,2856,78,77,0,0,0,0,0,0,0,92,46,0,0.0,-,,,,,,,,,,,,,,,,,,,,,,,,,,,,,,,
2025020539,2025-12-18,Capitals,Maple Leafs,Home,RW,34,33,4.444527342,2.4141766952,3.525018207,1.5533684415,Logan Thompson,Dennis Hildeby,CG,CG,0,0,0,0,0,0,0,0,1,0,0,0,0,0,0,8,13,8,0,29,4,8,10,0,22,22,21,22,0,65,16,15,17,0,48,47,33,2,0,2,0,4,0,0,0,0,0,5,5,3,0,13,12,7,8,0,27,0,0,3,5,360,600,22,25,1.0,0.862,0,0,0,0,5,0,2767,0,833,2481,2481,76,83,0,0,0,0,0,0,0,0,0,0,0.0,-,,,,,,,,,,,,,,,,,,,,,,,,,,,,,,,
2025020539,2025-12-18,Maple Leafs,Capitals,Away,RL,33,34,2.4141766952,4.444527342,1.5533684415,3.525018207,Dennis Hildeby,Logan Thompson,CG,CG,0,0,0,0,0,0,0,0,0,0,0,0,0,0,0,4,8,10,0,22,8,13,8,0,29,16,15,17,0,48,22,21,22,0,65,33,47,0,0,0,0,0,2,0,2,0,4,12,7,8,0,27,5,5,3,0,13,0,0,5,3,600,360,25,22,0.862,1.0,0,0,0,0,0,5,0,2767,833,2481,2481,83,76,0,0,0,0,0,0,0,0,0,0,0.0,-,,,,,,,,,,,,,,,,,,,,,,,,,,,,,,,
2025020540,2025-12-18,Blue Jackets,Wild,Home,RL,34,35,2.610363979,2.964169818,2.306518912,2.6453087479999997,Jet Greaves,Jesper Wallstedt,CG,CG,0,0,0,0,0,0,1,0,1,1,0,0,0,0,0,5,14,10,0,29,9,8,11,0,28,18,26,12,0,56,22,21,24,0,67,50,60,1,1,0,0,2,0,2,3,0,5,7,10,9,0,26,6,4,5,0,15,0,1,2,1,176,97,23,27,0.821,0.931,0,2,0,3,0,5,1090,574,1936,3292,3292,21,12,0,0,0,0,0,0,0,0,0,0,0.0,-,,,,,,,,,,,,,,,,,,,,,,,,,,,,,,,
2025020540,2025-12-18,Wild,Blue Jackets,Away,RW,35,34,2.964169818,2.610363979,2.6453087479999997,2.306518912,Jesper Wallstedt,Jet Greaves,CG,CG,0,0,1,0,0,0,0,0,0,0,0,0,1,0,0,9,8,11,0,28,5,14,10,0,29,22,21,24,0,67,18,26,12,0,56,60,50,0,2,3,0,5,1,1,0,0,2,6,4,5,0,15,7,10,9,0,26,1,0,1,2,97,176,27,23,0.931,0.821,2,0,3,0,5,0,574,1090,1936,3292,3292,12,21,0,0,0,0,0,0,0,0,0,0,0.0,-,,,,,,,,,,,,,,,,,,,,,,,,,,,,,,,
2025020535,2025-12-18,Sabres,Flyers,Home,RW,33,33,3.481605781,3.0719851576,2.220408666,2.7339972446,Alex Lyon,Samuel Ersson,CG,CG,0,0,0,0,0,0,1,0,1,0,0,0,1,0,0,4,12,12,0,28,12,10,5,0,27,12,23,25,0,60,20,20,11,0,51,43,39,1,2,2,0,5,1,1,1,0,3,13,6,5,0,24,9,7,13,0,29,1,0,5,3,498,360,24,23,0.889,0.821,1,0,4,0,2,2,1288,353,1959,2659,2659,34,48,0,0,0,0,0,0,0,79,0,0,0.0,-,,,,,,,,,,,,,,,,,,,,,,,,,,,,,,,
2025020535,2025-12-18,Flyers,Sabres,Away,RL,33,33,3.0719851576,3.481605781,2.7339972446,2.220408666,Samuel Ersson,Alex Lyon,CG,CG,0,0,1,0,0,0,0,0,0,1,0,0,0,0,0,12,10,5,0,27,4,12,12,0,28,20,20,11,0,51,12,23,25,0,60,39,43,1,1,1,0,3,1,2,2,0,5,9,7,13,0,29,13,6,5,0,24,0,1,3,5,360,498,23,24,0.821,0.889,0,1,0,4,2,2,353,1288,1959,2659,2659,48,34,0,0,0,0,0,0,79,0,0,0,0.0,-,,,,,,,,,,,,,,,,,,,,,,,,,,,,,,,
2025020541,2025-12-18,Blues,Rangers,Home,OTL,36,36,2.7954076577,3.0356341482,2.1767267667,2.0767528797,Jordan Binnington,Igor Shesterkin,CG,CG,1,1,0,0,0,1,1,0,1,1,0,0,0,0,0,5,10,11,1,27,10,15,5,1,31,11,16,20,1,48,19,24,17,1,61,40,50,1,0,0,0,1,0,1,0,1,2,6,3,4,0,13,12,4,8,0,24,0,1,3,2,360,235,29,26,0.935,0.963,0,0,0,0,2,1,424,0,3317,3078,2937,50,5,0,0,0,0,0,0,0,0,0,141,0.0,-,,,,,,,,,,,,,,,,,,,,,,,,,,,,,,,
2025020541,2025-12-18,Rangers,Blues,Away,OTW,36,36,3.0356341482,2.7954076577,2.0767528797,2.1767267667,Igor Shesterkin,Jordan Binnington,CG,CG,0,1,1,0,1,1,0,0,0,0,0,0,1,0,0,10,15,5,1,31,5,10,11,1,27,19,24,17,1,61,11,16,20,1,48,50,40,0,1,0,1,2,1,0,0,0,1,12,4,8,0,24,6,3,4,0,13,1,0,2,3,235,360,26,29,0.963,0.935,0,0,0,0,1,2,0,424,3317,3078,2937,5,50,0,0,0,0,0,0,0,0,0,141,0.0,-,,,,,,,,,,,,,,,,,,,,,,,,,,,,,,,
2025020542,2025-12-18,Flames,Kraken,Home,RW,35,32,3.286788782,2.3113661016,1.9488520887,2.1603403616,Dustin Wolf,Joey Daccord,CG,CG,0,0,0,0,0,0,0,0,0,0,0,0,1,0,0,18,14,14,0,46,6,13,4,0,23,29,20,22,0,71,15,22,10,0,47,47,39,0,1,3,0,4,0,2,0,0,2,6,7,9,0,22,11,8,5,0,24,1,1,5,1,590,94,21,42,0.913,0.913,1,0,5,0,1,2,521,916,2163,2752,2752,2,156,0,0,0,0,0,0,0,0,0,0,0.0,-,,,,,,,,,,,,,,,,,,,,,,,,,,,,,,,
2025020542,2025-12-18,Kraken,Flames,Away,RL,32,35,2.3113661016,3.286788782,2.1603403616,1.9488520887,Joey Daccord,Dustin Wolf,CG,CG,0,0,0,0,0,0,0,0,1,1,0,0,0,0,0,6,13,4,0,23,18,14,14,0,46,15,22,10,0,47,29,20,22,0,71,39,47,0,2,0,0,2,0,1,3,0,4,11,8,5,0,24,6,7,9,0,22,1,1,1,5,94,590,42,21,0.913,0.913,0,1,0,5,2,1,916,521,2163,2752,2752,156,2,0,0,0,0,0,0,0,0,0,0,0.0,-,,,,,,,,,,,,,,,,,,,,,,,,,,,,,,,
2025020543,2025-12-18,Sharks,Stars,Home,RL,35,35,3.827770509,3.1565780549999998,2.5348998998,2.783310019,Alex Nedeljkovic,Jake Oettinger,CG,CG,0,0,0,0,0,0,0,0,0,0,0,0,0,0,0,12,14,11,0,37,10,10,10,0,30,18,27,17,0,62,18,22,21,0,61,46,50,0,2,1,0,3,2,2,1,0,5,12,9,9,0,30,5,8,3,0,16,0,1,3,1,360,36,25,34,0.833,0.919,0,1,0,5,0,0,0,2855,745,3069,3069,100,29,0,0,0,0,0,0,0,0,0,0,0.0,-,,,,,,,,,,,,,,,,,,,,,,,,,,,,,,,
2025020543,2025-12-18,Stars,Sharks,Away,RW,35,35,3.1565780549999998,3.827770509,2.783310019,2.5348998998,Jake Oettinger,Alex Nedeljkovic,CG,CG,0,0,0,0,0,0,0,0,1,0,0,0,0,0,0,10,10,10,0,30,12,14,11,0,37,18,22,21,0,61,18,27,17,0,62,50,46,2,2,1,0,5,0,2,1,0,3,5,8,3,0,16,12,9,9,0,30,1,0,1,3,36,360,34,25,0.919,0.833,1,0,5,0,0,0,2855,0,745,3069,3069,29,100,0,0,0,0,0,0,0,0,0,0,0.0,-,,,,,,,,,,,,,,,,,,,,,,,,,,,,,,,
2025020544,2025-12-19,Panthers,Hurricanes,Home,SOW,34,34,4.1487260498000005,3.2584810506,2.8338376075,1.792359802,Sergei Bobrovsky,Brandon Bussi,CG,CG,0,0,0,0,0,0,0,0,0,0,0,0,1,1,1,12,11,15,3,41,10,11,6,2,29,21,21,22,5,69,20,24,14,5,63,52,43,0,0,3,0,3,1,0,2,0,3,9,6,7,1,23,12,6,9,0,27,0,1,2,3,238,198,26,38,0.897,0.927,0,0,0,6,1,3,0,2845,1055,3295,2875,110,13,0,0,0,0,0,0,0,0,120,300,0.0,-,,,,,,,,,,,,,,,,,,,,,,,,,,,,,,,
2025020544,2025-12-19,Hurricanes,Panthers,Away,SOL,34,34,3.2584810506,4.1487260498000005,1.792359802,2.8338376075,Brandon Bussi,Sergei Bobrovsky,CG,CG,0,0,0,0,0,0,0,0,1,1,1,1,0,0,0,10,11,6,2,29,12,11,15,3,41,20,24,14,5,63,21,21,22,5,69,43,52,1,0,2,0,3,0,0,3,0,3,12,6,9,0,27,9,6,7,1,23,1,0,3,2,198,238,38,26,0.927,0.897,0,0,6,0,3,1,2845,0,1055,3295,2875,13,110,0,0,0,0,0,0,0,0,120,300,0.0,-,,,,,,,,,,,,,,,,,,,,,,,,,,,,,,,
2025020545,2025-12-19,Islanders,Canucks,Home,RL,35,34,2.8473357676,2.882559781,1.4959419816000001,2.33537971,Ilya Sorokin,Thatcher Demko,CG,CG,0,0,0,0,0,0,0,0,0,0,0,0,0,0,0,8,5,11,0,24,9,12,10,0,31,21,16,15,0,52,14,21,20,0,55,36,43,0,0,1,0,1,3,0,1,0,4,5,6,10,0,21,5,3,2,0,10,0,1,4,3,324,358,27,23,0.871,0.958,0,1,0,5,2,0,0,3063,537,2667,2667,214,30,0,0,52,0,0,0,0,0,0,0,0.0,-,,,,,,,,,,,,,,,,,,,,,,,,,,,,,,,
2025020545,2025-12-19,Canucks,Islanders,Away,RW,34,35,2.882559781,2.8473357676,2.33537971,1.4959419816000001,Thatcher Demko,Ilya Sorokin,CG,CG,0,0,0,0,0,0,0,0,1,0,0,0,0,0,0,9,12,10,0,31,8,5,11,0,24,14,21,20,0,55,21,16,15,0,52,43,36,3,0,1,0,4,0,0,1,0,1,5,3,2,0,10,5,6,10,0,21,1,0,3,4,358,324,23,27,0.958,0.871,1,0,5,0,0,2,3063,0,537,2667,2667,30,214,0,0,0,52,0,0,0,0,0,0,0.0,-,,,,,,,,,,,,,,,,,,,,,,,,,,,,,,,
2025020546,2025-12-19,Avalanche,Jets,Home,RW,34,34,3.9931956172,1.7026582318999999,3.4450401592,1.3539486324,Scott Wedgewood,Connor Hellebuyck,CG,CG,0,0,0,0,0,0,0,0,1,0,0,0,0,0,0,11,11,4,0,26,8,7,7,0,22,16,26,16,0,58,18,16,14,0,48,46,43,2,0,1,0,3,0,1,1,0,2,6,8,7,0,21,9,4,7,0,20,0,1,3,2,361,154,20,23,0.909,0.885,0,0,5,0,2,0,3015,0,585,2958,2958,9,77,0,0,0,0,0,0,0,0,0,0,0.0,-,,,,,,,,,,,,,,,,,,,,,,,,,,,,,,,
2025020546,2025-12-19,Jets,Avalanche,Away,RL,34,34,1.7026582318999999,3.9931956172,1.3539486324,3.4450401592,Connor Hellebuyck,Scott Wedgewood,CG,CG,0,0,0,0,0,0,0,0,0,0,0,0,0,0,0,8,7,7,0,22,11,11,4,0,26,18,16,14,0,48,16,26,16,0,58,43,46,0,1,1,0,2,2,0,1,0,3,9,4,7,0,20,6,8,7,0,21,1,0,2,3,154,361,23,20,0.885,0.909,0,0,0,5,0,2,0,3015,585,2958,2958,77,9,0,0,0,0,0,0,0,0,0,0,0.0,-,,,,,,,,,,,,,,,,,,,,,,,,,,,,,,,
2025020547,2025-12-19,Mammoth,Devils,Home,RL,37,35,3.3546730447,2.4616726,2.2192742967,0.925481252,Karel Vejmelka,Jacob Markstrom,CG,CG,0,1,1,0,0,0,0,0,1,1,0,0,0,0,0,7,18,8,0,33,9,6,7,0,22,22,23,17,0,62,20,19,21,0,60,44,36,1,0,0,0,1,0,1,1,0,2,5,11,4,0,20,5,3,4,0,12,1,1,4,5,418,488,20,32,0.909,0.97,0,0,0,5,1,1,1306,940,1354,2483,2483,128,50,0,0,0,56,0,0,81,0,0,0,0.0,-,,,,,,,,,,,,,,,,,,,,,,,,,,,,,,,
2025020547,2025-12-19,Devils,Mammoth,Away,RW,35,37,2.4616726,3.3546730447,0.925481252,2.2192742967,Jacob Markstrom,Karel Vejmelka,CG,CG,0,0,0,0,0,1,1,0,0,0,0,0,1,0,0,9,6,7,0,22,7,18,8,0,33,20,19,21,0,60,22,23,17,0,62,36,44,0,1,1,0,2,1,0,0,0,1,5,3,4,0,12,5,11,4,0,20,1,1,5,4,488,418,32,20,0.97,0.909,0,0,5,0,1,1,940,1306,1354,2483,2483,50,128,0,0,56,0,0,0,0,81,0,0,0.0,-,,,,,,,,,,,,,,,,,,,,,,,,,,,,,,,
2025020548,2025-12-19,Ducks,Stars,Home,RL,35,36,2.8168642436,3.4354335173,2.3479947176,2.3977365683,Lukas Dostal,Casey DeSmith,IG,CG,0,0,0,0,1,0,0,0,0,0,0,0,0,0,0,8,9,8,0,25,7,8,10,0,25,21,20,14,0,55,12,26,17,0,55,49,41,1,0,2,0,3,4,3,1,0,8,11,6,5,0,22,4,2,2,0,8,0,1,3,3,360,284,17,22,0.68,0.88,0,0,0,0,0,1,0,3373,227,2837,2837,13,33,0,0,0,0,0,0,0,0,0,0,0.0,-,,,,,,,,,,,,,,,,,,,,,,,,,,,,,,,
2025020548,2025-12-19,Stars,Ducks,Away,RW,36,35,3.4354335173,2.8168642436,2.3977365683,2.3479947176,Casey DeSmith,Lukas Dostal,CG,IG,1,0,0,0,0,0,0,0,1,0,0,0,0,0,0,7,8,10,0,25,8,9,8,0,25,12,26,17,0,55,21,20,14,0,55,41,49,4,3,1,0,8,1,0,2,0,3,4,2,2,0,8,11,6,5,0,22,1,0,3,3,284,360,22,17,0.88,0.68,0,0,0,0,1,0,3373,0,227,2837,2837,33,13,0,0,0,0,0,0,0,0,0,0,0.0,-,,,,,,,,,,,,,,,,,,,,,,,,,,,,,,,
2025020549,2025-12-20,Rangers,Flyers,Home,SOW,37,34,2.7636595181,3.4287074263,2.1511298951,2.5562948757,Igor Shesterkin,Samuel Ersson,CG,CG,0,0,1,0,0,0,0,0,1,0,0,0,1,1,0,8,8,10,1,27,12,11,5,4,32,16,16,15,2,49,24,19,20,6,69,37,56,1,1,2,0,4,0,4,0,0,4,8,7,8,0,23,8,8,3,0,19,1,2,4,5,413,379,28,23,0.875,0.852,0,0,0,0,1,1,438,1821,1641,3001,2899,22,58,0,156,0,0,0,0,0,0,94,8,0.0,-,,,,,,,,,,,,,,,,,,,,,,,,,,,,,,,
2025020549,2025-12-20,Flyers,Rangers,Away,SOL,34,37,3.4287074263,2.7636595181,2.5562948757,2.1511298951,Samuel Ersson,Igor Shesterkin,CG,CG,0,0,0,0,0,0,1,0,0,1,1,0,0,0,0,12,11,5,4,32,8,8,10,1,27,24,19,20,6,69,16,16,15,2,49,56,37,0,4,0,0,4,1,1,2,0,4,8,8,3,0,19,8,7,8,0,23,2,1,5,4,379,413,23,28,0.852,0.875,0,0,0,0,1,1,1821,438,1641,3001,2899,58,22,156,0,0,0,0,0,0,0,94,8,0.0,-,,,,,,,,,,,,,,,,,,,,,,,,,,,,,,,
2025020550,2025-12-20,Capitals,Red Wings,Home,RL,35,36,2.6625285492,5.6223903714,2.0303765782,4.6491214074,Logan Thompson,John Gibson,CG,CG,0,0,0,0,0,0,0,0,0,0,0,0,0,0,0,6,9,11,0,26,17,14,10,0,41,19,17,24,0,60,26,25,21,0,72,51,59,0,1,1,0,2,1,3,1,0,5,12,13,7,0,32,2,5,3,0,10,0,0,2,3,240,360,36,24,0.878,0.923,0,1,0,2,2,3,0,3535,65,2869,2869,116,15,0,0,0,0,0,0,0,0,0,0,0.0,-,,,,,,,,,,,,,,,,,,,,,,,,,,,,,,,
2025020550,2025-12-20,Red Wings,Capitals,Away,RW,36,35,5.6223903714,2.6625285492,4.6491214074,2.0303765782,John Gibson,Logan Thompson,CG,CG,0,0,0,0,0,0,0,0,1,0,0,0,0,0,0,17,14,10,0,41,6,9,11,0,26,26,25,21,0,72,19,17,24,0,60,59,51,1,3,1,0,5,0,1,1,0,2,2,5,3,0,10,12,13,7,0,32,0,0,3,2,360,240,24,36,0.923,0.878,1,0,2,0,3,2,3535,0,65,2869,2869,15,116,0,0,0,0,0,0,0,0,0,0,0.0,-,,,,,,,,,,,,,,,,,,,,,,,,,,,,,,,
2025020551,2025-12-20,Senators,Blackhawks,Home,RW,34,35,5.5172938307,1.6728559418,3.7653669307,1.1081610417999999,Leevi Meriläinen,Arvid Soderblom,CG,CG,0,0,0,0,0,0,0,0,1,0,0,0,0,0,0,12,10,18,0,40,8,13,3,0,24,25,19,27,0,71,13,25,14,0,52,53,32,1,2,3,0,6,0,3,1,0,4,11,12,6,0,29,7,7,7,0,21,1,1,6,3,682,227,20,34,0.833,0.85,0,0,0,0,2,2,2390,0,1210,2499,2495,21,100,0,0,0,19,0,0,16,0,4,0,0.0,-,,,,,,,,,,,,,,,,,,,,,,,,,,,,,,,
2025020551,2025-12-20,Blackhawks,Senators,Away,RL,35,34,1.6728559418,5.5172938307,1.1081610417999999,3.7653669307,Arvid Soderblom,Leevi Meriläinen,CG,CG,0,0,0,0,0,0,0,0,0,0,0,0,0,0,0,8,13,3,0,24,12,10,18,0,40,13,25,14,0,52,25,19,27,0,71,32,53,0,3,1,0,4,1,2,3,0,6,7,7,7,0,21,11,12,6,0,29,1,1,3,6,227,682,34,20,0.85,0.833,0,0,0,0,2,2,0,2390,1210,2499,2495,100,21,0,0,19,0,0,0,0,16,4,0,0.0,-,,,,,,,,,,,,,,,,,,,,,,,,,,,,,,,
2025020552,2025-12-20,Wild,Oilers,Home,RW,36,36,5.0895750187,2.921094972,4.3604179187,2.109909941,Filip Gustavsson,Calvin Pickard,CG,CG,0,0,0,0,0,0,0,0,1,0,0,0,0,0,0,16,10,11,0,37,14,6,10,0,30,21,20,30,0,71,21,14,14,0,49,59,36,3,0,2,0,5,2,0,0,0,2,9,7,9,0,25,8,8,7,0,23,1,1,2,2,185,214,28,32,0.933,0.865,1,0,4,0,3,2,3310,0,290,3074,3074,17,100,0,0,0,0,0,0,0,0,0,0,0.0,-,,,,,,,,,,,,,,,,,,,,,,,,,,,,,,,
2025020552,2025-12-20,Oilers,Wild,Away,RL,36,36,2.921094972,5.0895750187,2.109909941,4.3604179187,Calvin Pickard,Filip Gustavsson,CG,CG,0,0,0,0,0,0,0,0,0,0,0,0,0,0,0,14,6,10,0,30,16,10,11,0,37,21,14,14,0,49,21,20,30,0,71,36,59,2,0,0,0,2,3,0,2,0,5,8,8,7,0,23,9,7,9,0,25,1,1,2,2,214,185,32,28,0.865,0.933,0,1,0,4,2,3,0,3310,290,3074,3074,100,17,0,0,0,0,0,0,0,0,0,0,0.0,-,,,,,,,,,,,,,,,,,,,,,,,,,,,,,,,
2025020553,2025-12-20,Sabres,Islanders,Home,SOW,34,36,4.3210374072,3.8691462096,2.8252747940000003,2.8314798406,Alex Lyon,David Rittich,CG,CG,0,0,0,0,1,0,0,0,1,0,0,0,0,0,0,12,10,7,3,32,7,15,7,5,34,19,22,16,3,60,18,23,14,7,62,46,47,1,1,0,0,2,0,1,1,0,2,7,5,5,1,18,11,7,6,1,25,1,1,4,3,380,195,32,30,0.941,0.938,0,0,2,1,1,3,3464,0,436,3202,2919,5,118,0,17,0,0,0,0,0,94,0,283,0.0,-,,,,,,,,,,,,,,,,,,,,,,,,,,,,,,,
2025020553,2025-12-20,Islanders,Sabres,Away,SOL,36,34,3.8691462096,4.3210374072,2.8314798406,2.8252747940000003,David Rittich,Alex Lyon,CG,CG,1,0,0,0,0,0,0,0,0,0,0,0,0,0,0,7,15,7,5,34,12,10,7,3,32,18,23,14,7,62,19,22,16,3,60,47,46,0,1,1,0,2,1,1,0,0,2,11,7,6,1,25,7,5,5,1,18,1,1,3,4,195,380,30,32,0.938,0.941,0,0,1,2,3,1,0,3464,436,3202,2919,118,5,17,0,0,0,0,0,94,0,0,283,0.0,-,,,,,,,,,,,,,,,,,,,,,,,,,,,,,,,
2025020554,2025-12-20,Panthers,Blues,Home,RL,35,37,2.7633785355,3.3807034438,1.8314790385,2.6282586768,Daniil Tarasov,Joel Hofer,CG,CG,1,1,1,0,0,1,1,0,0,0,0,0,0,0,0,7,14,8,0,29,7,9,16,0,32,12,18,16,0,46,15,20,27,0,62,31,49,0,2,0,0,2,1,2,3,0,6,9,10,7,0,26,7,6,6,0,19,1,1,4,3,421,315,26,27,0.812,0.931,0,1,0,5,1,2,0,2567,1033,2643,2643,165,56,0,0,0,0,0,0,13,9,0,0,0.0,-,,,,,,,,,,,,,,,,,,,,,,,,,,,,,,,
2025020554,2025-12-20,Blues,Panthers,Away,RW,37,35,3.3807034438,2.7633785355,2.6282586768,1.8314790385,Joel Hofer,Daniil Tarasov,CG,CG,0,1,1,0,1,1,1,0,1,0,0,0,0,0,0,7,9,16,0,32,7,14,8,0,29,15,20,27,0,62,12,18,16,0,46,49,31,1,2,3,0,6,0,2,0,0,2,7,6,6,0,19,9,10,7,0,26,1,1,3,4,315,421,27,26,0.931,0.812,1,0,5,0,2,1,2567,0,1033,2643,2643,56,165,0,0,0,0,0,0,9,13,0,0,0.0,-,,,,,,,,,,,,,,,,,,,,,,,,,,,,,,,
2025020555,2025-12-20,Bruins,Canucks,Home,SOL,36,35,4.6829673682,2.2380581485,2.9776934942,1.5441241774999999,Jeremy Swayman,Kevin Lankinen,CG,CG,0,0,0,0,1,0,0,0,1,1,0,0,0,0,0,13,17,7,6,43,4,9,8,2,23,24,21,17,7,69,13,21,15,3,52,50,41,1,2,1,0,4,1,1,2,0,4,8,6,6,0,20,13,10,6,0,29,1,1,3,4,289,409,19,39,0.826,0.907,0,0,0,0,0,1,1390,841,1669,3139,2713,21,23,0,0,0,0,0,0,0,0,126,300,0.0,-,,,,,,,,,,,,,,,,,,,,,,,,,,,,,,,
2025020555,2025-12-20,Canucks,Bruins,Away,SOW,35,36,2.2380581485,4.6829673682,1.5441241774999999,2.9776934942,Kevin Lankinen,Jeremy Swayman,CG,CG,1,0,0,0,0,0,0,0,0,0,0,0,1,0,0,4,9,8,2,23,13,17,7,6,43,13,21,15,3,52,24,21,17,7,69,41,50,1,1,2,0,4,1,2,1,0,4,13,10,6,0,29,8,6,6,0,20,1,1,4,3,409,289,39,19,0.907,0.826,0,0,0,0,1,0,841,1390,1669,3139,2713,23,21,0,0,0,0,0,0,0,0,126,300,0.0,-,,,,,,,,,,,,,,,,,,,,,,,,,,,,,,,
2025020556,2025-12-20,Canadiens,Penguins,Home,RW,35,34,3.074004908,3.6451478666,2.176079272,2.7467220746,Jacob Fowler,Stuart Skinner,CG,CG,0,0,0,0,0,0,0,0,1,0,0,0,0,0,0,10,5,6,0,21,9,5,17,0,31,20,16,18,0,54,20,19,26,0,65,38,53,2,1,1,0,4,0,0,0,0,0,4,5,7,0,16,8,9,7,0,24,1,0,1,3,51,360,31,17,1.0,0.81,1,0,10,0,2,3,2599,0,1001,2896,2896,16,265,0,0,0,0,0,0,0,0,0,0,0.0,-,,,,,,,,,,,,,,,,,,,,,,,,,,,,,,,
2025020556,2025-12-20,Penguins,Canadiens,Away,RL,34,35,3.6451478666,3.074004908,2.7467220746,2.176079272,Stuart Skinner,Jacob Fowler,CG,CG,0,0,0,0,0,0,0,0,0,0,0,0,0,0,0,9,5,17,0,31,10,5,6,0,21,20,19,26,0,65,20,16,18,0,54,53,38,0,0,0,0,0,2,1,1,0,4,8,9,7,0,24,4,5,7,0,16,0,1,3,1,360,51,17,31,0.81,1.0,0,1,0,10,3,2,0,2599,1001,2896,2896,265,16,0,0,0,0,0,0,0,0,0,0,0.0,-,,,,,,,,,,,,,,,,,,,,,,,,,,,,,,,
2025020557,2025-12-20,Lightning,Hurricanes,Home,RW,35,35,4.0208616867,2.4312814884000002,3.5550774377,1.349903338,Andrei Vasilevskiy,Pyotr Kochetkov,CG,CG,0,0,0,0,1,1,0,0,0,0,0,0,1,1,1,6,14,9,0,29,10,6,6,0,22,12,28,20,0,60,16,18,17,0,51,50,39,0,3,3,0,6,3,0,1,0,4,6,10,3,0,19,7,8,8,0,23,0,2,3,5,360,567,18,23,0.818,0.793,1,0,2,0,0,2,802,2060,738,2549,2549,19,91,0,0,0,0,0,0,0,0,0,0,0.0,-,,,,,,,,,,,,,,,,,,,,,,,,,,,,,,,
2025020557,2025-12-20,Hurricanes,Lightning,Away,RL,35,35,2.4312814884000002,4.0208616867,1.349903338,3.5550774377,Pyotr Kochetkov,Andrei Vasilevskiy,CG,CG,1,1,0,0,0,0,0,0,1,1,1,1,0,0,0,10,6,6,0,22,6,14,9,0,29,16,18,17,0,51,12,28,20,0,60,39,50,3,0,1,0,4,0,3,3,0,6,7,8,8,0,23,6,10,3,0,19,2,0,5,3,567,360,23,18,0.793,0.818,0,1,0,2,2,0,2060,802,738,2549,2549,91,19,0,0,0,0,0,0,0,0,0,0,0.0,-,,,,,,,,,,,,,,,,,,,,,,,,,,,,,,,
2025020558,2025-12-20,Predators,Maple Leafs,Home,RW,34,34,3.3893418621,2.8336140417,2.5142421551,2.4876142387,Juuse Saros,Joseph Woll,CG,CG,0,0,0,0,0,0,0,0,0,0,0,0,1,0,0,10,14,10,0,34,7,7,8,0,22,19,23,18,0,60,20,21,19,0,60,50,53,0,2,3,0,5,1,1,1,0,3,8,6,6,0,20,7,6,8,0,21,1,0,2,1,200,120,19,29,0.864,0.853,2,0,3,0,2,1,642,1853,1105,3173,3039,13,70,0,0,0,0,0,0,0,0,134,0,0.0,-,,,,,,,,,,,,,,,,,,,,,,,,,,,,,,,
2025020558,2025-12-20,Maple Leafs,Predators,Away,RL,34,34,2.8336140417,3.3893418621,2.4876142387,2.5142421551,Joseph Woll,Juuse Saros,CG,CG,0,0,0,0,0,0,0,0,1,1,0,0,0,0,0,7,7,8,0,22,10,14,10,0,34,20,21,19,0,60,19,23,18,0,60,53,50,1,1,1,0,3,0,2,3,0,5,7,6,8,0,21,8,6,6,0,20,0,1,1,2,120,200,29,19,0.853,0.864,0,2,0,3,1,2,1853,642,1105,3173,3039,70,13,0,0,0,0,0,0,0,0,134,0,0.0,-,,,,,,,,,,,,,,,,,,,,,,,,,,,,,,,
2025020559,2025-12-20,Flames,Golden Knights,Home,RW,36,33,3.4809878101,3.7878359778,2.9826013171,3.2217318278,Devin Cooley,Akira Schmid,CG,CG,0,0,0,0,0,0,0,0,1,0,0,0,0,0,0,11,10,5,0,26,7,9,21,0,37,25,18,13,0,56,16,25,29,0,70,50,62,3,2,1,0,6,1,1,1,0,3,4,6,4,0,14,7,10,10,0,27,0,1,0,2,0,133,34,20,0.919,0.769,1,0,5,0,2,2,3366,0,234,3361,3361,17,54,0,0,0,0,0,0,0,0,0,0,0.0,-,,,,,,,,,,,,,,,,,,,,,,,,,,,,,,,
2025020559,2025-12-20,Golden Knights,Flames,Away,RL,33,36,3.7878359778,3.4809878101,3.2217318278,2.9826013171,Akira Schmid,Devin Cooley,CG,CG,0,0,0,0,0,0,0,0,0,0,0,0,0,0,0,7,9,21,0,37,11,10,5,0,26,16,25,29,0,70,25,18,13,0,56,62,50,1,1,1,0,3,3,2,1,0,6,7,10,10,0,27,4,6,4,0,14,1,0,2,0,133,0,20,34,0.769,0.919,0,1,0,5,2,2,0,3366,234,3361,3361,54,17,0,0,0,0,0,0,0,0,0,0,0.0,-,,,,,,,,,,,,,,,,,,,,,,,,,,,,,,,
2025020560,2025-12-20,Ducks,Blue Jackets,Home,RW,36,35,4.194942946,3.0383894083,3.76826561,2.7071550283,Lukas Dostal,Elvis Merzlikins,CG,CG,1,0,1,0,0,0,0,0,1,0,0,0,0,0,0,10,11,7,0,28,9,10,7,0,26,22,24,32,0,78,17,20,15,0,52,69,46,2,1,1,0,4,1,1,1,0,3,11,4,4,0,19,5,2,5,0,12,0,1,3,2,352,203,23,24,0.885,0.857,0,0,3,0,2,0,2642,0,958,2952,2952,23,60,0,0,0,0,0,0,0,0,0,0,0.0,-,,,,,,,,,,,,,,,,,,,,,,,,,,,,,,,
2025020560,2025-12-20,Blue Jackets,Ducks,Away,RL,35,36,3.0383894083,4.194942946,2.7071550283,3.76826561,Elvis Merzlikins,Lukas Dostal,CG,CG,0,0,0,0,1,0,1,0,0,0,0,0,0,0,0,9,10,7,0,26,10,11,7,0,28,17,20,15,0,52,22,24,32,0,78,46,69,1,1,1,0,3,2,1,1,0,4,5,2,5,0,12,11,4,4,0,19,1,0,2,3,203,352,24,23,0.857,0.885,0,0,0,3,0,2,0,2642,958,2952,2952,60,23,0,0,0,0,0,0,0,0,0,0,0.0,-,,,,,,,,,,,,,,,,,,,,,,,,,,,,,,,
2025020561,2025-12-20,Sharks,Kraken,Home,RL,36,33,5.251548669,2.052836998,3.877692899,1.704325598,Yaroslav Askarov,Joey Daccord,CG,CG,0,0,0,0,0,0,0,0,0,1,0,0,0,0,0,12,12,13,0,37,17,7,8,0,32,25,23,22,0,70,22,18,21,0,61,53,50,0,1,1,0,2,0,1,3,0,4,6,8,5,0,19,4,8,6,0,18,1,0,4,1,344,120,28,35,0.875,0.946,0,1,0,2,1,0,79,1203,2318,2981,2981,65,59,0,0,0,0,0,0,15,0,0,0,0.0,-,,,,,,,,,,,,,,,,,,,,,,,,,,,,,,,
2025020561,2025-12-20,Kraken,Sharks,Away,RW,33,36,2.052836998,5.251548669,1.704325598,3.877692899,Joey Daccord,Yaroslav Askarov,CG,CG,0,0,0,0,0,0,0,0,1,0,0,0,1,0,0,17,7,8,0,32,12,12,13,0,37,22,18,21,0,61,25,23,22,0,70,50,53,0,1,3,0,4,0,1,1,0,2,4,8,6,0,18,6,8,5,0,19,0,1,1,4,120,344,35,28,0.946,0.875,1,0,2,0,0,1,1203,79,2318,2981,2981,59,65,0,0,0,0,0,0,0,15,0,0,0.0,-,,,,,,,,,,,,,,,,,,,,,,,,,,,,,,,
2025020562,2025-12-21,Red Wings,Capitals,Home,OTW,37,36,2.587891824,5.0566955634,1.857309276,4.4317685604,Cam Talbot,Charlie Lindgren,CG,CG,1,0,1,0,1,1,1,0,0,0,0,0,1,0,0,5,12,4,6,27,14,8,10,1,33,14,24,15,7,60,26,20,21,3,70,51,62,0,2,0,1,3,1,0,1,0,2,8,4,4,0,16,6,2,3,0,11,1,0,2,1,195,125,31,24,0.939,0.889,0,0,0,0,1,4,998,860,2018,3511,3360,8,7,104,0,0,0,0,0,0,0,2,149,0.0,-,,,,,,,,,,,,,,,,,,,,,,,,,,,,,,,
2025020562,2025-12-21,Capitals,Red Wings,Away,OTL,36,37,5.0566955634,2.587891824,4.4317685604,1.857309276,Charlie Lindgren,Cam Talbot,CG,CG,1,1,1,0,1,0,1,0,1,1,0,0,0,0,0,14,8,10,1,33,5,12,4,6,27,26,20,21,3,70,14,24,15,7,60,62,51,1,0,1,0,2,0,2,0,1,3,6,2,3,0,11,8,4,4,0,16,0,1,1,2,125,195,24,31,0.889,0.939,0,0,0,0,4,1,860,998,2018,3511,3360,7,8,0,104,0,0,0,0,0,0,2,149,0.0,-,,,,,,,,,,,,,,,,,,,,,,,,,,,,,,,
2025020563,2025-12-21,Wild,Avalanche,Home,RL,37,35,2.9604289409,5.0713456174,2.3440600689,2.887773152,Jesper Wallstedt,Mackenzie Blackwood,CG,CG,1,1,1,1,0,0,0,0,0,0,0,0,0,0,0,7,13,9,0,29,14,19,9,0,42,20,29,28,0,77,28,31,15,0,74,61,49,0,0,1,0,1,1,2,2,0,5,7,3,3,0,13,4,7,6,0,17,0,2,3,4,360,318,37,28,0.881,0.966,0,1,0,5,4,3,0,2492,1108,2730,2730,87,44,0,0,0,0,0,0,0,0,0,0,0.0,-,,,,,,,,,,,,,,,,,,,,,,,,,,,,,,,
2025020563,2025-12-21,Avalanche,Wild,Away,RW,35,37,5.0713456174,2.9604289409,2.887773152,2.3440600689,Mackenzie Blackwood,Jesper Wallstedt,CG,CG,0,0,0,0,1,1,1,1,1,0,0,0,0,0,0,14,19,9,0,42,7,13,9,0,29,28,31,15,0,74,20,29,28,0,77,49,61,1,2,2,0,5,0,0,1,0,1,4,7,6,0,17,7,3,3,0,13,2,0,4,3,318,360,28,37,0.966,0.881,1,0,5,0,3,4,2492,0,1108,2730,2730,44,87,0,0,0,0,0,0,0,0,0,0,0.0,-,,,,,,,,,,,,,,,,,,,,,,,,,,,,,,,
2025020564,2025-12-21,Bruins,Senators,Home,RL,37,35,2.5420971033,3.6830874895,1.9585101573,2.7288359465,Joonas Korpisalo,Linus Ullmark,IG,CG,1,1,1,0,1,1,0,0,0,0,0,0,0,0,0,5,8,7,0,20,11,9,8,0,28,16,15,17,0,48,23,23,13,0,59,38,46,1,1,0,0,2,3,3,0,0,6,13,16,3,0,32,7,9,6,0,22,1,2,5,4,445,397,22,18,0.786,0.9,0,0,0,0,1,2,0,3510,90,2548,2546,61,38,61,0,27,0,0,0,0,0,2,0,0.0,-,,,,,,,,,,,,,,,,,,,,,,,,,,,,,,,
2025020564,2025-12-21,Senators,Bruins,Away,RW,35,37,3.6830874895,2.5420971033,2.7288359465,1.9585101573,Linus Ullmark,Joonas Korpisalo,CG,IG,1,1,0,0,1,1,1,0,1,0,0,0,0,0,0,11,9,8,0,28,5,8,7,0,20,23,23,13,0,59,16,15,17,0,48,46,38,3,3,0,0,6,1,1,0,0,2,7,9,6,0,22,13,16,3,0,32,2,1,4,5,397,445,18,22,0.9,0.786,0,0,0,0,2,1,3510,0,90,2548,2546,38,61,0,61,0,27,0,0,0,0,2,0,0.0,-,,,,,,,,,,,,,,,,,,,,,,,,,,,,,,,
2025020565,2025-12-21,Devils,Sabres,Home,RL,36,35,3.1743956603,1.9484183487,2.2926708263,1.6060244887,Jake Allen,Ukko-Pekka Luukkonen,CG,CG,0,0,0,0,1,1,0,0,1,1,0,0,0,0,0,12,6,9,0,27,9,12,4,0,25,19,19,22,0,60,19,22,18,0,59,49,53,1,0,0,0,1,0,2,1,0,3,7,7,2,0,16,7,10,3,0,20,0,0,1,0,124,0,22,26,0.88,0.963,0,1,0,6,4,0,815,1435,1350,3295,3295,181,0,0,0,0,0,0,0,0,0,0,0,0.0,-,,,,,,,,,,,,,,,,,,,,,,,,,,,,,,,
2025020565,2025-12-21,Sabres,Devils,Away,RW,35,36,1.9484183487,3.1743956603,1.6060244887,2.2926708263,Ukko-Pekka Luukkonen,Jake Allen,CG,CG,1,1,0,0,0,0,0,0,0,0,0,0,1,0,0,9,12,4,0,25,12,6,9,0,27,19,22,18,0,59,19,19,22,0,60,53,49,0,2,1,0,3,1,0,0,0,1,7,10,3,0,20,7,7,2,0,16,0,0,0,1,0,124,26,22,0.963,0.88,1,0,6,0,0,4,1435,815,1350,3295,3295,0,181,0,0,0,0,0,0,0,0,0,0,0.0,-,,,,,,,,,,,,,,,,,,,,,,,,,,,,,,,
2025020566,2025-12-21,Penguins,Canadiens,Home,SOW,35,36,4.3490880138,2.8887290715,3.2080014398,1.4763794685,Arturs Silovs,Jakub Dobes,CG,CG,1,1,1,1,1,1,1,1,0,0,0,0,1,0,0,14,14,2,1,31,8,8,6,3,25,21,23,19,2,65,17,21,19,8,65,52,47,2,1,0,0,3,1,1,1,0,3,9,9,10,2,30,7,9,9,0,25,1,0,3,2,278,240,22,28,0.88,0.903,0,0,0,0,1,3,1407,27,2466,3252,2850,33,48,0,0,0,0,0,0,0,0,102,300,0.0,-,,,,,,,,,,,,,,,,,,,,,,,,,,,,,,,
2025020566,2025-12-21,Canadiens,Penguins,Away,SOL,36,35,2.8887290715,4.3490880138,1.4763794685,3.2080014398,Jakub Dobes,Arturs Silovs,CG,CG,1,1,1,1,1,1,1,1,1,1,0,0,0,0,0,8,8,6,3,25,14,14,2,1,31,17,21,19,8,65,21,23,19,2,65,47,52,1,1,1,0,3,2,1,0,0,3,7,9,9,0,25,9,9,10,2,30,0,1,2,3,240,278,28,22,0.903,0.88,0,0,0,0,3,1,27,1407,2466,3252,2850,48,33,0,0,0,0,0,0,0,0,102,300,0.0,-,,,,,,,,,,,,,,,,,,,,,,,,,,,,,,,
2025020567,2025-12-21,Predators,Rangers,Home,RW,35,38,2.7081970367,1.6603198362,2.2063388617,1.4887906512,Justus Annunen,Jonathan Quick,CG,CG,1,0,0,0,1,1,1,1,1,0,0,0,0,0,0,15,11,6,0,32,6,4,7,0,17,22,21,20,0,63,25,13,13,0,51,50,47,0,1,1,0,2,0,0,1,0,1,7,8,3,0,18,7,6,4,0,17,0,0,2,3,311,360,16,30,0.941,0.938,1,0,1,0,4,2,1756,0,1844,2811,2811,99,19,0,0,0,0,0,0,0,0,0,0,0.0,-,,,,,,,,,,,,,,,,,,,,,,,,,,,,,,,
2025020567,2025-12-21,Rangers,Predators,Away,RL,38,35,1.6603198362,2.7081970367,1.4887906512,2.2063388617,Jonathan Quick,Justus Annunen,CG,CG,1,1,1,1,1,0,0,0,0,0,0,0,0,0,0,6,4,7,0,17,15,11,6,0,32,25,13,13,0,51,22,21,20,0,63,47,50,0,0,1,0,1,0,1,1,0,2,7,6,4,0,17,7,8,3,0,18,0,0,3,2,360,311,30,16,0.938,0.941,0,1,0,1,2,4,0,1756,1844,2811,2811,19,99,0,0,0,0,0,0,0,0,0,0,0.0,-,,,,,,,,,,,,,,,,,,,,,,,,,,,,,,,
2025020568,2025-12-21,Stars,Maple Leafs,Home,RW,37,35,3.0024723053,2.8780966766000002,2.4440138393,2.1925658716,Jake Oettinger,Dennis Hildeby,CG,CG,0,1,0,0,1,1,1,0,1,0,0,0,0,0,0,4,4,14,0,22,6,15,7,0,28,15,15,18,0,48,14,26,16,0,56,39,43,1,0,4,0,5,0,0,1,0,1,1,6,4,0,11,13,9,2,0,24,0,0,3,4,337,457,27,17,0.964,0.773,1,0,1,0,3,4,2490,0,1110,2680,2680,37,66,0,0,0,0,0,0,0,37,0,0,0.0,-,,,,,,,,,,,,,,,,,,,,,,,,,,,,,,,
2025020568,2025-12-21,Maple Leafs,Stars,Away,RL,35,37,2.8780966766000002,3.0024723053,2.1925658716,2.4440138393,Dennis Hildeby,Jake Oettinger,CG,CG,1,1,1,0,0,1,0,0,0,0,0,0,0,0,0,6,15,7,0,28,4,4,14,0,22,14,26,16,0,56,15,15,18,0,48,43,39,0,0,1,0,1,1,0,4,0,5,13,9,2,0,24,1,6,4,0,11,0,0,4,3,457,337,17,27,0.773,0.964,0,1,0,1,4,3,0,2490,1110,2680,2680,66,37,0,0,0,0,0,0,37,0,0,0,0.0,-,,,,,,,,,,,,,,,,,,,,,,,,,,,,,,,
2025020569,2025-12-21,Mammoth,Jets,Home,OTW,38,35,3.1647845820000002,2.0500309924,2.021878445,1.8517113524,Karel Vejmelka,Connor Hellebuyck,CG,CG,0,0,1,0,0,0,0,0,1,0,0,0,0,0,0,7,8,6,1,22,5,8,13,0,26,14,22,13,1,50,11,25,21,0,57,34,54,2,1,0,1,4,0,1,2,0,3,6,5,5,0,16,10,10,7,0,27,0,1,3,3,360,291,23,18,0.885,0.818,0,0,0,0,3,2,3028,0,585,2891,2878,10,55,0,0,0,0,0,0,0,0,0,13,0.0,-,,,,,,,,,,,,,,,,,,,,,,,,,,,,,,,
2025020569,2025-12-21,Jets,Mammoth,Away,OTL,35,38,2.0500309924,3.1647845820000002,1.8517113524,2.021878445,Connor Hellebuyck,Karel Vejmelka,CG,CG,0,0,0,0,0,0,1,0,0,0,0,0,0,0,0,5,8,13,0,26,7,8,6,1,22,11,25,21,0,57,14,22,13,1,50,54,34,0,1,2,0,3,2,1,0,1,4,10,10,7,0,27,6,5,5,0,16,1,0,3,3,291,360,18,23,0.818,0.885,0,0,0,0,2,3,0,3028,585,2891,2878,55,10,0,0,0,0,0,0,0,0,0,13,0.0,-,,,,,,,,,,,,,,,,,,,,,,,,,,,,,,,
2025020570,2025-12-21,Oilers,Golden Knights,Home,RW,37,34,3.2924364528,3.795377471,2.3789023618000003,2.122577224,Connor Ingram,Carter Hart,CG,CG,1,1,1,1,1,0,0,0,1,0,0,0,0,0,0,12,6,3,0,21,8,10,13,0,31,23,16,15,0,54,18,18,24,0,60,37,39,2,2,0,0,4,0,1,2,0,3,5,11,8,0,24,14,11,7,0,32,2,2,3,5,245,434,28,17,0.903,0.81,0,0,5,0,4,3,3049,0,551,2730,2730,20,137,0,0,0,0,0,0,0,0,0,0,0.0,-,,,,,,,,,,,,,,,,,,,,,,,,,,,,,,,
2025020570,2025-12-21,Golden Knights,Oilers,Away,RL,34,37,3.795377471,3.2924364528,2.122577224,2.3789023618000003,Carter Hart,Connor Ingram,CG,CG,1,0,0,0,1,1,1,1,0,0,0,0,0,0,0,8,10,13,0,31,12,6,3,0,21,18,18,24,0,60,23,16,15,0,54,39,37,0,1,2,0,3,2,2,0,0,4,14,11,7,0,32,5,11,8,0,24,2,2,5,3,434,245,17,28,0.81,0.903,0,0,0,5,3,4,0,3049,551,2730,2730,137,20,0,0,0,0,0,0,0,0,0,0,0.0,-,,,,,,,,,,,,,,,,,,,,,,,,,,,,,,,
2025020571,2025-12-22,Lightning,Blues,Home,RW,36,38,2.7510733034,2.548177957,1.8951173884,2.150957086,Andrei Vasilevskiy,Jordan Binnington,CG,CG,0,0,0,0,0,0,1,0,1,0,0,0,0,0,0,6,7,4,0,17,5,11,8,0,24,18,15,14,0,47,17,21,14,0,52,37,44,2,1,1,0,4,0,1,0,0,1,4,3,3,0,10,9,10,8,0,27,2,0,4,2,391,240,23,13,0.958,0.765,0,0,0,0,1,2,3579,0,21,2858,2858,48,60,0,0,0,0,0,0,0,11,0,0,0.0,-,,,,,,,,,,,,,,,,,,,,,,,,,,,,,,,
2025020571,2025-12-22,Blues,Lightning,Away,RL,38,36,2.548177957,2.7510733034,2.150957086,1.8951173884,Jordan Binnington,Andrei Vasilevskiy,CG,CG,0,0,1,0,0,0,0,0,0,0,0,0,0,0,0,5,11,8,0,24,6,7,4,0,17,17,21,14,0,52,18,15,14,0,47,44,37,0,1,0,0,1,2,1,1,0,4,9,10,8,0,27,4,3,3,0,10,0,2,2,4,240,391,13,23,0.765,0.958,0,0,0,0,2,1,0,3579,21,2858,2858,60,48,0,0,0,0,0,0,11,0,0,0,0.0,-,,,,,,,,,,,,,,,,,,,,,,,,,,,,,,,
2025020572,2025-12-22,Flyers,Canucks,Home,RW,35,36,5.1124741327,2.3678890908,4.4845693717,2.0195003907999998,Dan Vladar,Thatcher Demko,CG,CG,0,0,0,0,0,1,0,0,1,0,0,0,0,0,0,14,14,11,0,39,5,12,8,0,25,22,24,16,0,62,15,23,20,0,58,51,53,0,1,4,0,5,0,0,2,0,2,4,6,4,0,14,13,12,8,0,33,0,0,1,2,120,254,23,34,0.92,0.872,1,0,2,0,2,2,1607,0,1993,3092,3092,29,105,0,0,0,0,0,0,0,0,0,0,0.0,-,,,,,,,,,,,,,,,,,,,,,,,,,,,,,,,
2025020572,2025-12-22,Canucks,Flyers,Away,RL,36,35,2.3678890908,5.1124741327,2.0195003907999998,4.4845693717,Thatcher Demko,Dan Vladar,CG,CG,0,1,0,0,0,0,0,0,0,0,0,0,0,0,0,5,12,8,0,25,14,14,11,0,39,15,23,20,0,58,22,24,16,0,62,53,51,0,0,2,0,2,0,1,4,0,5,13,12,8,0,33,4,6,4,0,14,0,0,2,1,254,120,34,23,0.872,0.92,0,1,0,2,2,2,0,1607,1993,3092,3092,105,29,0,0,0,0,0,0,0,0,0,0,0.0,-,,,,,,,,,,,,,,,,,,,,,,,,,,,,,,,
2025020573,2025-12-22,Ducks,Kraken,Home,RL,37,34,3.87661909,2.3980609545,3.044962765,1.8091265045,Lukas Dostal,Philipp Grubauer,CG,CG,0,1,0,0,0,0,0,0,0,0,0,0,0,0,0,7,17,17,0,41,10,5,6,0,21,18,31,26,0,75,18,14,14,0,46,58,35,0,1,0,0,1,0,1,2,0,3,4,8,12,0,24,7,7,10,0,24,0,1,2,3,240,176,18,40,0.857,0.976,0,1,0,1,2,1,0,1247,2353,3041,2944,96,14,0,0,0,0,0,0,0,0,97,0,0.0,-,,,,,,,,,,,,,,,,,,,,,,,,,,,,,,,
2025020573,2025-12-22,Kraken,Ducks,Away,RW,34,37,2.3980609545,3.87661909,1.8091265045,3.044962765,Philipp Grubauer,Lukas Dostal,CG,CG,0,0,0,0,0,1,0,0,1,0,0,0,0,0,0,10,5,6,0,21,7,17,17,0,41,18,14,14,0,46,18,31,26,0,75,35,58,0,1,2,0,3,0,1,0,0,1,7,7,10,0,24,4,8,12,0,24,1,0,3,2,176,240,40,18,0.976,0.857,1,0,1,0,1,2,1247,0,2353,3041,2944,14,96,0,0,0,0,0,0,0,0,97,0,0.0,-,,,,,,,,,,,,,,,,,,,,,,,,,,,,,,,
2025020574,2025-12-22,Kings,Blue Jackets,Home,RL,35,36,2.5588414754,2.979489553,2.09436514,1.400416288,Anton Forsberg,Jet Greaves,CG,CG,0,0,0,0,0,0,0,0,0,0,0,0,0,0,0,11,6,7,0,24,10,11,9,0,30,20,19,13,0,52,20,21,21,0,62,41,37,0,1,0,0,1,2,0,1,0,3,9,5,5,0,19,9,1,5,0,15,0,3,5,7,425,467,27,23,0.9,0.958,0,0,0,4,2,2,0,3353,247,2474,2336,146,17,0,0,0,0,0,0,48,0,138,0,0.0,-,,,,,,,,,,,,,,,,,,,,,,,,,,,,,,,
2025020574,2025-12-22,Blue Jackets,Kings,Away,RW,36,35,2.979489553,2.5588414754,1.400416288,2.09436514,Jet Greaves,Anton Forsberg,CG,CG,0,0,0,0,0,0,0,0,1,0,0,0,0,0,0,10,11,9,0,30,11,6,7,0,24,20,21,21,0,62,20,19,13,0,52,37,41,2,0,1,0,3,0,1,0,0,1,9,1,5,0,15,9,5,5,0,19,3,0,7,5,467,425,23,27,0.958,0.9,0,0,4,0,2,2,3353,0,247,2474,2336,17,146,0,0,0,0,0,0,0,48,138,0,0.0,-,,,,,,,,,,,,,,,,,,,,,,,,,,,,,,,
2025020575,2025-12-23,Maple Leafs,Penguins,Home,RW,36,36,3.8205654334,2.3103054147,2.5870571334,1.8372540117,Joseph Woll,Stuart Skinner,CG,CG,0,1,1,0,0,1,1,0,1,0,0,0,0,0,0,7,12,12,0,31,12,9,11,0,32,18,20,25,0,63,18,16,15,0,49,53,43,2,1,3,0,6,1,1,1,0,3,8,6,5,0,19,5,5,6,0,16,0,0,2,1,120,48,29,25,0.906,0.806,2,0,3,0,1,3,2195,0,1405,3392,3221,0,34,56,0,0,0,0,0,11,0,171,0,0.0,-,,,,,,,,,,,,,,,,,,,,,,,,,,,,,,,
2025020575,2025-12-23,Penguins,Maple Leafs,Away,RL,36,36,2.3103054147,3.8205654334,1.8372540117,2.5870571334,Stuart Skinner,Joseph Woll,CG,CG,0,1,1,0,0,1,1,0,0,0,0,0,0,0,0,12,9,11,0,32,7,12,12,0,31,18,16,15,0,49,18,20,25,0,63,43,53,1,1,1,0,3,2,1,3,0,6,5,5,6,0,16,8,6,5,0,19,0,0,1,2,48,120,25,29,0.806,0.906,0,2,0,3,3,1,0,2195,1405,3392,3221,34,0,0,56,0,0,0,0,0,11,171,0,0.0,-,,,,,,,,,,,,,,,,,,,,,,,,,,,,,,,
2025020579,2025-12-23,Red Wings,Stars,Home,OTW,38,38,2.5953022063,3.8387975703,1.4435055323000001,2.8590909633,John Gibson,Casey DeSmith,CG,CG,0,1,0,0,0,0,1,0,1,0,0,0,1,0,0,6,5,12,2,25,5,13,4,0,22,14,20,19,2,55,15,24,16,0,55,36,39,1,0,2,1,4,0,2,1,0,3,6,4,6,0,16,5,9,6,0,20,2,2,3,5,209,402,19,21,0.864,0.84,0,0,0,0,1,2,1284,505,1845,2818,2727,77,20,0,0,0,0,0,0,27,0,57,34,0.0,-,,,,,,,,,,,,,,,,,,,,,,,,,,,,,,,
2025020579,2025-12-23,Stars,Red Wings,Away,OTL,38,38,3.8387975703,2.5953022063,2.8590909633,1.4435055323000001,Casey DeSmith,John Gibson,CG,CG,0,0,1,0,0,1,0,0,0,1,0,0,0,0,0,5,13,4,0,22,6,5,12,2,25,15,24,16,0,55,14,20,19,2,55,39,36,0,2,1,0,3,1,0,2,1,4,5,9,6,0,20,6,4,6,0,16,2,2,5,3,402,209,21,19,0.84,0.864,0,0,0,0,2,1,505,1284,1845,2818,2727,20,77,0,0,0,0,0,0,0,27,57,34,0.0,-,,,,,,,,,,,,,,,,,,,,,,,,,,,,,,,
2025020576,2025-12-23,Capitals,Rangers,Home,RL,37,39,3.386257649,2.9010562611,2.298236481,2.1990003581,Logan Thompson,Igor Shesterkin,CG,CG,0,1,1,0,0,1,1,1,0,1,0,0,0,0,0,6,15,11,0,32,5,5,11,0,21,21,28,24,0,73,22,13,19,0,54,56,41,0,3,0,0,3,1,1,5,0,7,5,5,3,0,13,10,4,4,0,18,1,1,3,4,160,380,14,29,0.667,0.906,0,1,0,3,3,2,1113,968,1519,2835,2835,144,55,0,0,0,0,0,0,0,0,0,0,0.0,-,,,,,,,,,,,,,,,,,,,,,,,,,,,,,,,
2025020576,2025-12-23,Rangers,Capitals,Away,RW,39,37,2.9010562611,3.386257649,2.1990003581,2.298236481,Igor Shesterkin,Logan Thompson,CG,CG,0,1,1,1,0,1,1,0,1,0,0,0,1,0,0,5,5,11,0,21,6,15,11,0,32,22,13,19,0,54,21,28,24,0,73,41,56,1,1,5,0,7,0,3,0,0,3,10,4,4,0,18,5,5,3,0,13,1,1,4,3,380,160,29,14,0.906,0.667,1,0,3,0,2,3,968,1113,1519,2835,2835,55,144,0,0,0,0,0,0,0,0,0,0,0.0,-,,,,,,,,,,,,,,,,,,,,,,,,,,,,,,,
2025020577,2025-12-23,Bruins,Canadiens,Home,RL,38,37,2.7924429897,3.107084229,1.4460947727,2.032339534,Jeremy Swayman,Jacob Fowler,CG,CG,0,1,1,0,0,1,1,0,0,1,0,0,0,0,0,17,5,6,0,28,8,12,9,0,29,26,15,10,0,51,19,23,19,0,61,36,43,2,0,0,0,2,1,1,4,0,6,6,15,6,0,27,12,7,4,0,23,1,2,5,7,532,710,23,26,0.793,0.929,0,0,0,0,1,1,136,853,2611,2200,2066,50,47,0,0,0,75,0,0,0,0,134,0,0.0,-,,,,,,,,,,,,,,,,,,,,,,,,,,,,,,,
2025020577,2025-12-23,Canadiens,Bruins,Away,RW,37,38,3.107084229,2.7924429897,2.032339534,1.4460947727,Jacob Fowler,Jeremy Swayman,CG,CG,0,1,1,0,0,1,1,0,1,0,0,0,1,0,0,8,12,9,0,29,17,5,6,0,28,19,23,19,0,61,26,15,10,0,51,43,36,1,1,4,0,6,2,0,0,0,2,12,7,4,0,23,6,15,6,0,27,2,1,7,5,710,532,26,23,0.929,0.793,0,0,0,0,1,1,853,136,2611,2200,2066,47,50,0,0,75,0,0,0,0,0,134,0,0.0,-,,,,,,,,,,,,,,,,,,,,,,,,,,,,,,,
2025020578,2025-12-23,Senators,Sabres,Home,OTL,36,36,3.2653544896,1.6305290416,2.6565039976,1.1828101175999999,Linus Ullmark,Alex Lyon,CG,CG,0,1,1,0,0,1,1,0,0,0,0,0,0,0,0,11,8,7,0,26,12,8,4,1,25,19,19,16,0,54,22,18,9,1,50,47,39,1,1,0,0,2,1,1,0,1,3,8,5,6,0,19,6,7,2,0,15,1,0,3,1,276,120,22,24,0.88,0.923,0,0,0,0,2,0,0,307,3324,3185,3047,14,35,31,0,0,0,0,0,0,0,138,0,0.0,-,,,,,,,,,,,,,,,,,,,,,,,,,,,,,,,
2025020578,2025-12-23,Sabres,Senators,Away,OTW,36,36,1.6305290416,3.2653544896,1.1828101175999999,2.6565039976,Alex Lyon,Linus Ullmark,CG,CG,0,1,1,0,0,1,1,0,1,0,0,0,0,0,0,12,8,4,1,25,11,8,7,0,26,22,18,9,1,50,19,19,16,0,54,39,47,1,1,0,1,3,1,1,0,0,2,6,7,2,0,15,8,5,6,0,19,0,1,1,3,120,276,24,22,0.923,0.88,0,0,0,0,0,2,307,0,3324,3185,3047,35,14,0,31,0,0,0,0,0,0,138,0,0.0,-,,,,,,,,,,,,,,,,,,,,,,,,,,,,,,,
2025020580,2025-12-23,Islanders,Devils,Home,RW,37,37,3.7285685308,4.6662657895,3.6972851448,4.1806345635,David Rittich,Jacob Markstrom,CG,CG,0,0,0,0,0,0,0,0,0,0,0,0,1,0,0,7,14,4,0,25,15,6,11,0,32,18,25,17,0,60,25,18,28,0,71,58,68,0,1,1,0,2,1,0,0,0,1,9,9,8,0,26,5,6,4,0,15,0,0,0,0,0,0,31,23,0.969,0.92,0,0,3,0,2,1,75,995,2530,3553,3553,0,47,0,0,0,0,0,0,0,0,0,0,0.0,-,,,,,,,,,,,,,,,,,,,,,,,,,,,,,,,
2025020580,2025-12-23,Devils,Islanders,Away,RL,37,37,4.6662657895,3.7285685308,4.1806345635,3.6972851448,Jacob Markstrom,David Rittich,CG,CG,0,0,0,0,0,0,0,0,1,1,0,0,0,0,0,15,6,11,0,32,7,14,4,0,25,25,18,28,0,71,18,25,17,0,60,68,58,1,0,0,0,1,0,1,1,0,2,5,6,4,0,15,9,9,8,0,26,0,0,0,0,0,0,23,31,0.92,0.969,0,0,0,3,1,2,995,75,2530,3553,3553,47,0,0,0,0,0,0,0,0,0,0,0,0.0,-,,,,,,,,,,,,,,,,,,,,,,,,,,,,,,,
2025020581,2025-12-23,Hurricanes,Panthers,Home,RL,36,36,2.6940950753,3.013098686,2.0048287873,2.7622527294,Frederik Andersen,Sergei Bobrovsky,CG,CG,0,0,0,0,0,0,0,0,1,1,1,0,0,0,0,6,10,3,0,19,3,5,14,0,22,21,23,11,0,55,19,12,24,0,55,45,50,1,1,0,0,2,0,0,5,0,5,14,11,10,0,35,11,9,12,0,32,0,1,2,4,163,208,17,17,0.773,0.895,0,0,0,0,5,5,2526,780,294,3177,2982,1,3,0,0,0,0,0,0,0,0,195,0,0.0,-,,,,,,,,,,,,,,,,,,,,,,,,,,,,,,,
2025020581,2025-12-23,Panthers,Hurricanes,Away,RW,36,36,3.013098686,2.6940950753,2.7622527294,2.0048287873,Sergei Bobrovsky,Frederik Andersen,CG,CG,0,0,0,0,0,0,0,0,0,0,0,0,1,1,0,3,5,14,0,22,6,10,3,0,19,19,12,24,0,55,21,23,11,0,55,50,45,0,0,5,0,5,1,1,0,0,2,11,9,12,0,32,14,11,10,0,35,1,0,4,2,208,163,17,17,0.895,0.773,0,0,0,0,5,5,780,2526,294,3177,2982,3,1,0,0,0,0,0,0,0,0,195,0,0.0,-,,,,,,,,,,,,,,,,,,,,,,,,,,,,,,,
2025020582,2025-12-23,Wild,Predators,Home,OTL,38,36,2.7630191615,3.077181976,1.9027666535,1.317103179,Filip Gustavsson,Juuse Saros,CG,CG,0,1,1,0,0,1,0,0,1,1,0,0,0,0,0,12,11,9,0,32,8,12,7,2,29,19,17,15,0,51,16,22,14,2,54,42,34,1,1,0,0,2,2,0,0,1,3,7,7,13,0,27,10,5,7,0,22,0,2,3,4,368,349,26,30,0.897,0.938,0,0,0,0,0,0,448,225,2980,2797,2648,83,31,0,0,0,0,0,0,0,0,96,53,0.0,-,,,,,,,,,,,,,,,,,,,,,,,,,,,,,,,
2025020582,2025-12-23,Predators,Wild,Away,OTW,36,38,3.077181976,2.7630191615,1.317103179,1.9027666535,Juuse Saros,Filip Gustavsson,CG,CG,0,1,0,0,0,1,1,0,0,0,0,0,1,0,0,8,12,7,2,29,12,11,9,0,32,16,22,14,2,54,19,17,15,0,51,34,42,2,0,0,1,3,1,1,0,0,2,10,5,7,0,22,7,7,13,0,27,2,0,4,3,349,368,30,26,0.938,0.897,0,0,0,0,0,0,225,448,2980,2797,2648,31,83,0,0,0,0,0,0,0,0,96,53,0.0,-,,,,,,,,,,,,,,,,,,,,,,,,,,,,,,,
2025020583,2025-12-23,Blackhawks,Flyers,Home,RL,36,36,2.3255075221,3.5720160574,1.5014394841,1.6745967534,Spencer Knight,Samuel Ersson,CG,CG,0,0,0,0,1,1,1,0,0,0,0,0,0,0,0,4,10,7,0,21,7,9,10,0,26,12,21,16,0,49,18,17,23,0,58,34,38,0,1,0,0,1,1,1,1,0,3,7,4,6,0,17,6,2,4,0,12,0,1,4,4,370,327,23,20,0.885,0.952,0,1,0,2,1,1,0,2983,617,2680,2493,124,32,0,0,0,0,0,0,1,0,187,0,0.0,-,,,,,,,,,,,,,,,,,,,,,,,,,,,,,,,
2025020583,2025-12-23,Flyers,Blackhawks,Away,RW,36,36,3.5720160574,2.3255075221,1.6745967534,1.5014394841,Samuel Ersson,Spencer Knight,CG,CG,1,1,1,0,0,0,0,0,1,0,0,0,0,0,0,7,9,10,0,26,4,10,7,0,21,18,17,23,0,58,12,21,16,0,49,38,34,1,1,1,0,3,0,1,0,0,1,6,2,4,0,12,7,4,6,0,17,1,0,4,4,327,370,20,23,0.952,0.885,1,0,2,0,1,1,2983,0,617,2680,2493,32,124,0,0,0,0,0,0,0,1,187,0,0.0,-,,,,,,,,,,,,,,,,,,,,,,,,,,,,,,,
2025020584,2025-12-23,Avalanche,Mammoth,Home,RW,36,39,2.9992855792,2.0621189907,2.5364646962,1.6549635927,Scott Wedgewood,Vitek Vanecek,CG,CG,0,0,0,0,0,0,0,0,1,0,0,0,0,0,0,12,10,4,0,26,9,11,12,0,32,22,21,14,0,57,17,21,21,0,59,45,48,0,1,0,0,1,0,0,0,0,0,5,8,7,0,20,5,4,7,0,16,0,0,2,3,247,360,32,25,1.0,0.962,0,0,4,0,2,1,1923,0,1677,2831,2831,17,145,0,0,0,0,0,0,0,0,0,0,0.0,-,,,,,,,,,,,,,,,,,,,,,,,,,,,,,,,
2025020584,2025-12-23,Mammoth,Avalanche,Away,RL,39,36,2.0621189907,2.9992855792,1.6549635927,2.5364646962,Vitek Vanecek,Scott Wedgewood,CG,CG,0,0,0,0,0,0,0,0,0,0,0,0,0,0,0,9,11,12,0,32,12,10,4,0,26,17,21,21,0,59,22,21,14,0,57,48,45,0,0,0,0,0,0,1,0,0,1,5,4,7,0,16,5,8,7,0,20,0,0,3,2,360,247,25,32,0.962,1.0,0,0,0,4,1,2,0,1923,1677,2831,2831,145,17,0,0,0,0,0,0,0,0,0,0,0.0,-,,,,,,,,,,,,,,,,,,,,,,,,,,,,,,,
2025020585,2025-12-23,Oilers,Flames,Home,RW,38,37,5.250263395,1.744364336,3.351388376,0.809064449,Connor Ingram,Dustin Wolf,CG,CG,0,1,1,0,0,0,0,0,1,0,0,0,0,0,0,15,15,9,0,39,8,8,3,0,19,27,30,18,0,75,16,19,12,0,47,51,29,2,2,1,0,5,1,0,0,0,1,7,2,5,0,14,11,8,8,0,27,3,0,6,4,324,424,18,34,0.947,0.872,0,0,0,0,1,0,2967,0,633,2713,2610,44,61,45,0,0,0,0,0,1,30,103,0,0.0,-,,,,,,,,,,,,,,,,,,,,,,,,,,,,,,,
2025020585,2025-12-23,Flames,Oilers,Away,RL,37,38,1.744364336,5.250263395,0.809064449,3.351388376,Dustin Wolf,Connor Ingram,CG,CG,0,0,0,0,0,1,1,0,0,0,0,0,0,0,0,8,8,3,0,19,15,15,9,0,39,16,19,12,0,47,27,30,18,0,75,29,51,1,0,0,0,1,2,2,1,0,5,11,8,8,0,27,7,2,5,0,14,0,3,4,6,424,324,34,18,0.872,0.947,0,0,0,0,0,1,0,2967,633,2713,2610,61,44,0,45,0,0,0,0,30,1,103,0,0.0,-,,,,,,,,,,,,,,,,,,,,,,,,,,,,,,,
2025020586,2025-12-23,Golden Knights,Sharks,Home,RW,35,37,4.038199112,2.0954387047,3.108540678,2.0954387047,Carter Hart,Yaroslav Askarov,CG,IG,0,1,0,0,0,0,0,0,1,0,0,0,0,0,0,17,5,4,0,26,5,4,14,0,23,26,11,14,0,51,7,9,25,0,41,41,41,5,1,1,0,7,0,1,1,0,2,5,5,3,0,13,12,9,4,0,25,1,0,4,1,319,10,21,19,0.913,0.731,0,0,0,0,2,2,3494,0,106,3144,3081,0,45,0,0,0,0,0,0,9,0,63,0,0.0,-,,,,,,,,,,,,,,,,,,,,,,,,,,,,,,,
2025020586,2025-12-23,Sharks,Golden Knights,Away,RL,37,35,2.0954387047,4.038199112,2.0954387047,3.108540678,Yaroslav Askarov,Carter Hart,IG,CG,0,0,0,0,0,1,0,0,0,0,0,0,0,0,0,5,4,14,0,23,17,5,4,0,26,7,9,25,0,41,26,11,14,0,51,41,41,0,1,1,0,2,5,1,1,0,7,12,9,4,0,25,5,5,3,0,13,0,1,1,4,10,319,19,21,0.731,0.913,0,0,0,0,2,2,0,3494,106,3144,3081,45,0,0,0,0,0,0,0,0,9,63,0,0.0,-,,,,,,,,,,,,,,,,,,,,,,,,,,,,,,,
2025020587,2025-12-23,Kings,Kraken,Home,RL,36,35,3.5301148248,2.4598270507,2.7982054015,1.9151343817,Pheonix Copley,Joey Daccord,CG,CG,1,0,0,0,1,1,1,0,0,0,0,0,0,0,0,13,15,9,0,37,9,14,5,0,28,20,22,20,0,62,25,23,14,0,62,52,51,0,1,1,0,2,0,3,0,0,3,13,9,3,0,25,6,6,5,0,17,0,1,3,2,269,125,25,35,0.893,0.946,0,0,0,2,3,1,0,2330,1270,3151,3075,26,8,0,0,0,0,0,0,3,0,76,0,0.0,-,,,,,,,,,,,,,,,,,,,,,,,,,,,,,,,
2025020587,2025-12-23,Kraken,Kings,Away,RW,35,36,2.4598270507,3.5301148248,1.9151343817,2.7982054015,Joey Daccord,Pheonix Copley,CG,CG,1,1,1,0,1,0,0,0,1,0,0,0,0,0,0,9,14,5,0,28,13,15,9,0,37,25,23,14,0,62,20,22,20,0,62,51,52,0,3,0,0,3,0,1,1,0,2,6,6,5,0,17,13,9,3,0,25,1,0,2,3,125,269,35,25,0.946,0.893,0,0,2,0,1,3,2330,0,1270,3151,3075,8,26,0,0,0,0,0,0,0,3,76,0,0.0,-,,,,,,,,,,,,,,,,,,,,,,,,,,,,,,,
2025020588,2025-12-27,Islanders,Rangers,Home,RW,38,40,3.605925052,2.7451356528,2.486004016,1.6594979825,David Rittich,Igor Shesterkin,CG,CG,0,0,0,0,0,0,0,0,1,0,0,0,0,0,0,10,7,9,0,26,7,10,10,0,27,23,18,20,0,61,18,17,26,0,61,42,37,1,0,1,0,2,0,0,0,0,0,9,4,1,0,14,10,10,4,0,24,0,0,5,3,600,360,27,24,1.0,0.923,1,0,6,0,4,1,3542,0,58,2487,2369,19,116,0,0,0,0,0,0,0,46,118,0,0.0,-,,,,,,,,,,,,,,,,,,,,,,,,,,,,,,,
2025020588,2025-12-27,Rangers,Islanders,Away,RL,40,38,2.7451356528,3.605925052,1.6594979825,2.486004016,Igor Shesterkin,David Rittich,CG,CG,0,0,0,0,0,0,0,0,0,0,0,0,0,0,0,7,10,10,0,27,10,7,9,0,26,18,17,26,0,61,23,18,20,0,61,37,42,0,0,0,0,0,1,0,1,0,2,10,10,4,0,24,9,4,1,0,14,0,0,3,5,360,600,24,27,0.923,1.0,0,1,0,6,1,4,0,3542,58,2487,2369,116,19,0,0,0,0,0,0,46,0,118,0,0.0,-,,,,,,,,,,,,,,,,,,,,,,,,,,,,,,,
2025020589,2025-12-27,Sabres,Bruins,Home,RW,37,39,3.8039395543,2.1392544872,3.0860835943,1.4272512082,Ukko-Pekka Luukkonen,Joonas Korpisalo,CG,CG,0,0,0,0,0,0,0,0,0,0,0,0,1,0,0,13,13,8,0,34,9,3,11,0,23,19,20,19,0,58,21,11,25,0,57,49,38,0,3,1,0,4,1,0,0,0,1,2,12,4,0,18,12,10,5,0,27,0,0,3,1,362,120,22,30,0.957,0.882,1,0,4,0,2,1,2208,583,809,2925,2925,3,190,0,0,0,0,0,0,0,0,0,0,0.0,-,,,,,,,,,,,,,,,,,,,,,,,,,,,,,,,
2025020589,2025-12-27,Bruins,Sabres,Away,RL,39,37,2.1392544872,3.8039395543,1.4272512082,3.0860835943,Joonas Korpisalo,Ukko-Pekka Luukkonen,CG,CG,0,0,0,0,0,0,0,0,1,1,0,0,0,0,0,9,3,11,0,23,13,13,8,0,34,21,11,25,0,57,19,20,19,0,58,38,49,1,0,0,0,1,0,3,1,0,4,12,10,5,0,27,2,12,4,0,18,0,0,1,3,120,362,30,22,0.882,0.957,0,1,0,4,1,2,583,2208,809,2925,2925,190,3,0,0,0,0,0,0,0,0,0,0,0.0,-,,,,,,,,,,,,,,,,,,,,,,,,,,,,,,,
2025020590,2025-12-27,Maple Leafs,Senators,Home,RW,37,37,3.7046729908,3.1209132334,2.9882712978,2.3748624816,Joseph Woll,Linus Ullmark,CG,IG,0,0,0,0,0,0,0,0,1,0,0,0,0,0,0,4,20,9,0,33,9,9,13,0,31,9,27,15,0,51,15,23,23,0,61,41,46,2,3,2,0,7,1,1,3,0,5,11,8,13,0,32,12,9,9,0,30,2,0,3,1,243,120,26,26,0.839,0.788,1,0,6,0,1,3,3370,0,230,2937,2875,78,133,0,0,0,0,0,0,0,0,62,0,0.0,-,,,,,,,,,,,,,,,,,,,,,,,,,,,,,,,
2025020590,2025-12-27,Senators,Maple Leafs,Away,RL,37,37,3.1209132334,3.7046729908,2.3748624816,2.9882712978,Linus Ullmark,Joseph Woll,IG,CG,0,0,0,0,0,0,0,0,0,0,0,0,0,0,0,9,9,13,0,31,4,20,9,0,33,15,23,23,0,61,9,27,15,0,51,46,41,1,1,3,0,5,2,3,2,0,7,12,9,9,0,30,11,8,13,0,32,0,2,1,3,120,243,26,26,0.788,0.839,0,1,0,6,3,1,0,3370,230,2937,2875,133,78,0,0,0,0,0,0,0,0,62,0,0.0,-,,,,,,,,,,,,,,,,,,,,,,,,,,,,,,,
2025020591,2025-12-27,Panthers,Lightning,Home,RL,37,37,4.0195978054,2.6228073498,1.7537413678,1.7187540528,Sergei Bobrovsky,Andrei Vasilevskiy,CG,CG,0,0,0,0,0,0,0,0,1,1,0,0,0,0,0,5,8,13,0,26,12,8,5,0,25,16,15,26,0,57,20,13,19,0,52,32,31,1,1,0,0,2,2,1,1,0,4,8,8,11,0,27,14,14,4,0,32,1,0,10,6,886,587,21,24,0.84,0.923,0,1,0,3,3,0,448,2408,744,1798,1766,51,39,0,0,0,0,0,0,43,29,32,0,0.0,-,,,,,,,,,,,,,,,,,,,,,,,,,,,,,,,
2025020591,2025-12-27,Lightning,Panthers,Away,RW,37,37,2.6228073498,4.0195978054,1.7187540528,1.7537413678,Andrei Vasilevskiy,Sergei Bobrovsky,CG,CG,0,0,0,0,0,0,0,0,0,0,0,0,1,0,0,12,8,5,0,25,5,8,13,0,26,20,13,19,0,52,16,15,26,0,57,31,32,2,1,1,0,4,1,1,0,0,2,14,14,4,0,32,8,8,11,0,27,0,1,6,10,587,886,24,21,0.923,0.84,1,0,3,0,0,3,2408,448,744,1798,1766,39,51,0,0,0,0,0,0,29,43,32,0,0.0,-,,,,,,,,,,,,,,,,,,,,,,,,,,,,,,,
2025020592,2025-12-27,Devils,Capitals,Home,OTL,38,38,3.556082554,4.8140216671000005,2.973263309,3.5076342941,Jake Allen,Logan Thompson,CG,CG,0,0,0,0,0,0,0,0,0,1,0,0,0,0,0,15,14,8,1,38,11,7,13,2,33,25,21,12,1,59,19,22,25,4,70,55,56,0,1,2,0,3,1,1,1,1,4,2,10,5,0,17,5,6,3,0,14,1,0,2,1,130,120,29,35,0.879,0.921,0,0,0,1,4,1,105,864,2877,3524,3159,21,22,0,0,0,0,0,0,0,0,119,246,0.0,-,,,,,,,,,,,,,,,,,,,,,,,,,,,,,,,
2025020592,2025-12-27,Capitals,Devils,Away,OTW,38,38,4.8140216671000005,3.556082554,3.5076342941,2.973263309,Logan Thompson,Jake Allen,CG,CG,0,0,0,0,0,0,0,0,1,0,0,0,1,0,0,11,7,13,2,33,15,14,8,1,38,19,22,25,4,70,25,21,12,1,59,56,55,1,1,1,1,4,0,1,2,0,3,5,6,3,0,14,2,10,5,0,17,0,1,1,2,120,130,35,29,0.921,0.879,0,0,1,0,1,4,864,105,2877,3524,3159,22,21,0,0,0,0,0,0,0,0,119,246,0.0,-,,,,,,,,,,,,,,,,,,,,,,,,,,,,,,,
2025020593,2025-12-27,Hurricanes,Red Wings,Home,RW,37,39,4.8335781866000005,2.7222657934,4.3310449556,2.0064980554,Brandon Bussi,John Gibson,CG,CG,0,0,0,0,0,0,0,0,0,0,0,0,1,0,0,15,17,6,0,38,5,4,11,0,20,23,27,15,0,65,18,11,22,0,51,56,40,0,3,2,0,5,1,0,1,0,2,11,5,6,0,22,10,10,2,0,22,0,1,1,2,120,217,18,33,0.9,0.868,1,0,5,0,4,4,2123,643,834,3024,2923,1,200,0,0,0,0,0,0,0,17,101,0,0.0,-,,,,,,,,,,,,,,,,,,,,,,,,,,,,,,,
2025020593,2025-12-27,Red Wings,Hurricanes,Away,RL,39,37,2.7222657934,4.8335781866000005,2.0064980554,4.3310449556,John Gibson,Brandon Bussi,CG,CG,0,0,0,0,0,0,0,0,1,1,0,0,0,0,0,5,4,11,0,20,15,17,6,0,38,18,11,22,0,51,23,27,15,0,65,40,56,1,0,1,0,2,0,3,2,0,5,10,10,2,0,22,11,5,6,0,22,1,0,2,1,217,120,33,18,0.868,0.9,0,1,0,5,4,4,643,2123,834,3024,2923,200,1,0,0,0,0,0,0,17,0,101,0,0.0,-,,,,,,,,,,,,,,,,,,,,,,,,,,,,,,,
2025020594,2025-12-27,Jets,Wild,Home,OTL,36,39,3.0535963342,2.7947064042,2.5774692902,1.9235512602,Connor Hellebuyck,Jesper Wallstedt,CG,CG,0,0,0,0,0,0,0,0,1,1,0,0,0,0,0,10,9,6,1,26,5,6,7,1,19,19,22,17,1,59,17,18,19,1,55,48,40,1,2,0,0,3,1,1,1,1,4,8,3,5,0,16,8,8,3,0,19,0,1,3,4,360,372,15,23,0.789,0.885,0,0,3,0,4,2,1594,623,1422,2733,2694,31,137,0,0,0,0,0,0,0,8,0,39,0.0,-,,,,,,,,,,,,,,,,,,,,,,,,,,,,,,,
2025020594,2025-12-27,Wild,Jets,Away,OTW,39,36,2.7947064042,3.0535963342,1.9235512602,2.5774692902,Jesper Wallstedt,Connor Hellebuyck,CG,CG,0,0,0,0,0,0,0,0,0,0,0,0,1,0,0,5,6,7,1,19,10,9,6,1,26,17,18,19,1,55,19,22,17,1,59,40,48,1,1,1,1,4,1,2,0,0,3,8,8,3,0,19,8,3,5,0,16,1,0,4,3,372,360,23,15,0.885,0.789,0,0,0,3,2,4,623,1594,1422,2733,2694,137,31,0,0,0,0,0,0,8,0,0,39,0.0,-,,,,,,,,,,,,,,,,,,,,,,,,,,,,,,,
2025020595,2025-12-27,Blues,Predators,Home,RW,39,37,3.576490071,3.7778029079,3.358690121,2.6901638832,Joel Hofer,Juuse Saros,CG,CG,0,0,0,0,0,0,0,0,1,0,0,0,0,0,0,8,5,7,0,20,8,10,14,0,32,14,23,17,0,54,15,20,20,0,55,49,41,2,0,1,0,3,1,0,1,0,2,13,7,5,0,25,2,9,6,0,17,1,0,2,2,207,240,30,17,0.938,0.85,0,0,2,0,1,1,2682,0,918,2954,2954,22,144,0,0,0,0,0,0,0,0,0,0,0.0,-,,,,,,,,,,,,,,,,,,,,,,,,,,,,,,,
2025020595,2025-12-27,Predators,Blues,Away,RL,37,39,3.7778029079,3.576490071,2.6901638832,3.358690121,Juuse Saros,Joel Hofer,CG,CG,0,0,0,0,0,0,0,0,0,0,0,0,0,0,0,8,10,14,0,32,8,5,7,0,20,15,20,20,0,55,14,23,17,0,54,41,49,1,0,1,0,2,2,0,1,0,3,2,9,6,0,17,13,7,5,0,25,0,1,2,2,240,207,17,30,0.85,0.938,0,0,0,2,1,1,0,2682,918,2954,2954,144,22,0,0,0,0,0,0,0,0,0,0,0.0,-,,,,,,,,,,,,,,,,,,,,,,,,,,,,,,,
2025020596,2025-12-27,Stars,Blackhawks,Home,SOL,39,37,4.9985815791,2.9336173042,3.2011387871,2.2056661758000002,Jake Oettinger,Arvid Soderblom,CG,CG,0,0,0,0,0,0,0,0,0,1,0,0,0,0,0,11,5,13,2,31,11,9,11,2,33,20,15,22,5,62,15,18,20,3,56,45,43,1,1,1,0,3,1,1,1,0,3,8,4,4,0,16,9,10,10,0,29,0,0,4,2,467,203,30,28,0.909,0.903,0,0,0,0,6,1,67,546,3287,3174,2874,10,9,0,0,0,0,0,0,4,0,0,300,0.0,-,,,,,,,,,,,,,,,,,,,,,,,,,,,,,,,
2025020596,2025-12-27,Blackhawks,Stars,Away,SOW,37,39,2.9336173042,4.9985815791,2.2056661758000002,3.2011387871,Arvid Soderblom,Jake Oettinger,CG,CG,0,0,0,0,0,0,0,0,1,0,0,0,1,0,0,11,9,11,2,33,11,5,13,2,31,15,18,20,3,56,20,15,22,5,62,43,45,1,1,1,0,3,1,1,1,0,3,9,10,10,0,29,8,4,4,0,16,0,0,2,4,203,467,28,30,0.903,0.909,0,0,0,0,1,6,546,67,3287,3174,2874,9,10,0,0,0,0,0,0,0,4,0,300,0.0,-,,,,,,,,,,,,,,,,,,,,,,,,,,,,,,,
2025020597,2025-12-27,Kings,Ducks,Home,RW,37,38,4.378606248,2.5606582975,3.812785575,1.8361816765,Anton Forsberg,Lukas Dostal,CG,CG,0,0,0,0,0,0,0,0,1,0,0,0,0,0,0,17,1,12,0,30,8,12,6,0,26,30,15,25,0,70,15,22,22,0,59,61,51,4,0,2,0,6,0,1,0,0,1,6,4,2,0,12,7,6,3,0,16,1,1,4,2,320,84,25,24,0.962,0.8,0,0,0,0,4,1,3417,0,183,3064,2894,3,11,0,0,0,0,0,0,0,0,170,0,0.0,-,,,,,,,,,,,,,,,,,,,,,,,,,,,,,,,
2025020597,2025-12-27,Ducks,Kings,Away,RL,38,37,2.5606582975,4.378606248,1.8361816765,3.812785575,Lukas Dostal,Anton Forsberg,CG,CG,0,0,0,0,0,0,0,0,0,0,0,0,0,0,0,8,12,6,0,26,17,1,12,0,30,15,22,22,0,59,30,15,25,0,70,51,61,0,1,0,0,1,4,0,2,0,6,7,6,3,0,16,6,4,2,0,12,1,1,2,4,84,320,24,25,0.8,0.962,0,0,0,0,1,4,0,3417,183,3064,2894,11,3,0,0,0,0,0,0,0,0,170,0,0.0,-,,,,,,,,,,,,,,,,,,,,,,,,,,,,,,,
2025020598,2025-12-27,Flames,Oilers,Home,RW,38,39,3.5555121835,3.1291186907,2.9148813755,2.3896878967,Dustin Wolf,Connor Ingram,CG,CG,0,0,0,0,0,0,0,0,1,0,0,0,0,0,0,14,10,8,0,32,9,10,12,0,31,26,17,25,0,68,20,17,27,0,64,54,50,1,1,1,0,3,1,0,1,0,2,11,11,7,0,29,5,5,3,0,13,0,1,2,3,268,324,29,29,0.935,0.906,0,0,3,0,2,4,2288,0,1312,2793,2707,29,103,0,0,0,0,0,0,0,0,86,0,0.0,-,,,,,,,,,,,,,,,,,,,,,,,,,,,,,,,
2025020598,2025-12-27,Oilers,Flames,Away,RL,39,38,3.1291186907,3.5555121835,2.3896878967,2.9148813755,Connor Ingram,Dustin Wolf,CG,CG,0,0,0,0,0,0,0,0,0,0,0,0,0,0,0,9,10,12,0,31,14,10,8,0,32,20,17,27,0,64,26,17,25,0,68,50,54,1,0,1,0,2,1,1,1,0,3,5,5,3,0,13,11,11,7,0,29,1,0,3,2,324,268,29,29,0.906,0.935,0,0,0,3,4,2,0,2288,1312,2793,2707,103,29,0,0,0,0,0,0,0,0,86,0,0.0,-,,,,,,,,,,,,,,,,,,,,,,,,,,,,,,,
2025020599,2025-12-27,Canucks,Sharks,Home,RL,37,38,2.7347532601,6.4748595125,1.8416048771,4.1687023105000005,Thatcher Demko,Yaroslav Askarov,CG,CG,0,0,0,0,0,0,0,0,0,0,0,0,0,0,0,8,6,13,0,27,11,12,15,0,38,16,16,18,0,50,27,24,24,0,75,38,53,1,0,2,0,3,2,1,3,0,6,11,10,4,0,25,8,3,1,0,12,1,1,4,5,320,415,32,24,0.842,0.889,0,1,0,1,3,3,0,3229,371,2747,2618,86,10,0,0,0,51,0,0,0,15,129,0,0.0,-,,,,,,,,,,,,,,,,,,,,,,,,,,,,,,,
2025020599,2025-12-27,Sharks,Canucks,Away,RW,38,37,6.4748595125,2.7347532601,4.1687023105000005,1.8416048771,Yaroslav Askarov,Thatcher Demko,CG,CG,0,0,0,0,0,0,0,0,1,0,0,0,0,0,0,11,12,15,0,38,8,6,13,0,27,27,24,24,0,75,16,16,18,0,50,53,38,2,1,3,0,6,1,0,2,0,3,8,3,1,0,12,11,10,4,0,25,1,1,5,4,415,320,24,32,0.889,0.842,1,0,1,0,3,3,3229,0,371,2747,2618,10,86,0,0,51,0,0,0,15,0,129,0,0.0,-,,,,,,,,,,,,,,,,,,,,,,,,,,,,,,,
2025020600,2025-12-27,Golden Knights,Avalanche,Home,SOL,36,37,3.6205320136,4.027804918,2.6599347236,3.2171381655999998,Carter Hart,Scott Wedgewood,CG,CG,0,0,0,0,0,0,0,0,1,1,1,0,0,0,0,7,12,6,0,25,9,11,16,3,39,17,24,23,3,67,19,25,29,6,79,53,67,1,3,1,0,5,0,2,3,0,5,8,3,10,0,21,5,7,3,1,16,0,0,3,1,360,120,34,20,0.872,0.8,0,0,1,0,3,3,2792,0,1108,3317,3017,18,85,0,0,0,0,0,0,0,0,0,300,0.0,-,,,,,,,,,,,,,,,,,,,,,,,,,,,,,,,
2025020600,2025-12-27,Avalanche,Golden Knights,Away,SOW,37,36,4.027804918,3.6205320136,3.2171381655999998,2.6599347236,Scott Wedgewood,Carter Hart,CG,CG,0,0,0,0,0,0,0,0,0,0,0,0,1,1,0,9,11,16,3,39,7,12,6,0,25,19,25,29,6,79,17,24,23,3,67,67,53,0,2,3,0,5,1,3,1,0,5,5,7,3,1,16,8,3,10,0,21,0,0,1,3,120,360,20,34,0.8,0.872,0,0,0,1,3,3,0,2792,1108,3317,3017,85,18,0,0,0,0,0,0,0,0,0,300,0.0,-,,,,,,,,,,,,,,,,,,,,,,,,,,,,,,,
2025020602,2025-12-28,Lightning,Canadiens,Home,SOW,38,38,3.5814715589,4.5305988496000005,2.9773095806,3.3329744572,Jonas Johansson,Jacob Fowler,CG,CG,1,0,0,0,0,0,0,0,1,0,0,0,0,0,0,3,12,5,1,21,11,6,16,2,35,12,21,25,2,60,19,20,30,4,73,48,56,0,3,1,0,4,0,0,4,0,4,4,6,7,0,17,10,9,7,0,26,0,0,1,4,120,493,31,17,0.886,0.81,0,0,5,0,1,3,2248,0,1652,3174,2874,20,93,0,0,0,0,0,0,0,0,0,300,0.0,-,,,,,,,,,,,,,,,,,,,,,,,,,,,,,,,
2025020602,2025-12-28,Canadiens,Lightning,Away,SOL,38,38,4.5305988496000005,3.5814715589,3.3329744572,2.9773095806,Jacob Fowler,Jonas Johansson,CG,CG,0,0,0,0,1,0,0,0,0,0,0,0,0,0,0,11,6,16,2,35,3,12,5,1,21,19,20,30,4,73,12,21,25,2,60,56,48,0,0,4,0,4,0,3,1,0,4,10,9,7,0,26,4,6,7,0,17,0,0,4,1,493,120,17,31,0.81,0.886,0,0,0,5,3,1,0,2248,1652,3174,2874,93,20,0,0,0,0,0,0,0,0,0,300,0.0,-,,,,,,,,,,,,,,,,,,,,,,,,,,,,,,,
2025020603,2025-12-28,Blue Jackets,Islanders,Home,RW,37,39,4.4617142968,2.1931676335,3.1712606198,1.9267524815,Jet Greaves,David Rittich,CG,CG,0,0,0,0,1,0,0,0,1,0,0,0,1,0,0,15,6,14,0,35,9,11,6,0,26,28,21,27,0,76,22,18,19,0,59,57,48,1,0,3,0,4,1,1,0,0,2,10,9,6,0,25,7,6,2,0,15,0,0,4,2,404,244,24,31,0.923,0.886,1,0,2,0,3,2,746,1323,1531,2850,2747,39,36,107,0,0,0,0,0,0,0,103,0,0.0,-,,,,,,,,,,,,,,,,,,,,,,,,,,,,,,,
2025020603,2025-12-28,Islanders,Blue Jackets,Away,RL,39,37,2.1931676335,4.4617142968,1.9267524815,3.1712606198,David Rittich,Jet Greaves,CG,CG,1,0,0,0,0,0,0,0,0,1,0,0,0,0,0,9,11,6,0,26,15,6,14,0,35,22,18,19,0,59,28,21,27,0,76,48,57,1,1,0,0,2,1,0,3,0,4,7,6,2,0,15,10,9,6,0,25,0,0,2,4,244,404,31,24,0.886,0.923,0,1,0,2,2,3,1323,746,1531,2850,2747,36,39,0,107,0,0,0,0,0,0,103,0,0.0,-,,,,,,,,,,,,,,,,,,,,,,,,,,,,,,,
2025020601,2025-12-28,Red Wings,Maple Leafs,Home,OTW,40,38,3.0689978607,2.9744759914,2.4780440067,1.7632224024,Cam Talbot,Dennis Hildeby,CG,CG,1,0,0,0,1,0,0,0,0,0,0,0,1,0,0,8,13,12,3,36,8,9,9,1,27,18,29,22,3,72,17,15,21,2,55,59,47,0,1,1,1,3,0,1,1,0,2,6,5,1,0,12,10,8,6,0,24,0,1,1,2,120,176,25,33,0.926,0.917,0,0,0,0,5,4,0,899,2807,3263,3157,62,27,0,0,0,0,0,0,0,0,0,106,0.0,-,,,,,,,,,,,,,,,,,,,,,,,,,,,,,,,
2025020601,2025-12-28,Maple Leafs,Red Wings,Away,OTL,38,40,2.9744759914,3.0689978607,1.7632224024,2.4780440067,Dennis Hildeby,Cam Talbot,CG,CG,1,0,0,0,1,0,0,0,1,1,0,0,0,0,0,8,9,9,1,27,8,13,12,3,36,17,15,21,2,55,18,29,22,3,72,47,59,0,1,1,0,2,0,1,1,1,3,10,8,6,0,24,6,5,1,0,12,1,0,2,1,176,120,33,25,0.917,0.926,0,0,0,0,4,5,899,0,2807,3263,3157,27,62,0,0,0,0,0,0,0,0,0,106,0.0,-,,,,,,,,,,,,,,,,,,,,,,,,,,,,,,,
2025020604,2025-12-28,Blackhawks,Penguins,Home,RL,38,37,3.3206893551,2.7711613454,3.0208419431,2.483904763,Spencer Knight,Arturs Silovs,IG,CG,1,0,0,0,0,0,0,0,0,0,0,0,0,0,0,7,8,9,0,24,10,12,2,0,24,15,18,17,0,50,21,19,11,0,51,47,41,0,2,1,0,3,4,3,0,0,7,11,10,5,0,26,6,6,5,0,17,0,1,3,2,360,128,17,21,0.708,0.875,0,0,0,0,6,1,0,3502,98,3032,3032,26,12,0,0,0,0,0,0,0,0,0,0,0.0,-,,,,,,,,,,,,,,,,,,,,,,,,,,,,,,,
2025020604,2025-12-28,Penguins,Blackhawks,Away,RW,37,38,2.7711613454,3.3206893551,2.483904763,3.0208419431,Arturs Silovs,Spencer Knight,CG,IG,0,0,0,0,1,0,0,0,1,0,0,0,0,0,0,10,12,2,0,24,7,8,9,0,24,21,19,11,0,51,15,18,17,0,50,41,47,4,3,0,0,7,0,2,1,0,3,6,6,5,0,17,11,10,5,0,26,1,0,2,3,128,360,21,17,0.875,0.708,0,0,0,0,1,6,3502,0,98,3032,3032,12,26,0,0,0,0,0,0,0,0,0,0,0.0,-,,,,,,,,,,,,,,,,,,,,,,,,,,,,,,,
2025020605,2025-12-28,Kraken,Flyers,Home,RW,36,37,1.416863906,2.8597226618,1.230511553,1.9037063388,Philipp Grubauer,Dan Vladar,CG,CG,0,0,0,0,0,0,0,0,1,0,0,0,0,0,0,7,7,6,0,20,11,8,14,0,33,14,16,13,0,43,26,17,25,0,68,40,56,0,1,3,0,4,0,0,1,0,1,5,8,5,0,18,6,3,7,0,16,0,0,0,3,0,360,32,16,0.97,0.8,2,0,2,0,1,0,2172,0,1428,3137,3137,46,57,0,0,0,0,0,0,0,0,0,0,0.0,-,,,,,,,,,,,,,,,,,,,,,,,,,,,,,,,
2025020605,2025-12-28,Flyers,Kraken,Away,RL,37,36,2.8597226618,1.416863906,1.9037063388,1.230511553,Dan Vladar,Philipp Grubauer,CG,CG,0,0,0,0,0,0,0,0,0,0,0,0,0,0,0,11,8,14,0,33,7,7,6,0,20,26,17,25,0,68,14,16,13,0,43,56,40,0,0,1,0,1,0,1,3,0,4,6,3,7,0,16,5,8,5,0,18,0,0,3,0,360,0,16,32,0.8,0.97,0,2,0,2,0,1,0,2172,1428,3137,3137,57,46,0,0,0,0,0,0,0,0,0,0,0.0,-,,,,,,,,,,,,,,,,,,,,,,,,,,,,,,,
2025020607,2025-12-29,Panthers,Capitals,Home,RW,38,39,3.6447254068,3.3670757661,1.9527598452,1.0256257158,Sergei Bobrovsky,Logan Thompson,CG,CG,0,0,0,0,0,0,0,0,0,0,0,0,1,0,0,10,8,11,0,29,10,12,5,0,27,17,18,19,0,54,23,26,16,0,65,36,29,2,0,3,0,5,2,0,1,0,3,6,6,4,0,16,7,6,6,0,19,1,1,6,6,565,540,24,24,0.889,0.828,1,0,2,0,6,3,800,227,2573,2325,2257,88,48,0,0,0,50,0,0,10,0,68,0,0.0,-,,,,,,,,,,,,,,,,,,,,,,,,,,,,,,,
2025020607,2025-12-29,Capitals,Panthers,Away,RL,39,38,3.3670757661,3.6447254068,1.0256257158,1.9527598452,Logan Thompson,Sergei Bobrovsky,CG,CG,0,0,0,0,0,0,0,0,1,1,0,0,0,0,0,10,12,5,0,27,10,8,11,0,29,23,26,16,0,65,17,18,19,0,54,29,36,2,0,1,0,3,2,0,3,0,5,7,6,6,0,19,6,6,4,0,16,1,1,6,6,540,565,24,24,0.828,0.889,0,1,0,2,3,6,227,800,2573,2325,2257,48,88,0,0,50,0,0,0,0,10,68,0,0.0,-,,,,,,,,,,,,,,,,,,,,,,,,,,,,,,,
2025020608,2025-12-29,Hurricanes,Rangers,Home,OTW,38,41,4.0587803817,2.474058409,2.9758100037,1.79016947,Brandon Bussi,Igor Shesterkin,CG,CG,0,0,0,0,0,0,0,0,0,0,0,0,1,0,0,13,7,11,4,35,5,9,6,0,20,24,19,22,7,72,12,20,16,2,50,56,42,1,0,1,1,3,1,1,0,0,2,14,4,7,0,25,8,5,10,0,23,2,1,4,2,347,150,18,32,0.9,0.914,0,0,0,0,2,1,0,1829,2058,3279,3098,33,41,106,0,44,0,0,0,0,0,0,181,0.0,-,,,,,,,,,,,,,,,,,,,,,,,,,,,,,,,
2025020608,2025-12-29,Rangers,Hurricanes,Away,OTL,41,38,2.474058409,4.0587803817,1.79016947,2.9758100037,Igor Shesterkin,Brandon Bussi,CG,CG,0,0,0,0,0,0,0,0,1,1,0,0,0,0,0,5,9,6,0,20,13,7,11,4,35,12,20,16,2,50,24,19,22,7,72,42,56,1,1,0,0,2,1,0,1,1,3,8,5,10,0,23,14,4,7,0,25,1,2,2,4,150,347,32,18,0.914,0.9,0,0,0,0,1,2,1829,0,2058,3279,3098,41,33,0,106,0,44,0,0,0,0,0,181,0.0,-,,,,,,,,,,,,,,,,,,,,,,,,,,,,,,,
2025020606,2025-12-29,Senators,Blue Jackets,Home,RL,38,38,1.9141421042,2.9666323703,1.2062092486,2.2182325433,Leevi Meriläinen,Jet Greaves,CG,CG,0,0,0,0,1,0,0,0,0,0,0,0,0,0,0,7,10,11,0,28,12,3,7,0,22,13,13,26,0,52,21,13,21,0,55,36,43,0,1,0,0,1,1,1,2,0,4,6,4,8,0,18,8,6,9,0,23,0,0,4,3,451,331,18,27,0.818,0.964,0,0,0,5,2,2,0,2642,958,2519,2490,250,49,0,0,0,0,0,0,0,0,29,0,0.0,-,,,,,,,,,,,,,,,,,,,,,,,,,,,,,,,
2025020606,2025-12-29,Blue Jackets,Senators,Away,RW,38,38,2.9666323703,1.9141421042,2.2182325433,1.2062092486,Jet Greaves,Leevi Meriläinen,CG,CG,1,0,0,0,0,0,0,0,1,0,0,0,0,0,0,12,3,7,0,22,7,10,11,0,28,21,13,21,0,55,13,13,26,0,52,43,36,1,1,2,0,4,0,1,0,0,1,8,6,9,0,23,6,4,8,0,18,0,0,3,4,331,451,27,18,0.964,0.818,0,0,5,0,2,2,2642,0,958,2519,2490,49,250,0,0,0,0,0,0,0,0,29,0,0.0,-,,,,,,,,,,,,,,,,,,,,,,,,,,,,,,,
2025020609,2025-12-29,Jets,Oilers,Home,RL,37,40,4.1686122014,3.011964653,2.8649038334,2.5993810489999998,Connor Hellebuyck,Calvin Pickard,CG,CG,0,0,0,0,0,0,0,0,0,0,0,0,0,0,0,15,11,16,0,42,9,4,8,0,21,22,18,32,0,72,18,13,22,0,53,56,43,0,0,1,0,1,0,2,1,0,3,14,5,13,0,32,7,9,6,0,22,0,1,3,1,360,96,18,41,0.857,0.976,0,1,0,5,4,2,0,1920,1680,2972,2972,84,51,0,0,0,0,0,0,0,0,0,0,0.0,-,,,,,,,,,,,,,,,,,,,,,,,,,,,,,,,
2025020609,2025-12-29,Oilers,Jets,Away,RW,40,37,3.011964653,4.1686122014,2.5993810489999998,2.8649038334,Calvin Pickard,Connor Hellebuyck,CG,CG,0,0,0,0,0,0,0,0,1,0,0,0,0,0,0,9,4,8,0,21,15,11,16,0,42,18,13,22,0,53,22,18,32,0,72,43,56,0,2,1,0,3,0,0,1,0,1,7,9,6,0,22,14,5,13,0,32,1,0,1,3,96,360,41,18,0.976,0.857,1,0,5,0,2,4,1920,0,1680,2972,2972,51,84,0,0,0,0,0,0,0,0,0,0,0.0,-,,,,,,,,,,,,,,,,,,,,,,,,,,,,,,,
2025020610,2025-12-29,Blues,Sabres,Home,RL,40,38,1.8642402666,3.8458853558,1.5641045606,3.0422931217999998,Joel Hofer,Alex Lyon,CG,CG,0,0,0,0,0,0,0,0,0,1,0,0,0,0,0,9,7,2,0,18,8,14,12,0,34,18,14,13,0,45,14,26,24,0,64,40,53,2,0,0,0,2,1,1,2,0,4,12,8,7,0,27,7,10,1,0,18,0,0,1,3,120,369,30,16,0.882,0.889,0,1,1,1,1,3,1628,1263,709,3046,3046,53,12,0,0,0,0,0,0,0,0,0,0,0.0,-,,,,,,,,,,,,,,,,,,,,,,,,,,,,,,,
2025020610,2025-12-29,Sabres,Blues,Away,RW,38,40,3.8458853558,1.8642402666,3.0422931217999998,1.5641045606,Alex Lyon,Joel Hofer,CG,CG,0,0,0,0,0,0,0,0,1,0,0,0,1,0,0,8,14,12,0,34,9,7,2,0,18,14,26,24,0,64,18,14,13,0,45,53,40,1,1,2,0,4,2,0,0,0,2,7,10,1,0,18,12,8,7,0,27,0,0,3,1,369,120,16,30,0.889,0.882,1,0,1,1,3,1,1263,1628,709,3046,3046,12,53,0,0,0,0,0,0,0,0,0,0,0.0,-,,,,,,,,,,,,,,,,,,,,,,,,,,,,,,,
2025020611,2025-12-29,Avalanche,Kings,Home,RW,38,38,3.2451194947,1.9692072935,2.0371470387,1.3483477275,Mackenzie Blackwood,Anton Forsberg,CG,CG,0,0,0,0,0,0,0,0,1,0,0,0,0,0,0,8,10,8,0,26,10,5,10,0,25,14,29,14,0,57,23,14,18,0,55,41,44,1,2,2,0,5,0,1,1,0,2,10,2,6,0,18,13,12,4,0,29,0,1,4,3,481,357,23,21,0.92,0.808,1,0,1,0,4,0,2550,0,1050,2603,2603,47,111,0,0,0,0,0,0,0,0,0,0,0.0,-,,,,,,,,,,,,,,,,,,,,,,,,,,,,,,,
2025020611,2025-12-29,Kings,Avalanche,Away,RL,38,38,1.9692072935,3.2451194947,1.3483477275,2.0371470387,Anton Forsberg,Mackenzie Blackwood,CG,CG,0,0,0,0,0,0,0,0,0,0,0,0,0,0,0,10,5,10,0,25,8,10,8,0,26,23,14,18,0,55,14,29,14,0,57,44,41,0,1,1,0,2,1,2,2,0,5,13,12,4,0,29,10,2,6,0,18,1,0,3,4,357,481,21,23,0.808,0.92,0,1,0,1,0,4,0,2550,1050,2603,2603,111,47,0,0,0,0,0,0,0,0,0,0,0.0,-,,,,,,,,,,,,,,,,,,,,,,,,,,,,,,,
2025020612,2025-12-29,Mammoth,Predators,Home,RL,40,38,4.1197752239000005,2.2954304306999997,2.8731233882000002,1.5033108467,Vitek Vanecek,Juuse Saros,CG,CG,0,0,0,0,0,0,0,0,1,1,0,0,0,0,0,11,10,10,0,31,7,9,10,0,26,22,26,21,0,69,16,20,22,0,58,52,45,1,1,1,0,3,1,1,2,0,4,7,4,5,0,16,5,6,5,0,16,1,1,4,2,385,214,22,28,0.846,0.903,0,0,0,5,6,0,950,403,2247,2758,2758,107,118,0,0,0,0,0,0,0,0,0,0,0.0,-,,,,,,,,,,,,,,,,,,,,,,,,,,,,,,,
2025020612,2025-12-29,Predators,Mammoth,Away,RW,38,40,2.2954304306999997,4.1197752239000005,1.5033108467,2.8731233882000002,Juuse Saros,Vitek Vanecek,CG,CG,0,0,0,0,0,0,0,0,0,0,0,0,1,0,0,7,9,10,0,26,11,10,10,0,31,16,20,22,0,58,22,26,21,0,69,45,52,1,1,2,0,4,1,1,1,0,3,5,6,5,0,16,7,4,5,0,16,1,1,2,4,214,385,28,22,0.903,0.846,0,0,5,0,0,6,403,950,2247,2758,2758,118,107,0,0,0,0,0,0,0,0,0,0,0.0,-,,,,,,,,,,,,,,,,,,,,,,,,,,,,,,,
2025020613,2025-12-29,Flames,Bruins,Home,OTW,39,40,2.8833435189000003,1.9929127794000001,1.4443923999,1.3461585944,Dustin Wolf,Jeremy Swayman,CG,CG,0,0,0,0,0,0,0,0,0,0,0,0,1,0,0,8,9,1,3,21,9,7,8,2,26,19,15,8,3,45,17,18,16,3,54,37,41,0,1,0,1,2,1,0,0,0,1,8,9,4,0,21,8,5,5,0,18,1,0,5,3,593,383,25,19,0.962,0.905,0,0,0,0,0,0,0,926,2787,2698,2698,13,26,113,0,0,0,0,0,0,0,0,0,0.0,-,,,,,,,,,,,,,,,,,,,,,,,,,,,,,,,
2025020613,2025-12-29,Bruins,Flames,Away,OTL,40,39,1.9929127794000001,2.8833435189000003,1.3461585944,1.4443923999,Jeremy Swayman,Dustin Wolf,CG,CG,0,0,0,0,0,0,0,0,1,1,0,0,0,0,0,9,7,8,2,26,8,9,1,3,21,17,18,16,3,54,19,15,8,3,45,41,37,1,0,0,0,1,0,1,0,1,2,8,5,5,0,18,8,9,4,0,21,0,1,3,5,383,593,19,25,0.905,0.962,0,0,0,0,0,0,926,0,2787,2698,2698,26,13,0,113,0,0,0,0,0,0,0,0,0.0,-,,,,,,,,,,,,,,,,,,,,,,,,,,,,,,,
2025020614,2025-12-29,Golden Knights,Wild,Home,RL,37,40,1.8181253231999999,3.0363040335,1.4435864842,2.3754215285,Carter Hart,Filip Gustavsson,IG,CG,0,0,0,0,0,0,0,0,0,0,0,0,0,0,0,6,5,5,0,16,7,13,7,0,27,13,20,11,0,44,23,28,14,0,65,37,54,0,1,1,0,2,2,3,0,0,5,10,8,12,0,30,8,4,5,0,17,0,0,2,2,240,420,22,14,0.815,0.875,0,0,0,0,4,1,0,3574,26,2915,2915,19,6,0,0,0,0,0,0,0,0,0,0,0.0,-,,,,,,,,,,,,,,,,,,,,,,,,,,,,,,,
2025020614,2025-12-29,Wild,Golden Knights,Away,RW,40,37,3.0363040335,1.8181253231999999,2.3754215285,1.4435864842,Filip Gustavsson,Carter Hart,CG,IG,0,0,0,0,0,0,0,0,1,0,0,0,0,0,0,7,13,7,0,27,6,5,5,0,16,23,28,14,0,65,13,20,11,0,44,54,37,2,3,0,0,5,0,1,1,0,2,8,4,5,0,17,10,8,12,0,30,0,0,2,2,420,240,14,22,0.875,0.815,0,0,0,0,1,4,3574,0,26,2915,2915,6,19,0,0,0,0,0,0,0,0,0,0,0.0,-,,,,,,,,,,,,,,,,,,,,,,,,,,,,,,,
2025020615,2025-12-29,Ducks,Sharks,Home,RL,39,39,5.2202462367,1.804175333,4.2384814137,1.634325201,Lukas Dostal,Yaroslav Askarov,IG,CG,0,0,0,0,0,0,0,0,0,0,0,0,0,0,0,14,14,14,0,42,7,3,3,0,13,19,29,28,0,76,15,12,17,0,44,63,31,1,1,2,0,4,2,2,1,0,5,10,3,5,0,18,7,7,3,0,17,0,0,3,2,360,240,8,38,0.615,0.905,0,0,0,6,0,0,0,2707,893,2804,2804,175,19,0,0,0,0,0,0,32,0,0,0,0.0,-,,,,,,,,,,,,,,,,,,,,,,,,,,,,,,,
2025020615,2025-12-29,Sharks,Ducks,Away,RW,39,39,1.804175333,5.2202462367,1.634325201,4.2384814137,Yaroslav Askarov,Lukas Dostal,CG,IG,0,0,0,0,0,0,0,0,1,0,0,0,0,0,0,7,3,3,0,13,14,14,14,0,42,15,12,17,0,44,19,29,28,0,76,31,63,2,2,1,0,5,1,1,2,0,4,7,7,3,0,17,10,3,5,0,18,0,0,2,3,240,360,38,8,0.905,0.615,0,0,6,0,0,0,2707,0,893,2804,2804,19,175,0,0,0,0,0,0,0,32,0,0,0.0,-,,,,,,,,,,,,,,,,,,,,,,,,,,,,,,,
2025020616,2025-12-29,Kraken,Canucks,Home,SOL,37,38,3.4561776465,2.672288821,2.1329216475,2.255243119,Joey Daccord,Kevin Lankinen,CG,CG,1,0,0,0,0,0,0,0,1,1,0,0,0,0,0,14,6,16,3,39,12,9,3,0,24,25,16,22,3,66,22,22,15,3,62,49,47,2,0,0,0,2,1,1,0,0,2,8,8,5,0,21,8,8,6,0,22,1,0,6,2,529,130,22,37,0.917,0.949,0,0,0,0,0,0,733,0,3167,3082,2797,94,44,104,0,0,0,0,0,4,0,85,200,0.0,-,,,,,,,,,,,,,,,,,,,,,,,,,,,,,,,
2025020616,2025-12-29,Canucks,Kraken,Away,SOW,38,37,2.672288821,3.4561776465,2.255243119,2.1329216475,Kevin Lankinen,Joey Daccord,CG,CG,0,0,0,0,1,0,0,0,0,0,0,0,1,0,0,12,9,3,0,24,14,6,16,3,39,22,22,15,3,62,25,16,22,3,66,47,49,1,1,0,0,2,2,0,0,0,2,8,8,6,0,22,8,8,5,0,21,0,1,2,6,130,529,37,22,0.949,0.917,0,0,0,0,0,0,0,733,3167,3082,2797,44,94,0,104,0,0,0,0,0,4,85,200,0.0,-,,,,,,,,,,,,,,,,,,,,,,,,,,,,,,,
2025020617,2025-12-30,Maple Leafs,Devils,Home,RW,39,39,3.3635029199,2.9389749767,2.2643605979,1.9002668987,Joseph Woll,Jacob Markstrom,CG,CG,0,1,0,0,0,0,0,0,1,0,0,0,0,0,0,14,8,8,0,30,9,14,10,0,33,21,18,21,0,60,17,26,17,0,60,42,44,1,1,2,0,4,0,0,0,0,0,6,5,7,0,18,7,4,7,0,18,1,0,3,3,341,377,33,26,1.0,0.867,1,0,4,0,3,2,2739,0,861,2673,2673,21,125,0,0,0,0,0,0,0,3,0,0,0.0,-,,,,,,,,,,,,,,,,,,,,,,,,,,,,,,,
2025020617,2025-12-30,Devils,Maple Leafs,Away,RL,39,39,2.9389749767,3.3635029199,1.9002668987,2.2643605979,Jacob Markstrom,Joseph Woll,CG,CG,0,0,0,0,0,1,0,0,0,0,0,0,0,0,0,9,14,10,0,33,14,8,8,0,30,17,26,17,0,60,21,18,21,0,60,44,42,0,0,0,0,0,1,1,2,0,4,7,4,7,0,18,6,5,7,0,18,0,1,3,3,377,341,26,33,0.867,1.0,0,1,0,4,2,3,0,2739,861,2673,2673,125,21,0,0,0,0,0,0,3,0,0,0,0.0,-,,,,,,,,,,,,,,,,,,,,,,,,,,,,,,,
2025020618,2025-12-30,Panthers,Canadiens,Home,OTL,39,39,2.777045237,3.3366077523,1.433652454,2.2298073261,Daniil Tarasov,Samuel Montembeault,CG,CG,1,1,0,0,0,0,0,0,1,1,1,0,0,0,0,9,8,11,2,30,7,10,10,2,29,20,15,17,2,54,17,20,25,4,66,38,46,0,0,2,0,2,0,0,2,1,3,10,11,9,0,30,5,5,6,0,16,1,1,4,4,383,477,26,28,0.897,0.933,0,0,0,1,0,1,500,0,3304,2784,2697,39,117,0,117,0,0,0,0,0,0,0,87,0.0,-,,,,,,,,,,,,,,,,,,,,,,,,,,,,,,,
2025020618,2025-12-30,Canadiens,Panthers,Away,OTW,39,39,3.3366077523,2.777045237,2.2298073261,1.433652454,Samuel Montembeault,Daniil Tarasov,CG,CG,0,0,0,0,1,1,0,0,0,0,0,0,1,1,0,7,10,10,2,29,9,8,11,2,30,17,20,25,4,66,20,15,17,2,54,46,38,0,0,2,1,3,0,0,2,0,2,5,5,6,0,16,10,11,9,0,30,1,1,4,4,477,383,28,26,0.933,0.897,0,0,1,0,1,0,0,500,3304,2784,2697,117,39,117,0,0,0,0,0,0,0,0,87,0.0,-,,,,,,,,,,,,,,,,,,,,,,,,,,,,,,,
2025020619,2025-12-30,Penguins,Hurricanes,Home,RW,38,39,4.027301101,2.1183198854,3.465040811,1.7841943954,Stuart Skinner,Frederik Andersen,CG,CG,0,0,0,0,1,1,0,0,1,0,0,0,0,0,0,13,8,7,0,28,10,10,8,0,28,31,25,11,0,67,22,18,18,0,58,63,56,3,2,0,0,5,0,1,0,0,1,5,3,7,0,15,10,7,4,0,21,1,0,2,0,136,0,27,23,0.964,0.821,0,0,0,0,3,0,3374,0,226,3464,3464,0,0,0,0,0,0,0,0,0,0,0,0,0.0,-,,,,,,,,,,,,,,,,,,,,,,,,,,,,,,,
2025020619,2025-12-30,Hurricanes,Penguins,Away,RL,39,38,2.1183198854,4.027301101,1.7841943954,3.465040811,Frederik Andersen,Stuart Skinner,CG,CG,1,1,0,0,0,0,0,0,0,0,0,0,0,0,0,10,10,8,0,28,13,8,7,0,28,22,18,18,0,58,31,25,11,0,67,56,63,0,1,0,0,1,3,2,0,0,5,10,7,4,0,21,5,3,7,0,15,0,1,0,2,0,136,23,27,0.821,0.964,0,0,0,0,0,3,0,3374,226,3464,3464,0,0,0,0,0,0,0,0,0,0,0,0,0.0,-,,,,,,,,,,,,,,,,,,,,,,,,,,,,,,,
2025020620,2025-12-30,Blackhawks,Islanders,Home,SOL,39,40,2.259373349,2.4617746853,1.734809962,1.8684502853,Spencer Knight,David Rittich,CG,CG,0,1,0,0,0,1,0,0,0,0,0,0,0,0,0,7,7,3,2,19,10,4,6,1,21,24,16,14,5,59,16,13,15,2,46,50,40,0,2,0,0,2,2,0,0,0,2,10,9,4,0,23,15,5,8,0,28,1,1,2,3,199,276,19,17,0.905,0.895,0,0,0,0,5,2,0,2221,1679,3245,3004,42,0,0,105,0,0,0,0,0,0,72,169,0.0,-,,,,,,,,,,,,,,,,,,,,,,,,,,,,,,,
2025020620,2025-12-30,Islanders,Blackhawks,Away,SOW,40,39,2.4617746853,2.259373349,1.8684502853,1.734809962,David Rittich,Spencer Knight,CG,CG,0,1,0,0,0,1,0,0,1,0,0,0,0,0,0,10,4,6,1,21,7,7,3,2,19,16,13,15,2,46,24,16,14,5,59,40,50,2,0,0,0,2,0,2,0,0,2,15,5,8,0,28,10,9,4,0,23,1,1,3,2,276,199,17,19,0.895,0.905,0,0,0,0,2,5,2221,0,1679,3245,3004,0,42,105,0,0,0,0,0,0,0,72,169,0.0,-,,,,,,,,,,,,,,,,,,,,,,,,,,,,,,,
2025020621,2025-12-30,Canucks,Flyers,Home,RL,39,38,3.2394944421,3.6661862709,2.3266525255,2.8868774983,Thatcher Demko,Dan Vladar,CG,CG,1,1,0,0,0,0,0,0,1,1,0,0,0,0,0,10,9,16,0,35,5,19,9,0,33,23,23,27,0,73,15,29,20,0,64,61,48,1,0,2,0,3,1,2,3,0,6,12,7,10,0,29,13,6,7,0,26,0,0,4,1,398,28,27,32,0.818,0.914,0,2,0,5,2,1,497,2180,923,3016,2847,28,57,0,0,0,0,0,0,8,0,169,0,0.0,-,,,,,,,,,,,,,,,,,,,,,,,,,,,,,,,
2025020621,2025-12-30,Flyers,Canucks,Away,RW,38,39,3.6661862709,3.2394944421,2.8868774983,2.3266525255,Dan Vladar,Thatcher Demko,CG,CG,0,0,0,0,1,1,0,0,0,0,0,0,1,0,0,5,19,9,0,33,10,9,16,0,35,15,29,20,0,64,23,23,27,0,73,48,61,1,2,3,0,6,1,0,2,0,3,13,6,7,0,26,12,7,10,0,29,0,0,1,4,28,398,32,27,0.914,0.818,2,0,5,0,1,2,2180,497,923,3016,2847,57,28,0,0,0,0,0,0,0,8,169,0,0.0,-,,,,,,,,,,,,,,,,,,,,,,,,,,,,,,,
2025020622,2025-12-31,Capitals,Rangers,Home,RW,40,42,3.814304438,2.9291295123,3.010723839,2.5228408992999998,Charlie Lindgren,Jonathan Quick,CG,CG,0,0,0,0,0,0,0,0,1,0,0,0,0,0,0,7,11,9,0,27,5,11,9,0,25,15,27,24,0,66,24,23,20,0,67,55,56,1,2,3,0,6,1,1,1,0,3,8,8,5,0,21,8,6,7,0,21,1,1,3,1,359,77,22,21,0.88,0.778,1,0,2,0,2,0,2360,0,1240,3092,3092,0,58,0,0,0,0,0,0,0,0,0,0,0.0,-,,,,,,,,,,,,,,,,,,,,,,,,,,,,,,,
2025020622,2025-12-31,Rangers,Capitals,Away,RL,42,40,2.9291295123,3.814304438,2.5228408992999998,3.010723839,Jonathan Quick,Charlie Lindgren,CG,CG,0,0,0,0,0,0,0,0,0,0,0,0,0,0,0,5,11,9,0,25,7,11,9,0,27,24,23,20,0,67,15,27,24,0,66,56,55,1,1,1,0,3,1,2,3,0,6,8,6,7,0,21,8,8,5,0,21,1,1,1,3,77,359,21,22,0.778,0.88,0,1,0,2,0,2,0,2360,1240,3092,3092,58,0,0,0,0,0,0,0,0,0,0,0,0.0,-,,,,,,,,,,,,,,,,,,,,,,,,,,,,,,,
2025020623,2025-12-31,Golden Knights,Predators,Home,RL,38,39,3.0494448151999998,2.2797574213,1.8167202002,1.4375752193,Akira Schmid,Justus Annunen,CG,CG,0,0,0,0,0,0,0,0,1,1,1,0,0,0,0,9,4,18,0,31,10,6,3,0,19,18,10,33,0,61,16,21,19,0,56,39,39,2,0,0,0,2,3,1,0,0,4,8,11,7,0,26,11,9,6,0,26,1,2,3,4,247,410,15,29,0.789,0.935,0,0,0,7,1,3,602,2619,379,2601,2601,287,8,0,0,0,0,0,0,3,5,0,0,0.0,-,,,,,,,,,,,,,,,,,,,,,,,,,,,,,,,
2025020623,2025-12-31,Predators,Golden Knights,Away,RW,39,38,2.2797574213,3.0494448151999998,1.4375752193,1.8167202002,Justus Annunen,Akira Schmid,CG,CG,0,0,0,0,0,0,0,0,0,0,0,0,1,1,0,10,6,3,0,19,9,4,18,0,31,16,21,19,0,56,18,10,33,0,61,39,39,3,1,0,0,4,2,0,0,0,2,11,9,6,0,26,8,11,7,0,26,2,1,4,3,410,247,29,15,0.935,0.789,0,0,7,0,3,1,2619,602,379,2601,2601,8,287,0,0,0,0,0,0,5,3,0,0,0.0,-,,,,,,,,,,,,,,,,,,,,,,,,,,,,,,,
2025020624,2025-12-31,Ducks,Lightning,Home,OTL,40,39,3.1029576975,3.15381036,2.0875772855,1.912853681,Lukas Dostal,Andrei Vasilevskiy,CG,CG,0,0,0,0,0,0,0,0,0,0,0,0,0,0,0,6,7,14,1,28,7,9,10,3,29,22,16,22,1,61,20,18,14,5,57,49,41,0,1,2,0,3,1,1,1,1,4,9,1,3,0,13,8,8,3,0,19,1,1,3,3,315,348,25,25,0.862,0.893,0,0,0,0,2,1,0,1895,1872,3028,2861,27,30,0,0,0,0,0,0,0,0,0,167,0.0,-,,,,,,,,,,,,,,,,,,,,,,,,,,,,,,,
2025020624,2025-12-31,Lightning,Ducks,Away,OTW,39,40,3.15381036,3.1029576975,1.912853681,2.0875772855,Andrei Vasilevskiy,Lukas Dostal,CG,CG,0,0,0,0,0,0,0,0,1,0,0,0,0,0,0,7,9,10,3,29,6,7,14,1,28,20,18,14,5,57,22,16,22,1,61,41,49,1,1,1,1,4,0,1,2,0,3,8,8,3,0,19,9,1,3,0,13,1,1,3,3,348,315,25,25,0.893,0.862,0,0,0,0,1,2,1895,0,1872,3028,2861,30,27,0,0,0,0,0,0,0,0,0,167,0.0,-,,,,,,,,,,,,,,,,,,,,,,,,,,,,,,,
2025020625,2025-12-31,Sharks,Wild,Home,SOW,40,41,2.1522010615,2.7853929645999997,1.7548729645,2.3293323846,Yaroslav Askarov,Jesper Wallstedt,CG,CG,0,0,0,0,0,0,0,0,0,0,0,0,1,0,0,8,9,9,2,28,8,6,6,3,23,20,17,22,3,62,14,22,15,5,56,54,47,0,2,1,0,3,1,0,2,0,3,9,2,8,0,19,8,5,5,1,19,1,0,1,1,117,120,20,25,0.87,0.893,0,0,0,0,0,1,720,636,2544,3623,3323,10,27,0,0,0,0,0,0,0,0,0,300,0.0,-,,,,,,,,,,,,,,,,,,,,,,,,,,,,,,,
2025020625,2025-12-31,Wild,Sharks,Away,SOL,41,40,2.7853929645999997,2.1522010615,2.3293323846,1.7548729645,Jesper Wallstedt,Yaroslav Askarov,CG,CG,0,0,0,0,0,0,0,0,1,1,0,0,0,0,0,8,6,6,3,23,8,9,9,2,28,14,22,15,5,56,20,17,22,3,62,47,54,1,0,2,0,3,0,2,1,0,3,8,5,5,1,19,9,2,8,0,19,0,1,1,1,120,117,25,20,0.893,0.87,0,0,0,0,1,0,636,720,2544,3623,3323,27,10,0,0,0,0,0,0,0,0,0,300,0.0,-,,,,,,,,,,,,,,,,,,,,,,,,,,,,,,,
2025020626,2025-12-31,Red Wings,Jets,Home,RW,41,38,1.5656483805,2.1078706524,1.4488241635,1.4887686079,John Gibson,Connor Hellebuyck,CG,CG,0,0,0,0,0,0,0,0,1,0,0,0,0,0,0,10,6,3,0,19,5,11,8,0,24,13,13,17,0,43,11,16,19,0,46,36,38,2,0,0,0,2,0,0,1,0,1,6,6,2,0,14,8,11,5,0,24,1,0,3,3,210,260,23,17,0.958,0.895,0,0,2,0,0,3,3098,0,502,2903,2827,9,190,0,0,0,0,0,0,0,7,76,0,0.0,-,,,,,,,,,,,,,,,,,,,,,,,,,,,,,,,
2025020626,2025-12-31,Jets,Red Wings,Away,RL,38,41,2.1078706524,1.5656483805,1.4887686079,1.4488241635,Connor Hellebuyck,John Gibson,CG,CG,0,0,0,0,0,0,0,0,0,0,0,0,0,0,0,5,11,8,0,24,10,6,3,0,19,11,16,19,0,46,13,13,17,0,43,38,36,0,0,1,0,1,2,0,0,0,2,8,11,5,0,24,6,6,2,0,14,0,1,3,3,260,210,17,23,0.895,0.958,0,0,0,2,3,0,0,3098,502,2903,2827,190,9,0,0,0,0,0,0,7,0,76,0,0.0,-,,,,,,,,,,,,,,,,,,,,,,,,,,,,,,,
2025020627,2025-12-31,Blue Jackets,Devils,Home,RL,39,40,5.1608342071,3.1509045995,4.2151543791,2.4886624535,Jet Greaves,Jake Allen,CG,CG,0,1,0,0,1,0,0,0,1,1,1,0,0,0,0,10,18,7,0,35,10,12,11,0,33,25,28,16,0,69,18,18,22,0,58,58,53,1,1,0,0,2,0,0,3,0,3,14,8,4,0,26,5,9,3,0,17,0,1,3,1,334,4,30,33,0.909,0.943,0,0,0,1,1,3,2246,915,439,3067,3067,89,28,0,0,0,0,0,0,0,0,0,0,0.0,-,,,,,,,,,,,,,,,,,,,,,,,,,,,,,,,
2025020627,2025-12-31,Devils,Blue Jackets,Away,RW,40,39,3.1509045995,5.1608342071,2.4886624535,4.2151543791,Jake Allen,Jet Greaves,CG,CG,1,0,0,0,0,1,0,0,0,0,0,0,1,1,0,10,12,11,0,33,10,18,7,0,35,18,18,22,0,58,25,28,16,0,69,53,58,0,0,3,0,3,1,1,0,0,2,5,9,3,0,17,14,8,4,0,26,1,0,1,3,4,334,33,30,0.943,0.909,0,0,1,0,3,1,915,2246,439,3067,3067,28,89,0,0,0,0,0,0,0,0,0,0,0.0,-,,,,,,,,,,,,,,,,,,,,,,,,,,,,,,,
2025020628,2025-12-31,Stars,Sabres,Home,RL,40,39,3.561241473,3.4564010518,2.962736641,3.0095419048,Casey DeSmith,Ukko-Pekka Luukkonen,CG,CG,0,0,0,0,0,0,0,0,1,1,0,0,0,0,0,14,8,7,0,29,14,11,6,0,31,23,13,15,0,51,23,18,15,0,56,46,51,1,0,0,0,1,0,2,2,0,4,6,5,4,0,15,8,6,10,0,24,0,0,2,2,240,240,27,28,0.871,0.966,0,0,0,0,1,3,1649,1375,576,3033,3033,57,30,0,0,0,0,0,0,0,0,0,0,0.0,-,,,,,,,,,,,,,,,,,,,,,,,,,,,,,,,
2025020628,2025-12-31,Sabres,Stars,Away,RW,39,40,3.4564010518,3.561241473,3.0095419048,2.962736641,Ukko-Pekka Luukkonen,Casey DeSmith,CG,CG,0,0,0,0,0,0,0,0,0,0,0,0,1,0,0,14,11,6,0,31,14,8,7,0,29,23,18,15,0,56,23,13,15,0,51,51,46,0,2,2,0,4,1,0,0,0,1,8,6,10,0,24,6,5,4,0,15,0,0,2,2,240,240,28,27,0.966,0.871,0,0,0,0,3,1,1375,1649,576,3033,3033,30,57,0,0,0,0,0,0,0,0,0,0,0.0,-,,,,,,,,,,,,,,,,,,,,,,,,,,,,,,,
2025020629,2025-12-31,Avalanche,Blues,Home,RW,39,41,3.3905003259,1.3472394671999999,3.2007853029,1.0960399102,Mackenzie Blackwood,Jordan Binnington,CG,CG,0,0,0,0,0,0,0,0,1,0,0,0,0,0,0,20,14,9,0,43,4,3,6,0,13,23,22,17,0,62,21,12,12,0,45,55,38,4,1,1,0,6,0,0,1,0,1,2,2,2,0,6,12,4,6,0,22,1,0,3,3,249,282,12,37,0.923,0.86,0,0,0,0,1,1,3540,0,60,2968,2892,35,44,0,0,0,0,0,0,3,0,76,0,0.0,-,,,,,,,,,,,,,,,,,,,,,,,,,,,,,,,
2025020629,2025-12-31,Blues,Avalanche,Away,RL,41,39,1.3472394671999999,3.3905003259,1.0960399102,3.2007853029,Jordan Binnington,Mackenzie Blackwood,CG,CG,0,0,0,0,0,0,0,0,0,0,0,0,0,0,0,4,3,6,0,13,20,14,9,0,43,21,12,12,0,45,23,22,17,0,62,38,55,0,0,1,0,1,4,1,1,0,6,12,4,6,0,22,2,2,2,0,6,0,1,3,3,282,249,37,12,0.86,0.923,0,0,0,0,1,1,0,3540,60,2968,2892,44,35,0,0,0,0,0,0,0,3,76,0,0.0,-,,,,,,,,,,,,,,,,,,,,,,,,,,,,,,,
2025020630,2025-12-31,Flames,Flyers,Home,RW,40,39,3.8158530923000002,3.3648709879000003,2.4947932702999998,2.6842645711,Dustin Wolf,Samuel Ersson,CG,CG,0,0,0,0,1,1,0,0,1,0,0,0,0,0,0,3,13,10,0,26,4,11,12,0,27,17,28,19,0,64,17,17,29,0,63,49,51,1,3,1,0,5,0,1,0,0,1,8,6,1,0,15,8,4,11,0,23,2,0,3,2,226,240,26,21,0.963,0.808,0,0,0,0,0,5,2790,0,810,3073,2958,8,27,0,0,98,0,0,0,0,0,115,0,0.0,-,,,,,,,,,,,,,,,,,,,,,,,,,,,,,,,
2025020630,2025-12-31,Flyers,Flames,Away,RL,39,40,3.3648709879000003,3.8158530923000002,2.6842645711,2.4947932702999998,Samuel Ersson,Dustin Wolf,CG,CG,1,1,0,0,0,0,0,0,0,0,0,0,0,0,0,4,11,12,0,27,3,13,10,0,26,17,17,29,0,63,17,28,19,0,64,51,49,0,1,0,0,1,1,3,1,0,5,8,4,11,0,23,8,6,1,0,15,0,2,2,3,240,226,21,26,0.808,0.963,0,0,0,0,5,0,0,2790,810,3073,2958,27,8,0,0,0,98,0,0,0,0,115,0,0.0,-,,,,,,,,,,,,,,,,,,,,,,,,,,,,,,,
2025020631,2025-12-31,Oilers,Bruins,Home,RL,41,41,3.7133954485,2.782779817,2.6444089535,1.912564139,Connor Ingram,Jeremy Swayman,CG,CG,0,0,0,0,0,0,0,0,0,0,0,0,0,0,0,15,10,11,0,36,12,9,8,0,29,26,17,17,0,60,20,23,12,0,55,45,41,1,0,1,0,2,2,2,2,0,6,4,5,9,0,18,4,6,4,0,14,0,1,5,3,543,185,23,34,0.793,0.944,0,0,0,0,1,2,0,3152,448,2740,2578,30,52,0,0,0,52,0,0,0,2,162,0,0.0,-,,,,,,,,,,,,,,,,,,,,,,,,,,,,,,,
2025020631,2025-12-31,Bruins,Oilers,Away,RW,41,41,2.782779817,3.7133954485,1.912564139,2.6444089535,Jeremy Swayman,Connor Ingram,CG,CG,0,0,0,0,0,0,0,0,1,0,0,0,0,0,0,12,9,8,0,29,15,10,11,0,36,20,23,12,0,55,26,17,17,0,60,41,45,2,2,2,0,6,1,0,1,0,2,4,6,4,0,14,4,5,9,0,18,1,0,3,5,185,543,34,23,0.944,0.793,0,0,0,0,2,1,3152,0,448,2740,2578,52,30,0,0,52,0,0,0,2,0,162,0,0.0,-,,,,,,,,,,,,,,,,,,,,,,,,,,,,,,,
2025020632,2026-01-01,Senators,Capitals,Home,RW,39,41,3.3935273446,2.2909964769,2.3992431256,1.6038160919,Leevi Meriläinen,Logan Thompson,CG,CG,0,0,0,0,1,1,1,0,0,0,0,0,1,1,0,6,15,11,0,32,16,7,6,0,29,9,28,21,0,58,27,14,21,0,62,44,38,0,2,2,0,4,2,0,1,0,3,17,12,3,0,32,3,5,7,0,15,0,1,4,4,422,368,26,28,0.897,0.875,0,0,4,0,2,1,928,1878,794,2428,2320,27,165,0,0,0,0,0,0,0,27,108,0,0.0,-,,,,,,,,,,,,,,,,,,,,,,,,,,,,,,,
2025020632,2026-01-01,Capitals,Senators,Away,RL,41,39,2.2909964769,3.3935273446,1.6038160919,2.3992431256,Logan Thompson,Leevi Meriläinen,CG,CG,1,1,1,0,0,0,0,0,1,1,1,0,0,0,0,16,7,6,0,29,6,15,11,0,32,27,14,21,0,62,9,28,21,0,58,38,44,2,0,1,0,3,0,2,2,0,4,3,5,7,0,15,17,12,3,0,32,1,0,4,4,368,422,28,26,0.875,0.897,0,0,0,4,1,2,1878,928,794,2428,2320,165,27,0,0,0,0,0,0,27,0,108,0,0.0,-,,,,,,,,,,,,,,,,,,,,,,,,,,,,,,,
2025020633,2026-01-01,Islanders,Mammoth,Home,RL,41,41,2.302595321,2.781265149,1.39603901,1.745737691,David Rittich,Karel Vejmelka,IG,CG,0,0,1,0,0,0,0,0,0,0,0,0,0,0,0,11,8,3,0,22,5,6,10,0,21,17,22,13,0,52,25,18,16,0,59,35,34,0,1,1,0,2,0,3,4,0,7,5,4,4,0,13,9,6,1,0,16,1,2,5,5,538,463,14,20,0.667,0.909,0,0,0,1,2,4,0,1899,1701,2380,2320,70,87,0,0,0,0,0,0,0,0,60,0,0.0,-,,,,,,,,,,,,,,,,,,,,,,,,,,,,,,,
2025020633,2026-01-01,Mammoth,Islanders,Away,RW,41,41,2.781265149,2.302595321,1.745737691,1.39603901,Karel Vejmelka,David Rittich,CG,IG,0,0,0,0,0,0,1,0,1,0,0,0,0,0,0,5,6,10,0,21,11,8,3,0,22,25,18,16,0,59,17,22,13,0,52,34,35,0,3,4,0,7,0,1,1,0,2,9,6,1,0,16,5,4,4,0,13,2,1,5,5,463,538,20,14,0.909,0.667,0,0,1,0,4,2,1899,0,1701,2380,2320,87,70,0,0,0,0,0,0,0,0,60,0,0.0,-,,,,,,,,,,,,,,,,,,,,,,,,,,,,,,,
2025020634,2026-01-01,Maple Leafs,Jets,Home,RW,40,39,2.854839503,4.2598437479,2.485076463,3.5080266529,Joseph Woll,Eric Comrie,IG,CG,0,0,1,0,1,1,1,0,0,0,0,0,1,1,1,7,12,11,0,30,11,17,12,0,40,18,21,16,0,55,20,26,21,0,67,48,56,0,3,3,0,6,2,2,1,0,5,12,6,5,0,23,6,5,6,0,17,1,1,1,2,64,217,35,24,0.875,0.8,0,0,3,0,1,0,262,2204,1134,3146,3146,66,102,0,0,0,0,0,0,0,0,0,0,0.0,-,,,,,,,,,,,,,,,,,,,,,,,,,,,,,,,
2025020634,2026-01-01,Jets,Maple Leafs,Away,RL,39,40,4.2598437479,2.854839503,3.5080266529,2.485076463,Eric Comrie,Joseph Woll,CG,IG,1,1,1,0,0,0,1,0,1,1,1,1,0,0,0,11,17,12,0,40,7,12,11,0,30,20,26,21,0,67,18,21,16,0,55,56,48,2,2,1,0,5,0,3,3,0,6,6,5,6,0,17,12,6,5,0,23,1,1,2,1,217,64,24,35,0.8,0.875,0,0,0,3,0,1,2204,262,1134,3146,3146,102,66,0,0,0,0,0,0,0,0,0,0,0.0,-,,,,,,,,,,,,,,,,,,,,,,,,,,,,,,,
2025020635,2026-01-01,Penguins,Red Wings,Home,OTW,39,42,3.2005016547,2.8287567096,2.5455126547,1.2089984936,Arturs Silovs,Cam Talbot,CG,CG,0,0,0,0,1,0,1,0,1,0,0,0,0,0,0,6,9,14,2,31,10,10,7,0,27,18,23,24,2,67,25,24,17,1,67,48,43,2,0,1,1,4,1,1,1,0,3,7,6,2,0,15,9,8,4,0,21,1,2,3,8,237,842,24,27,0.889,0.871,0,0,0,0,2,3,1084,0,2574,2462,2404,71,15,0,0,0,0,0,0,35,0,0,58,0.0,-,,,,,,,,,,,,,,,,,,,,,,,,,,,,,,,
2025020635,2026-01-01,Red Wings,Penguins,Away,OTL,42,39,2.8287567096,3.2005016547,1.2089984936,2.5455126547,Cam Talbot,Arturs Silovs,CG,CG,1,0,1,0,0,0,0,0,0,0,0,0,0,0,0,10,10,7,0,27,6,9,14,2,31,25,24,17,1,67,18,23,24,2,67,43,48,1,1,1,0,3,2,0,1,1,4,9,8,4,0,21,7,6,2,0,15,2,1,8,3,842,237,27,24,0.871,0.889,0,0,0,0,3,2,0,1084,2574,2462,2404,15,71,0,0,0,0,0,0,0,35,0,58,0.0,-,,,,,,,,,,,,,,,,,,,,,,,,,,,,,,,
2025020636,2026-01-01,Hurricanes,Canadiens,Home,RL,40,40,3.3295801028,3.3248822735,2.7030823478,3.0107487345,Brandon Bussi,Jakub Dobes,CG,CG,0,1,1,0,0,0,0,0,0,1,1,0,0,0,0,10,8,7,0,25,5,11,7,0,23,17,14,17,0,48,13,20,18,0,51,42,45,3,1,1,0,5,2,3,2,0,7,12,4,2,0,18,11,6,9,0,26,2,0,3,1,164,120,16,20,0.696,0.8,0,1,0,2,0,1,1292,1943,365,3164,3164,114,30,0,0,0,0,0,0,0,0,0,0,0.0,-,,,,,,,,,,,,,,,,,,,,,,,,,,,,,,,
2025020636,2026-01-01,Canadiens,Hurricanes,Away,RW,40,40,3.3248822735,3.3295801028,3.0107487345,2.7030823478,Jakub Dobes,Brandon Bussi,CG,CG,0,0,0,0,0,1,1,0,1,0,0,0,1,1,0,5,11,7,0,23,10,8,7,0,25,13,20,18,0,51,17,14,17,0,48,45,42,2,3,2,0,7,3,1,1,0,5,11,6,9,0,26,12,4,2,0,18,0,2,1,3,120,164,20,16,0.8,0.696,1,0,2,0,1,0,1943,1292,365,3164,3164,30,114,0,0,0,0,0,0,0,0,0,0,0.0,-,,,,,,,,,,,,,,,,,,,,,,,,,,,,,,,
2025020639,2026-01-01,Kings,Lightning,Home,RL,39,40,3.6305852006,2.9476473378,2.4891386006,2.2359510038,Darcy Kuemper,Jonas Johansson,CG,CG,0,0,0,0,1,0,1,0,0,1,0,0,0,0,0,11,1,8,0,20,8,7,9,0,24,23,15,19,0,57,16,19,15,0,50,50,43,2,0,1,0,3,1,1,3,0,5,9,6,5,0,20,9,8,5,0,22,2,1,3,2,190,162,19,17,0.792,0.85,0,1,0,1,2,0,2817,170,613,3125,3125,43,23,0,0,0,0,0,0,0,0,0,0,0.0,-,,,,,,,,,,,,,,,,,,,,,,,,,,,,,,,
2025020639,2026-01-01,Lightning,Kings,Away,RW,40,39,2.9476473378,3.6305852006,2.2359510038,2.4891386006,Jonas Johansson,Darcy Kuemper,CG,CG,1,0,1,0,0,0,0,0,1,0,0,0,1,0,0,8,7,9,0,24,11,1,8,0,20,16,19,15,0,50,23,15,19,0,57,43,50,1,1,3,0,5,2,0,1,0,3,9,8,5,0,22,9,6,5,0,20,1,2,2,3,162,190,17,19,0.85,0.792,1,0,1,0,0,2,170,2817,613,3125,3125,23,43,0,0,0,0,0,0,0,0,0,0,0.0,-,,,,,,,,,,,,,,,,,,,,,,,,,,,,,,,
2025020637,2026-01-01,Blackhawks,Stars,Home,RW,40,41,3.327969162,3.0068346829,2.18727485,2.5610519272,Spencer Knight,Jake Oettinger,CG,CG,0,0,1,0,1,0,0,0,1,0,0,0,0,0,0,6,11,4,0,21,6,10,9,0,25,18,22,16,0,56,18,19,17,0,54,42,44,1,2,1,0,4,1,0,2,0,3,6,8,6,0,20,9,9,11,0,29,2,0,4,1,314,120,22,17,0.88,0.81,0,0,5,0,3,1,2561,0,1039,2792,2792,20,342,0,0,0,0,0,0,0,0,0,0,0.0,-,,,,,,,,,,,,,,,,,,,,,,,,,,,,,,,
2025020637,2026-01-01,Stars,Blackhawks,Away,RL,41,40,3.0068346829,3.327969162,2.5610519272,2.18727485,Jake Oettinger,Spencer Knight,CG,CG,1,0,0,0,0,0,1,0,0,0,0,0,0,0,0,6,10,9,0,25,6,11,4,0,21,18,19,17,0,54,18,22,16,0,56,44,42,1,0,2,0,3,1,2,1,0,4,9,9,11,0,29,6,8,6,0,20,0,2,1,4,120,314,17,22,0.81,0.88,0,0,0,5,1,3,0,2561,1039,2792,2792,342,20,0,0,0,0,0,0,0,0,0,0,0.0,-,,,,,,,,,,,,,,,,,,,,,,,,,,,,,,,
2025020638,2026-01-01,Kraken,Predators,Home,RW,38,40,2.677746664,2.2609541513,2.542197318,2.1096896673,Philipp Grubauer,Juuse Saros,CG,CG,0,0,0,0,1,1,1,0,1,0,0,0,0,0,0,13,7,3,0,23,7,9,9,0,25,23,16,18,0,57,14,22,25,0,61,53,58,3,0,1,0,4,0,1,0,0,1,6,7,7,0,20,12,6,5,0,23,0,1,1,2,120,166,24,19,0.96,0.826,1,0,5,0,3,2,3372,0,228,3145,3145,3,129,0,0,0,0,0,0,0,0,0,0,0.0,-,,,,,,,,,,,,,,,,,,,,,,,,,,,,,,,
2025020638,2026-01-01,Predators,Kraken,Away,RL,40,38,2.2609541513,2.677746664,2.1096896673,2.542197318,Juuse Saros,Philipp Grubauer,CG,CG,1,1,1,0,0,0,0,0,0,0,0,0,0,0,0,7,9,9,0,25,13,7,3,0,23,14,22,25,0,61,23,16,18,0,57,58,53,0,1,0,0,1,3,0,1,0,4,12,6,5,0,23,6,7,7,0,20,1,0,2,1,166,120,19,24,0.826,0.96,0,1,0,5,2,3,0,3372,228,3145,3145,129,3,0,0,0,0,0,0,0,0,0,0,0.0,-,,,,,,,,,,,,,,,,,,,,,,,,,,,,,,,
2025020640,2026-01-02,Blues,Golden Knights,Home,RW,42,39,2.6227661194,2.364806788,1.9529361994,1.830450126,Joel Hofer,Carter Hart,CG,CG,0,0,0,0,0,0,0,0,0,0,0,0,1,0,0,4,7,8,0,19,6,14,5,0,25,11,20,13,0,44,19,16,15,0,50,38,40,1,2,1,0,4,1,1,1,0,3,7,6,6,0,19,5,8,8,0,21,0,0,2,2,294,240,22,15,0.88,0.789,0,0,3,0,0,1,1455,27,2118,2969,2969,26,71,0,0,0,0,0,0,0,0,0,0,0.0,-,,,,,,,,,,,,,,,,,,,,,,,,,,,,,,,
2025020640,2026-01-02,Golden Knights,Blues,Away,RL,39,42,2.364806788,2.6227661194,1.830450126,1.9529361994,Carter Hart,Joel Hofer,CG,CG,0,0,0,0,0,0,0,0,1,1,0,0,0,0,0,6,14,5,0,25,4,7,8,0,19,19,16,15,0,50,11,20,13,0,44,40,38,1,1,1,0,3,1,2,1,0,4,5,8,8,0,21,7,6,6,0,19,0,0,2,2,240,294,15,22,0.789,0.88,0,0,0,3,1,0,27,1455,2118,2969,2969,71,26,0,0,0,0,0,0,0,0,0,0,0.0,-,,,,,,,,,,,,,,,,,,,,,,,,,,,,,,,
2025020641,2026-01-02,Panthers,Rangers,Home,RL,40,43,3.5424784672,2.5764567975,2.4414980932,1.8909255194999999,Sergei Bobrovsky,Igor Shesterkin,CG,CG,0,0,0,0,0,0,0,0,0,0,0,0,0,0,0,10,15,12,0,37,6,6,8,0,20,22,28,19,0,69,20,16,28,0,64,52,46,0,0,1,0,1,2,1,2,0,5,16,14,8,0,38,6,7,7,0,20,1,2,6,3,641,230,15,36,0.75,0.973,0,1,0,4,1,2,0,2691,909,2563,2563,20,105,0,0,0,0,0,0,114,0,0,0,0.0,-,,,,,,,,,,,,,,,,,,,,,,,,,,,,,,,
2025020641,2026-01-02,Rangers,Panthers,Away,RW,43,40,2.5764567975,3.5424784672,1.8909255194999999,2.4414980932,Igor Shesterkin,Sergei Bobrovsky,CG,CG,0,0,0,0,0,0,0,0,1,0,0,0,0,0,0,6,6,8,0,20,10,15,12,0,37,20,16,28,0,64,22,28,19,0,69,46,52,2,1,2,0,5,0,0,1,0,1,6,7,7,0,20,16,14,8,0,38,2,1,3,6,230,641,36,15,0.973,0.75,1,0,4,0,2,1,2691,0,909,2563,2563,105,20,0,0,0,0,0,0,0,114,0,0,0.0,-,,,,,,,,,,,,,,,,,,,,,,,,,,,,,,,
2025020642,2026-01-02,Canucks,Kraken,Home,SOL,40,39,4.2367033018999996,2.5603123888,2.9579246399,1.8009020618,Thatcher Demko,Joey Daccord,CG,CG,0,0,0,0,1,0,1,0,0,0,0,0,0,0,0,10,8,3,3,24,13,6,6,3,28,19,19,17,5,60,25,18,13,7,63,51,51,0,2,1,0,3,1,2,0,0,3,12,8,6,0,26,3,4,6,0,13,2,1,3,2,198,205,25,21,0.893,0.875,0,0,0,0,4,2,0,1721,2179,3441,3271,30,17,96,0,0,0,0,0,0,0,0,170,0.0,-,,,,,,,,,,,,,,,,,,,,,,,,,,,,,,,
2025020642,2026-01-02,Kraken,Canucks,Away,SOW,39,40,2.5603123888,4.2367033018999996,1.8009020618,2.9579246399,Joey Daccord,Thatcher Demko,CG,CG,1,0,1,0,0,0,0,0,1,0,0,0,0,0,0,13,6,6,3,28,10,8,3,3,24,25,18,13,7,63,19,19,17,5,60,51,51,1,2,0,0,3,0,2,1,0,3,3,4,6,0,13,12,8,6,0,26,1,2,2,3,205,198,21,25,0.875,0.893,0,0,0,0,2,4,1721,0,2179,3441,3271,17,30,0,96,0,0,0,0,0,0,0,170,0.0,-,,,,,,,,,,,,,,,,,,,,,,,,,,,,,,,
2025020643,2026-01-02,Ducks,Wild,Home,RL,41,42,3.1114901301,4.1730713558,2.5270627271,2.8330528538,Lukas Dostal,Filip Gustavsson,CG,CG,0,0,0,0,0,0,0,0,0,0,0,0,0,0,0,10,10,8,0,28,7,19,8,0,34,21,25,25,0,71,22,36,22,0,80,56,63,0,1,1,0,2,1,2,2,0,5,10,5,7,0,22,3,4,4,0,11,0,1,1,4,120,371,29,26,0.853,0.929,0,0,0,2,4,2,0,3261,339,3048,3048,57,1,0,0,0,0,0,0,0,0,0,0,0.0,-,,,,,,,,,,,,,,,,,,,,,,,,,,,,,,,
2025020643,2026-01-02,Wild,Ducks,Away,RW,42,41,4.1730713558,3.1114901301,2.8330528538,2.5270627271,Filip Gustavsson,Lukas Dostal,CG,CG,0,0,0,0,0,0,0,0,1,0,0,0,0,0,0,7,19,8,0,34,10,10,8,0,28,22,36,22,0,80,21,25,25,0,71,63,56,1,2,2,0,5,0,1,1,0,2,3,4,4,0,11,10,5,7,0,22,1,0,4,1,371,120,26,29,0.929,0.853,0,0,2,0,2,4,3261,0,339,3048,3048,1,57,0,0,0,0,0,0,0,0,0,0,0.0,-,,,,,,,,,,,,,,,,,,,,,,,,,,,,,,,
2025020644,2026-01-03,Red Wings,Penguins,Home,RL,43,40,1.6695322743,3.1281391107,1.3223986953,2.5249325027,John Gibson,Stuart Skinner,CG,CG,0,1,0,0,0,0,0,0,0,0,0,0,0,0,0,5,4,3,0,12,10,9,12,0,31,16,16,10,0,42,20,17,20,0,57,37,48,0,1,0,0,1,2,0,2,0,4,5,9,7,0,21,9,6,5,0,20,0,0,2,2,182,182,27,11,0.871,0.917,0,2,0,2,3,1,0,3376,224,3113,3057,95,26,0,0,0,0,0,0,0,9,56,0,0.0,-,,,,,,,,,,,,,,,,,,,,,,,,,,,,,,,
2025020644,2026-01-03,Penguins,Red Wings,Away,RW,40,43,3.1281391107,1.6695322743,2.5249325027,1.3223986953,Stuart Skinner,John Gibson,CG,CG,0,0,0,0,0,1,0,0,1,0,0,0,0,0,0,10,9,12,0,31,5,4,3,0,12,20,17,20,0,57,16,16,10,0,42,48,37,2,0,2,0,4,0,1,0,0,1,9,6,5,0,20,5,9,7,0,21,0,0,2,2,182,182,11,27,0.917,0.871,2,0,2,0,1,3,3376,0,224,3113,3057,26,95,0,0,0,0,0,0,9,0,56,0,0.0,-,,,,,,,,,,,,,,,,,,,,,,,,,,,,,,,
2025020645,2026-01-03,Devils,Mammoth,Home,RW,41,42,3.6016822603,2.7560484963,2.2309768263,2.3080010493,Jacob Markstrom,Karel Vejmelka,CG,CG,0,0,0,0,0,0,0,0,1,0,0,0,0,0,0,9,12,9,0,30,12,5,14,0,31,19,19,16,0,54,20,15,22,0,57,43,48,2,2,0,0,4,0,0,1,0,1,7,12,5,0,24,8,8,12,0,28,1,0,3,2,240,240,30,26,0.968,0.867,0,0,0,0,2,2,2853,0,747,3059,3059,9,25,0,0,53,0,0,0,0,0,0,0,0.0,-,,,,,,,,,,,,,,,,,,,,,,,,,,,,,,,
2025020645,2026-01-03,Mammoth,Devils,Away,RL,42,41,2.7560484963,3.6016822603,2.3080010493,2.2309768263,Karel Vejmelka,Jacob Markstrom,CG,CG,0,0,0,0,0,0,0,0,0,0,0,0,0,0,0,12,5,14,0,31,9,12,9,0,30,20,15,22,0,57,19,19,16,0,54,48,43,0,0,1,0,1,2,2,0,0,4,8,8,12,0,28,7,12,5,0,24,0,1,2,3,240,240,26,30,0.867,0.968,0,0,0,0,2,2,0,2853,747,3059,3059,25,9,0,0,0,53,0,0,0,0,0,0,0.0,-,,,,,,,,,,,,,,,,,,,,,,,,,,,,,,,
2025020646,2026-01-03,Blue Jackets,Sabres,Home,RW,40,40,4.3890366805,4.9673683304,3.5382906362,3.3255969164,Jet Greaves,Ukko-Pekka Luukkonen,CG,CG,0,0,0,0,0,0,0,0,1,0,0,0,0,0,0,13,14,8,0,35,10,11,12,0,33,21,23,20,0,64,25,29,29,0,83,52,60,3,1,1,0,5,1,0,0,0,1,5,11,7,0,23,4,6,5,0,15,0,0,1,5,109,666,32,30,0.97,0.857,1,0,1,0,2,4,3262,0,338,2768,2558,38,13,0,0,0,0,0,0,0,12,210,0,0.0,-,,,,,,,,,,,,,,,,,,,,,,,,,,,,,,,
2025020646,2026-01-03,Sabres,Blue Jackets,Away,RL,40,40,4.9673683304,4.3890366805,3.3255969164,3.5382906362,Ukko-Pekka Luukkonen,Jet Greaves,CG,CG,0,0,0,0,0,0,0,0,0,0,0,0,0,0,0,10,11,12,0,33,13,14,8,0,35,25,29,29,0,83,21,23,20,0,64,60,52,1,0,0,0,1,3,1,1,0,5,4,6,5,0,15,5,11,7,0,23,0,0,5,1,666,109,30,32,0.857,0.97,0,1,0,1,4,2,0,3262,338,2768,2558,13,38,0,0,0,0,0,0,12,0,210,0,0.0,-,,,,,,,,,,,,,,,,,,,,,,,,,,,,,,,
2025020647,2026-01-03,Oilers,Flyers,Home,RL,42,40,2.9761656522999997,3.1943422465999998,2.5112492243,2.3294952846,Calvin Pickard,Dan Vladar,CG,CG,0,0,0,0,0,0,0,0,0,0,0,0,0,0,0,14,5,6,0,25,9,11,9,0,29,23,22,11,0,56,22,20,19,0,61,49,48,1,1,0,0,2,3,0,2,0,5,5,3,4,0,12,7,3,5,0,15,1,0,2,2,187,245,24,23,0.828,0.92,0,1,0,8,2,2,0,3164,436,2941,2941,170,13,0,0,0,0,0,0,0,0,0,0,0.0,-,,,,,,,,,,,,,,,,,,,,,,,,,,,,,,,
2025020647,2026-01-03,Flyers,Oilers,Away,RW,40,42,3.1943422465999998,2.9761656522999997,2.3294952846,2.5112492243,Dan Vladar,Calvin Pickard,CG,CG,0,0,0,0,0,0,0,0,1,0,0,0,0,0,0,9,11,9,0,29,14,5,6,0,25,22,20,19,0,61,23,22,11,0,56,48,49,3,0,2,0,5,1,1,0,0,2,7,3,5,0,15,5,3,4,0,12,0,1,2,2,245,187,23,24,0.92,0.828,1,0,8,0,2,2,3164,0,436,2941,2941,13,170,0,0,0,0,0,0,0,0,0,0,0.0,-,,,,,,,,,,,,,,,,,,,,,,,,,,,,,,,
2025020648,2026-01-03,Blues,Canadiens,Home,RW,43,41,2.784094702,3.1626480381,2.478641834,1.4759617248,Jordan Binnington,Jacob Fowler,CG,CG,1,1,1,0,0,0,0,0,1,0,0,0,0,0,0,8,7,4,0,19,9,10,7,0,26,15,15,15,0,45,15,19,24,0,58,38,37,1,1,0,0,2,0,0,0,0,0,6,7,3,0,16,8,5,2,0,15,0,0,2,4,233,369,26,17,1.0,0.895,0,0,5,0,1,2,2952,0,648,2782,2782,26,183,0,0,0,95,0,0,48,0,0,0,0.0,-,,,,,,,,,,,,,,,,,,,,,,,,,,,,,,,
2025020648,2026-01-03,Canadiens,Blues,Away,RL,41,43,3.1626480381,2.784094702,1.4759617248,2.478641834,Jacob Fowler,Jordan Binnington,CG,CG,0,0,0,0,1,1,1,0,0,0,0,0,0,0,0,9,10,7,0,26,8,7,4,0,19,15,19,24,0,58,15,15,15,0,45,37,38,0,0,0,0,0,1,1,0,0,2,8,5,2,0,15,6,7,3,0,16,0,0,4,2,369,233,17,26,0.895,1.0,0,0,0,5,2,1,0,2952,648,2782,2782,183,26,0,0,95,0,0,0,0,48,0,0,0.0,-,,,,,,,,,,,,,,,,,,,,,,,,,,,,,,,
2025020649,2026-01-03,Sharks,Lightning,Home,RL,41,41,2.508854492,3.8679441443,1.630278976,3.2119856443,Yaroslav Askarov,Andrei Vasilevskiy,IG,CG,0,0,0,0,0,1,0,0,0,0,0,0,0,0,0,9,5,8,0,22,14,6,6,0,26,20,18,17,0,55,23,10,18,0,51,43,40,1,1,1,0,3,3,4,0,0,7,8,10,5,0,23,4,3,1,0,8,1,3,3,5,367,463,19,19,0.731,0.864,0,0,0,0,1,0,0,3443,157,2594,2494,35,41,0,0,0,0,0,0,0,0,100,0,0.0,-,,,,,,,,,,,,,,,,,,,,,,,,,,,,,,,
2025020649,2026-01-03,Lightning,Sharks,Away,RW,41,41,3.8679441443,2.508854492,3.2119856443,1.630278976,Andrei Vasilevskiy,Yaroslav Askarov,CG,IG,0,1,0,0,0,0,0,0,1,0,0,0,0,0,0,14,6,6,0,26,9,5,8,0,22,23,10,18,0,51,20,18,17,0,55,40,43,3,4,0,0,7,1,1,1,0,3,4,3,1,0,8,8,10,5,0,23,3,1,5,3,463,367,19,19,0.864,0.731,0,0,0,0,0,1,3443,0,157,2594,2494,41,35,0,0,0,0,0,0,0,0,100,0,0.0,-,,,,,,,,,,,,,,,,,,,,,,,,,,,,,,,
2025020650,2026-01-03,Senators,Jets,Home,RW,40,40,3.5414049657,2.7885465371,2.3576271777,1.9997174511,Leevi Meriläinen,Connor Hellebuyck,CG,CG,0,0,0,0,0,1,1,0,0,0,0,0,1,0,0,9,9,9,0,27,5,5,13,0,23,25,14,21,0,60,15,11,20,0,46,43,34,1,2,1,0,4,1,0,1,0,2,9,3,8,0,20,1,9,8,0,18,2,0,5,4,571,480,21,23,0.913,0.852,0,0,5,0,1,1,2044,175,1381,2305,2305,55,177,0,0,0,0,0,0,0,0,0,0,0.0,-,,,,,,,,,,,,,,,,,,,,,,,,,,,,,,,
2025020650,2026-01-03,Jets,Senators,Away,RL,40,40,2.7885465371,3.5414049657,1.9997174511,2.3576271777,Connor Hellebuyck,Leevi Meriläinen,CG,CG,0,1,1,0,0,0,0,0,1,1,0,0,0,0,0,5,5,13,0,23,9,9,9,0,27,15,11,20,0,46,25,14,21,0,60,34,43,1,0,1,0,2,1,2,1,0,4,1,9,8,0,18,9,3,8,0,20,0,2,4,5,480,571,23,21,0.852,0.913,0,0,0,5,1,1,175,2044,1381,2305,2305,177,55,0,0,0,0,0,0,0,0,0,0,0.0,-,,,,,,,,,,,,,,,,,,,,,,,,,,,,,,,
2025020651,2026-01-03,Islanders,Maple Leafs,Home,OTW,42,41,2.2677088344,3.5024221047,1.8597398004,2.9693882017,David Rittich,Joseph Woll,CG,CG,0,0,0,0,0,0,0,0,1,0,0,0,1,0,0,7,6,10,2,25,7,11,3,0,21,21,16,20,3,60,19,21,10,2,52,52,46,0,1,2,1,4,0,2,1,0,3,4,7,10,0,21,5,10,4,0,19,0,0,1,1,103,120,18,21,0.857,0.84,0,0,0,0,5,2,500,1134,2217,3554,3241,40,34,32,0,0,0,0,0,0,0,62,251,0.0,-,,,,,,,,,,,,,,,,,,,,,,,,,,,,,,,
2025020651,2026-01-03,Maple Leafs,Islanders,Away,OTL,41,42,3.5024221047,2.2677088344,2.9693882017,1.8597398004,Joseph Woll,David Rittich,CG,CG,0,0,0,0,0,0,0,0,0,1,0,0,0,0,0,7,11,3,0,21,7,6,10,2,25,19,21,10,2,52,21,16,20,3,60,46,52,0,2,1,0,3,0,1,2,1,4,5,10,4,0,19,4,7,10,0,21,0,0,1,1,120,103,21,18,0.84,0.857,0,0,0,0,2,5,1134,500,2217,3554,3241,34,40,0,32,0,0,0,0,0,0,62,251,0.0,-,,,,,,,,,,,,,,,,,,,,,,,,,,,,,,,
2025020652,2026-01-03,Capitals,Blackhawks,Home,SOL,42,41,3.7329636906,3.6748706986,2.6952605316,3.3273818976,Logan Thompson,Spencer Knight,CG,CG,0,1,1,0,0,0,0,0,0,0,0,0,0,0,0,13,7,14,0,34,9,9,13,2,33,25,16,25,2,68,19,13,19,2,53,57,49,1,0,1,0,2,1,1,0,0,2,9,11,3,0,23,4,4,3,0,11,0,1,1,2,120,118,31,32,0.939,0.941,0,0,0,0,5,0,0,1827,2073,3642,3396,4,8,0,54,0,0,0,0,0,0,0,246,0.0,-,,,,,,,,,,,,,,,,,,,,,,,,,,,,,,,
2025020652,2026-01-03,Blackhawks,Capitals,Away,SOW,41,42,3.6748706986,3.7329636906,3.3273818976,2.6952605316,Spencer Knight,Logan Thompson,CG,CG,0,0,0,0,0,1,1,0,1,0,0,0,0,0,0,9,9,13,2,33,13,7,14,0,34,19,13,19,2,53,25,16,25,2,68,49,57,1,1,0,0,2,1,0,1,0,2,4,4,3,0,11,9,11,3,0,23,1,0,2,1,118,120,32,31,0.941,0.939,0,0,0,0,0,5,1827,0,2073,3642,3396,8,4,54,0,0,0,0,0,0,0,0,246,0.0,-,,,,,,,,,,,,,,,,,,,,,,,,,,,,,,,
2025020653,2026-01-03,Hurricanes,Avalanche,Home,RL,41,40,3.9336078107,5.8194801257,2.8421498997,3.3517818617,Frederik Andersen,Scott Wedgewood,CG,CG,0,0,1,0,0,0,0,0,1,1,1,0,0,0,0,10,8,10,0,28,15,9,11,0,35,23,18,20,0,61,20,20,21,0,61,46,44,1,2,0,0,3,0,1,4,0,5,7,5,6,0,18,6,7,6,0,19,1,2,3,5,352,497,30,25,0.857,0.893,0,1,0,2,0,2,1233,750,1617,2484,2484,172,73,0,0,0,0,0,0,0,0,0,0,0.0,-,,,,,,,,,,,,,,,,,,,,,,,,,,,,,,,
2025020653,2026-01-03,Avalanche,Hurricanes,Away,RW,40,41,5.8194801257,3.9336078107,3.3517818617,2.8421498997,Scott Wedgewood,Frederik Andersen,CG,CG,0,0,0,0,0,0,1,0,0,0,0,0,1,1,0,15,9,11,0,35,10,8,10,0,28,20,20,21,0,61,23,18,20,0,61,44,46,0,1,4,0,5,1,2,0,0,3,6,7,6,0,19,7,5,6,0,18,2,1,5,3,497,352,25,30,0.893,0.857,1,0,2,0,2,0,750,1233,1617,2484,2484,73,172,0,0,0,0,0,0,0,0,0,0,0.0,-,,,,,,,,,,,,,,,,,,,,,,,,,,,,,,,
2025020654,2026-01-03,Flames,Predators,Home,RL,41,41,2.4355666607,2.9357471502,2.0039600717,2.7964232102,Dustin Wolf,Juuse Saros,CG,CG,0,0,0,0,0,1,1,0,1,1,0,0,0,0,0,11,3,9,0,23,16,13,7,0,36,20,10,19,0,49,22,26,18,0,66,45,60,2,0,1,0,3,2,1,1,0,4,7,8,11,0,26,7,11,5,0,23,0,0,2,1,240,120,32,20,0.889,0.87,0,0,0,2,1,5,563,1799,1238,3147,3038,14,32,0,0,0,0,0,0,0,0,109,0,0.0,-,,,,,,,,,,,,,,,,,,,,,,,,,,,,,,,
2025020654,2026-01-03,Predators,Flames,Away,RW,41,41,2.9357471502,2.4355666607,2.7964232102,2.0039600717,Juuse Saros,Dustin Wolf,CG,CG,0,1,1,0,0,0,0,0,0,0,0,0,1,0,0,16,13,7,0,36,11,3,9,0,23,22,26,18,0,66,20,10,19,0,49,60,45,2,1,1,0,4,2,0,1,0,3,7,11,5,0,23,7,8,11,0,26,0,0,1,2,120,240,20,32,0.87,0.889,0,0,2,0,5,1,1799,563,1238,3147,3038,32,14,0,0,0,0,0,0,0,0,109,0,0.0,-,,,,,,,,,,,,,,,,,,,,,,,,,,,,,,,
2025020655,2026-01-03,Kings,Wild,Home,SOW,40,43,5.2170226784,3.8273456147,3.9411159784,2.8788090257,Darcy Kuemper,Jesper Wallstedt,CG,CG,0,0,0,0,1,1,1,0,1,0,0,0,0,0,0,11,9,13,6,39,5,8,12,3,28,22,22,26,10,80,19,27,24,4,74,66,56,1,1,2,0,4,1,1,2,0,4,5,4,5,1,15,7,4,6,0,17,1,1,3,4,283,345,24,35,0.857,0.897,0,0,0,1,5,3,679,0,3221,3184,2974,20,37,107,0,0,0,0,0,0,15,17,193,0.0,-,,,,,,,,,,,,,,,,,,,,,,,,,,,,,,,
2025020655,2026-01-03,Wild,Kings,Away,SOL,43,40,3.8273456147,5.2170226784,2.8788090257,3.9411159784,Jesper Wallstedt,Darcy Kuemper,CG,CG,1,1,1,0,0,0,0,0,0,0,0,0,0,0,0,5,8,12,3,28,11,9,13,6,39,19,27,24,4,74,22,22,26,10,80,56,66,1,1,2,0,4,1,1,2,0,4,7,4,6,0,17,5,4,5,1,15,1,1,4,3,345,283,35,24,0.897,0.857,0,0,1,0,3,5,0,679,3221,3184,2974,37,20,0,107,0,0,0,0,15,0,17,193,0.0,-,,,,,,,,,,,,,,,,,,,,,,,,,,,,,,,
2025020656,2026-01-03,Canucks,Bruins,Home,OTL,41,42,3.2148604021000002,3.0773807512999998,2.1899357221,1.5185801953,Kevin Lankinen,Jeremy Swayman,CG,CG,1,0,1,0,0,0,0,0,0,0,0,0,0,0,0,6,16,11,1,34,6,8,6,2,22,12,27,23,3,65,15,18,20,5,58,45,40,0,2,0,0,2,1,1,0,1,3,10,11,11,0,32,1,7,8,0,16,1,2,6,3,539,206,19,32,0.864,0.941,0,0,0,0,0,5,0,943,2938,3044,2694,33,56,0,0,0,0,0,0,4,0,69,281,0.0,-,,,,,,,,,,,,,,,,,,,,,,,,,,,,,,,
2025020656,2026-01-03,Bruins,Canucks,Away,OTW,42,41,3.0773807512999998,3.2148604021000002,1.5185801953,2.1899357221,Jeremy Swayman,Kevin Lankinen,CG,CG,0,0,0,0,1,0,1,0,1,0,0,0,0,0,0,6,8,6,2,22,6,16,11,1,34,15,18,20,5,58,12,27,23,3,65,40,45,1,1,0,1,3,0,2,0,0,2,1,7,8,0,16,10,11,11,0,32,2,1,3,6,206,539,32,19,0.941,0.864,0,0,0,0,5,0,943,0,2938,3044,2694,56,33,0,0,0,0,0,0,0,4,69,281,0.0,-,,,,,,,,,,,,,,,,,,,,,,,,,,,,,,,
2025020657,2026-01-04,Stars,Canadiens,Home,OTL,42,42,4.411928215,4.2501979748,3.724007905,1.6740339628,Jake Oettinger,Samuel Montembeault,CG,CG,0,0,0,0,1,1,1,0,0,1,0,0,0,0,0,8,8,9,2,27,6,13,5,4,28,20,14,16,4,54,12,26,12,6,56,42,31,1,1,1,0,3,1,2,0,1,4,11,2,2,0,15,14,5,11,0,30,0,1,3,5,311,463,24,24,0.857,0.889,0,0,0,1,1,1,105,1059,2656,2854,2634,102,11,0,0,0,0,0,0,0,0,0,220,0.0,-,,,,,,,,,,,,,,,,,,,,,,,,,,,,,,,
2025020657,2026-01-04,Canadiens,Stars,Away,OTW,42,42,4.2501979748,4.411928215,1.6740339628,3.724007905,Samuel Montembeault,Jake Oettinger,CG,CG,1,1,1,0,0,0,0,0,1,0,0,0,1,0,0,6,13,5,4,28,8,8,9,2,27,12,26,12,6,56,20,14,16,4,54,31,42,1,2,0,1,4,1,1,1,0,3,14,5,11,0,30,11,2,2,0,15,1,0,5,3,463,311,24,24,0.889,0.857,0,0,1,0,1,1,1059,105,2656,2854,2634,11,102,0,0,0,0,0,0,0,0,0,220,0.0,-,,,,,,,,,,,,,,,,,,,,,,,,,,,,,,,
2025020658,2026-01-04,Blue Jackets,Penguins,Home,OTL,41,41,3.4750396795,4.3328579514,2.7701452605,3.6221109304,Jet Greaves,Arturs Silovs,CG,CG,1,0,0,0,1,1,1,0,0,1,1,1,0,0,0,12,6,7,0,25,9,21,11,2,43,26,16,19,1,62,25,32,24,2,83,51,72,3,1,0,0,4,1,1,2,1,5,10,5,7,0,22,5,5,4,0,14,0,1,0,3,0,322,38,21,0.884,0.84,0,0,2,0,2,2,3058,391,293,3298,3156,27,95,0,0,0,0,0,0,0,0,0,142,0.0,-,,,,,,,,,,,,,,,,,,,,,,,,,,,,,,,
2025020658,2026-01-04,Penguins,Blue Jackets,Away,OTW,41,41,4.3328579514,3.4750396795,3.6221109304,2.7701452605,Arturs Silovs,Jet Greaves,CG,CG,1,1,1,0,1,0,0,0,1,0,0,0,1,1,1,9,21,11,2,43,12,6,7,0,25,25,32,24,2,83,26,16,19,1,62,72,51,1,1,2,1,5,3,1,0,0,4,5,5,4,0,14,10,5,7,0,22,1,0,3,0,322,0,21,38,0.84,0.884,0,0,0,2,2,2,391,3058,293,3298,3156,95,27,0,0,0,0,0,0,0,0,0,142,0.0,-,,,,,,,,,,,,,,,,,,,,,,,,,,,,,,,
2025020659,2026-01-04,Panthers,Avalanche,Home,RW,41,41,3.074081192,2.6603704536,2.54113685,1.9401228846,Daniil Tarasov,Scott Wedgewood,CG,CG,0,0,0,0,1,0,0,0,1,0,0,0,0,0,0,14,5,6,0,25,11,12,5,0,28,23,16,11,0,50,21,25,13,0,59,41,43,1,1,0,0,2,1,0,0,0,1,7,10,8,0,25,6,3,6,0,15,0,0,3,4,349,460,27,23,0.964,0.92,0,0,3,0,1,2,1632,0,1968,2557,2541,90,140,0,0,0,0,0,0,60,0,16,0,0.0,-,,,,,,,,,,,,,,,,,,,,,,,,,,,,,,,
2025020659,2026-01-04,Avalanche,Panthers,Away,RL,41,41,2.6603704536,3.074081192,1.9401228846,2.54113685,Scott Wedgewood,Daniil Tarasov,CG,CG,1,0,0,0,0,0,0,0,0,0,0,0,0,0,0,11,12,5,0,28,14,5,6,0,25,21,25,13,0,59,23,16,11,0,50,43,41,1,0,0,0,1,1,1,0,0,2,6,3,6,0,15,7,10,8,0,25,0,0,4,3,460,349,23,27,0.92,0.964,0,0,0,3,2,1,0,1632,1968,2557,2541,140,90,0,0,0,0,0,0,0,60,16,0,0.0,-,,,,,,,,,,,,,,,,,,,,,,,,,,,,,,,
2025020660,2026-01-04,Devils,Hurricanes,Home,RL,42,42,2.6613743155,3.9271942316999997,1.5200908525,3.2756364607,Jake Allen,Brandon Bussi,CG,CG,1,0,1,0,1,1,1,1,0,0,0,0,0,0,0,8,6,15,0,29,16,9,5,0,30,15,13,24,0,52,27,14,18,0,59,34,44,1,0,0,0,1,1,1,1,0,3,9,6,7,0,22,8,8,0,0,16,0,0,5,3,581,360,27,28,0.9,0.966,0,0,0,6,3,3,0,2336,1264,2472,2472,158,29,0,0,0,0,0,0,93,0,0,0,0.0,-,,,,,,,,,,,,,,,,,,,,,,,,,,,,,,,
2025020660,2026-01-04,Hurricanes,Devils,Away,RW,42,42,3.9271942316999997,2.6613743155,3.2756364607,1.5200908525,Brandon Bussi,Jake Allen,CG,CG,1,1,1,1,1,0,1,0,1,0,0,0,0,0,0,16,9,5,0,30,8,6,15,0,29,27,14,18,0,59,15,13,24,0,52,44,34,1,1,1,0,3,1,0,0,0,1,8,8,0,0,16,9,6,7,0,22,0,0,3,5,360,581,28,27,0.966,0.9,0,0,6,0,3,3,2336,0,1264,2472,2472,29,158,0,0,0,0,0,0,0,93,0,0,0.0,-,,,,,,,,,,,,,,,,,,,,,,,,,,,,,,,
2025020661,2026-01-04,Blackhawks,Golden Knights,Home,OTW,42,40,2.1474506638,2.6706530524,1.4365517748,2.2806272144,Arvid Soderblom,Akira Schmid,CG,CG,1,1,1,1,0,0,0,0,0,0,0,0,1,0,0,4,8,7,1,20,8,5,2,0,15,11,15,19,2,47,17,18,17,0,52,38,46,1,0,1,1,3,1,1,0,0,2,4,4,7,0,15,14,8,12,0,34,0,0,2,1,240,120,13,17,0.867,0.85,0,0,0,0,2,3,0,1971,1707,3289,3211,21,8,0,0,0,0,0,0,0,0,0,78,0.0,-,,,,,,,,,,,,,,,,,,,,,,,,,,,,,,,
2025020661,2026-01-04,Golden Knights,Blackhawks,Away,OTL,40,42,2.6706530524,2.1474506638,2.2806272144,1.4365517748,Akira Schmid,Arvid Soderblom,CG,CG,0,0,0,0,1,1,1,1,1,1,0,0,0,0,0,8,5,2,0,15,4,8,7,1,20,17,18,17,0,52,11,15,19,2,47,46,38,1,1,0,0,2,1,0,1,1,3,14,8,12,0,34,4,4,7,0,15,0,0,1,2,120,240,17,13,0.85,0.867,0,0,0,0,3,2,1971,0,1707,3289,3211,8,21,0,0,0,0,0,0,0,0,0,78,0.0,-,,,,,,,,,,,,,,,,,,,,,,,,,,,,,,,
2025020662,2026-01-05,Rangers,Mammoth,Home,OTL,44,43,3.3437897048,3.313266056,1.5583326398,3.21508177,Igor Shesterkin,Karel Vejmelka,IG,CG,0,0,0,0,0,0,0,0,1,1,0,0,0,0,0,7,14,3,0,24,12,8,6,1,27,18,23,18,0,59,20,20,16,1,57,43,52,0,2,0,0,2,0,1,1,1,3,13,17,8,0,38,6,4,8,0,18,2,0,4,1,296,120,24,22,0.889,0.917,0,0,0,0,1,3,828,0,2838,3183,2997,17,7,0,0,65,0,0,0,0,0,120,66,0.0,-,,,,,,,,,,,,,,,,,,,,,,,,,,,,,,,
2025020662,2026-01-05,Mammoth,Rangers,Away,OTW,43,44,3.313266056,3.3437897048,3.21508177,1.5583326398,Karel Vejmelka,Igor Shesterkin,CG,IG,0,0,0,0,0,0,0,0,0,0,0,0,1,0,0,12,8,6,1,27,7,14,3,0,24,20,20,16,1,57,18,23,18,0,59,52,43,0,1,1,1,3,0,2,0,0,2,6,4,8,0,18,13,17,8,0,38,0,2,1,4,120,296,22,24,0.917,0.889,0,0,0,0,3,1,0,828,2838,3183,2997,7,17,0,0,0,65,0,0,0,0,120,66,0.0,-,,,,,,,,,,,,,,,,,,,,,,,,,,,,,,,
2025020663,2026-01-05,Capitals,Ducks,Home,RW,43,42,3.1774835155,3.3955558083,2.4714166475,3.1046592643,Charlie Lindgren,Petr Mrazek,CG,IG,0,0,1,0,0,0,0,0,0,0,0,0,1,0,0,11,13,5,0,29,10,18,17,0,45,20,33,13,0,66,15,23,25,0,63,55,57,2,3,2,0,7,1,2,1,0,4,6,8,6,0,20,6,4,3,0,13,0,0,2,3,128,269,41,22,0.911,0.759,2,0,2,0,4,0,2462,563,575,3094,2983,13,31,0,0,0,0,0,0,0,0,111,0,0.0,-,,,,,,,,,,,,,,,,,,,,,,,,,,,,,,,
2025020663,2026-01-05,Ducks,Capitals,Away,RL,42,43,3.3955558083,3.1774835155,3.1046592643,2.4714166475,Petr Mrazek,Charlie Lindgren,IG,CG,0,0,0,0,0,0,1,0,1,1,0,0,0,0,0,10,18,17,0,45,11,13,5,0,29,15,23,25,0,63,20,33,13,0,66,57,55,1,2,1,0,4,2,3,2,0,7,6,4,3,0,13,6,8,6,0,20,0,0,3,2,269,128,22,41,0.759,0.911,0,2,0,2,0,4,563,2462,575,3094,2983,31,13,0,0,0,0,0,0,0,0,111,0,0.0,-,,,,,,,,,,,,,,,,,,,,,,,,,,,,,,,
2025020664,2026-01-05,Senators,Red Wings,Home,RL,41,44,4.244652601,2.2479565847,1.9871675965,1.4513215727,Leevi Meriläinen,John Gibson,IG,CG,0,0,0,0,0,0,1,0,0,0,0,0,0,0,0,17,10,10,0,37,9,9,3,0,21,20,22,30,0,72,16,19,7,0,42,37,31,0,2,1,0,3,3,1,1,0,5,9,8,3,0,20,6,4,3,0,13,1,1,6,5,583,491,16,34,0.762,0.919,0,0,0,2,1,2,0,3174,426,2121,2103,323,37,0,0,0,0,0,0,86,0,18,0,0.0,-,,,,,,,,,,,,,,,,,,,,,,,,,,,,,,,
2025020664,2026-01-05,Red Wings,Senators,Away,RW,44,41,2.2479565847,4.244652601,1.4513215727,1.9871675965,John Gibson,Leevi Meriläinen,CG,IG,0,0,1,0,0,0,0,0,1,0,0,0,0,0,0,9,9,3,0,21,17,10,10,0,37,16,19,7,0,42,20,22,30,0,72,31,37,3,1,1,0,5,0,2,1,0,3,6,4,3,0,13,9,8,3,0,20,1,1,5,6,491,583,34,16,0.919,0.762,0,0,2,0,2,1,3174,0,426,2121,2103,37,323,0,0,0,0,0,0,0,86,18,0,0.0,-,,,,,,,,,,,,,,,,,,,,,,,,,,,,,,,
2025020665,2026-01-05,Flames,Kraken,Home,RL,42,40,3.7274328118,3.9255961633,2.9842112952999997,3.6835921113,Dustin Wolf,Philipp Grubauer,CG,CG,0,0,0,0,0,0,0,0,1,1,0,0,0,0,0,13,18,11,0,42,8,11,9,0,28,23,31,17,0,71,12,23,20,0,55,62,51,1,0,0,0,1,0,1,4,0,5,12,13,10,0,35,8,7,5,0,20,0,0,1,1,120,122,23,41,0.821,0.976,0,1,0,2,4,1,944,1083,1573,3260,3260,95,3,0,0,0,0,0,0,0,0,0,0,0.0,-,,,,,,,,,,,,,,,,,,,,,,,,,,,,,,,
2025020665,2026-01-05,Kraken,Flames,Away,RW,40,42,3.9255961633,3.7274328118,3.6835921113,2.9842112952999997,Philipp Grubauer,Dustin Wolf,CG,CG,0,0,0,0,0,0,0,0,0,0,0,0,1,0,0,8,11,9,0,28,13,18,11,0,42,12,23,20,0,55,23,31,17,0,71,51,62,0,1,4,0,5,1,0,0,0,1,8,7,5,0,20,12,13,10,0,35,0,0,1,1,122,120,41,23,0.976,0.821,1,0,2,0,1,4,1083,944,1573,3260,3260,3,95,0,0,0,0,0,0,0,0,0,0,0.0,-,,,,,,,,,,,,,,,,,,,,,,,,,,,,,,,
2025020666,2026-01-05,Kings,Wild,Home,RW,41,44,3.798773888,3.2187301487,3.383673797,1.7042510565,Darcy Kuemper,Filip Gustavsson,CG,CG,0,0,0,0,0,1,1,0,1,0,0,0,0,0,0,7,16,10,0,33,10,8,17,0,35,21,28,15,0,64,18,20,33,0,71,53,47,0,2,2,0,4,0,0,2,0,2,3,3,4,0,10,8,11,3,0,22,0,1,1,6,135,613,33,29,0.943,0.879,1,0,5,0,0,1,1466,0,2134,2647,2647,68,120,0,0,0,0,0,0,0,0,0,0,0.0,-,,,,,,,,,,,,,,,,,,,,,,,,,,,,,,,
2025020666,2026-01-05,Wild,Kings,Away,RL,44,41,3.2187301487,3.798773888,1.7042510565,3.383673797,Filip Gustavsson,Darcy Kuemper,CG,CG,0,1,1,0,0,0,0,0,0,0,0,0,0,0,0,10,8,17,0,35,7,16,10,0,33,18,20,33,0,71,21,28,15,0,64,47,53,0,0,2,0,2,0,2,2,0,4,8,11,3,0,22,3,3,4,0,10,1,0,6,1,613,135,29,33,0.879,0.943,0,1,0,5,1,0,0,1466,2134,2647,2647,120,68,0,0,0,0,0,0,0,0,0,0,0.0,-,,,,,,,,,,,,,,,,,,,,,,,,,,,,,,,
2025020667,2026-01-06,Sabres,Canucks,Home,RW,41,42,3.1324686785,4.0885927264,2.8419901945,1.5638655764,Ukko-Pekka Luukkonen,Thatcher Demko,CG,CG,0,0,0,0,0,0,0,0,1,0,0,0,0,0,0,9,7,4,0,20,15,8,14,0,37,18,16,16,0,50,27,21,23,0,71,39,47,2,1,2,0,5,0,0,3,0,3,7,4,5,0,16,9,3,5,0,17,0,1,1,4,120,480,34,15,0.919,0.75,1,0,4,0,2,2,3479,0,121,2906,2906,30,64,0,0,0,0,0,0,0,0,0,0,0.0,-,,,,,,,,,,,,,,,,,,,,,,,,,,,,,,,
2025020667,2026-01-06,Canucks,Sabres,Away,RL,42,41,4.0885927264,3.1324686785,1.5638655764,2.8419901945,Thatcher Demko,Ukko-Pekka Luukkonen,CG,CG,0,0,0,0,0,0,0,0,0,0,0,0,0,0,0,15,8,14,0,37,9,7,4,0,20,27,21,23,0,71,18,16,16,0,50,47,39,0,0,3,0,3,2,1,2,0,5,9,3,5,0,17,7,4,5,0,16,1,0,4,1,480,120,15,34,0.75,0.919,0,1,0,4,2,2,0,3479,121,2906,2906,64,30,0,0,0,0,0,0,0,0,0,0,0.0,-,,,,,,,,,,,,,,,,,,,,,,,,,,,,,,,
2025020668,2026-01-06,Lightning,Avalanche,Home,RW,42,42,2.7160891765,3.1798051824,2.0539935605,2.2585391164,Andrei Vasilevskiy,Scott Wedgewood,CG,CG,0,0,0,0,0,1,0,0,1,0,0,0,1,0,0,12,10,6,0,28,7,13,13,0,33,25,23,21,0,69,17,27,21,0,65,56,47,1,1,2,0,4,0,2,0,0,2,8,5,8,0,21,14,5,1,0,20,1,0,2,2,214,240,31,24,0.939,0.857,1,0,8,0,1,1,903,471,2226,2991,2991,39,116,0,0,0,0,0,0,0,0,0,0,0.0,-,,,,,,,,,,,,,,,,,,,,,,,,,,,,,,,
2025020668,2026-01-06,Avalanche,Lightning,Away,RL,42,42,3.1798051824,2.7160891765,2.2585391164,2.0539935605,Scott Wedgewood,Andrei Vasilevskiy,CG,CG,0,1,0,0,0,0,0,0,0,1,0,0,0,0,0,7,13,13,0,33,12,10,6,0,28,17,27,21,0,65,25,23,21,0,69,47,56,0,2,0,0,2,1,1,2,0,4,14,5,1,0,20,8,5,8,0,21,0,1,2,2,240,214,24,31,0.857,0.939,0,1,0,8,1,1,471,903,2226,2991,2991,116,39,0,0,0,0,0,0,0,0,0,0,0.0,-,,,,,,,,,,,,,,,,,,,,,,,,,,,,,,,
2025020670,2026-01-06,Flyers,Ducks,Home,RW,41,43,4.1367186047,2.132270299,1.805152679,1.362818854,Dan Vladar,Lukas Dostal,CG,CG,0,0,0,0,1,0,0,0,0,0,0,0,1,0,0,13,18,8,0,39,5,5,8,0,18,27,30,19,0,76,18,16,16,0,50,39,33,2,2,1,0,5,1,0,1,0,2,10,5,7,0,22,6,4,9,0,19,1,2,8,3,1075,288,16,34,0.889,0.872,1,0,1,1,1,3,2737,367,496,1977,1977,53,95,0,0,36,0,0,0,6,0,0,0,0.0,-,,,,,,,,,,,,,,,,,,,,,,,,,,,,,,,
2025020670,2026-01-06,Ducks,Flyers,Away,RL,43,41,2.132270299,4.1367186047,1.362818854,1.805152679,Lukas Dostal,Dan Vladar,CG,CG,1,0,0,0,0,0,0,0,1,1,0,0,0,0,0,5,5,8,0,18,13,18,8,0,39,18,16,16,0,50,27,30,19,0,76,33,39,1,0,1,0,2,2,2,1,0,5,6,4,9,0,19,10,5,7,0,22,2,1,3,8,288,1075,34,16,0.872,0.889,0,1,1,1,3,1,367,2737,496,1977,1977,95,53,0,0,0,36,0,0,0,6,0,0,0.0,-,,,,,,,,,,,,,,,,,,,,,,,,,,,,,,,
2025020671,2026-01-06,Hurricanes,Stars,Home,RW,43,43,4.9972000764,4.0035693314000005,3.9146289924,1.8610020744,Brandon Bussi,Jake Oettinger,CG,IG,0,1,1,1,0,0,0,0,1,0,0,0,0,0,0,9,10,14,0,33,9,5,10,0,24,21,25,20,0,66,18,15,18,0,51,56,42,3,2,1,0,6,1,0,2,0,3,11,9,8,0,28,12,8,9,0,29,2,2,5,3,378,242,21,27,0.875,0.818,0,0,0,0,8,6,3062,0,538,2845,2845,47,74,0,0,0,0,0,0,11,0,0,0,0.0,-,,,,,,,,,,,,,,,,,,,,,,,,,,,,,,,
2025020671,2026-01-06,Stars,Hurricanes,Away,RL,43,43,4.0035693314000005,4.9972000764,1.8610020744,3.9146289924,Jake Oettinger,Brandon Bussi,IG,CG,0,0,0,0,0,1,1,1,0,0,0,0,0,0,0,9,5,10,0,24,9,10,14,0,33,18,15,18,0,51,21,25,20,0,66,42,56,1,0,2,0,3,3,2,1,0,6,12,8,9,0,29,11,9,8,0,28,2,2,3,5,242,378,27,21,0.818,0.875,0,0,0,0,6,8,0,3062,538,2845,2845,74,47,0,0,0,0,0,0,0,11,0,0,0.0,-,,,,,,,,,,,,,,,,,,,,,,,,,,,,,,,
2025020669,2026-01-06,Islanders,Devils,Home,RW,43,43,2.120636211,3.5863216223,2.100287886,2.9645239029,Ilya Sorokin,Jacob Markstrom,CG,CG,0,0,0,0,0,1,0,0,1,0,0,0,0,0,0,7,10,7,0,24,15,19,10,0,44,19,15,14,0,48,18,31,19,0,68,45,57,3,2,4,0,9,0,0,0,0,0,8,5,3,0,16,7,3,8,0,18,0,0,0,3,0,366,44,15,1.0,0.625,0,0,0,0,0,0,3532,0,68,3191,3191,43,0,0,0,0,0,0,0,0,0,0,0,0.0,-,,,,,,,,,,,,,,,,,,,,,,,,,,,,,,,
2025020669,2026-01-06,Devils,Islanders,Away,RL,43,43,3.5863216223,2.120636211,2.9645239029,2.100287886,Jacob Markstrom,Ilya Sorokin,CG,CG,0,1,0,0,0,0,0,0,0,0,0,0,0,0,0,15,19,10,0,44,7,10,7,0,24,18,31,19,0,68,19,15,14,0,48,57,45,0,0,0,0,0,3,2,4,0,9,7,3,8,0,18,8,5,3,0,16,0,0,3,0,366,0,15,44,0.625,1.0,0,0,0,0,0,0,0,3532,68,3191,3191,0,43,0,0,0,0,0,0,0,0,0,0,0.0,-,,,,,,,,,,,,,,,,,,,,,,,,,,,,,,,
2025020672,2026-01-06,Maple Leafs,Panthers,Home,RW,42,42,3.4336292508,2.6396463853,2.2638432118000003,1.2552699736,Joseph Woll,Sergei Bobrovsky,CG,CG,0,0,0,0,0,0,0,0,1,0,0,0,0,0,0,8,9,6,0,23,4,9,19,0,32,16,18,22,0,56,17,19,31,0,67,41,44,1,2,1,0,4,0,0,1,0,1,10,4,7,0,21,12,16,3,0,31,0,0,2,3,240,360,31,19,0.969,0.826,1,0,8,0,1,4,2424,0,1176,2706,2706,25,252,0,0,0,0,0,0,0,0,0,0,0.0,-,,,,,,,,,,,,,,,,,,,,,,,,,,,,,,,
2025020672,2026-01-06,Panthers,Maple Leafs,Away,RL,42,42,2.6396463853,3.4336292508,1.2552699736,2.2638432118000003,Sergei Bobrovsky,Joseph Woll,CG,CG,0,0,0,0,0,0,0,0,0,0,0,0,0,0,0,4,9,19,0,32,8,9,6,0,23,17,19,31,0,67,16,18,22,0,56,44,41,0,0,1,0,1,1,2,1,0,4,12,16,3,0,31,10,4,7,0,21,0,0,3,2,360,240,19,31,0.826,0.969,0,1,0,8,4,1,0,2424,1176,2706,2706,252,25,0,0,0,0,0,0,0,0,0,0,0.0,-,,,,,,,,,,,,,,,,,,,,,,,,,,,,,,,
2025020673,2026-01-06,Jets,Golden Knights,Home,OTL,41,41,2.276746998,3.2088840363,1.261293978,2.2341613673,Connor Hellebuyck,Carter Hart,CG,CG,0,0,0,0,0,0,0,0,1,1,1,0,0,0,0,5,4,6,5,20,6,8,12,5,31,13,12,15,6,46,7,18,26,6,57,37,46,1,1,1,0,3,0,1,2,1,4,10,10,5,0,25,6,13,8,0,27,0,2,2,4,174,224,27,17,0.871,0.85,0,0,0,0,0,0,2636,0,1251,3415,3142,20,12,0,38,0,0,0,0,0,30,24,249,0.0,-,,,,,,,,,,,,,,,,,,,,,,,,,,,,,,,
2025020673,2026-01-06,Golden Knights,Jets,Away,OTW,41,41,3.2088840363,2.276746998,2.2341613673,1.261293978,Carter Hart,Connor Hellebuyck,CG,CG,0,0,0,0,0,0,0,0,0,0,0,0,1,1,0,6,8,12,5,31,5,4,6,5,20,7,18,26,6,57,13,12,15,6,46,46,37,0,1,2,1,4,1,1,1,0,3,6,13,8,0,27,10,10,5,0,25,2,0,4,2,224,174,17,27,0.85,0.871,0,0,0,0,0,0,0,2636,1251,3415,3142,12,20,38,0,0,0,0,0,30,0,24,249,0.0,-,,,,,,,,,,,,,,,,,,,,,,,,,,,,,,,
2025020674,2026-01-06,Oilers,Predators,Home,RW,43,42,6.1546984506,2.3319917944,4.8913358436,2.0485034164,Connor Ingram,Juuse Saros,CG,CG,0,0,0,0,0,0,0,0,1,0,0,0,0,0,0,12,16,15,0,43,9,7,10,0,26,23,28,26,0,77,18,13,27,0,58,64,55,1,3,2,0,6,0,0,2,0,2,7,6,2,0,15,6,4,7,0,17,1,0,2,2,154,240,24,37,0.923,0.86,0,0,0,0,1,2,3067,0,533,3123,3123,70,11,0,0,0,0,0,0,0,0,0,0,0.0,-,,,,,,,,,,,,,,,,,,,,,,,,,,,,,,,
2025020674,2026-01-06,Predators,Oilers,Away,RL,42,43,2.3319917944,6.1546984506,2.0485034164,4.8913358436,Juuse Saros,Connor Ingram,CG,CG,0,0,0,0,0,0,0,0,0,0,0,0,0,0,0,9,7,10,0,26,12,16,15,0,43,18,13,27,0,58,23,28,26,0,77,55,64,0,0,2,0,2,1,3,2,0,6,6,4,7,0,17,7,6,2,0,15,0,1,2,2,240,154,37,24,0.86,0.923,0,0,0,0,2,1,0,3067,533,3123,3123,11,70,0,0,0,0,0,0,0,0,0,0,0.0,-,,,,,,,,,,,,,,,,,,,,,,,,,,,,,,,
2025020675,2026-01-06,Sharks,Blue Jackets,Home,RW,42,42,4.759237518,3.1238527805,3.104152968,2.6232675988,Alex Nedeljkovic,Jet Greaves,CG,CG,0,0,0,0,0,1,0,0,1,0,0,0,0,0,0,10,17,9,0,36,12,6,18,0,36,19,22,22,0,63,21,14,32,0,67,47,53,1,1,3,0,5,0,1,1,0,2,6,5,9,0,20,3,5,4,0,12,1,0,5,3,449,371,34,31,0.944,0.861,2,0,2,1,1,1,2449,0,1151,2652,2652,12,114,0,0,26,0,0,0,0,0,0,0,0.0,-,,,,,,,,,,,,,,,,,,,,,,,,,,,,,,,
2025020675,2026-01-06,Blue Jackets,Sharks,Away,RL,42,42,3.1238527805,4.759237518,2.6232675988,3.104152968,Jet Greaves,Alex Nedeljkovic,CG,CG,0,1,0,0,0,0,0,0,0,0,0,0,0,0,0,12,6,18,0,36,10,17,9,0,36,21,14,32,0,67,19,22,22,0,63,53,47,0,1,1,0,2,1,1,3,0,5,3,5,4,0,12,6,5,9,0,20,0,1,3,5,371,449,31,34,0.861,0.944,0,2,1,2,1,1,0,2449,1151,2652,2652,114,12,0,0,0,26,0,0,0,0,0,0,0.0,-,,,,,,,,,,,,,,,,,,,,,,,,,,,,,,,
2025020676,2026-01-06,Kraken,Bruins,Home,RW,41,43,3.4476487037,3.852185342,2.4030708197,2.7140386,Joey Daccord,Jeremy Swayman,CG,CG,1,0,1,0,0,0,0,0,1,0,0,0,0,0,0,7,14,6,0,27,5,17,14,0,36,19,23,15,0,57,23,30,23,0,76,44,61,1,3,3,0,7,1,1,2,0,4,4,6,2,0,12,11,7,6,0,24,3,1,4,3,284,255,32,20,0.889,0.741,1,0,3,0,1,3,1754,0,1846,2876,2876,47,74,0,0,10,0,0,0,0,0,0,0,0.0,-,,,,,,,,,,,,,,,,,,,,,,,,,,,,,,,
2025020676,2026-01-06,Bruins,Kraken,Away,RL,43,41,3.852185342,3.4476487037,2.7140386,2.4030708197,Jeremy Swayman,Joey Daccord,CG,CG,0,0,0,0,1,0,1,0,0,0,0,0,0,0,0,5,17,14,0,36,7,14,6,0,27,23,30,23,0,76,19,23,15,0,57,61,44,1,1,2,0,4,1,3,3,0,7,11,7,6,0,24,4,6,2,0,12,1,3,3,4,255,284,20,32,0.741,0.889,0,1,0,3,3,1,0,1754,1846,2876,2876,74,47,0,0,0,10,0,0,0,0,0,0,0.0,-,,,,,,,,,,,,,,,,,,,,,,,,,,,,,,,
2025020677,2026-01-07,Capitals,Stars,Home,RL,44,44,2.3301907419,4.6404946273,1.75367513,3.0557042103,Logan Thompson,Casey DeSmith,CG,CG,0,0,0,0,1,1,0,0,0,0,0,0,0,0,0,6,5,13,0,24,10,10,16,0,36,21,13,21,0,55,15,18,25,0,58,41,40,0,0,1,0,1,1,1,2,0,4,8,7,7,0,22,8,5,3,0,16,0,0,2,2,150,152,32,23,0.889,0.958,0,1,0,6,1,3,0,3414,186,3100,2905,93,0,0,0,0,0,0,0,0,21,195,0,0.0,-,,,,,,,,,,,,,,,,,,,,,,,,,,,,,,,
2025020677,2026-01-07,Stars,Capitals,Away,RW,44,44,4.6404946273,2.3301907419,3.0557042103,1.75367513,Casey DeSmith,Logan Thompson,CG,CG,1,1,0,0,0,0,0,0,1,0,0,0,0,0,0,10,10,16,0,36,6,5,13,0,24,15,18,25,0,58,21,13,21,0,55,40,41,1,1,2,0,4,0,0,1,0,1,8,5,3,0,16,8,7,7,0,22,0,0,2,2,152,150,23,32,0.958,0.889,1,0,6,0,3,1,3414,0,186,3100,2905,0,93,0,0,0,0,0,0,21,0,195,0,0.0,-,,,,,,,,,,,,,,,,,,,,,,,,,,,,,,,
2025020678,2026-01-07,Canadiens,Flames,Home,RW,43,43,4.4802007004,2.3275600845,3.9257567074,1.7590758765,Jacob Fowler,Dustin Wolf,CG,CG,0,0,0,0,0,0,0,0,1,0,0,0,0,0,0,14,10,12,0,36,7,14,8,0,29,28,21,20,0,69,15,27,13,0,55,60,42,0,3,1,0,4,0,1,0,0,1,10,7,7,0,24,6,6,3,0,15,0,0,2,4,183,423,28,32,0.966,0.889,0,0,0,0,1,3,2210,0,1390,2890,2861,12,64,0,0,0,0,0,0,28,0,29,0,0.0,-,,,,,,,,,,,,,,,,,,,,,,,,,,,,,,,
2025020678,2026-01-07,Flames,Canadiens,Away,RL,43,43,2.3275600845,4.4802007004,1.7590758765,3.9257567074,Dustin Wolf,Jacob Fowler,CG,CG,0,0,0,0,0,0,0,0,0,0,0,0,0,0,0,7,14,8,0,29,14,10,12,0,36,15,27,13,0,55,28,21,20,0,69,42,60,0,1,0,0,1,0,3,1,0,4,6,6,3,0,15,10,7,7,0,24,0,0,4,2,423,183,32,28,0.889,0.966,0,0,0,0,3,1,0,2210,1390,2890,2861,64,12,0,0,0,0,0,0,0,28,29,0,0.0,-,,,,,,,,,,,,,,,,,,,,,,,,,,,,,,,
2025020679,2026-01-07,Blackhawks,Blues,Home,RW,43,44,3.6750816585,3.9195784452,2.5867973385,2.4381312772,Spencer Knight,Jordan Binnington,CG,CG,0,0,0,0,0,0,0,0,0,0,0,0,1,0,0,9,17,9,0,35,13,8,9,0,30,20,26,19,0,65,23,14,18,0,55,46,39,1,4,2,0,7,1,1,1,0,3,9,8,2,0,19,4,11,10,0,25,3,0,4,5,282,513,27,28,0.9,0.8,0,0,0,1,1,1,1904,539,1157,2623,2583,41,67,0,0,33,6,0,0,10,0,40,0,0.0,-,,,,,,,,,,,,,,,,,,,,,,,,,,,,,,,
2025020679,2026-01-07,Blues,Blackhawks,Away,RL,44,43,3.9195784452,3.6750816585,2.4381312772,2.5867973385,Jordan Binnington,Spencer Knight,CG,CG,0,0,0,0,0,0,0,0,1,1,0,0,0,0,0,13,8,9,0,30,9,17,9,0,35,23,14,18,0,55,20,26,19,0,65,39,46,1,1,1,0,3,1,4,2,0,7,4,11,10,0,25,9,8,2,0,19,0,3,5,4,513,282,28,27,0.8,0.9,0,0,1,0,1,1,539,1904,1157,2623,2583,67,41,0,0,6,33,0,0,0,10,40,0,0.0,-,,,,,,,,,,,,,,,,,,,,,,,,,,,,,,,
2025020680,2026-01-07,Mammoth,Senators,Home,RW,44,42,3.0130820462,3.4426368666,2.3388424662,1.7985965926,Karel Vejmelka,Leevi Meriläinen,CG,CG,0,0,0,0,0,0,0,0,1,0,0,0,0,0,0,9,5,7,0,21,7,14,12,0,33,22,14,20,0,56,16,26,21,0,63,46,39,2,0,1,0,3,1,0,0,0,1,5,7,8,0,20,7,7,12,0,26,0,0,4,3,396,261,32,18,0.97,0.857,0,0,2,0,1,2,3361,0,239,2804,2697,5,134,0,0,0,0,0,0,0,0,107,0,0.0,-,,,,,,,,,,,,,,,,,,,,,,,,,,,,,,,
2025020680,2026-01-07,Senators,Mammoth,Away,RL,42,44,3.4426368666,3.0130820462,1.7985965926,2.3388424662,Leevi Meriläinen,Karel Vejmelka,CG,CG,0,0,0,0,0,0,0,0,0,0,0,0,0,0,0,7,14,12,0,33,9,5,7,0,21,16,26,21,0,63,22,14,20,0,56,39,46,1,0,0,0,1,2,0,1,0,3,7,7,12,0,26,5,7,8,0,20,0,0,3,4,261,396,18,32,0.857,0.97,0,0,0,2,2,1,0,3361,239,2804,2697,134,5,0,0,0,0,0,0,0,0,107,0,0.0,-,,,,,,,,,,,,,,,,,,,,,,,,,,,,,,,
2025020681,2026-01-07,Kings,Sharks,Home,OTL,42,43,3.190537283,4.3635239374,2.723201447,2.3142861524,Darcy Kuemper,Yaroslav Askarov,CG,CG,0,0,0,0,1,0,0,0,0,1,0,0,0,0,0,8,10,7,1,26,6,13,7,2,28,13,19,18,1,51,15,29,19,2,65,43,45,0,1,2,0,3,0,1,2,1,4,4,5,3,0,12,7,8,6,0,21,0,2,3,4,270,293,24,23,0.857,0.885,0,0,1,0,1,2,63,506,3219,3082,2851,9,74,0,0,0,0,0,0,0,0,43,188,0.0,-,,,,,,,,,,,,,,,,,,,,,,,,,,,,,,,
2025020681,2026-01-07,Sharks,Kings,Away,OTW,43,42,4.3635239374,3.190537283,2.3142861524,2.723201447,Yaroslav Askarov,Darcy Kuemper,CG,CG,1,0,0,0,0,0,0,0,1,0,0,0,1,0,0,6,13,7,2,28,8,10,7,1,26,15,29,19,2,65,13,19,18,1,51,45,43,0,1,2,1,4,0,1,2,0,3,7,8,6,0,21,4,5,3,0,12,2,0,4,3,293,270,23,24,0.885,0.857,0,0,0,1,2,1,506,63,3219,3082,2851,74,9,0,0,0,0,0,0,0,0,43,188,0.0,-,,,,,,,,,,,,,,,,,,,,,,,,,,,,,,,
2025020682,2026-01-08,Bruins,Flames,Home,RW,44,44,4.4360905193,2.9799507073,4.1533544513,2.3154881408,Joonas Korpisalo,Dustin Wolf,CG,CG,0,0,0,0,1,1,1,0,1,0,0,0,0,0,0,13,10,7,0,30,7,9,13,0,29,22,24,25,0,71,18,20,23,0,61,63,49,2,2,0,0,4,0,1,0,0,1,12,8,3,0,23,10,6,11,0,27,0,0,2,2,147,147,28,26,0.966,0.867,0,0,0,0,3,2,3012,0,588,3254,3014,10,36,0,0,0,0,0,0,0,0,240,0,0.0,-,,,,,,,,,,,,,,,,,,,,,,,,,,,,,,,
2025020682,2026-01-08,Flames,Bruins,Away,RL,44,44,2.9799507073,4.4360905193,2.3154881408,4.1533544513,Dustin Wolf,Joonas Korpisalo,CG,CG,1,1,1,0,0,0,0,0,0,0,0,0,0,0,0,7,9,13,0,29,13,10,7,0,30,18,20,23,0,61,22,24,25,0,71,49,63,0,1,0,0,1,2,2,0,0,4,10,6,11,0,27,12,8,3,0,23,0,0,2,2,147,147,26,28,0.867,0.966,0,0,0,0,2,3,0,3012,588,3254,3014,36,10,0,0,0,0,0,0,0,0,240,0,0.0,-,,,,,,,,,,,,,,,,,,,,,,,,,,,,,,,
2025020683,2026-01-08,Canadiens,Panthers,Home,RW,44,43,3.7176599029,3.7376446118,2.0616947305,2.6840713408,Samuel Montembeault,Sergei Bobrovsky,CG,CG,1,0,1,0,0,0,0,0,1,0,0,0,0,0,0,8,4,8,0,20,6,10,11,0,27,18,13,22,0,53,13,22,20,0,55,36,39,2,1,3,0,6,0,1,1,0,2,7,8,3,0,18,7,5,6,0,18,0,0,4,3,492,360,25,14,0.926,0.7,1,0,1,0,1,1,3421,0,179,2555,2454,38,76,0,0,0,0,0,0,0,0,101,0,0.0,-,,,,,,,,,,,,,,,,,,,,,,,,,,,,,,,
2025020683,2026-01-08,Panthers,Canadiens,Away,RL,43,44,3.7376446118,3.7176599029,2.6840713408,2.0616947305,Sergei Bobrovsky,Samuel Montembeault,CG,CG,0,0,0,0,1,0,1,0,0,0,0,0,0,0,0,6,10,11,0,27,8,4,8,0,20,13,22,20,0,55,18,13,22,0,53,39,36,0,1,1,0,2,2,1,3,0,6,7,5,6,0,18,7,8,3,0,18,0,0,3,4,360,492,14,25,0.7,0.926,0,1,0,1,1,1,0,3421,179,2555,2454,76,38,0,0,0,0,0,0,0,0,101,0,0.0,-,,,,,,,,,,,,,,,,,,,,,,,,,,,,,,,
2025020684,2026-01-08,Red Wings,Canucks,Home,RW,45,43,3.6661149195,2.2895523091,2.8597783005,1.5387012991,John Gibson,Kevin Lankinen,CG,CG,0,0,0,0,0,0,0,0,1,0,0,0,0,0,0,10,8,7,0,25,10,4,10,0,24,25,21,22,0,68,21,11,25,0,57,59,47,1,2,2,0,5,0,1,0,0,1,3,6,4,0,13,13,8,3,0,24,1,1,3,2,241,197,23,20,0.958,0.8,1,0,2,0,3,1,2429,0,1171,3014,3014,14,91,0,0,95,0,0,0,0,0,0,0,0.0,-,,,,,,,,,,,,,,,,,,,,,,,,,,,,,,,
2025020684,2026-01-08,Canucks,Red Wings,Away,RL,43,45,2.2895523091,3.6661149195,1.5387012991,2.8597783005,Kevin Lankinen,John Gibson,CG,CG,0,0,0,0,0,0,0,0,0,0,0,0,0,0,0,10,4,10,0,24,10,8,7,0,25,21,11,25,0,57,25,21,22,0,68,47,59,0,1,0,0,1,1,2,2,0,5,13,8,3,0,24,3,6,4,0,13,1,1,2,3,197,241,20,23,0.8,0.958,0,1,0,2,1,3,0,2429,1171,3014,3014,91,14,0,0,0,95,0,0,0,0,0,0,0.0,-,,,,,,,,,,,,,,,,,,,,,,,,,,,,,,,
2025020685,2026-01-08,Rangers,Sabres,Home,RL,45,42,2.8848934234,3.5644769093,1.8864728984,2.4540739193,Jonathan Quick,Colten Ellis,CG,CG,0,0,0,0,0,0,0,0,0,0,0,0,0,0,0,7,11,14,0,32,4,14,3,0,21,17,15,25,0,57,17,22,18,0,57,45,45,0,1,1,0,2,1,2,2,0,5,16,7,9,0,32,5,5,6,0,16,0,1,3,2,362,161,16,30,0.762,0.938,0,1,0,3,4,4,0,3353,247,3038,3038,23,0,0,0,0,0,0,0,79,0,0,0,0.0,-,,,,,,,,,,,,,,,,,,,,,,,,,,,,,,,
2025020685,2026-01-08,Sabres,Rangers,Away,RW,42,45,3.5644769093,2.8848934234,2.4540739193,1.8864728984,Colten Ellis,Jonathan Quick,CG,CG,0,0,0,0,0,0,0,0,1,0,0,0,0,0,0,4,14,3,0,21,7,11,14,0,32,17,22,18,0,57,17,15,25,0,57,45,45,1,2,2,0,5,0,1,1,0,2,5,5,6,0,16,16,7,9,0,32,1,0,2,3,161,362,30,16,0.938,0.762,1,0,3,0,4,4,3353,0,247,3038,3038,0,23,0,0,0,0,0,0,0,79,0,0,0.0,-,,,,,,,,,,,,,,,,,,,,,,,,,,,,,,,
2025020686,2026-01-08,Flyers,Maple Leafs,Home,OTL,42,43,3.280628185,3.0126911934000002,2.2236870140000002,2.7644663424,Dan Vladar,Dennis Hildeby,CG,CG,0,0,0,0,0,0,0,0,1,1,0,0,0,0,0,8,3,9,3,23,6,7,9,1,23,21,12,21,4,58,21,22,17,3,63,44,54,0,1,0,0,1,0,0,1,1,2,11,6,8,0,25,8,6,6,0,20,0,0,3,2,323,240,21,22,0.913,0.957,0,0,0,0,4,0,1989,0,1779,3186,3018,6,13,0,0,50,0,0,0,3,0,0,168,0.0,-,,,,,,,,,,,,,,,,,,,,,,,,,,,,,,,
2025020686,2026-01-08,Maple Leafs,Flyers,Away,OTW,43,42,3.0126911934000002,3.280628185,2.7644663424,2.2236870140000002,Dennis Hildeby,Dan Vladar,CG,CG,0,0,0,0,0,0,0,0,0,0,0,0,1,0,0,6,7,9,1,23,8,3,9,3,23,21,22,17,3,63,21,12,21,4,58,54,44,0,0,1,1,2,0,1,0,0,1,8,6,6,0,20,11,6,8,0,25,0,0,2,3,240,323,22,21,0.957,0.913,0,0,0,0,0,4,0,1989,1779,3186,3018,13,6,0,0,0,50,0,0,0,3,0,168,0.0,-,,,,,,,,,,,,,,,,,,,,,,,,,,,,,,,
2025020687,2026-01-08,Penguins,Devils,Home,RW,42,44,4.127671663,2.7753011364,2.856877268,2.3391587534,Stuart Skinner,Jake Allen,CG,CG,0,0,0,0,0,0,1,0,1,0,0,0,0,0,0,7,17,5,0,29,11,6,12,0,29,16,26,21,0,63,21,17,23,0,61,50,53,1,2,1,0,4,0,0,1,0,1,2,3,5,0,10,8,9,8,0,25,1,1,3,2,262,203,28,25,0.966,0.862,0,0,0,0,2,1,3201,0,399,3092,3092,11,22,0,0,89,0,0,0,0,0,0,0,0.0,-,,,,,,,,,,,,,,,,,,,,,,,,,,,,,,,
2025020687,2026-01-08,Devils,Penguins,Away,RL,44,42,2.7753011364,4.127671663,2.3391587534,2.856877268,Jake Allen,Stuart Skinner,CG,CG,0,0,1,0,0,0,0,0,0,0,0,0,0,0,0,11,6,12,0,29,7,17,5,0,29,21,17,23,0,61,16,26,21,0,63,53,50,0,0,1,0,1,1,2,1,0,4,8,9,8,0,25,2,3,5,0,10,1,1,2,3,203,262,25,28,0.862,0.966,0,0,0,0,1,2,0,3201,399,3092,3092,22,11,0,0,0,89,0,0,0,0,0,0,0.0,-,,,,,,,,,,,,,,,,,,,,,,,,,,,,,,,
2025020688,2026-01-08,Hurricanes,Ducks,Home,RW,44,44,3.6975656746,2.5230173226,3.1598728546,1.7098383516,Frederik Andersen,Ville Husso,CG,CG,0,0,1,0,0,1,0,0,0,0,0,0,1,0,0,7,19,9,0,35,6,3,4,0,13,18,30,13,0,61,19,15,15,0,49,51,39,0,3,2,0,5,1,1,0,0,2,1,10,5,0,16,6,11,8,0,25,0,0,2,3,240,325,11,30,0.846,0.857,1,0,1,0,2,4,1432,1059,1109,2927,2927,56,52,0,0,0,13,0,0,0,0,0,0,0.0,-,,,,,,,,,,,,,,,,,,,,,,,,,,,,,,,
2025020688,2026-01-08,Ducks,Hurricanes,Away,RL,44,44,2.5230173226,3.6975656746,1.7098383516,3.1598728546,Ville Husso,Frederik Andersen,CG,CG,0,1,0,0,0,0,1,0,1,1,0,0,0,0,0,6,3,4,0,13,7,19,9,0,35,19,15,15,0,49,18,30,13,0,61,39,51,1,1,0,0,2,0,3,2,0,5,6,11,8,0,25,1,10,5,0,16,0,0,3,2,325,240,30,11,0.857,0.846,0,1,0,1,4,2,1059,1432,1109,2927,2927,52,56,0,0,13,0,0,0,0,0,0,0,0.0,-,,,,,,,,,,,,,,,,,,,,,,,,,,,,,,,
2025020689,2026-01-08,Predators,Islanders,Home,SOW,43,44,3.0579291193,2.9465391023,2.1797684553,1.7650160323,Juuse Saros,David Rittich,CG,CG,0,0,0,0,0,0,0,0,0,0,0,0,1,0,0,10,9,7,1,27,10,9,7,5,31,18,24,19,3,64,23,20,17,6,66,51,48,0,1,0,0,1,0,1,0,0,1,5,6,7,1,19,8,7,5,0,20,0,0,1,2,120,246,30,26,0.968,0.963,0,0,0,0,1,0,0,425,3475,3424,2826,0,11,0,0,0,0,0,0,0,0,298,300,0.0,-,,,,,,,,,,,,,,,,,,,,,,,,,,,,,,,
2025020689,2026-01-08,Islanders,Predators,Away,SOL,44,43,2.9465391023,3.0579291193,1.7650160323,2.1797684553,David Rittich,Juuse Saros,CG,CG,0,0,0,0,0,0,0,0,1,1,0,0,0,0,0,10,9,7,5,31,10,9,7,1,27,23,20,17,6,66,18,24,19,3,64,48,51,0,1,0,0,1,0,1,0,0,1,8,7,5,0,20,5,6,7,1,19,0,0,2,1,246,120,26,30,0.963,0.968,0,0,0,0,0,1,425,0,3475,3424,2826,11,0,0,0,0,0,0,0,0,0,298,300,0.0,-,,,,,,,,,,,,,,,,,,,,,,,,,,,,,,,
2025020690,2026-01-08,Jets,Oilers,Home,RL,42,44,2.2021611215,3.0828561525,2.026680513,2.6700138425,Connor Hellebuyck,Calvin Pickard,CG,CG,0,0,0,0,0,0,0,0,1,1,1,0,0,0,0,11,3,2,0,16,7,12,11,0,30,18,16,7,0,41,15,18,18,0,51,37,42,3,0,0,0,3,1,1,2,0,4,6,10,8,0,24,5,2,2,0,9,0,1,2,2,240,196,26,13,0.867,0.812,0,0,0,2,1,1,2154,563,883,2956,2956,181,8,0,0,0,0,0,0,0,0,0,0,0.0,-,,,,,,,,,,,,,,,,,,,,,,,,,,,,,,,
2025020690,2026-01-08,Oilers,Jets,Away,RW,44,42,3.0828561525,2.2021611215,2.6700138425,2.026680513,Calvin Pickard,Connor Hellebuyck,CG,CG,0,0,0,0,0,0,0,0,0,0,0,0,1,1,0,7,12,11,0,30,11,3,2,0,16,15,18,18,0,51,18,16,7,0,41,42,37,1,1,2,0,4,3,0,0,0,3,5,2,2,0,9,6,10,8,0,24,1,0,2,2,196,240,13,26,0.812,0.867,0,0,2,0,1,1,563,2154,883,2956,2956,8,181,0,0,0,0,0,0,0,0,0,0,0.0,-,,,,,,,,,,,,,,,,,,,,,,,,,,,,,,,
2025020691,2026-01-08,Avalanche,Senators,Home,RW,43,43,3.2422643221,1.8281893636,2.1845086107,1.4958658896,Scott Wedgewood,Leevi Meriläinen,CG,IG,0,0,1,0,1,1,1,0,1,0,0,0,0,0,0,11,17,6,0,34,11,10,10,0,31,22,28,21,0,71,20,17,21,0,58,54,50,2,6,0,0,8,0,1,1,0,2,6,5,1,0,12,13,11,14,0,38,2,0,6,3,524,347,29,26,0.935,0.765,0,0,0,0,2,1,2989,0,611,2547,2547,37,14,0,0,31,82,0,0,0,0,0,0,0.0,-,,,,,,,,,,,,,,,,,,,,,,,,,,,,,,,
2025020691,2026-01-08,Senators,Avalanche,Away,RL,43,43,1.8281893636,3.2422643221,1.4958658896,2.1845086107,Leevi Meriläinen,Scott Wedgewood,IG,CG,1,1,1,0,0,0,1,0,0,0,0,0,0,0,0,11,10,10,0,31,11,17,6,0,34,20,17,21,0,58,22,28,21,0,71,50,54,0,1,1,0,2,2,6,0,0,8,13,11,14,0,38,6,5,1,0,12,0,2,3,6,347,524,26,29,0.765,0.935,0,0,0,0,1,2,0,2989,611,2547,2547,14,37,0,0,82,31,0,0,0,0,0,0,0.0,-,,,,,,,,,,,,,,,,,,,,,,,,,,,,,,,
2025020692,2026-01-08,Golden Knights,Blue Jackets,Home,RW,42,43,3.2937224334999997,3.4387874435,2.1910028785,2.8129459245,Carter Hart,Jet Greaves,IG,CG,0,0,0,0,0,0,1,0,0,0,0,0,1,1,0,7,8,11,0,26,8,6,11,0,25,16,21,21,0,58,21,12,24,0,57,46,48,1,3,1,0,5,2,0,1,0,3,9,5,5,0,19,12,8,8,0,28,1,0,2,1,136,124,22,21,0.88,0.808,0,0,4,0,1,0,1613,1015,972,3176,3176,0,164,0,0,0,0,0,0,0,0,0,0,0.0,-,,,,,,,,,,,,,,,,,,,,,,,,,,,,,,,
2025020692,2026-01-08,Blue Jackets,Golden Knights,Away,RL,43,42,3.4387874435,3.2937224334999997,2.8129459245,2.1910028785,Jet Greaves,Carter Hart,CG,IG,0,0,1,0,0,0,0,0,1,1,1,0,0,0,0,8,6,11,0,25,7,8,11,0,26,21,12,24,0,57,16,21,21,0,58,48,46,2,0,1,0,3,1,3,1,0,5,12,8,8,0,28,9,5,5,0,19,0,1,1,2,124,136,21,22,0.808,0.88,0,0,0,4,0,1,1015,1613,972,3176,3176,164,0,0,0,0,0,0,0,0,0,0,0,0.0,-,,,,,,,,,,,,,,,,,,,,,,,,,,,,,,,
2025020693,2026-01-08,Kraken,Wild,Home,OTL,42,45,2.7984518791,3.5509526745,2.0130301395,2.6064242705,Philipp Grubauer,Jesper Wallstedt,CG,CG,0,1,0,0,0,0,0,0,0,0,0,0,0,0,0,11,6,11,0,28,10,8,12,4,34,21,25,27,0,73,14,14,21,6,55,61,43,0,0,2,0,2,2,0,0,1,3,6,2,5,0,13,4,8,4,0,16,1,0,3,1,254,120,31,26,0.912,0.929,0,0,0,0,4,0,0,2647,1082,3291,3162,2,56,0,0,0,0,0,0,0,0,0,129,0.0,-,,,,,,,,,,,,,,,,,,,,,,,,,,,,,,,
2025020693,2026-01-08,Wild,Kraken,Away,OTW,45,42,3.5509526745,2.7984518791,2.6064242705,2.0130301395,Jesper Wallstedt,Philipp Grubauer,CG,CG,0,0,0,0,0,1,0,0,1,0,0,0,0,0,0,10,8,12,4,34,11,6,11,0,28,14,14,21,6,55,21,25,27,0,73,43,61,2,0,0,1,3,0,0,2,0,2,4,8,4,0,16,6,2,5,0,13,0,1,1,3,120,254,26,31,0.929,0.912,0,0,0,0,0,4,2647,0,1082,3291,3162,56,2,0,0,0,0,0,0,0,0,0,129,0.0,-,,,,,,,,,,,,,,,,,,,,,,,,,,,,,,,
2025020694,2026-01-09,Blackhawks,Capitals,Home,RL,44,45,2.6713651389,2.6690752035,1.1994782249,2.0396390595,Drew Commesso,Logan Thompson,CG,CG,0,0,0,0,0,0,0,0,0,0,0,0,0,0,0,10,6,8,0,24,6,10,8,0,24,20,13,15,0,48,14,16,15,0,45,36,34,0,1,0,0,1,3,1,1,0,5,7,8,8,0,23,7,2,4,0,13,1,0,4,3,396,325,19,23,0.792,0.958,0,0,0,0,3,1,0,3357,243,2787,2787,18,71,0,0,67,0,0,0,0,0,0,0,0.0,-,,,,,,,,,,,,,,,,,,,,,,,,,,,,,,,
2025020694,2026-01-09,Capitals,Blackhawks,Away,RW,45,44,2.6690752035,2.6713651389,2.0396390595,1.1994782249,Logan Thompson,Drew Commesso,CG,CG,0,0,0,0,0,0,0,0,1,0,0,0,0,0,0,6,10,8,0,24,10,6,8,0,24,14,16,15,0,45,20,13,15,0,48,34,36,3,1,1,0,5,0,1,0,0,1,7,2,4,0,13,7,8,8,0,23,0,1,3,4,325,396,23,19,0.958,0.792,0,0,0,0,1,3,3357,0,243,2787,2787,71,18,0,0,0,67,0,0,0,0,0,0,0.0,-,,,,,,,,,,,,,,,,,,,,,,,,,,,,,,,
2025020695,2026-01-09,Jets,Kings,Home,RW,43,43,2.968845469,3.1867961212,2.386846531,2.7195809962,Eric Comrie,Darcy Kuemper,CG,IG,1,1,0,0,0,0,0,0,1,0,0,0,0,0,0,9,7,4,0,20,5,7,12,0,24,20,19,20,0,59,19,22,29,0,70,51,58,2,3,0,0,5,0,1,0,0,1,7,11,5,0,23,9,6,7,0,22,1,0,2,3,183,332,23,15,0.958,0.75,0,0,0,0,1,5,3509,0,91,2985,2968,9,76,0,0,0,0,0,0,41,0,17,0,0.0,-,,,,,,,,,,,,,,,,,,,,,,,,,,,,,,,
2025020695,2026-01-09,Kings,Jets,Away,RL,43,43,3.1867961212,2.968845469,2.7195809962,2.386846531,Darcy Kuemper,Eric Comrie,IG,CG,0,0,0,0,1,1,0,0,0,0,0,0,0,0,0,5,7,12,0,24,9,7,4,0,20,19,22,29,0,70,20,19,20,0,59,58,51,0,1,0,0,1,2,3,0,0,5,9,6,7,0,22,7,11,5,0,23,0,1,3,2,332,183,15,23,0.75,0.958,0,0,0,0,5,1,0,3509,91,2985,2968,76,9,0,0,0,0,0,0,0,41,17,0,0.0,-,,,,,,,,,,,,,,,,,,,,,,,,,,,,,,,
2025020696,2026-01-09,Mammoth,Blues,Home,RW,45,45,3.7413930592,3.8795630213,2.8567380991999998,2.8397293403,Karel Vejmelka,Joel Hofer,CG,CG,0,0,0,0,0,0,0,0,1,0,0,0,0,0,0,6,9,8,0,23,13,6,9,0,28,15,23,21,0,59,26,22,20,0,68,44,56,1,2,1,0,4,0,2,0,0,2,10,4,0,0,14,13,9,6,0,28,1,0,3,4,199,406,26,19,0.929,0.826,0,0,6,0,1,3,2690,0,910,2671,2641,34,153,0,0,0,0,0,0,2,0,30,0,0.0,-,,,,,,,,,,,,,,,,,,,,,,,,,,,,,,,
2025020696,2026-01-09,Blues,Mammoth,Away,RL,45,45,3.8795630213,3.7413930592,2.8397293403,2.8567380991999998,Joel Hofer,Karel Vejmelka,CG,CG,0,0,0,0,0,0,0,0,0,0,0,0,0,0,0,13,6,9,0,28,6,9,8,0,23,26,22,20,0,68,15,23,21,0,59,56,44,0,2,0,0,2,1,2,1,0,4,13,9,6,0,28,10,4,0,0,14,0,1,4,3,406,199,19,26,0.826,0.929,0,0,0,6,3,1,0,2690,910,2671,2641,153,34,0,0,0,0,0,0,0,2,30,0,0.0,-,,,,,,,,,,,,,,,,,,,,,,,,,,,,,,,
2025020697,2026-01-10,Bruins,Rangers,Home,RW,45,46,3.7609972197,2.5575386835,3.3595488906999997,1.6524847985,Jeremy Swayman,Jonathan Quick,CG,IG,0,0,0,0,0,0,0,0,0,0,0,0,1,0,0,13,9,12,0,34,6,8,15,0,29,26,20,22,0,68,13,16,26,0,55,61,46,3,4,3,0,10,1,1,0,0,2,18,10,1,0,29,7,10,10,0,27,1,1,3,2,319,179,27,24,0.931,0.706,0,0,0,0,4,3,3164,67,369,2966,2966,29,39,0,0,39,0,0,0,0,0,0,0,0.0,-,,,,,,,,,,,,,,,,,,,,,,,,,,,,,,,
2025020697,2026-01-10,Rangers,Bruins,Away,RL,46,45,2.5575386835,3.7609972197,1.6524847985,3.3595488906999997,Jonathan Quick,Jeremy Swayman,IG,CG,0,0,0,0,0,0,0,0,1,1,0,0,0,0,0,6,8,15,0,29,13,9,12,0,34,13,16,26,0,55,26,20,22,0,68,46,61,1,1,0,0,2,3,4,3,0,10,7,10,10,0,27,18,10,1,0,29,1,1,2,3,179,319,24,27,0.706,0.931,0,0,0,0,3,4,67,3164,369,2966,2966,39,29,0,0,0,39,0,0,0,0,0,0,0.0,-,,,,,,,,,,,,,,,,,,,,,,,,,,,,,,,
2025020698,2026-01-10,Penguins,Flames,Home,RL,43,45,2.82062735,1.993435514,2.01522791,1.6584896786,Arturs Silovs,Devin Cooley,CG,CG,0,0,0,0,0,1,1,0,0,0,0,0,0,0,0,5,11,12,0,28,9,6,10,0,25,12,25,19,0,56,22,12,21,0,55,41,44,0,1,0,0,1,1,0,1,0,2,3,7,5,0,15,7,5,5,0,17,0,0,3,3,310,310,23,27,0.92,0.964,0,0,0,3,1,0,0,2762,838,2791,2511,147,26,0,0,0,0,0,0,6,0,280,0,0.0,-,,,,,,,,,,,,,,,,,,,,,,,,,,,,,,,
2025020698,2026-01-10,Flames,Penguins,Away,RW,45,43,1.993435514,2.82062735,1.6584896786,2.01522791,Devin Cooley,Arturs Silovs,CG,CG,0,1,1,0,0,0,0,0,1,0,0,0,0,0,0,9,6,10,0,25,5,11,12,0,28,22,12,21,0,55,12,25,19,0,56,44,41,1,0,1,0,2,0,1,0,0,1,7,5,5,0,17,3,7,5,0,15,0,0,3,3,310,310,27,23,0.964,0.92,0,0,3,0,0,1,2762,0,838,2791,2511,26,147,0,0,0,0,0,0,0,6,280,0,0.0,-,,,,,,,,,,,,,,,,,,,,,,,,,,,,,,,
2025020699,2026-01-10,Avalanche,Blue Jackets,Home,RW,44,44,3.024342951,3.0181701223,2.670109526,2.8547030183,Trent Miner,Elvis Merzlikins,CG,CG,0,0,0,0,0,0,0,0,1,0,0,0,0,0,0,15,7,9,0,31,7,13,9,0,29,24,18,22,0,64,25,29,23,0,77,57,72,2,1,1,0,4,0,0,0,0,0,3,1,2,0,6,10,5,3,0,18,0,0,2,2,240,240,29,27,1.0,0.871,0,0,0,0,1,1,2762,0,838,3072,3072,39,9,0,0,0,0,0,0,0,0,0,0,0.0,-,,,,,,,,,,,,,,,,,,,,,,,,,,,,,,,
2025020699,2026-01-10,Blue Jackets,Avalanche,Away,RL,44,44,3.0181701223,3.024342951,2.8547030183,2.670109526,Elvis Merzlikins,Trent Miner,CG,CG,0,0,0,0,0,0,0,0,0,0,0,0,0,0,0,7,13,9,0,29,15,7,9,0,31,25,29,23,0,77,24,18,22,0,64,72,57,0,0,0,0,0,2,1,1,0,4,10,5,3,0,18,3,1,2,0,6,0,0,2,2,240,240,27,29,0.871,1.0,0,0,0,0,1,1,0,2762,838,3072,3072,9,39,0,0,0,0,0,0,0,0,0,0,0.0,-,,,,,,,,,,,,,,,,,,,,,,,,,,,,,,,
2025020700,2026-01-10,Sharks,Stars,Home,OTW,44,45,3.4243294184,2.8895255094,2.5448902884,2.0103936214,Alex Nedeljkovic,Casey DeSmith,CG,CG,0,0,0,0,0,0,0,0,0,0,0,0,1,1,0,11,9,8,3,31,9,5,6,0,20,21,13,18,4,56,21,9,15,1,46,43,36,0,2,2,1,5,2,1,1,0,4,7,6,7,1,21,6,4,2,0,12,4,0,6,2,454,265,16,26,0.8,0.839,0,0,0,0,2,2,0,2596,1122,2857,2800,11,113,61,0,0,0,0,0,0,0,0,57,0.0,-,,,,,,,,,,,,,,,,,,,,,,,,,,,,,,,
2025020700,2026-01-10,Stars,Sharks,Away,OTL,45,44,2.8895255094,3.4243294184,2.0103936214,2.5448902884,Casey DeSmith,Alex Nedeljkovic,CG,CG,0,0,0,0,0,0,0,0,1,1,1,0,0,0,0,9,5,6,0,20,11,9,8,3,31,21,9,15,1,46,21,13,18,4,56,36,43,2,1,1,0,4,0,2,2,1,5,6,4,2,0,12,7,6,7,1,21,0,4,2,6,265,454,26,16,0.839,0.8,0,0,0,0,2,2,2596,0,1122,2857,2800,113,11,0,61,0,0,0,0,0,0,0,57,0.0,-,,,,,,,,,,,,,,,,,,,,,,,,,,,,,,,
2025020701,2026-01-10,Sabres,Ducks,Home,RW,43,45,3.3739397257,2.2883172521,2.508100024,1.7896444851,Ukko-Pekka Luukkonen,Lukas Dostal,CG,CG,0,0,0,0,0,0,1,0,1,0,0,0,0,0,0,12,11,9,0,32,8,14,14,0,36,24,24,19,0,67,16,23,24,0,63,54,52,1,1,3,0,5,0,0,3,0,3,5,2,3,0,10,17,7,5,0,29,0,0,2,2,145,240,33,27,0.917,0.844,1,0,4,0,0,5,3477,0,123,3081,3081,12,63,0,0,62,0,0,0,0,0,0,0,0.0,-,,,,,,,,,,,,,,,,,,,,,,,,,,,,,,,
2025020701,2026-01-10,Ducks,Sabres,Away,RL,45,43,2.2883172521,3.3739397257,1.7896444851,2.508100024,Lukas Dostal,Ukko-Pekka Luukkonen,CG,CG,0,0,1,0,0,0,0,0,0,0,0,0,0,0,0,8,14,14,0,36,12,11,9,0,32,16,23,24,0,63,24,24,19,0,67,52,54,0,0,3,0,3,1,1,3,0,5,17,7,5,0,29,5,2,3,0,10,0,0,2,2,240,145,27,33,0.844,0.917,0,1,0,4,5,0,0,3477,123,3081,3081,63,12,0,0,0,62,0,0,0,0,0,0,0.0,-,,,,,,,,,,,,,,,,,,,,,,,,,,,,,,,
2025020702,2026-01-10,Maple Leafs,Canucks,Home,RW,44,44,2.829732592,3.263720604,1.901422148,2.122639039,Joseph Woll,Thatcher Demko,CG,IG,0,0,0,0,0,0,0,0,1,0,0,0,0,0,0,6,12,6,0,24,15,8,6,0,29,18,25,12,0,55,23,18,19,0,60,38,45,3,1,1,0,5,0,0,0,0,0,5,7,3,0,15,4,9,6,0,19,2,0,4,6,335,706,29,19,1.0,0.792,0,0,0,0,0,3,3117,0,483,2413,2393,93,38,0,80,0,0,0,0,0,0,20,0,0.0,-,,,,,,,,,,,,,,,,,,,,,,,,,,,,,,,
2025020702,2026-01-10,Canucks,Maple Leafs,Away,RL,44,44,3.263720604,2.829732592,2.122639039,1.901422148,Thatcher Demko,Joseph Woll,IG,CG,0,0,0,0,0,0,0,0,0,0,0,0,0,0,0,15,8,6,0,29,6,12,6,0,24,23,18,19,0,60,18,25,12,0,55,45,38,0,0,0,0,0,3,1,1,0,5,4,9,6,0,19,5,7,3,0,15,0,2,6,4,706,335,19,29,0.792,1.0,0,0,0,0,3,0,0,3117,483,2413,2393,38,93,80,0,0,0,0,0,0,0,20,0,0.0,-,,,,,,,,,,,,,,,,,,,,,,,,,,,,,,,
2025020703,2026-01-10,Canadiens,Red Wings,Home,RL,45,46,3.6917478635,3.1282966333,2.8417200797,2.0339677743,Jacob Fowler,John Gibson,CG,CG,0,1,0,0,0,0,0,0,0,0,0,0,0,0,0,3,9,15,0,27,6,8,10,0,24,21,19,30,0,70,16,19,20,0,55,51,38,0,0,0,0,0,0,2,2,0,4,10,10,7,0,27,5,5,4,0,14,0,1,1,5,120,486,20,27,0.833,1.0,0,1,0,7,5,2,0,2108,1492,2684,2684,299,2,0,0,0,0,0,0,0,0,0,0,0.0,-,,,,,,,,,,,,,,,,,,,,,,,,,,,,,,,
2025020703,2026-01-10,Red Wings,Canadiens,Away,RW,46,45,3.1282966333,3.6917478635,2.0339677743,2.8417200797,John Gibson,Jacob Fowler,CG,CG,0,0,0,0,0,1,0,0,1,0,0,0,0,0,0,6,8,10,0,24,3,9,15,0,27,16,19,20,0,55,21,19,30,0,70,38,51,0,2,2,0,4,0,0,0,0,0,5,5,4,0,14,10,10,7,0,27,1,0,5,1,486,120,27,20,1.0,0.833,1,0,7,0,2,5,2108,0,1492,2684,2684,2,299,0,0,0,0,0,0,0,0,0,0,0.0,-,,,,,,,,,,,,,,,,,,,,,,,,,,,,,,,
2025020704,2026-01-10,Senators,Panthers,Home,RL,44,44,3.5526109372,1.948675404,1.8358421072,1.251127391,Leevi Meriläinen,Sergei Bobrovsky,CG,CG,0,1,1,0,0,0,0,0,1,1,0,0,0,0,0,5,7,7,0,19,8,8,5,0,21,17,21,21,0,59,14,16,9,0,39,34,30,1,0,1,0,2,1,1,1,0,3,10,7,3,0,20,10,8,6,0,24,0,2,5,4,520,339,18,17,0.857,0.895,0,0,0,0,3,3,451,1607,1542,2535,2427,112,62,0,0,0,0,0,0,0,0,108,0,0.0,-,,,,,,,,,,,,,,,,,,,,,,,,,,,,,,,
2025020704,2026-01-10,Panthers,Senators,Away,RW,44,44,1.948675404,3.5526109372,1.251127391,1.8358421072,Sergei Bobrovsky,Leevi Meriläinen,CG,CG,0,0,0,0,0,1,1,0,0,0,0,0,1,0,0,8,8,5,0,21,5,7,7,0,19,14,16,9,0,39,17,21,21,0,59,30,34,1,1,1,0,3,1,0,1,0,2,10,8,6,0,24,10,7,3,0,20,2,0,4,5,339,520,17,18,0.895,0.857,0,0,0,0,3,3,1607,451,1542,2535,2427,62,112,0,0,0,0,0,0,0,0,108,0,0.0,-,,,,,,,,,,,,,,,,,,,,,,,,,,,,,,,
2025020705,2026-01-10,Flyers,Lightning,Home,RL,43,43,2.4020855803,3.6225169005,1.4108346065,3.0292363504999997,Samuel Ersson,Andrei Vasilevskiy,CG,CG,0,0,0,0,0,0,0,0,0,0,0,0,0,0,0,8,8,4,0,20,7,8,8,0,23,18,17,11,0,46,17,15,13,0,45,35,38,1,0,1,0,2,2,1,4,0,7,11,10,11,0,32,6,9,3,0,18,1,0,2,2,152,251,16,18,0.696,0.9,0,0,0,0,0,0,0,3381,219,3116,3116,7,17,0,0,0,0,0,0,0,0,0,0,0.0,-,,,,,,,,,,,,,,,,,,,,,,,,,,,,,,,
2025020705,2026-01-10,Lightning,Flyers,Away,RW,43,43,3.6225169005,2.4020855803,3.0292363504999997,1.4108346065,Andrei Vasilevskiy,Samuel Ersson,CG,CG,0,0,0,0,0,0,0,0,1,0,0,0,0,0,0,7,8,8,0,23,8,8,4,0,20,17,15,13,0,45,18,17,11,0,46,38,35,2,1,4,0,7,1,0,1,0,2,6,9,3,0,18,11,10,11,0,32,0,1,2,2,251,152,18,16,0.9,0.696,0,0,0,0,0,0,3381,0,219,3116,3116,17,7,0,0,0,0,0,0,0,0,0,0,0.0,-,,,,,,,,,,,,,,,,,,,,,,,,,,,,,,,
2025020706,2026-01-10,Hurricanes,Kraken,Home,RW,45,43,3.8873414197,2.083258419,3.6537528196999998,2.0179615715,Brandon Bussi,Joey Daccord,CG,CG,0,0,0,0,0,0,1,0,1,0,0,0,1,0,0,12,11,13,0,36,4,4,4,0,12,28,20,19,0,67,19,11,11,0,41,64,37,1,0,2,0,3,1,0,1,0,2,8,5,3,0,16,10,8,7,0,25,0,0,1,1,120,128,10,33,0.833,0.917,0,0,0,0,1,4,1020,281,2299,3271,3271,0,81,0,0,0,0,0,0,0,0,0,0,0.0,-,,,,,,,,,,,,,,,,,,,,,,,,,,,,,,,
2025020706,2026-01-10,Kraken,Hurricanes,Away,RL,43,45,2.083258419,3.8873414197,2.0179615715,3.6537528196999998,Joey Daccord,Brandon Bussi,CG,CG,0,0,1,0,0,0,0,0,0,1,0,0,0,0,0,4,4,4,0,12,12,11,13,0,36,19,11,11,0,41,28,20,19,0,67,37,64,1,0,1,0,2,1,0,2,0,3,10,8,7,0,25,8,5,3,0,16,0,0,1,1,128,120,33,10,0.917,0.833,0,0,0,0,4,1,281,1020,2299,3271,3271,81,0,0,0,0,0,0,0,0,0,0,0,0.0,-,,,,,,,,,,,,,,,,,,,,,,,,,,,,,,,
2025020707,2026-01-10,Predators,Blackhawks,Home,RL,44,45,2.9802922322,2.1827318495,2.0169392752,1.7193073905,Juuse Saros,Drew Commesso,CG,CG,0,0,0,0,1,1,0,0,0,0,0,0,0,0,0,9,12,15,0,36,7,9,5,0,21,19,21,22,0,62,13,17,13,0,43,47,34,0,0,0,0,0,0,1,2,0,3,10,6,4,0,20,4,7,7,0,18,0,1,3,3,360,337,18,36,0.857,1.0,0,1,0,3,2,0,0,1999,1601,2554,2554,246,89,0,0,0,0,0,0,0,0,0,0,0.0,-,,,,,,,,,,,,,,,,,,,,,,,,,,,,,,,
2025020707,2026-01-10,Blackhawks,Predators,Away,RW,45,44,2.1827318495,2.9802922322,1.7193073905,2.0169392752,Drew Commesso,Juuse Saros,CG,CG,1,1,0,0,0,0,0,0,1,0,0,0,0,0,0,7,9,5,0,21,9,12,15,0,36,13,17,13,0,43,19,21,22,0,62,34,47,0,1,2,0,3,0,0,0,0,0,4,7,7,0,18,10,6,4,0,20,1,0,3,3,337,360,36,18,1.0,0.857,1,0,3,0,0,2,1999,0,1601,2554,2554,89,246,0,0,0,0,0,0,0,0,0,0,0.0,-,,,,,,,,,,,,,,,,,,,,,,,,,,,,,,,
2025020708,2026-01-10,Wild,Islanders,Home,OTL,46,45,4.3265361845,3.1889474687,3.5518308465,2.5106950847,Filip Gustavsson,Ilya Sorokin,CG,CG,0,0,0,0,0,0,0,0,1,1,0,0,0,0,0,11,8,17,0,36,7,11,8,2,28,20,17,32,0,69,14,23,17,2,56,54,47,2,1,0,0,3,1,2,0,1,4,6,5,7,0,18,6,2,7,0,15,1,0,4,3,293,275,24,33,0.857,0.917,0,0,0,0,2,3,1119,0,2575,3006,2847,68,32,0,0,26,0,0,0,0,10,65,94,0.0,-,,,,,,,,,,,,,,,,,,,,,,,,,,,,,,,
2025020708,2026-01-10,Islanders,Wild,Away,OTW,45,46,3.1889474687,4.3265361845,2.5106950847,3.5518308465,Ilya Sorokin,Filip Gustavsson,CG,CG,0,0,0,0,0,0,0,0,0,0,0,0,1,0,0,7,11,8,2,28,11,8,17,0,36,14,23,17,2,56,20,17,32,0,69,47,54,1,2,0,1,4,2,1,0,0,3,6,2,7,0,15,6,5,7,0,18,0,1,3,4,275,293,33,24,0.917,0.857,0,0,0,0,3,2,0,1119,2575,3006,2847,32,68,0,0,0,26,0,0,10,0,65,94,0.0,-,,,,,,,,,,,,,,,,,,,,,,,,,,,,,,,
2025020709,2026-01-10,Oilers,Kings,Home,SOL,45,44,2.9109458278,2.5997128486,1.6987926898,2.1740193966,Connor Ingram,Anton Forsberg,CG,CG,0,0,0,0,1,1,1,0,1,1,0,0,0,0,0,6,10,5,5,26,7,12,11,0,30,21,23,8,8,60,18,23,16,1,58,46,51,1,1,1,0,3,1,1,1,0,3,10,8,2,0,20,11,3,5,1,20,1,1,4,2,323,123,27,23,0.9,0.885,0,0,0,0,1,5,673,179,3048,3418,3147,13,17,29,0,14,0,0,0,0,14,0,271,0.0,-,,,,,,,,,,,,,,,,,,,,,,,,,,,,,,,
2025020709,2026-01-10,Kings,Oilers,Away,SOW,44,45,2.5997128486,2.9109458278,2.1740193966,1.6987926898,Anton Forsberg,Connor Ingram,CG,CG,1,1,1,0,0,0,0,0,0,0,0,0,1,0,0,7,12,11,0,30,6,10,5,5,26,18,23,16,1,58,21,23,8,8,60,51,46,1,1,1,0,3,1,1,1,0,3,11,3,5,1,20,10,8,2,0,20,1,1,2,4,123,323,23,27,0.885,0.9,0,0,0,0,5,1,179,673,3048,3418,3147,17,13,0,29,0,14,0,0,14,0,0,271,0.0,-,,,,,,,,,,,,,,,,,,,,,,,,,,,,,,,
2025020710,2026-01-10,Golden Knights,Blues,Home,RW,43,46,2.6580259857,2.2894452505,2.2897251777,1.7192215475000001,Akira Schmid,Jordan Binnington,CG,CG,0,0,0,0,1,1,0,0,0,0,0,0,1,0,0,12,8,5,0,25,4,7,8,0,19,19,14,11,0,44,17,17,15,0,49,40,45,1,2,1,0,4,1,0,1,0,2,8,8,5,0,21,8,10,12,0,30,0,1,1,1,120,59,17,21,0.895,0.84,1,0,1,0,1,2,2313,401,886,3334,3334,5,36,0,0,0,0,0,0,0,0,0,0,0.0,-,,,,,,,,,,,,,,,,,,,,,,,,,,,,,,,
2025020710,2026-01-10,Blues,Golden Knights,Away,RL,46,43,2.2894452505,2.6580259857,1.7192215475000001,2.2897251777,Jordan Binnington,Akira Schmid,CG,CG,1,1,0,0,0,0,0,0,1,1,0,0,0,0,0,4,7,8,0,19,12,8,5,0,25,17,17,15,0,49,19,14,11,0,44,45,40,1,0,1,0,2,1,2,1,0,4,8,10,12,0,30,8,8,5,0,21,1,0,1,1,59,120,21,17,0.84,0.895,0,1,0,1,2,1,401,2313,886,3334,3334,36,5,0,0,0,0,0,0,0,0,0,0,0.0,-,,,,,,,,,,,,,,,,,,,,,,,,,,,,,,,
2025020711,2026-01-11,Jets,Devils,Home,RW,44,45,3.5545512712,3.2880295026,3.0388557192,2.7116723236,Connor Hellebuyck,Jake Allen,CG,CG,0,1,1,0,0,0,0,0,1,0,0,0,1,0,0,8,5,9,0,22,8,13,6,0,27,18,19,19,0,56,16,25,17,0,58,47,50,1,2,1,0,4,1,2,0,0,3,3,8,4,0,15,8,4,5,0,17,0,0,2,1,240,120,24,18,0.889,0.818,0,0,6,0,2,1,860,680,2060,3112,3112,14,114,0,0,0,0,0,0,0,0,0,0,0.0,-,,,,,,,,,,,,,,,,,,,,,,,,,,,,,,,
2025020711,2026-01-11,Devils,Jets,Away,RL,45,44,3.2880295026,3.5545512712,2.7116723236,3.0388557192,Jake Allen,Connor Hellebuyck,CG,CG,0,0,0,0,0,1,1,0,0,1,0,0,0,0,0,8,13,6,0,27,8,5,9,0,22,16,25,17,0,58,18,19,19,0,56,50,47,1,2,0,0,3,1,2,1,0,4,8,4,5,0,17,3,8,4,0,15,0,0,1,2,120,240,18,24,0.818,0.889,0,0,0,6,1,2,680,860,2060,3112,3112,114,14,0,0,0,0,0,0,0,0,0,0,0.0,-,,,,,,,,,,,,,,,,,,,,,,,,,,,,,,,
2025020712,2026-01-11,Bruins,Penguins,Home,RW,46,44,3.0466978509000002,2.5654053267,2.3381092059,2.4403472367,Joonas Korpisalo,Stuart Skinner,CG,CG,1,1,1,0,1,1,0,0,1,0,0,0,0,0,0,10,5,4,0,19,10,10,7,0,27,21,24,11,0,56,22,23,17,0,62,43,54,1,0,0,0,1,0,0,0,0,0,5,5,5,0,15,8,4,6,0,18,0,0,6,2,652,155,27,18,1.0,0.947,0,0,2,0,0,2,2940,0,660,2641,2584,13,111,0,0,0,0,0,0,0,25,57,0,0.0,-,,,,,,,,,,,,,,,,,,,,,,,,,,,,,,,
2025020712,2026-01-11,Penguins,Bruins,Away,RL,44,46,2.5654053267,3.0466978509000002,2.4403472367,2.3381092059,Stuart Skinner,Joonas Korpisalo,CG,CG,1,1,0,0,1,1,1,0,0,0,0,0,0,0,0,10,10,7,0,27,10,5,4,0,19,22,23,17,0,62,21,24,11,0,56,54,43,0,0,0,0,0,1,0,0,0,1,8,4,6,0,18,5,5,5,0,15,0,0,2,6,155,652,18,27,0.947,1.0,0,0,0,2,2,0,0,2940,660,2641,2584,111,13,0,0,0,0,0,0,25,0,57,0,0.0,-,,,,,,,,,,,,,,,,,,,,,,,,,,,,,,,
2025020713,2026-01-11,Predators,Capitals,Home,RW,45,46,2.3296255983,2.7072662993,1.3672421288,1.4656936923,Justus Annunen,Charlie Lindgren,CG,CG,1,1,1,0,0,0,0,0,0,0,0,0,1,0,0,8,6,7,0,21,11,9,12,0,32,12,18,19,0,49,19,16,20,0,55,35,37,1,0,2,0,3,1,0,1,0,2,6,5,5,0,16,6,6,9,0,21,2,2,6,5,493,371,30,18,0.938,0.857,0,0,1,0,2,4,1128,439,2033,2567,2538,43,102,0,0,45,25,0,0,20,0,29,0,0.0,-,,,,,,,,,,,,,,,,,,,,,,,,,,,,,,,
2025020713,2026-01-11,Capitals,Predators,Away,RL,46,45,2.7072662993,2.3296255983,1.4656936923,1.3672421288,Charlie Lindgren,Justus Annunen,CG,CG,0,0,0,0,1,1,1,0,1,1,0,0,0,0,0,11,9,12,0,32,8,6,7,0,21,19,16,20,0,55,12,18,19,0,49,37,35,1,0,1,0,2,1,0,2,0,3,6,6,9,0,21,6,5,5,0,16,2,2,5,6,371,493,18,30,0.857,0.938,0,0,0,1,4,2,439,1128,2033,2567,2538,102,43,0,0,25,45,0,0,0,20,29,0,0.0,-,,,,,,,,,,,,,,,,,,,,,,,,,,,,,,,
2025020714,2026-01-11,Mammoth,Blue Jackets,Home,OTL,46,45,2.541527697,3.7533657,2.124517431,2.998426022,Vitek Vanecek,Jet Greaves,CG,CG,0,0,0,0,1,1,1,1,0,1,0,0,0,0,0,7,8,12,0,27,11,14,9,2,36,15,24,22,1,62,29,25,20,4,78,53,65,1,1,0,0,2,1,1,0,1,3,6,5,4,0,15,6,7,5,0,18,0,2,2,3,225,252,33,25,0.917,0.926,0,0,0,0,2,1,1049,813,1799,3150,3150,3,7,0,61,0,0,0,0,21,0,0,0,0.0,-,,,,,,,,,,,,,,,,,,,,,,,,,,,,,,,
2025020714,2026-01-11,Blue Jackets,Mammoth,Away,OTW,45,46,3.7533657,2.541527697,2.998426022,2.124517431,Jet Greaves,Vitek Vanecek,CG,CG,1,1,1,1,0,0,0,0,1,0,0,0,1,0,0,11,14,9,2,36,7,8,12,0,27,29,25,20,4,78,15,24,22,1,62,65,53,1,1,0,1,3,1,1,0,0,2,6,7,5,0,18,6,5,4,0,15,2,0,3,2,252,225,25,33,0.926,0.917,0,0,0,0,1,2,813,1049,1799,3150,3150,7,3,61,0,0,0,0,0,0,21,0,0,0.0,-,,,,,,,,,,,,,,,,,,,,,,,,,,,,,,,
2025020715,2026-01-11,Sharks,Golden Knights,Home,RL,45,44,1.8563679749,3.525050935,1.0638729259,2.383196827,Yaroslav Askarov,Carl Lindbom,CG,CG,1,0,1,0,1,1,1,0,0,0,0,0,0,0,0,9,5,6,0,20,13,10,9,0,32,22,14,13,0,49,21,18,14,0,53,30,36,1,1,0,0,2,2,3,2,0,7,8,7,6,0,21,9,5,5,0,19,0,2,5,4,514,287,25,18,0.781,0.9,0,1,0,1,3,0,0,3077,523,2614,2540,83,39,0,0,0,0,0,0,0,0,74,0,0.0,-,,,,,,,,,,,,,,,,,,,,,,,,,,,,,,,
2025020715,2026-01-11,Golden Knights,Sharks,Away,RW,44,45,3.525050935,1.8563679749,2.383196827,1.0638729259,Carl Lindbom,Yaroslav Askarov,CG,CG,1,1,1,0,1,0,1,0,1,0,0,0,0,0,0,13,10,9,0,32,9,5,6,0,20,21,18,14,0,53,22,14,13,0,49,36,30,2,3,2,0,7,1,1,0,0,2,9,5,5,0,19,8,7,6,0,21,2,0,4,5,287,514,18,25,0.9,0.781,1,0,1,0,0,3,3077,0,523,2614,2540,39,83,0,0,0,0,0,0,0,0,74,0,0.0,-,,,,,,,,,,,,,,,,,,,,,,,,,,,,,,,
2025020716,2026-01-12,Sabres,Panthers,Home,RL,44,45,2.790886868,3.4904171192,2.392181448,3.1082627672,Colten Ellis,Sergei Bobrovsky,CG,CG,0,0,0,0,0,0,0,0,0,0,0,0,0,0,0,7,10,6,0,23,11,9,12,0,32,19,21,23,0,63,22,16,26,0,64,54,56,1,1,1,0,3,2,0,2,0,4,10,4,8,0,22,4,9,5,0,18,0,1,2,1,240,19,28,20,0.875,0.87,0,1,1,2,3,3,0,2363,1237,3136,3136,133,58,0,0,0,0,0,0,0,0,0,0,0.0,-,,,,,,,,,,,,,,,,,,,,,,,,,,,,,,,
2025020716,2026-01-12,Panthers,Sabres,Away,RW,45,44,3.4904171192,2.790886868,3.1082627672,2.392181448,Sergei Bobrovsky,Colten Ellis,CG,CG,0,0,0,0,0,0,0,0,1,0,0,0,0,0,0,11,9,12,0,32,7,10,6,0,23,22,16,26,0,64,19,21,23,0,63,56,54,2,0,2,0,4,1,1,1,0,3,4,9,5,0,18,10,4,8,0,22,1,0,1,2,19,240,20,28,0.87,0.875,1,0,2,1,3,3,2363,0,1237,3136,3136,58,133,0,0,0,0,0,0,0,0,0,0,0.0,-,,,,,,,,,,,,,,,,,,,,,,,,,,,,,,,
2025020717,2026-01-12,Red Wings,Hurricanes,Home,OTW,47,46,2.9764585027,3.7753149619,1.1910891257,2.4391578259,John Gibson,Frederik Andersen,CG,CG,0,0,0,0,0,0,0,0,1,0,0,0,0,0,0,8,5,4,1,18,12,7,14,1,34,11,24,17,3,55,25,15,23,3,66,40,44,1,2,0,1,4,0,0,3,0,3,7,6,6,0,19,6,11,6,0,23,1,2,4,5,397,472,31,14,0.912,0.778,0,0,0,0,2,3,3327,0,480,2725,2508,81,109,0,0,0,71,0,0,13,0,10,207,0.0,-,,,,,,,,,,,,,,,,,,,,,,,,,,,,,,,
2025020717,2026-01-12,Hurricanes,Red Wings,Away,OTL,46,47,3.7753149619,2.9764585027,2.4391578259,1.1910891257,Frederik Andersen,John Gibson,CG,CG,0,0,0,0,0,0,0,0,0,0,0,0,0,0,0,12,7,14,1,34,8,5,4,1,18,25,15,23,3,66,11,24,17,3,55,44,40,0,0,3,0,3,1,2,0,1,4,6,11,6,0,23,7,6,6,0,19,2,1,5,4,472,397,14,31,0.778,0.912,0,0,0,0,3,2,0,3327,480,2725,2508,109,81,0,0,71,0,0,0,0,13,10,207,0.0,-,,,,,,,,,,,,,,,,,,,,,,,,,,,,,,,
2025020718,2026-01-12,Rangers,Kraken,Home,RL,47,44,2.6401911077999998,2.781153214,2.0902299537999998,2.565911045,Jonathan Quick,Philipp Grubauer,CG,CG,0,0,0,0,0,0,0,0,1,1,1,0,0,0,0,11,4,7,0,22,9,9,11,0,29,15,12,14,0,41,19,17,24,0,60,34,53,2,0,0,0,2,0,2,2,0,4,13,9,9,0,31,8,6,6,0,20,0,0,2,2,240,240,25,20,0.862,0.909,0,1,0,4,1,3,1279,478,1843,2972,2972,143,5,0,0,0,0,0,0,0,0,0,0,0.0,-,,,,,,,,,,,,,,,,,,,,,,,,,,,,,,,
2025020718,2026-01-12,Kraken,Rangers,Away,RW,44,47,2.781153214,2.6401911077999998,2.565911045,2.0902299537999998,Philipp Grubauer,Jonathan Quick,CG,CG,0,0,0,0,0,0,0,0,0,0,0,0,1,1,0,9,9,11,0,29,11,4,7,0,22,19,17,24,0,60,15,12,14,0,41,53,34,0,2,2,0,4,2,0,0,0,2,8,6,6,0,20,13,9,9,0,31,0,0,2,2,240,240,20,25,0.909,0.862,1,0,4,0,3,1,478,1279,1843,2972,2972,5,143,0,0,0,0,0,0,0,0,0,0,0.0,-,,,,,,,,,,,,,,,,,,,,,,,,,,,,,,,
2025020719,2026-01-12,Flyers,Lightning,Home,RL,44,44,2.269724468,4.113155132,1.464561332,1.8638118879999999,Dan Vladar,Jonas Johansson,CG,CG,0,0,0,0,0,0,0,0,0,0,0,0,0,0,0,5,10,6,0,21,6,14,6,0,26,15,21,20,0,56,14,21,16,0,51,42,26,0,1,0,0,1,1,3,1,0,5,14,9,9,0,32,7,2,1,0,10,0,2,2,4,244,282,21,20,0.808,0.952,0,1,0,5,2,1,0,3530,70,2726,2370,156,55,0,0,0,0,0,0,0,0,356,0,0.0,-,,,,,,,,,,,,,,,,,,,,,,,,,,,,,,,
2025020719,2026-01-12,Lightning,Flyers,Away,RW,44,44,4.113155132,2.269724468,1.8638118879999999,1.464561332,Jonas Johansson,Dan Vladar,CG,CG,0,0,0,0,0,0,0,0,1,0,0,0,0,0,0,6,14,6,0,26,5,10,6,0,21,14,21,16,0,51,15,21,20,0,56,26,42,1,3,1,0,5,0,1,0,0,1,7,2,1,0,10,14,9,9,0,32,2,0,4,2,282,244,20,21,0.952,0.808,1,0,5,0,1,2,3530,0,70,2726,2370,55,156,0,0,0,0,0,0,0,0,356,0,0.0,-,,,,,,,,,,,,,,,,,,,,,,,,,,,,,,,
2025020720,2026-01-12,Canadiens,Canucks,Home,RW,46,45,5.3804370471,3.204125917,5.3180306471,2.664975088,Jakub Dobes,Nikita Tolopilo,CG,CG,0,0,1,0,0,0,0,0,0,0,0,0,1,0,0,13,14,14,0,41,7,7,9,0,23,28,25,30,0,83,13,18,15,0,46,77,39,1,2,3,0,6,1,2,0,0,3,13,8,5,0,26,5,4,3,0,12,1,0,1,2,4,240,20,35,0.87,0.854,0,0,0,0,5,2,1462,541,1597,3353,3353,3,0,0,0,0,0,0,0,0,0,0,0,0.0,-,,,,,,,,,,,,,,,,,,,,,,,,,,,,,,,
2025020720,2026-01-12,Canucks,Canadiens,Away,RL,45,46,3.204125917,5.3804370471,2.664975088,5.3180306471,Nikita Tolopilo,Jakub Dobes,CG,CG,0,0,0,0,0,0,1,0,1,1,0,0,0,0,0,7,7,9,0,23,13,14,14,0,41,13,18,15,0,46,28,25,30,0,83,39,77,1,2,0,0,3,1,2,3,0,6,5,4,3,0,12,13,8,5,0,26,0,1,2,1,240,4,35,20,0.854,0.87,0,0,0,0,2,5,541,1462,1597,3353,3353,0,3,0,0,0,0,0,0,0,0,0,0,0.0,-,,,,,,,,,,,,,,,,,,,,,,,,,,,,,,,
2025020721,2026-01-12,Wild,Devils,Home,RL,47,46,2.4555206045,3.2144219195,2.0486884815,2.1902639245,Jesper Wallstedt,Jacob Markstrom,CG,CG,0,0,0,0,1,0,0,0,0,0,0,0,0,0,0,6,9,8,0,23,9,10,10,0,29,19,21,18,0,58,22,16,23,0,61,50,52,0,1,1,0,2,1,1,3,0,5,6,5,5,0,16,5,9,4,0,18,1,0,2,2,136,240,24,21,0.828,0.913,0,0,0,0,3,1,0,2622,978,3162,3162,10,52,0,0,0,0,0,0,0,0,0,0,0.0,-,,,,,,,,,,,,,,,,,,,,,,,,,,,,,,,
2025020721,2026-01-12,Devils,Wild,Away,RW,46,47,3.2144219195,2.4555206045,2.1902639245,2.0486884815,Jacob Markstrom,Jesper Wallstedt,CG,CG,1,0,0,0,0,0,0,0,1,0,0,0,0,0,0,9,10,10,0,29,6,9,8,0,23,22,16,23,0,61,19,21,18,0,58,52,50,1,1,3,0,5,0,1,1,0,2,5,9,4,0,18,6,5,5,0,16,0,1,2,2,240,136,21,24,0.913,0.828,0,0,0,0,1,3,2622,0,978,3162,3162,52,10,0,0,0,0,0,0,0,0,0,0,0.0,-,,,,,,,,,,,,,,,,,,,,,,,,,,,,,,,
2025020722,2026-01-12,Blackhawks,Oilers,Home,RL,46,46,3.2604885458,4.7032837579999995,2.4370924048,4.508597525,Spencer Knight,Connor Ingram,CG,CG,0,1,1,0,0,0,0,0,0,0,0,0,0,0,0,5,12,13,0,30,10,16,11,0,37,13,22,20,0,55,21,28,22,0,71,47,66,0,0,1,0,1,1,1,2,0,4,9,3,8,0,20,6,6,1,0,13,0,0,2,2,240,240,33,29,0.892,0.967,0,1,0,2,0,2,0,2719,881,3057,3057,52,11,0,0,0,0,0,0,0,0,0,0,0.0,-,,,,,,,,,,,,,,,,,,,,,,,,,,,,,,,
2025020722,2026-01-12,Oilers,Blackhawks,Away,RW,46,46,4.7032837579999995,3.2604885458,4.508597525,2.4370924048,Connor Ingram,Spencer Knight,CG,CG,0,0,0,0,0,1,1,0,1,0,0,0,0,0,0,10,16,11,0,37,5,12,13,0,30,21,28,22,0,71,13,22,20,0,55,66,47,1,1,2,0,4,0,0,1,0,1,6,6,1,0,13,9,3,8,0,20,0,0,2,2,240,240,29,33,0.967,0.892,1,0,2,0,2,0,2719,0,881,3057,3057,11,52,0,0,0,0,0,0,0,0,0,0,0.0,-,,,,,,,,,,,,,,,,,,,,,,,,,,,,,,,
2025020723,2026-01-12,Avalanche,Maple Leafs,Home,OTL,45,45,3.7473276034,3.3119804169,2.8021530614,2.4117234129,Trent Miner,Joseph Woll,CG,CG,0,0,0,0,0,0,0,0,0,1,0,0,0,0,0,13,7,12,2,34,15,9,5,3,32,22,14,20,2,58,30,18,15,4,67,50,53,2,0,1,0,3,1,1,1,1,4,4,6,3,1,14,5,5,3,0,13,1,0,3,2,245,240,28,31,0.875,0.912,0,0,0,0,4,2,259,448,3132,3197,2903,6,39,0,0,0,0,0,0,0,0,55,239,0.0,-,,,,,,,,,,,,,,,,,,,,,,,,,,,,,,,
2025020723,2026-01-12,Maple Leafs,Avalanche,Away,OTW,45,45,3.3119804169,3.7473276034,2.4117234129,2.8021530614,Joseph Woll,Trent Miner,CG,CG,0,0,0,0,0,0,0,0,1,0,0,0,1,0,0,15,9,5,3,32,13,7,12,2,34,30,18,15,4,67,22,14,20,2,58,53,50,1,1,1,1,4,2,0,1,0,3,5,5,3,0,13,4,6,3,1,14,0,1,2,3,240,245,31,28,0.912,0.875,0,0,0,0,2,4,448,259,3132,3197,2903,39,6,0,0,0,0,0,0,0,0,55,239,0.0,-,,,,,,,,,,,,,,,,,,,,,,,,,,,,,,,
2025020724,2026-01-12,Kings,Stars,Home,RL,45,46,1.6147748055,1.872987135,1.4049908355,1.667404117,Darcy Kuemper,Jake Oettinger,CG,CG,0,1,1,0,0,0,0,0,0,0,0,0,0,0,0,5,13,7,0,25,3,6,9,0,18,11,21,17,0,49,10,13,20,0,43,47,37,0,0,1,0,1,1,0,2,0,3,10,11,3,0,24,6,6,5,0,17,1,0,2,0,154,0,15,24,0.833,0.96,0,1,0,3,1,3,0,2924,676,3275,3224,48,25,0,0,0,0,0,0,0,0,51,0,0.0,-,,,,,,,,,,,,,,,,,,,,,,,,,,,,,,,
2025020724,2026-01-12,Stars,Kings,Away,RW,46,45,1.872987135,1.6147748055,1.667404117,1.4049908355,Jake Oettinger,Darcy Kuemper,CG,CG,0,0,0,0,0,1,1,0,1,0,0,0,0,0,0,3,6,9,0,18,5,13,7,0,25,10,13,20,0,43,11,21,17,0,49,37,47,1,0,2,0,3,0,0,1,0,1,6,6,5,0,17,10,11,3,0,24,0,1,0,2,0,154,24,15,0.96,0.833,1,0,3,0,3,1,2924,0,676,3275,3224,25,48,0,0,0,0,0,0,0,0,51,0,0.0,-,,,,,,,,,,,,,,,,,,,,,,,,,,,,,,,
2025020725,2026-01-13,Senators,Canucks,Home,RW,1,1,4.1705666601,2.310348065,3.4301323301,2.02538047,Leevi Meriläinen,Kevin Lankinen,CG,CG,0,0,0,0,0,0,0,0,1,0,0,0,0,0,0,14,18,8,0,40,6,5,9,0,20,28,27,19,0,74,17,19,20,0,56,62,0,2,0,0,0,2,0,0,1,0,1,10,5,10,0,25,10,6,5,0,21,0,0,2,1,150,120,19,38,0.95,0.95,0,0,3,0,0,1,2664,0,936,3252,3252,0,78,0,0,0,0,0,0,0,0,0,0,0.0,-,0.0,0.0,0.0,0.0,0.0,0.0,0.0,0.0,0.0,0.0,0.0,0.0,0.0,0.0,0.0,0.0,0.0,0.0,0.0,0.0,0.0,0.0,0.0,3.43,3.43,0.54,0.14,2.03,2.03,0.28,0.0
2025020725,2026-01-13,Canucks,Senators,Away,RL,1,1,2.310348065,4.1705666601,2.02538047,3.4301323301,Kevin Lankinen,Leevi Meriläinen,CG,CG,0,0,0,0,0,0,0,0,0,0,0,0,0,0,0,6,5,9,0,20,14,18,8,0,40,17,19,20,0,56,28,27,19,0,74,47,0,0,0,1,0,1,2,0,0,0,2,10,6,5,0,21,10,5,10,0,25,0,0,1,2,120,150,38,19,0.95,0.95,0,0,0,3,1,0,0,2664,936,3252,3252,78,0,0,0,0,0,0,0,0,0,0,0,0.0,-,0.0,0.0,0.0,0.0,0.0,0.0,0.0,0.0,0.0,0.0,0.0,0.0,0.0,0.0,0.0,0.0,0.0,0.0,0.0,0.0,0.0,0.0,0.0,2.03,2.03,0.28,0.0,3.43,3.43,0.54,0.14
2025020726,2026-01-13,Penguins,Lightning,Home,SOL,1,1,3.4393689104,2.98080281,1.6579015344,2.207686755,Arturs Silovs,Andrei Vasilevskiy,CG,CG,0,0,0,0,0,0,0,0,0,0,0,0,0,0,0,8,9,6,4,27,10,9,11,1,31,17,17,18,7,59,18,21,13,2,54,40,0,0,0,1,0,1,0,0,1,0,1,6,5,2,0,13,4,5,5,1,15,0,0,3,3,360,420,30,26,0.968,0.963,0,0,0,0,1,2,0,211,3689,2878,2506,84,78,0,0,0,0,0,0,0,23,72,300,0.0,-,0.0,0.0,0.0,0.0,0.0,0.0,0.0,0.0,0.0,0.0,0.0,0.0,0.0,0.0,0.0,0.0,0.0,0.0,0.0,0.0,0.0,0.0,0.0,1.66,2.45,0.99,0.0,2.21,2.39,0.52,0.07
2025020726,2026-01-13,Lightning,Penguins,Away,SOW,1,1,2.98080281,3.4393689104,2.207686755,1.6579015344,Andrei Vasilevskiy,Arturs Silovs,CG,CG,0,0,0,0,0,0,0,0,1,0,0,0,0,0,0,10,9,11,1,31,8,9,6,4,27,18,21,13,2,54,17,17,18,7,59,41,0,0,0,1,0,1,0,0,1,0,1,4,5,5,1,15,6,5,2,0,13,0,0,3,3,420,360,26,30,0.963,0.968,0,0,0,0,2,1,211,0,3689,2878,2506,78,84,0,0,0,0,0,0,23,0,72,300,0.0,-,0.0,0.0,0.0,0.0,0.0,0.0,0.0,0.0,0.0,0.0,0.0,0.0,0.0,0.0,0.0,0.0,0.0,0.0,0.0,0.0,0.0,0.0,0.0,2.21,2.39,0.52,0.07,1.66,2.45,0.99,0.0
2025020727,2026-01-13,Capitals,Canadiens,Home,OTW,1,1,4.1679138516,2.539818543,2.1131360976,1.4854021769999999,Logan Thompson,Samuel Montembeault,CG,CG,0,0,0,0,0,0,0,0,0,0,0,0,1,1,0,12,5,15,10,42,8,11,5,1,25,20,14,25,12,71,17,23,15,2,57,47,0,0,0,2,1,3,1,1,0,0,2,4,5,9,0,18,8,5,8,0,21,0,0,5,4,589,438,23,39,0.92,0.929,0,0,0,0,4,1,0,2992,869,2726,2590,29,45,118,0,0,63,0,0,0,3,0,136,0.0,-,0.0,0.0,0.0,0.0,0.0,0.0,0.0,0.0,0.0,0.0,0.0,0.0,0.0,0.0,0.0,0.0,0.0,0.0,0.0,0.0,0.0,0.0,0.0,2.11,2.88,1.24,0.04,1.49,1.53,0.79,0.21
2025020727,2026-01-13,Canadiens,Capitals,Away,OTL,1,1,2.539818543,4.1679138516,1.4854021769999999,2.1131360976,Samuel Montembeault,Logan Thompson,CG,CG,0,0,0,0,0,0,0,0,1,1,1,0,0,0,0,8,11,5,1,25,12,5,15,10,42,17,23,15,2,57,20,14,25,12,71,35,0,1,1,0,0,2,0,0,2,1,3,8,5,8,0,21,4,5,9,0,18,0,0,4,5,438,589,39,23,0.929,0.92,0,0,0,0,1,4,2992,0,869,2726,2590,45,29,0,118,63,0,0,0,3,0,0,136,0.0,-,0.0,0.0,0.0,0.0,0.0,0.0,0.0,0.0,0.0,0.0,0.0,0.0,0.0,0.0,0.0,0.0,0.0,0.0,0.0,0.0,0.0,0.0,0.0,1.49,1.53,0.79,0.21,2.11,2.88,1.24,0.04
2025020728,2026-01-13,Blue Jackets,Flames,Home,RW,1,1,4.7358221045,3.6189757503,2.9807141274999998,2.5812118068,Jet Greaves,Dustin Wolf,CG,CG,0,0,0,0,0,0,0,0,1,0,0,0,0,0,0,10,14,19,0,43,8,7,17,0,32,22,27,29,0,78,16,13,27,0,56,58,0,2,0,3,0,5,0,2,1,0,3,7,7,7,0,21,7,4,1,0,12,1,3,4,3,396,153,29,38,0.906,0.884,1,0,2,0,1,2,2534,0,1066,2864,2864,3,149,0,0,45,0,0,0,0,0,0,0,0.0,-,0.0,0.0,0.0,0.0,0.0,0.0,0.0,0.0,0.0,0.0,0.0,0.0,0.0,0.0,0.0,0.0,0.0,0.0,0.0,0.0,0.0,0.0,0.0,2.98,2.98,1.52,0.0,2.58,2.58,1.04,0.0
2025020728,2026-01-13,Flames,Blue Jackets,Away,RL,1,1,3.6189757503,4.7358221045,2.5812118068,2.9807141274999998,Dustin Wolf,Jet Greaves,CG,CG,0,0,0,0,0,0,0,0,0,0,0,0,0,0,0,8,7,17,0,32,10,14,19,0,43,16,13,27,0,56,22,27,29,0,78,44,0,0,2,1,0,3,2,0,3,0,5,7,4,1,0,12,7,7,7,0,21,3,1,3,4,153,396,38,29,0.884,0.906,0,1,0,2,2,1,0,2534,1066,2864,2864,149,3,0,0,0,45,0,0,0,0,0,0,0.0,-,0.0,0.0,0.0,0.0,0.0,0.0,0.0,0.0,0.0,0.0,0.0,0.0,0.0,0.0,0.0,0.0,0.0,0.0,0.0,0.0,0.0,0.0,0.0,2.58,2.58,1.04,0.0,2.98,2.98,1.52,0.0
2025020729,2026-01-13,Bruins,Red Wings,Home,RW,1,1,4.2968441921,3.105497287,3.6288859811,2.520604442,Jeremy Swayman,Cam Talbot,CG,CG,0,0,0,0,0,0,0,0,1,0,0,0,0,0,0,13,12,16,0,41,10,12,2,0,24,28,21,19,0,68,22,23,16,0,61,54,0,0,1,2,0,3,0,0,0,0,0,10,5,3,0,18,2,9,3,0,14,0,0,2,2,170,170,24,38,1.0,0.927,1,0,2,0,4,5,1741,0,1859,3164,3135,10,45,0,0,0,0,0,0,0,28,29,0,0.0,-,0.0,0.0,0.0,0.0,0.0,0.0,0.0,0.0,0.0,0.0,0.0,0.0,0.0,0.0,0.0,0.0,0.0,0.0,0.0,0.0,0.0,0.0,0.0,3.63,3.63,0.64,0.01,2.52,2.52,0.58,0.0
2025020729,2026-01-13,Red Wings,Bruins,Away,RL,1,1,3.105497287,4.2968441921,2.520604442,3.6288859811,Cam Talbot,Jeremy Swayman,CG,CG,0,0,0,0,0,0,0,0,0,0,0,0,0,0,0,10,12,2,0,24,13,12,16,0,41,22,23,16,0,61,28,21,19,0,68,51,0,0,0,0,0,0,0,1,2,0,3,2,9,3,0,14,10,5,3,0,18,0,0,2,2,170,170,38,24,0.927,1.0,0,1,0,2,5,4,0,1741,1859,3164,3135,45,10,0,0,0,0,0,0,28,0,29,0,0.0,-,0.0,0.0,0.0,0.0,0.0,0.0,0.0,0.0,0.0,0.0,0.0,0.0,0.0,0.0,0.0,0.0,0.0,0.0,0.0,0.0,0.0,0.0,0.0,2.52,2.52,0.58,0.0,3.63,3.63,0.64,0.01
2025020730,2026-01-13,Blues,Hurricanes,Home,RW,1,1,3.379318929,2.5997338605,3.097326256,2.0061926852,Joel Hofer,Brandon Bussi,CG,CG,0,0,0,0,0,0,0,0,1,0,0,0,0,0,0,7,14,10,0,31,9,11,13,0,33,17,23,21,0,61,20,19,26,0,65,53,0,0,3,0,0,3,0,0,0,0,0,12,6,8,0,26,3,8,3,0,14,1,0,3,3,282,360,33,28,1.0,0.903,0,0,0,0,0,0,2211,0,1389,2821,2821,38,78,0,0,0,0,0,0,0,0,0,0,0.0,-,0.0,0.0,0.0,0.0,0.0,0.0,0.0,0.0,0.0,0.0,0.0,0.0,0.0,0.0,0.0,0.0,0.0,0.0,0.0,0.0,0.0,0.0,0.0,3.1,3.1,0.2,0.08,2.01,2.01,0.43,0.16
2025020730,2026-01-13,Hurricanes,Blues,Away,RL,1,1,2.5997338605,3.379318929,2.0061926852,3.097326256,Brandon Bussi,Joel Hofer,CG,CG,0,0,0,0,0,0,0,0,0,0,0,0,0,0,0,9,11,13,0,33,7,14,10,0,31,20,19,26,0,65,17,23,21,0,61,50,0,0,0,0,0,0,0,3,0,0,3,3,8,3,0,14,12,6,8,0,26,0,1,3,3,360,282,28,33,0.903,1.0,0,0,0,0,0,0,0,2211,1389,2821,2821,78,38,0,0,0,0,0,0,0,0,0,0,0.0,-,0.0,0.0,0.0,0.0,0.0,0.0,0.0,0.0,0.0,0.0,0.0,0.0,0.0,0.0,0.0,0.0,0.0,0.0,0.0,0.0,0.0,0.0,0.0,2.01,2.01,0.43,0.16,3.1,3.1,0.2,0.08
2025020731,2026-01-13,Predators,Oilers,Home,OTW,1,1,3.128035975,2.5817732684,2.693579225,1.1789216104,Juuse Saros,Tristan Jarry,CG,CG,0,0,0,0,0,0,0,0,1,0,0,0,1,0,0,10,6,10,1,27,13,6,11,1,31,16,15,18,3,52,27,10,23,2,62,44,0,1,2,0,1,4,1,2,0,0,3,7,7,8,0,22,7,4,6,1,18,0,2,3,4,260,213,28,23,0.903,0.852,0,0,0,0,2,1,1118,38,2667,3153,2868,63,32,0,0,0,0,0,0,0,11,62,223,0.0,-,0.0,0.0,0.0,0.0,0.0,0.0,0.0,0.0,0.0,0.0,0.0,0.0,0.0,0.0,0.0,0.0,0.0,0.0,0.0,0.0,0.0,0.0,0.0,2.69,3.01,0.09,0.02,1.18,1.46,1.12,0.0
2025020731,2026-01-13,Oilers,Predators,Away,OTL,1,1,2.5817732684,3.128035975,1.1789216104,2.693579225,Tristan Jarry,Juuse Saros,CG,CG,0,0,0,0,0,0,0,0,0,1,0,0,0,0,0,13,6,11,1,31,10,6,10,1,27,27,10,23,2,62,16,15,18,3,52,47,0,1,2,0,0,3,1,2,0,1,4,7,4,6,1,18,7,7,8,0,22,2,0,4,3,213,260,23,28,0.852,0.903,0,0,0,0,1,2,38,1118,2667,3153,2868,32,63,0,0,0,0,0,0,11,0,62,223,0.0,-,0.0,0.0,0.0,0.0,0.0,0.0,0.0,0.0,0.0,0.0,0.0,0.0,0.0,0.0,0.0,0.0,0.0,0.0,0.0,0.0,0.0,0.0,0.0,1.18,1.46,1.12,0.0,2.69,3.01,0.09,0.02
2025020732,2026-01-13,Jets,Islanders,Home,RW,1,1,2.9718259197,2.556693662,2.2656509597,2.101012559,Connor Hellebuyck,Ilya Sorokin,CG,CG,0,0,0,0,0,0,0,0,1,0,0,0,0,0,0,9,11,2,0,22,7,8,12,0,27,21,16,8,0,45,18,20,16,0,54,37,0,1,4,0,0,5,0,3,1,0,4,3,6,9,0,18,6,3,4,0,13,1,0,3,1,275,120,23,17,0.852,0.773,0,0,6,0,1,0,3218,0,382,2991,2991,14,192,0,0,0,0,0,0,0,0,0,0,0.0,-,0.0,0.0,0.0,0.0,0.0,0.0,0.0,0.0,0.0,0.0,0.0,0.0,0.0,0.0,0.0,0.0,0.0,0.0,0.0,0.0,0.0,0.0,0.0,2.27,2.27,0.52,0.0,2.1,2.1,0.46,0.0
2025020732,2026-01-13,Islanders,Jets,Away,RL,1,1,2.556693662,2.9718259197,2.101012559,2.2656509597,Ilya Sorokin,Connor Hellebuyck,CG,CG,0,0,0,0,0,0,0,0,0,0,0,0,0,0,0,7,8,12,0,27,9,11,2,0,22,18,20,16,0,54,21,16,8,0,45,44,0,0,3,1,0,4,1,4,0,0,5,6,3,4,0,13,3,6,9,0,18,0,1,1,3,120,275,17,23,0.773,0.852,0,0,0,6,0,1,0,3218,382,2991,2991,192,14,0,0,0,0,0,0,0,0,0,0,0.0,-,0.0,0.0,0.0,0.0,0.0,0.0,0.0,0.0,0.0,0.0,0.0,0.0,0.0,0.0,0.0,0.0,0.0,0.0,0.0,0.0,0.0,0.0,0.0,2.1,2.1,0.46,0.0,2.27,2.27,0.52,0.0
2025020733,2026-01-13,Mammoth,Maple Leafs,Home,RW,1,1,5.2456601155,2.6607102624,5.1083974105,2.0206544136,Karel Vejmelka,Dennis Hildeby,CG,CG,0,0,0,0,0,0,0,0,1,0,0,0,0,0,0,12,11,18,0,41,6,9,5,0,20,29,26,30,0,85,23,19,16,0,58,80,0,1,3,2,0,6,0,0,1,0,1,8,4,9,0,21,9,4,8,0,21,0,0,2,3,166,286,19,35,0.95,0.854,0,0,0,0,1,2,3398,0,202,3083,3024,8,0,0,0,0,0,0,0,0,32,59,0,0.0,-,0.0,0.0,0.0,0.0,0.0,0.0,0.0,0.0,0.0,0.0,0.0,0.0,0.0,0.0,0.0,0.0,0.0,0.0,0.0,0.0,0.0,0.0,0.0,5.11,5.11,0.14,0.0,2.02,2.07,0.59,0.0
2025020733,2026-01-13,Maple Leafs,Mammoth,Away,RL,1,1,2.6607102624,5.2456601155,2.0206544136,5.1083974105,Dennis Hildeby,Karel Vejmelka,CG,CG,0,0,0,0,0,0,0,0,0,0,0,0,0,0,0,6,9,5,0,20,12,11,18,0,41,23,19,16,0,58,29,26,30,0,85,49,0,0,0,1,0,1,1,3,2,0,6,9,4,8,0,21,8,4,9,0,21,0,0,3,2,286,166,35,19,0.854,0.95,0,0,0,0,2,1,0,3398,202,3083,3024,0,8,0,0,0,0,0,0,32,0,59,0,0.0,-,0.0,0.0,0.0,0.0,0.0,0.0,0.0,0.0,0.0,0.0,0.0,0.0,0.0,0.0,0.0,0.0,0.0,0.0,0.0,0.0,0.0,0.0,0.0,2.02,2.07,0.59,0.0,5.11,5.11,0.14,0.0
2025020734,2026-01-13,Ducks,Stars,Home,RW,1,1,3.382399845,3.2007683228999997,2.684072117,1.4194052689,Lukas Dostal,Casey DeSmith,CG,CG,0,0,0,0,0,0,0,0,1,0,0,0,0,0,0,12,6,7,0,25,7,10,8,0,25,23,21,24,0,68,20,23,18,0,61,55,0,0,1,2,0,3,0,0,1,0,1,15,8,6,0,29,11,6,7,0,24,0,0,2,3,147,243,24,22,0.96,0.88,1,0,4,0,1,2,2184,0,1416,3007,2961,0,163,0,0,0,4,0,0,0,5,46,0,0.0,-,0.0,0.0,0.0,0.0,0.0,0.0,0.0,0.0,0.0,0.0,0.0,0.0,0.0,0.0,0.0,0.0,0.0,0.0,0.0,0.0,0.0,0.0,0.0,2.68,2.96,0.2,0.14,1.42,1.42,1.76,0.02
2025020734,2026-01-13,Stars,Ducks,Away,RL,1,1,3.2007683228999997,3.382399845,1.4194052689,2.684072117,Casey DeSmith,Lukas Dostal,CG,CG,0,0,0,0,0,0,0,0,0,0,0,0,0,0,0,7,10,8,0,25,12,6,7,0,25,20,23,18,0,61,23,21,24,0,68,43,0,0,0,1,0,1,0,1,2,0,3,11,6,7,0,24,15,8,6,0,29,0,0,3,2,243,147,22,24,0.88,0.96,0,1,0,4,2,1,0,2184,1416,3007,2961,163,0,0,0,4,0,0,0,5,0,46,0,0.0,-,0.0,0.0,0.0,0.0,0.0,0.0,0.0,0.0,0.0,0.0,0.0,0.0,0.0,0.0,0.0,0.0,0.0,0.0,0.0,0.0,0.0,0.0,0.0,1.42,1.42,1.76,0.02,2.68,2.96,0.2,0.14
2025020735,2026-01-14,Devils,Kraken,Home,OTW,1,1,3.2193183769,2.9087914565,2.7885610068999998,1.7571660567,Jacob Markstrom,Philipp Grubauer,CG,CG,0,0,0,0,0,0,0,0,1,0,0,0,0,0,0,5,10,8,3,26,4,7,5,1,17,10,22,16,3,51,10,22,20,4,56,47,0,1,1,0,1,3,1,1,0,0,2,7,4,3,0,14,6,7,7,0,20,1,1,2,2,143,125,15,23,0.882,0.885,0,0,0,0,1,3,574,0,3248,3427,3205,77,24,0,0,0,0,0,0,0,0,0,222,0.0,-,0.0,0.0,0.0,0.0,0.0,0.0,0.0,0.0,0.0,0.0,0.0,0.0,0.0,0.0,0.0,0.0,0.0,0.0,0.0,0.0,0.0,0.0,0.0,2.79,3.13,0.08,0.0,1.76,2.16,0.74,0.0
2025020735,2026-01-14,Kraken,Devils,Away,OTL,1,1,2.9087914565,3.2193183769,1.7571660567,2.7885610068999998,Philipp Grubauer,Jacob Markstrom,CG,CG,0,0,0,0,0,0,0,0,0,0,0,0,0,0,0,4,7,5,1,17,5,10,8,3,26,10,22,20,4,56,10,22,16,3,51,45,0,1,1,0,0,2,1,1,0,1,3,6,7,7,0,20,7,4,3,0,14,1,1,2,2,125,143,23,15,0.885,0.882,0,0,0,0,3,1,0,574,3248,3427,3205,24,77,0,0,0,0,0,0,0,0,0,222,0.0,-,0.0,0.0,0.0,0.0,0.0,0.0,0.0,0.0,0.0,0.0,0.0,0.0,0.0,0.0,0.0,0.0,0.0,0.0,0.0,0.0,0.0,0.0,0.0,1.76,2.16,0.74,0.0,2.79,3.13,0.08,0.0
2025020736,2026-01-14,Sabres,Flyers,Home,RW,1,1,3.6610193339999997,2.5112459884,2.477718279,1.7968537683999999,Ukko-Pekka Luukkonen,Dan Vladar,CG,IG,0,0,0,0,0,0,0,0,1,0,0,0,0,0,0,6,6,3,0,15,8,8,6,0,22,19,14,8,0,41,13,20,18,0,51,29,0,2,2,1,0,5,0,1,1,0,2,11,7,9,0,27,11,8,7,0,26,2,1,6,5,364,379,20,10,0.909,0.667,1,0,6,0,5,1,3030,0,570,2579,2407,66,111,0,0,0,0,0,0,0,130,172,0,0.0,-,0.0,0.0,0.0,0.0,0.0,0.0,0.0,0.0,0.0,0.0,0.0,0.0,0.0,0.0,0.0,0.0,0.0,0.0,0.0,0.0,0.0,0.0,0.0,2.48,2.48,0.89,0.0,1.8,1.91,0.59,0.01
2025020736,2026-01-14,Flyers,Sabres,Away,RL,1,1,2.5112459884,3.6610193339999997,1.7968537683999999,2.477718279,Dan Vladar,Ukko-Pekka Luukkonen,IG,CG,0,0,0,0,0,0,0,0,0,0,0,0,0,0,0,8,8,6,0,22,6,6,3,0,15,13,20,18,0,51,19,14,8,0,41,35,0,0,1,1,0,2,2,2,1,0,5,11,8,7,0,26,11,7,9,0,27,1,2,5,6,379,364,10,20,0.667,0.909,0,1,0,6,1,5,0,3030,570,2579,2407,111,66,0,0,0,0,0,0,130,0,172,0,0.0,-,0.0,0.0,0.0,0.0,0.0,0.0,0.0,0.0,0.0,0.0,0.0,0.0,0.0,0.0,0.0,0.0,0.0,0.0,0.0,0.0,0.0,0.0,0.0,1.8,1.91,0.59,0.01,2.48,2.48,0.89,0.0
2025020737,2026-01-14,Rangers,Senators,Home,RL,1,2,1.4026514865,3.571832308,1.1127030765,2.20106602,Jonathan Quick,Leevi Meriläinen,IG,CG,0,0,0,0,1,0,0,0,0,0,0,0,0,0,0,6,6,10,0,22,14,6,10,0,30,16,20,16,0,52,22,15,21,0,58,48,0,0,1,3,0,4,4,2,2,0,8,16,18,4,0,38,5,6,2,0,13,1,1,1,3,109,286,22,18,0.733,0.818,0,1,0,1,2,3,0,3462,138,3118,3118,62,11,0,0,0,0,0,0,0,0,0,0,0.0,-,0.0,0.0,0.0,0.0,0.0,0.0,0.0,0.0,0.0,0.0,0.0,0.0,0.0,0.0,0.0,0.0,0.0,0.0,0.0,0.0,0.0,0.0,0.0,1.11,1.11,0.29,0.0,2.2,2.2,1.26,0.0
2025020737,2026-01-14,Senators,Rangers,Away,RW,2,1,3.571832308,1.4026514865,2.20106602,1.1127030765,Leevi Meriläinen,Jonathan Quick,CG,IG,1,0,0,0,0,0,0,0,1,0,0,0,0,0,0,14,6,10,0,30,6,6,10,0,22,22,15,21,0,58,16,20,16,0,52,45,0,4,2,2,0,8,0,1,3,0,4,5,6,2,0,13,16,18,4,0,38,1,1,3,1,286,109,18,22,0.818,0.733,1,0,1,0,3,2,3462,0,138,3118,3118,11,62,0,0,0,0,0,0,0,0,0,0,0.0,-,0.0,0.0,0.0,0.0,0.0,0.0,0.0,0.0,0.0,0.0,0.0,0.0,0.0,0.0,0.0,0.0,0.0,0.0,0.0,0.0,0.0,0.0,0.0,2.2,2.2,1.26,0.0,1.11,1.11,0.29,0.0
2025020738,2026-01-14,Kings,Golden Knights,Home,OTL,1,1,2.6643334354,2.1918736127,2.1446795644,1.8763038587,Darcy Kuemper,Akira Schmid,CG,CG,0,0,0,0,0,0,0,0,0,0,0,0,0,0,0,9,8,7,0,24,5,14,7,1,27,20,18,14,1,53,10,25,15,1,51,44,0,0,0,2,0,2,0,1,1,1,3,5,10,9,0,24,5,7,8,0,20,0,1,1,2,95,139,24,22,0.889,0.917,0,0,1,0,1,0,0,1734,1891,3349,3300,26,3,0,0,0,0,0,0,0,16,24,25,0.0,-,0.0,0.0,0.0,0.0,0.0,0.0,0.0,0.0,0.0,0.0,0.0,0.0,0.0,0.0,0.0,0.0,0.0,0.0,0.0,0.0,0.0,0.0,0.0,2.11,2.11,0.52,0.0,1.88,2.02,0.17,0.0
2025020738,2026-01-14,Golden Knights,Kings,Away,OTW,1,1,2.1918736127,2.6643334354,1.8763038587,2.1446795644,Akira Schmid,Darcy Kuemper,CG,CG,0,0,0,0,0,0,0,0,1,0,0,0,0,0,0,5,14,7,1,27,9,8,7,0,24,10,25,15,1,51,20,18,14,1,53,46,0,0,1,1,1,3,0,0,2,0,2,5,7,8,0,20,5,10,9,0,24,1,0,2,1,139,95,22,24,0.917,0.889,0,0,0,1,0,1,1734,0,1891,3349,3300,3,26,0,0,0,0,0,0,16,0,24,25,0.0,-,0.0,0.0,0.0,0.0,0.0,0.0,0.0,0.0,0.0,0.0,0.0,0.0,0.0,0.0,0.0,0.0,0.0,0.0,0.0,0.0,0.0,0.0,0.0,1.88,2.02,0.17,0.0,2.11,2.11,0.52,0.0
2025020740,2026-01-15,Sabres,Canadiens,Home,RW,2,2,2.6607107477,2.5964313234,1.7838396157,1.9475406994,Colten Ellis,Jacob Fowler,CG,CG,1,0,0,0,0,0,0,0,0,0,0,0,1,0,0,12,10,5,0,27,7,8,8,0,23,18,14,14,0,46,21,15,18,0,54,34,0,2,1,2,0,5,2,1,0,0,3,7,10,4,0,21,9,10,7,0,26,2,2,4,3,322,200,20,22,0.87,0.815,1,0,1,0,2,0,1118,404,2078,2838,2646,45,110,24,0,0,34,0,0,0,0,192,0,0.0,-,0.0,0.0,0.0,0.0,0.0,0.0,0.0,0.0,0.0,0.0,0.0,0.0,0.0,0.0,0.0,0.0,0.0,0.0,0.0,0.0,0.0,0.0,0.0,1.78,1.94,0.58,0.0,1.95,2.12,0.47,0.0
2025020740,2026-01-15,Canadiens,Sabres,Away,RL,2,2,2.5964313234,2.6607107477,1.9475406994,1.7838396157,Jacob Fowler,Colten Ellis,CG,CG,0,0,0,0,1,0,0,0,1,1,0,0,0,0,0,7,8,8,0,23,12,10,5,0,27,21,15,18,0,54,18,14,14,0,46,41,0,2,1,0,0,3,2,1,2,0,5,9,10,7,0,26,7,10,4,0,21,2,2,3,4,200,322,22,20,0.815,0.87,0,1,0,1,0,2,404,1118,2078,2838,2646,110,45,0,24,34,0,0,0,0,0,192,0,0.0,-,0.0,0.0,0.0,0.0,0.0,0.0,0.0,0.0,0.0,0.0,0.0,0.0,0.0,0.0,0.0,0.0,0.0,0.0,0.0,0.0,0.0,0.0,0.0,1.95,2.12,0.47,0.0,1.78,1.94,0.58,0.0
2025020741,2026-01-15,Penguins,Flyers,Home,RW,2,2,4.583630802,3.7218338256,3.784950387,2.5719845346,Stuart Skinner,Samuel Ersson,CG,IG,0,0,0,0,1,0,0,0,1,0,0,0,0,0,0,13,13,4,0,30,8,17,9,0,34,28,22,11,0,61,16,31,20,0,67,43,0,2,2,2,0,6,0,1,2,0,3,8,7,5,0,20,10,7,5,0,22,3,0,4,4,345,480,31,24,0.912,0.8,0,0,1,0,2,2,3464,0,136,2553,2553,41,55,0,0,0,0,0,0,0,0,0,0,0.0,-,0.0,0.0,0.0,0.0,0.0,0.0,0.0,0.0,0.0,0.0,0.0,0.0,0.0,0.0,0.0,0.0,0.0,0.0,0.0,0.0,0.0,0.0,0.0,3.78,3.78,0.79,0.01,2.57,2.57,0.91,0.24
2025020741,2026-01-15,Flyers,Penguins,Away,RL,2,2,3.7218338256,4.583630802,2.5719845346,3.784950387,Samuel Ersson,Stuart Skinner,IG,CG,1,0,0,0,0,0,0,0,0,0,0,0,0,0,0,8,17,9,0,34,13,13,4,0,30,16,31,20,0,67,28,22,11,0,61,54,0,0,1,2,0,3,2,2,2,0,6,10,7,5,0,22,8,7,5,0,20,0,3,4,4,480,345,24,31,0.8,0.912,0,0,0,1,2,2,0,3464,136,2553,2553,55,41,0,0,0,0,0,0,0,0,0,0,0.0,-,0.0,0.0,0.0,0.0,0.0,0.0,0.0,0.0,0.0,0.0,0.0,0.0,0.0,0.0,0.0,0.0,0.0,0.0,0.0,0.0,0.0,0.0,0.0,2.57,2.57,0.91,0.24,3.78,3.78,0.79,0.01
2025020742,2026-01-15,Capitals,Sharks,Home,RL,2,1,2.3168333163,3.066753095,1.6068925523,2.762857946,Logan Thompson,Alex Nedeljkovic,CG,CG,0,0,0,0,0,0,0,0,1,1,0,0,0,0,0,5,4,14,0,23,11,12,3,0,26,13,14,26,0,53,16,19,15,0,50,39,0,0,1,1,0,2,0,3,0,0,3,6,6,6,0,18,7,6,3,0,16,1,0,2,3,207,360,23,21,0.885,0.913,0,0,0,5,4,1,149,1507,1944,2769,2769,223,32,0,0,0,0,0,0,0,0,0,0,0.0,-,0.0,0.0,0.0,0.0,0.0,0.0,0.0,0.0,0.0,0.0,0.0,0.0,0.0,0.0,0.0,0.0,0.0,0.0,0.0,0.0,0.0,0.0,0.0,1.61,1.61,0.7,0.01,2.76,2.76,0.3,0.0
2025020742,2026-01-15,Sharks,Capitals,Away,RW,1,2,3.066753095,2.3168333163,2.762857946,1.6068925523,Alex Nedeljkovic,Logan Thompson,CG,CG,0,0,0,0,0,0,0,0,0,0,0,0,1,0,0,11,12,3,0,26,5,4,14,0,23,16,19,15,0,50,13,14,26,0,53,40,0,0,3,0,0,3,0,1,1,0,2,7,6,3,0,16,6,6,6,0,18,0,1,3,2,360,207,21,23,0.913,0.885,0,0,5,0,1,4,1507,149,1944,2769,2769,32,223,0,0,0,0,0,0,0,0,0,0,0.0,-,0.0,0.0,0.0,0.0,0.0,0.0,0.0,0.0,0.0,0.0,0.0,0.0,0.0,0.0,0.0,0.0,0.0,0.0,0.0,0.0,0.0,0.0,0.0,2.76,2.76,0.3,0.0,1.61,1.61,0.7,0.01
2025020743,2026-01-15,Blue Jackets,Canucks,Home,RW,2,2,4.2537519609,3.1591105542,3.5428929129,2.6457337612,Elvis Merzlikins,Kevin Lankinen,CG,CG,0,0,0,0,0,0,0,0,1,0,0,0,0,0,0,15,13,8,0,36,11,12,8,0,31,32,24,20,0,76,26,21,15,0,62,66,0,1,2,1,0,4,0,1,0,0,1,6,2,11,0,19,5,3,3,0,11,2,1,2,2,188,198,30,32,0.968,0.889,0,0,0,0,1,1,2555,0,1045,3107,3107,24,33,0,0,0,0,0,0,0,0,0,0,0.0,-,0.0,0.0,0.0,0.0,0.0,0.0,0.0,0.0,0.0,0.0,0.0,0.0,0.0,0.0,0.0,0.0,0.0,0.0,0.0,0.0,0.0,0.0,0.0,3.54,3.54,0.6,0.11,2.65,2.65,0.51,0.0
2025020743,2026-01-15,Canucks,Blue Jackets,Away,RL,2,2,3.1591105542,4.2537519609,2.6457337612,3.5428929129,Kevin Lankinen,Elvis Merzlikins,CG,CG,0,0,0,0,0,0,0,0,0,0,0,0,0,0,0,11,12,8,0,31,15,13,8,0,36,26,21,15,0,62,32,24,20,0,76,56,0,0,1,0,0,1,1,2,1,0,4,5,3,3,0,11,6,2,11,0,19,1,2,2,2,198,188,32,30,0.889,0.968,0,0,0,0,1,1,0,2555,1045,3107,3107,33,24,0,0,0,0,0,0,0,0,0,0,0.0,-,0.0,0.0,0.0,0.0,0.0,0.0,0.0,0.0,0.0,0.0,0.0,0.0,0.0,0.0,0.0,0.0,0.0,0.0,0.0,0.0,0.0,0.0,0.0,2.65,2.65,0.51,0.0,3.54,3.54,0.6,0.11
2025020739,2026-01-15,Bruins,Kraken,Home,RW,2,2,2.2495344783,3.4776778908,1.7684477183,1.9625398188,Jeremy Swayman,Joey Daccord,CG,CG,0,0,0,0,1,0,0,0,1,0,0,0,0,0,0,6,7,11,0,24,11,7,10,0,28,21,15,17,0,53,17,22,18,0,57,44,0,2,1,1,0,4,1,1,0,0,2,9,7,9,0,25,12,5,5,0,22,1,2,2,4,132,359,26,20,0.929,0.833,1,0,3,0,2,2,3546,0,54,2875,2875,38,156,0,0,0,0,0,0,0,0,0,0,0.0,-,0.0,0.0,0.0,0.0,0.0,0.0,0.0,0.0,0.0,0.0,0.0,0.0,0.0,0.0,0.0,0.0,0.0,0.0,0.0,0.0,0.0,0.0,0.0,1.77,1.77,0.23,0.23,1.96,1.96,1.52,0.0
2025020739,2026-01-15,Kraken,Bruins,Away,RL,2,2,3.4776778908,2.2495344783,1.9625398188,1.7684477183,Joey Daccord,Jeremy Swayman,CG,CG,1,0,0,0,0,0,0,0,0,0,0,0,0,0,0,11,7,10,0,28,6,7,11,0,24,17,22,18,0,57,21,15,17,0,53,37,0,1,1,0,0,2,2,1,1,0,4,12,5,5,0,22,9,7,9,0,25,2,1,4,2,359,132,20,26,0.833,0.929,0,1,0,3,2,2,0,3546,54,2875,2875,156,38,0,0,0,0,0,0,0,0,0,0,0.0,-,0.0,0.0,0.0,0.0,0.0,0.0,0.0,0.0,0.0,0.0,0.0,0.0,0.0,0.0,0.0,0.0,0.0,0.0,0.0,0.0,0.0,0.0,0.0,1.96,1.96,1.52,0.0,1.77,1.77,0.23,0.23
2025020744,2026-01-15,Wild,Jets,Home,RL,1,2,2.5714658215,2.5929425398,1.5754188885,1.7886106708,Jesper Wallstedt,Connor Hellebuyck,IG,CG,0,0,0,0,0,0,0,0,0,0,0,0,0,0,0,11,13,10,0,34,10,10,9,0,29,16,20,19,0,55,17,17,19,0,53,41,0,0,1,1,0,2,3,3,0,0,6,4,5,2,0,11,8,5,6,0,19,0,2,3,4,360,370,23,32,0.793,0.941,0,0,0,0,0,1,0,2752,848,2779,2779,22,55,0,0,0,53,0,0,0,0,0,0,0.0,-,0.0,0.0,0.0,0.0,0.0,0.0,0.0,0.0,0.0,0.0,0.0,0.0,0.0,0.0,0.0,0.0,0.0,0.0,0.0,0.0,0.0,0.0,0.0,1.58,1.58,0.91,0.08,1.79,1.79,0.8,0.0
2025020744,2026-01-15,Jets,Wild,Away,RW,2,1,2.5929425398,2.5714658215,1.7886106708,1.5754188885,Connor Hellebuyck,Jesper Wallstedt,CG,IG,0,0,0,0,0,0,0,0,1,0,0,0,0,0,0,10,10,9,0,29,11,13,10,0,34,17,17,19,0,53,16,20,19,0,55,41,0,3,3,0,0,6,0,1,1,0,2,8,5,6,0,19,4,5,2,0,11,2,0,4,3,370,360,32,23,0.941,0.793,0,0,0,0,1,0,2752,0,848,2779,2779,55,22,0,0,53,0,0,0,0,0,0,0,0.0,-,0.0,0.0,0.0,0.0,0.0,0.0,0.0,0.0,0.0,0.0,0.0,0.0,0.0,0.0,0.0,0.0,0.0,0.0,0.0,0.0,0.0,0.0,0.0,1.79,1.79,0.8,0.0,1.58,1.58,0.91,0.08
2025020745,2026-01-15,Blackhawks,Flames,Home,RL,1,2,1.9472678673,2.723330713,1.4073925013,1.7834038060000001,Spencer Knight,Devin Cooley,CG,CG,0,0,0,0,0,0,0,0,1,1,0,0,0,0,0,9,9,5,0,23,6,11,6,0,23,17,22,17,0,56,12,17,15,0,44,45,0,1,0,0,0,1,2,0,1,0,3,4,2,5,0,11,13,7,9,0,29,0,1,4,4,480,228,20,22,0.87,0.957,0,1,0,1,2,1,36,3235,329,2783,2512,74,18,0,0,0,0,0,0,0,0,271,0,0.0,-,0.0,0.0,0.0,0.0,0.0,0.0,0.0,0.0,0.0,0.0,0.0,0.0,0.0,0.0,0.0,0.0,0.0,0.0,0.0,0.0,0.0,0.0,0.0,1.41,1.66,0.22,0.06,1.78,1.78,0.61,0.31
2025020745,2026-01-15,Flames,Blackhawks,Away,RW,2,1,2.723330713,1.9472678673,1.7834038060000001,1.4073925013,Devin Cooley,Spencer Knight,CG,CG,0,0,0,0,0,0,0,0,0,0,0,0,1,0,0,6,11,6,0,23,9,9,5,0,23,12,17,15,0,44,17,22,17,0,56,33,0,2,0,1,0,3,1,0,0,0,1,13,7,9,0,29,4,2,5,0,11,1,0,4,4,228,480,22,20,0.957,0.87,1,0,1,0,1,2,3235,36,329,2783,2512,18,74,0,0,0,0,0,0,0,0,271,0,0.0,-,0.0,0.0,0.0,0.0,0.0,0.0,0.0,0.0,0.0,0.0,0.0,0.0,0.0,0.0,0.0,0.0,0.0,0.0,0.0,0.0,0.0,0.0,0.0,1.78,1.78,0.61,0.31,1.41,1.66,0.22,0.06
2025020746,2026-01-15,Mammoth,Stars,Home,RW,2,2,2.5891600156,2.433860048,2.2035307456,1.487442225,Karel Vejmelka,Jake Oettinger,CG,CG,0,0,0,0,0,0,0,0,1,0,0,0,0,0,0,10,10,7,0,27,5,12,10,0,27,20,23,15,0,58,14,18,20,0,52,50,0,0,1,1,0,2,0,0,1,0,1,5,9,4,0,18,7,4,4,0,15,0,1,2,2,240,145,26,25,0.963,0.926,0,0,7,0,2,0,1088,0,2512,2951,2831,26,229,0,0,0,0,0,0,0,0,120,0,0.0,-,0.0,0.0,0.0,0.0,0.0,0.0,0.0,0.0,0.0,0.0,0.0,0.0,0.0,0.0,0.0,0.0,0.0,0.0,0.0,0.0,0.0,0.0,0.0,2.2,2.2,0.39,0.0,1.49,1.52,0.72,0.2
2025020746,2026-01-15,Stars,Mammoth,Away,RL,2,2,2.433860048,2.5891600156,1.487442225,2.2035307456,Jake Oettinger,Karel Vejmelka,CG,CG,0,0,0,0,0,0,0,0,0,0,0,0,0,0,0,5,12,10,0,27,10,10,7,0,27,14,18,20,0,52,20,23,15,0,58,40,0,0,0,1,0,1,0,1,1,0,2,7,4,4,0,15,5,9,4,0,18,1,0,2,2,145,240,25,26,0.926,0.963,0,0,0,7,0,2,0,1088,2512,2951,2831,229,26,0,0,0,0,0,0,0,0,120,0,0.0,-,0.0,0.0,0.0,0.0,0.0,0.0,0.0,0.0,0.0,0.0,0.0,0.0,0.0,0.0,0.0,0.0,0.0,0.0,0.0,0.0,0.0,0.0,0.0,1.49,1.52,0.72,0.2,2.2,2.2,0.39,0.0
2025020747,2026-01-15,Oilers,Islanders,Home,RL,2,2,5.8294385324,2.3599594309,4.8952465684,1.9128043299,Connor Ingram,Ilya Sorokin,CG,CG,0,0,0,0,0,0,0,0,0,0,0,0,0,0,0,12,13,10,0,35,12,4,2,0,18,25,23,23,0,71,21,12,14,0,47,63,0,0,0,0,0,0,0,0,1,0,1,6,7,3,0,16,5,9,1,0,15,0,1,2,1,243,102,17,35,0.944,1.0,0,0,0,4,4,1,0,378,3222,3083,3083,88,66,0,0,0,0,0,0,0,0,0,0,0.0,-,0.0,0.0,0.0,0.0,0.0,0.0,0.0,0.0,0.0,0.0,0.0,0.0,0.0,0.0,0.0,0.0,0.0,0.0,0.0,0.0,0.0,0.0,0.0,4.9,4.9,0.88,0.05,1.91,1.91,0.27,0.06
2025020747,2026-01-15,Islanders,Oilers,Away,RW,2,2,2.3599594309,5.8294385324,1.9128043299,4.8952465684,Ilya Sorokin,Connor Ingram,CG,CG,0,0,0,0,0,0,0,0,1,0,0,0,0,0,0,12,4,2,0,18,12,13,10,0,35,21,12,14,0,47,25,23,23,0,71,38,0,0,0,1,0,1,0,0,0,0,0,5,9,1,0,15,6,7,3,0,16,1,0,1,2,102,243,35,17,1.0,0.944,0,0,4,0,1,4,378,0,3222,3083,3083,66,88,0,0,0,0,0,0,0,0,0,0,0.0,-,0.0,0.0,0.0,0.0,0.0,0.0,0.0,0.0,0.0,0.0,0.0,0.0,0.0,0.0,0.0,0.0,0.0,0.0,0.0,0.0,0.0,0.0,0.0,1.91,1.91,0.27,0.06,4.9,4.9,0.88,0.05
2025020748,2026-01-15,Golden Knights,Maple Leafs,Home,OTW,2,2,3.4618864943000003,3.0503241908,2.1947591603000003,2.6964852858,Adin Hill,Joseph Woll,CG,CG,1,0,0,0,0,0,0,0,0,0,0,0,1,1,0,10,9,13,1,33,15,7,6,0,28,19,22,20,2,63,25,11,17,2,55,50,0,1,1,3,1,6,3,1,1,0,5,8,4,5,1,18,8,5,4,0,17,2,1,3,1,223,70,23,27,0.821,0.818,0,0,0,1,3,1,0,3468,296,3263,3099,80,88,0,0,0,0,0,0,0,0,0,164,0.0,-,0.0,0.0,0.0,0.0,0.0,0.0,0.0,0.0,0.0,0.0,0.0,0.0,0.0,0.0,0.0,0.0,0.0,0.0,0.0,0.0,0.0,0.0,0.0,2.19,2.44,1.02,0.0,2.7,2.82,0.23,0.0
2025020748,2026-01-15,Maple Leafs,Golden Knights,Away,OTL,2,2,3.0503241908,3.4618864943000003,2.6964852858,2.1947591603000003,Joseph Woll,Adin Hill,CG,CG,0,0,0,0,1,0,0,0,1,1,1,0,0,0,0,15,7,6,0,28,10,9,13,1,33,25,11,17,2,55,19,22,20,2,63,50,0,3,1,1,0,5,1,1,3,1,6,8,5,4,0,17,8,4,5,1,18,1,2,1,3,70,223,27,23,0.818,0.821,0,0,1,0,1,3,3468,0,296,3263,3099,88,80,0,0,0,0,0,0,0,0,0,164,0.0,-,0.0,0.0,0.0,0.0,0.0,0.0,0.0,0.0,0.0,0.0,0.0,0.0,0.0,0.0,0.0,0.0,0.0,0.0,0.0,0.0,0.0,0.0,0.0,2.7,2.82,0.23,0.0,2.19,2.44,1.02,0.0
2025020749,2026-01-16,Red Wings,Sharks,Home,RW,2,2,4.0532950981,3.114608132,3.5558359111,2.783729094,John Gibson,Yaroslav Askarov,CG,CG,0,0,0,0,1,0,0,0,1,0,0,0,1,0,0,9,9,7,0,25,7,4,11,0,22,24,22,22,0,68,17,13,15,0,45,57,0,1,1,2,0,4,1,1,0,0,2,2,3,9,0,14,11,3,2,0,16,1,0,2,1,185,120,20,21,0.909,0.84,1,0,4,0,5,1,1135,297,2168,3146,3146,1,132,0,0,0,0,0,0,0,0,0,0,0.0,-,0.0,0.0,0.0,0.0,0.0,0.0,0.0,0.0,0.0,0.0,0.0,0.0,0.0,0.0,0.0,0.0,0.0,0.0,0.0,0.0,0.0,0.0,0.0,3.56,3.56,0.45,0.03,2.78,2.78,0.33,0.0
2025020749,2026-01-16,Sharks,Red Wings,Away,RL,2,2,3.114608132,4.0532950981,2.783729094,3.5558359111,Yaroslav Askarov,John Gibson,CG,CG,1,0,0,0,0,0,0,0,0,1,0,0,0,0,0,7,4,11,0,22,9,9,7,0,25,17,13,15,0,45,24,22,22,0,68,38,0,1,1,0,0,2,1,1,2,0,4,11,3,2,0,16,2,3,9,0,14,0,1,1,2,120,185,21,20,0.84,0.909,0,1,0,4,1,5,297,1135,2168,3146,3146,132,1,0,0,0,0,0,0,0,0,0,0,0.0,-,0.0,0.0,0.0,0.0,0.0,0.0,0.0,0.0,0.0,0.0,0.0,0.0,0.0,0.0,0.0,0.0,0.0,0.0,0.0,0.0,0.0,0.0,0.0,2.78,2.78,0.33,0.0,3.56,3.56,0.45,0.03
2025020750,2026-01-16,Hurricanes,Panthers,Home,RW,2,1,4.3571647752,1.9427338669,2.9652448892,1.0293594109,Brandon Bussi,Sergei Bobrovsky,CG,CG,0,0,0,0,0,0,0,0,1,0,0,0,0,0,0,12,11,13,0,36,3,5,8,0,16,18,20,21,0,59,12,12,18,0,42,44,0,1,2,6,0,9,0,1,0,0,1,20,6,4,0,30,9,8,2,0,19,4,0,5,5,168,495,15,27,0.938,0.75,0,0,0,0,2,3,1774,0,1826,2813,2659,67,4,6,44,65,0,7,0,4,30,154,0,0.0,-,0.0,0.0,0.0,0.0,0.0,0.0,0.0,0.0,0.0,0.0,0.0,0.0,0.0,0.0,0.0,0.0,0.0,0.0,0.0,0.0,0.0,0.0,0.0,2.97,3.03,1.17,0.16,1.03,1.22,0.73,0.0
2025020750,2026-01-16,Panthers,Hurricanes,Away,RL,1,2,1.9427338669,4.3571647752,1.0293594109,2.9652448892,Sergei Bobrovsky,Brandon Bussi,CG,CG,0,0,0,0,0,0,0,0,0,0,0,0,0,0,0,3,5,8,0,16,12,11,13,0,36,12,12,18,0,42,18,20,21,0,59,32,0,0,1,0,0,1,1,2,6,0,9,9,8,2,0,19,20,6,4,0,30,0,4,5,5,495,168,27,15,0.75,0.938,0,0,0,0,3,2,0,1774,1826,2813,2659,4,67,44,6,0,65,0,7,30,4,154,0,0.0,-,0.0,0.0,0.0,0.0,0.0,0.0,0.0,0.0,0.0,0.0,0.0,0.0,0.0,0.0,0.0,0.0,0.0,0.0,0.0,0.0,0.0,0.0,0.0,1.03,1.22,0.73,0.0,2.97,3.03,1.17,0.16
2025020751,2026-01-16,Blues,Lightning,Home,SOW,2,2,2.0542327169,4.1056308401,1.5246945919,2.7129538991,Joel Hofer,Andrei Vasilevskiy,CG,CG,0,0,0,0,0,0,0,0,1,0,0,0,0,0,0,7,5,5,4,21,11,15,8,2,36,17,10,12,4,43,23,25,20,5,73,34,0,2,0,0,0,2,0,2,0,0,2,9,9,6,0,24,5,3,4,0,12,0,2,2,3,245,245,34,19,0.944,0.905,0,0,0,0,1,3,838,0,3062,3357,3059,20,4,2,0,0,8,0,0,0,1,0,298,0.0,-,0.0,0.0,0.0,0.0,0.0,0.0,0.0,0.0,0.0,0.0,0.0,0.0,0.0,0.0,0.0,0.0,0.0,0.0,0.0,0.0,0.0,0.0,0.0,1.52,1.73,0.33,0.0,2.71,2.86,1.25,0.0
2025020751,2026-01-16,Lightning,Blues,Away,SOL,2,2,4.1056308401,2.0542327169,2.7129538991,1.5246945919,Andrei Vasilevskiy,Joel Hofer,CG,CG,0,0,0,0,0,0,0,0,0,0,0,0,0,0,0,11,15,8,2,36,7,5,5,4,21,23,25,20,5,73,17,10,12,4,43,56,0,0,2,0,0,2,2,0,0,0,2,5,3,4,0,12,9,9,6,0,24,2,0,3,2,245,245,19,34,0.905,0.944,0,0,0,0,3,1,0,838,3062,3357,3059,4,20,0,2,8,0,0,0,1,0,0,298,0.0,-,0.0,0.0,0.0,0.0,0.0,0.0,0.0,0.0,0.0,0.0,0.0,0.0,0.0,0.0,0.0,0.0,0.0,0.0,0.0,0.0,0.0,0.0,0.0,2.71,2.86,1.25,0.0,1.52,1.73,0.33,0.0
2025020752,2026-01-16,Avalanche,Predators,Home,RL,1,2,3.5160251609,2.244446928,3.1557985979,1.739991138,Mackenzie Blackwood,Juuse Saros,CG,CG,0,0,0,0,0,0,0,0,0,0,0,0,0,0,0,17,16,10,0,43,11,11,8,0,30,29,24,18,0,71,21,17,14,0,52,66,0,2,0,1,0,3,2,2,3,0,7,6,3,5,0,14,6,7,3,0,16,0,1,2,1,240,78,23,40,0.767,0.93,0,2,0,4,0,0,0,1897,1703,3205,3205,17,40,0,0,0,0,0,0,10,0,0,0,0.0,-,0.0,0.0,0.0,0.0,0.0,0.0,0.0,0.0,0.0,0.0,0.0,0.0,0.0,0.0,0.0,0.0,0.0,0.0,0.0,0.0,0.0,0.0,0.0,3.16,3.16,0.36,0.0,1.74,1.74,0.14,0.05
2025020752,2026-01-16,Predators,Avalanche,Away,RW,2,1,2.244446928,3.5160251609,1.739991138,3.1557985979,Juuse Saros,Mackenzie Blackwood,CG,CG,0,0,0,0,0,0,0,0,1,0,0,0,0,0,0,11,11,8,0,30,17,16,10,0,43,21,17,14,0,52,29,24,18,0,71,45,0,2,2,3,0,7,2,0,1,0,3,6,7,3,0,16,6,3,5,0,14,1,0,1,2,78,240,40,23,0.93,0.767,2,0,4,0,0,0,1897,0,1703,3205,3205,40,17,0,0,0,0,0,0,0,10,0,0,0.0,-,0.0,0.0,0.0,0.0,0.0,0.0,0.0,0.0,0.0,0.0,0.0,0.0,0.0,0.0,0.0,0.0,0.0,0.0,0.0,0.0,0.0,0.0,0.0,1.74,1.74,0.14,0.05,3.16,3.16,0.36,0.0
2025020753,2026-01-16,Kings,Ducks,Home,SOL,2,2,3.9136533399999998,2.9536451979,3.394958804,2.1913903999,Darcy Kuemper,Lukas Dostal,CG,CG,0,0,0,0,0,0,0,0,1,1,1,0,0,0,0,10,12,5,1,28,6,11,8,3,28,26,19,13,1,59,14,26,19,3,62,51,0,1,1,0,0,2,0,2,0,0,2,4,6,5,0,15,8,9,4,0,21,0,0,3,2,360,240,26,26,0.929,0.929,0,0,0,0,2,0,1998,0,1902,3231,2794,34,35,0,0,0,0,0,0,0,0,137,300,0.0,-,0.0,0.0,0.0,0.0,0.0,0.0,0.0,0.0,0.0,0.0,0.0,0.0,0.0,0.0,0.0,0.0,0.0,0.0,0.0,0.0,0.0,0.0,0.0,3.39,3.43,0.31,0.17,2.19,2.56,0.31,0.09
2025020753,2026-01-16,Ducks,Kings,Away,SOW,2,2,2.9536451979,3.9136533399999998,2.1913903999,3.394958804,Lukas Dostal,Darcy Kuemper,CG,CG,0,0,0,0,0,0,0,0,0,0,0,0,1,1,0,6,11,8,3,28,10,12,5,1,28,14,26,19,3,62,26,19,13,1,59,50,0,0,2,0,0,2,1,1,0,0,2,8,9,4,0,21,4,6,5,0,15,0,0,2,3,240,360,26,26,0.929,0.929,0,0,0,0,0,2,0,1998,1902,3231,2794,35,34,0,0,0,0,0,0,0,0,137,300,0.0,-,0.0,0.0,0.0,0.0,0.0,0.0,0.0,0.0,0.0,0.0,0.0,0.0,0.0,0.0,0.0,0.0,0.0,0.0,0.0,0.0,0.0,0.0,0.0,2.19,2.56,0.31,0.09,3.39,3.43,0.31,0.17
2025020754,2026-01-17,Sabres,Wild,Home,OTL,3,2,3.1877229974,4.4241038936,2.1930787734,3.3291235376,Ukko-Pekka Luukkonen,Filip Gustavsson,CG,CG,0,1,0,0,0,0,0,0,0,1,0,0,0,0,0,6,9,9,0,24,7,18,10,1,36,16,20,21,1,58,16,21,19,3,59,45,0,1,3,0,0,4,2,2,0,1,5,7,8,5,1,21,10,9,12,0,31,1,1,4,4,292,480,31,20,0.861,0.833,0,0,0,0,5,0,57,748,2901,2691,2601,84,24,0,106,41,0,0,0,0,0,90,0,0.0,-,0.0,0.0,0.0,0.0,0.0,0.0,0.0,0.0,0.0,0.0,0.0,0.0,0.0,0.0,0.0,0.0,0.0,0.0,0.0,0.0,0.0,0.0,0.0,2.19,2.5,0.51,0.17,3.33,3.33,1.06,0.04
2025020754,2026-01-17,Wild,Sabres,Away,OTW,2,3,4.4241038936,3.1877229974,3.3291235376,2.1930787734,Filip Gustavsson,Ukko-Pekka Luukkonen,CG,CG,0,0,0,0,0,1,0,0,1,0,0,0,1,0,0,7,18,10,1,36,6,9,9,0,24,16,21,19,3,59,16,20,21,1,58,46,0,2,2,0,1,5,1,3,0,0,4,10,9,12,0,31,7,8,5,1,21,1,1,4,4,480,292,20,31,0.833,0.861,0,0,0,0,0,5,748,57,2901,2691,2601,24,84,106,0,0,41,0,0,0,0,90,0,0.0,-,0.0,0.0,0.0,0.0,0.0,0.0,0.0,0.0,0.0,0.0,0.0,0.0,0.0,0.0,0.0,0.0,0.0,0.0,0.0,0.0,0.0,0.0,0.0,3.33,3.33,1.06,0.04,2.19,2.5,0.51,0.17
2025020755,2026-01-17,Flyers,Rangers,Home,RL,3,2,2.8343392337,4.3372648315,2.2655106487,3.2856533575,Aleksei Kolosov,Spencer Martin,IG,CG,0,1,0,0,0,0,0,0,1,1,0,0,0,0,0,8,7,13,0,28,6,13,9,0,28,15,14,27,0,56,21,28,21,0,70,50,0,1,1,1,0,3,3,3,0,0,6,10,8,9,0,27,16,3,7,0,26,0,1,1,3,120,354,22,25,0.786,0.893,0,0,0,0,2,1,43,3154,403,3021,2930,43,19,0,0,0,0,0,0,0,0,91,0,0.0,-,0.0,0.0,0.0,0.0,0.0,0.0,0.0,0.0,0.0,0.0,0.0,0.0,0.0,0.0,0.0,0.0,0.0,0.0,0.0,0.0,0.0,0.0,0.0,2.27,2.42,0.0,0.41,3.29,3.35,0.78,0.2
2025020755,2026-01-17,Rangers,Flyers,Away,RW,2,3,4.3372648315,2.8343392337,3.2856533575,2.2655106487,Spencer Martin,Aleksei Kolosov,CG,IG,0,0,0,0,0,1,0,0,0,0,0,0,1,0,0,6,13,9,0,28,8,7,13,0,28,21,28,21,0,70,15,14,27,0,56,59,0,3,3,0,0,6,1,1,1,0,3,16,3,7,0,26,10,8,9,0,27,1,0,3,1,354,120,25,22,0.893,0.786,0,0,0,0,1,2,3154,43,403,3021,2930,19,43,0,0,0,0,0,0,0,0,91,0,0.0,-,0.0,0.0,0.0,0.0,0.0,0.0,0.0,0.0,0.0,0.0,0.0,0.0,0.0,0.0,0.0,0.0,0.0,0.0,0.0,0.0,0.0,0.0,0.0,3.29,3.35,0.78,0.2,2.27,2.42,0.0,0.41
2025020756,2026-01-17,Flames,Islanders,Home,RW,3,3,2.718161415,3.5971873069,1.720465395,2.7869925209,Dustin Wolf,David Rittich,CG,CG,0,0,0,0,0,0,0,0,1,0,0,0,0,0,0,4,7,8,0,19,10,9,11,0,30,13,23,17,0,53,27,23,25,0,75,39,0,1,3,0,0,4,0,1,1,0,2,5,2,2,0,9,11,8,6,0,25,0,0,3,2,360,229,28,15,0.933,0.789,0,0,8,0,2,4,2889,0,711,2658,2658,5,348,0,0,0,0,0,0,0,109,0,0,0.0,-,0.0,0.0,0.0,0.0,0.0,0.0,0.0,0.0,0.0,0.0,0.0,0.0,0.0,0.0,0.0,0.0,0.0,0.0,0.0,0.0,0.0,0.0,0.0,1.72,1.72,0.67,0.0,2.79,2.79,0.8,0.01
2025020756,2026-01-17,Islanders,Flames,Away,RL,3,3,3.5971873069,2.718161415,2.7869925209,1.720465395,David Rittich,Dustin Wolf,CG,CG,0,0,0,0,0,0,0,0,0,0,0,0,0,0,0,10,9,11,0,30,4,7,8,0,19,27,23,25,0,75,13,23,17,0,53,58,0,0,1,1,0,2,1,3,0,0,4,11,8,6,0,25,5,2,2,0,9,0,0,2,3,229,360,15,28,0.789,0.933,0,0,0,8,4,2,0,2889,711,2658,2658,348,5,0,0,0,0,0,0,109,0,0,0,0.0,-,0.0,0.0,0.0,0.0,0.0,0.0,0.0,0.0,0.0,0.0,0.0,0.0,0.0,0.0,0.0,0.0,0.0,0.0,0.0,0.0,0.0,0.0,0.0,2.79,2.79,0.8,0.01,1.72,1.72,0.67,0.0
2025020757,2026-01-17,Mammoth,Kraken,Home,RW,3,3,4.2387246478,3.312900764,3.0987967568,2.495485687,Karel Vejmelka,Philipp Grubauer,CG,CG,0,0,0,0,0,1,0,0,0,0,0,0,1,0,0,12,8,11,0,31,12,7,2,0,21,25,17,23,0,65,24,22,12,0,58,51,0,1,2,3,0,6,1,2,0,0,3,10,6,9,0,25,9,1,3,0,13,0,0,2,3,240,240,18,25,0.857,0.806,1,0,5,0,2,2,1365,98,2137,2938,2938,0,135,0,0,0,96,0,0,0,0,0,0,0.0,-,0.0,0.0,0.0,0.0,0.0,0.0,0.0,0.0,0.0,0.0,0.0,0.0,0.0,0.0,0.0,0.0,0.0,0.0,0.0,0.0,0.0,0.0,0.0,3.1,3.1,0.4,0.27,2.5,2.5,0.82,0.0
2025020757,2026-01-17,Kraken,Mammoth,Away,RL,3,3,3.312900764,4.2387246478,2.495485687,3.0987967568,Philipp Grubauer,Karel Vejmelka,CG,CG,0,1,0,0,0,0,0,0,1,1,0,0,0,0,0,12,7,2,0,21,12,8,11,0,31,24,22,12,0,58,25,17,23,0,65,49,0,1,2,0,0,3,1,2,3,0,6,9,1,3,0,13,10,6,9,0,25,0,0,3,2,240,240,25,18,0.806,0.857,0,1,0,5,2,2,98,1365,2137,2938,2938,135,0,0,0,96,0,0,0,0,0,0,0,0.0,-,0.0,0.0,0.0,0.0,0.0,0.0,0.0,0.0,0.0,0.0,0.0,0.0,0.0,0.0,0.0,0.0,0.0,0.0,0.0,0.0,0.0,0.0,0.0,2.5,2.5,0.82,0.0,3.1,3.1,0.4,0.27
2025020758,2026-01-17,Senators,Canadiens,Home,OTL,3,3,3.5364411467,2.3135187004,2.4767715077,1.4102340234,Leevi Meriläinen,Samuel Montembeault,CG,CG,0,0,0,0,0,0,0,0,0,1,1,0,0,0,0,8,14,12,0,34,6,4,6,3,19,20,22,21,1,64,23,20,13,3,59,47,0,0,4,1,0,5,2,1,2,1,6,13,6,7,0,26,10,6,12,0,28,2,2,3,5,229,467,13,29,0.684,0.853,0,0,0,0,1,2,1097,1866,670,2794,2702,70,19,0,0,42,0,0,0,20,0,59,33,0.0,-,0.0,0.0,0.0,0.0,0.0,0.0,0.0,0.0,0.0,0.0,0.0,0.0,0.0,0.0,0.0,0.0,0.0,0.0,0.0,0.0,0.0,0.0,0.0,2.48,2.73,0.79,0.02,1.41,1.64,0.6,0.07
2025020758,2026-01-17,Canadiens,Senators,Away,OTW,3,3,2.3135187004,3.5364411467,1.4102340234,2.4767715077,Samuel Montembeault,Leevi Meriläinen,CG,CG,0,0,0,0,0,0,0,0,1,0,0,0,1,1,0,6,4,6,3,19,8,14,12,0,34,23,20,13,3,59,20,22,21,1,64,40,0,2,1,2,1,6,0,4,1,0,5,10,6,12,0,28,13,6,7,0,26,2,2,5,3,467,229,29,13,0.853,0.684,0,0,0,0,2,1,1866,1097,670,2794,2702,19,70,0,0,0,42,0,0,0,20,59,33,0.0,-,0.0,0.0,0.0,0.0,0.0,0.0,0.0,0.0,0.0,0.0,0.0,0.0,0.0,0.0,0.0,0.0,0.0,0.0,0.0,0.0,0.0,0.0,0.0,1.41,1.64,0.6,0.07,2.48,2.73,0.79,0.02
2025020759,2026-01-17,Devils,Hurricanes,Home,RL,2,3,2.9688981788,4.8352853575,2.442746086,4.3229303125,Jacob Markstrom,Frederik Andersen,CG,CG,0,0,0,0,1,0,0,0,0,0,0,0,0,0,0,10,11,9,0,30,4,16,15,0,35,20,19,18,0,57,10,26,28,0,64,50,0,0,0,1,0,1,0,2,2,0,4,10,4,8,0,22,8,6,6,0,20,1,0,4,1,438,120,31,29,0.886,0.967,0,0,0,0,2,0,0,1608,1992,2991,2991,6,42,0,0,0,0,0,0,0,0,0,0,0.0,-,0.0,0.0,0.0,0.0,0.0,0.0,0.0,0.0,0.0,0.0,0.0,0.0,0.0,0.0,0.0,0.0,0.0,0.0,0.0,0.0,0.0,0.0,0.0,2.44,2.44,0.35,0.18,4.32,4.32,0.51,0.0
2025020759,2026-01-17,Hurricanes,Devils,Away,RW,3,2,4.8352853575,2.9688981788,4.3229303125,2.442746086,Frederik Andersen,Jacob Markstrom,CG,CG,1,0,0,0,0,0,0,0,1,0,0,0,0,0,0,4,16,15,0,35,10,11,9,0,30,10,26,28,0,64,20,19,18,0,57,55,0,0,2,2,0,4,0,0,1,0,1,8,6,6,0,20,10,4,8,0,22,0,1,1,4,120,438,29,31,0.967,0.886,0,0,0,0,0,2,1608,0,1992,2991,2991,42,6,0,0,0,0,0,0,0,0,0,0,0.0,-,0.0,0.0,0.0,0.0,0.0,0.0,0.0,0.0,0.0,0.0,0.0,0.0,0.0,0.0,0.0,0.0,0.0,0.0,0.0,0.0,0.0,0.0,0.0,4.32,4.32,0.51,0.0,2.44,2.44,0.35,0.18
2025020760,2026-01-17,Penguins,Blue Jackets,Home,SOL,3,3,4.693627993,2.9684008238,2.479886386,2.1216401758,Arturs Silovs,Elvis Merzlikins,CG,CG,0,0,0,0,0,0,0,0,0,1,0,0,0,0,0,10,8,9,6,33,4,13,7,2,26,26,12,25,8,71,14,24,20,5,63,50,0,2,0,1,0,3,1,2,0,0,3,6,7,4,0,17,13,8,3,0,24,0,0,3,2,360,255,23,30,0.885,0.909,0,0,0,0,1,0,580,1718,1602,3164,2745,74,45,0,0,0,0,0,0,0,0,119,300,0.0,-,0.0,0.0,0.0,0.0,0.0,0.0,0.0,0.0,0.0,0.0,0.0,0.0,0.0,0.0,0.0,0.0,0.0,0.0,0.0,0.0,0.0,0.0,0.0,2.48,3.74,0.85,0.1,2.12,2.54,0.14,0.28
2025020760,2026-01-17,Blue Jackets,Penguins,Away,SOW,3,3,2.9684008238,4.693627993,2.1216401758,2.479886386,Elvis Merzlikins,Arturs Silovs,CG,CG,0,0,0,0,0,0,0,0,1,0,0,0,1,0,0,4,13,7,2,26,10,8,9,6,33,14,24,20,5,63,26,12,25,8,71,46,0,1,2,0,0,3,2,0,1,0,3,13,8,3,0,24,6,7,4,0,17,0,0,2,3,255,360,30,23,0.909,0.885,0,0,0,0,0,1,1718,580,1602,3164,2745,45,74,0,0,0,0,0,0,0,0,119,300,0.0,-,0.0,0.0,0.0,0.0,0.0,0.0,0.0,0.0,0.0,0.0,0.0,0.0,0.0,0.0,0.0,0.0,0.0,0.0,0.0,0.0,0.0,0.0,0.0,2.12,2.54,0.14,0.28,2.48,3.74,0.85,0.1
2025020761,2026-01-17,Capitals,Panthers,Home,RL,3,2,3.0067499333,4.1406222904,2.5576510465,3.1844923704,Logan Thompson,Daniil Tarasov,CG,CG,0,0,0,0,1,0,0,0,0,1,0,0,0,0,0,4,14,6,0,24,14,7,10,0,31,16,36,12,0,64,25,13,22,0,60,56,0,0,2,0,0,2,1,2,2,0,5,15,8,7,0,30,11,4,7,0,22,0,1,1,2,120,165,26,22,0.839,0.917,0,2,0,2,3,4,96,2005,1499,3228,3115,33,15,0,0,0,0,0,0,0,0,113,0,0.0,-,0.0,0.0,0.0,0.0,0.0,0.0,0.0,0.0,0.0,0.0,0.0,0.0,0.0,0.0,0.0,0.0,0.0,0.0,0.0,0.0,0.0,0.0,0.0,2.56,2.87,0.14,0.0,3.18,3.35,0.63,0.0
2025020761,2026-01-17,Panthers,Capitals,Away,RW,2,3,4.1406222904,3.0067499333,3.1844923704,2.5576510465,Daniil Tarasov,Logan Thompson,CG,CG,1,0,0,0,0,0,0,0,1,0,0,0,1,0,0,14,7,10,0,31,4,14,6,0,24,25,13,22,0,60,16,36,12,0,64,48,0,1,2,2,0,5,0,2,0,0,2,11,4,7,0,22,15,8,7,0,30,1,0,2,1,165,120,22,26,0.917,0.839,2,0,2,0,4,3,2005,96,1499,3228,3115,15,33,0,0,0,0,0,0,0,0,113,0,0.0,-,0.0,0.0,0.0,0.0,0.0,0.0,0.0,0.0,0.0,0.0,0.0,0.0,0.0,0.0,0.0,0.0,0.0,0.0,0.0,0.0,0.0,0.0,0.0,3.18,3.35,0.63,0.0,2.56,2.87,0.14,0.0
2025020762,2026-01-17,Jets,Maple Leafs,Home,OTL,3,3,3.5356088607,3.297647786,2.4000822947,2.1717437907,Connor Hellebuyck,Dennis Hildeby,CG,CG,0,0,0,0,0,0,0,0,1,1,1,0,0,0,0,10,7,13,0,30,7,10,17,3,37,17,22,23,3,65,12,20,24,5,61,48,0,0,2,1,0,3,0,1,2,1,4,6,6,5,0,17,11,6,4,0,21,0,0,3,2,361,240,33,27,0.892,0.9,0,0,0,0,3,2,1990,0,1798,3106,2918,23,58,0,0,0,0,0,0,0,0,0,188,0.0,-,0.0,0.0,0.0,0.0,0.0,0.0,0.0,0.0,0.0,0.0,0.0,0.0,0.0,0.0,0.0,0.0,0.0,0.0,0.0,0.0,0.0,0.0,0.0,2.4,2.44,0.82,0.27,2.17,2.67,0.1,0.53
2025020762,2026-01-17,Maple Leafs,Jets,Away,OTW,3,3,3.297647786,3.5356088607,2.1717437907,2.4000822947,Dennis Hildeby,Connor Hellebuyck,CG,CG,0,0,0,0,0,0,0,0,0,0,0,0,1,1,0,7,10,17,3,37,10,7,13,0,30,12,20,24,5,61,17,22,23,3,65,50,0,0,1,2,1,4,0,2,1,0,3,11,6,4,0,21,6,6,5,0,17,0,0,2,3,240,361,27,33,0.9,0.892,0,0,0,0,2,3,0,1990,1798,3106,2918,58,23,0,0,0,0,0,0,0,0,0,188,0.0,-,0.0,0.0,0.0,0.0,0.0,0.0,0.0,0.0,0.0,0.0,0.0,0.0,0.0,0.0,0.0,0.0,0.0,0.0,0.0,0.0,0.0,0.0,0.0,2.17,2.67,0.1,0.53,2.4,2.44,0.82,0.27
2025020763,2026-01-17,Blackhawks,Bruins,Home,RL,2,3,2.2006170489,2.7944840833,1.4425468039,2.4694494493,Arvid Soderblom,Joonas Korpisalo,CG,CG,0,0,0,0,0,0,0,0,1,1,1,0,0,0,0,6,8,10,0,24,8,9,6,0,23,15,20,19,0,54,16,19,16,0,51,44,0,2,0,0,0,2,0,3,2,0,5,9,8,7,0,24,7,8,3,0,18,0,1,1,1,120,86,18,22,0.783,0.917,0,0,0,7,4,2,1117,1246,1237,3108,3108,280,3,0,0,0,0,0,0,0,0,0,0,0.0,-,0.0,0.0,0.0,0.0,0.0,0.0,0.0,0.0,0.0,0.0,0.0,0.0,0.0,0.0,0.0,0.0,0.0,0.0,0.0,0.0,0.0,0.0,0.0,1.44,1.44,0.76,0.0,2.47,2.47,0.28,0.0
2025020763,2026-01-17,Bruins,Blackhawks,Away,RW,3,2,2.7944840833,2.2006170489,2.4694494493,1.4425468039,Joonas Korpisalo,Arvid Soderblom,CG,CG,0,0,0,0,0,0,0,0,0,0,0,0,1,1,0,8,9,6,0,23,6,8,10,0,24,16,19,16,0,51,15,20,19,0,54,41,0,0,3,2,0,5,2,0,0,0,2,7,8,3,0,18,9,8,7,0,24,1,0,1,1,86,120,22,18,0.917,0.783,0,0,7,0,2,4,1246,1117,1237,3108,3108,3,280,0,0,0,0,0,0,0,0,0,0,0.0,-,0.0,0.0,0.0,0.0,0.0,0.0,0.0,0.0,0.0,0.0,0.0,0.0,0.0,0.0,0.0,0.0,0.0,0.0,0.0,0.0,0.0,0.0,0.0,2.47,2.47,0.28,0.0,1.44,1.44,0.76,0.0
2025020764,2026-01-17,Canucks,Oilers,Home,RL,3,3,2.8090742897,5.6069140887,2.4795842567,4.3418301567,Nikita Tolopilo,Tristan Jarry,CG,CG,0,0,0,0,0,0,0,0,0,0,0,0,0,0,0,7,9,15,0,31,9,17,9,0,35,17,18,18,0,53,17,27,21,0,65,48,0,0,0,0,0,0,0,6,0,0,6,6,6,7,0,19,7,6,2,0,15,0,1,1,4,120,416,29,31,0.829,1.0,0,0,0,0,0,2,0,2209,1391,3008,3008,32,1,0,0,0,0,0,0,0,0,0,0,0.0,-,0.0,0.0,0.0,0.0,0.0,0.0,0.0,0.0,0.0,0.0,0.0,0.0,0.0,0.0,0.0,0.0,0.0,0.0,0.0,0.0,0.0,0.0,0.0,2.48,2.48,0.33,0.0,4.34,4.34,1.27,0.0
2025020764,2026-01-17,Oilers,Canucks,Away,RW,3,3,5.6069140887,2.8090742897,4.3418301567,2.4795842567,Tristan Jarry,Nikita Tolopilo,CG,CG,0,0,0,0,0,0,0,0,1,0,0,0,0,0,0,9,17,9,0,35,7,9,15,0,31,17,27,21,0,65,17,18,18,0,53,49,0,0,6,0,0,6,0,0,0,0,0,7,6,2,0,15,6,6,7,0,19,1,0,4,1,416,120,31,29,1.0,0.829,0,0,0,0,2,0,2209,0,1391,3008,3008,1,32,0,0,0,0,0,0,0,0,0,0,0.0,-,0.0,0.0,0.0,0.0,0.0,0.0,0.0,0.0,0.0,0.0,0.0,0.0,0.0,0.0,0.0,0.0,0.0,0.0,0.0,0.0,0.0,0.0,0.0,4.34,4.34,1.27,0.0,2.48,2.48,0.33,0.0
2025020765,2026-01-17,Golden Knights,Predators,Home,RW,3,3,3.75039643,2.6166714388,3.102886862,2.1298412678,Akira Schmid,Justus Annunen,CG,CG,0,1,0,0,1,0,0,0,0,0,0,0,1,0,0,15,10,11,0,36,9,11,9,0,29,22,21,20,0,63,21,22,18,0,61,54,0,0,2,5,0,7,1,0,1,0,2,8,9,8,0,25,5,5,4,0,14,0,1,1,3,120,326,27,29,0.931,0.806,0,0,0,0,1,1,1298,1387,915,3118,2980,11,25,0,0,0,0,0,0,0,0,138,0,0.0,-,0.0,0.0,0.0,0.0,0.0,0.0,0.0,0.0,0.0,0.0,0.0,0.0,0.0,0.0,0.0,0.0,0.0,0.0,0.0,0.0,0.0,0.0,0.0,3.1,3.22,0.33,0.2,2.13,2.22,0.4,0.0
2025020765,2026-01-17,Predators,Golden Knights,Away,RL,3,3,2.6166714388,3.75039643,2.1298412678,3.102886862,Justus Annunen,Akira Schmid,CG,CG,1,0,0,0,0,1,0,0,1,1,0,0,0,0,0,9,11,9,0,29,15,10,11,0,36,21,22,18,0,61,22,21,20,0,63,51,0,1,0,1,0,2,0,2,5,0,7,5,5,4,0,14,8,9,8,0,25,1,0,3,1,326,120,29,27,0.806,0.931,0,0,0,0,1,1,1387,1298,915,3118,2980,25,11,0,0,0,0,0,0,0,0,138,0,0.0,-,0.0,0.0,0.0,0.0,0.0,0.0,0.0,0.0,0.0,0.0,0.0,0.0,0.0,0.0,0.0,0.0,0.0,0.0,0.0,0.0,0.0,0.0,0.0,2.13,2.22,0.4,0.0,3.1,3.22,0.33,0.2
2025020766,2026-01-17,Ducks,Kings,Home,OTW,3,3,3.6542693955,1.9758956914,2.5903019745,1.0601654724,Ville Husso,Anton Forsberg,CG,CG,1,0,0,0,1,1,0,0,1,0,0,0,0,0,0,7,9,13,4,33,3,8,7,0,18,23,17,25,6,71,10,20,16,2,48,52,0,1,0,0,1,2,0,1,0,0,1,10,10,10,0,30,7,9,5,0,21,0,1,3,6,393,604,17,31,0.944,0.939,0,0,2,0,2,3,1168,0,2674,2746,2628,31,51,103,0,0,71,0,0,0,0,34,84,0.0,-,0.0,0.0,0.0,0.0,0.0,0.0,0.0,0.0,0.0,0.0,0.0,0.0,0.0,0.0,0.0,0.0,0.0,0.0,0.0,0.0,0.0,0.0,0.0,2.59,2.8,0.86,0.0,1.06,1.1,0.88,0.0
2025020766,2026-01-17,Kings,Ducks,Away,OTL,3,3,1.9758956914,3.6542693955,1.0601654724,2.5903019745,Anton Forsberg,Ville Husso,CG,CG,1,1,0,0,1,0,0,0,0,0,0,0,0,0,0,3,8,7,0,18,7,9,13,4,33,10,20,16,2,48,23,17,25,6,71,31,0,0,1,0,0,1,1,0,0,1,2,7,9,5,0,21,10,10,10,0,30,1,0,6,3,604,393,31,17,0.939,0.944,0,0,0,2,3,2,0,1168,2674,2746,2628,51,31,0,103,71,0,0,0,0,0,34,84,0.0,-,0.0,0.0,0.0,0.0,0.0,0.0,0.0,0.0,0.0,0.0,0.0,0.0,0.0,0.0,0.0,0.0,0.0,0.0,0.0,0.0,0.0,0.0,0.0,1.06,1.1,0.88,0.0,2.59,2.8,0.86,0.0
2025020767,2026-01-18,Stars,Lightning,Home,RL,3,3,2.7567804493,3.4882105507,1.7735877003,2.921104468,Jake Oettinger,Andrei Vasilevskiy,CG,CG,0,0,0,0,0,0,0,0,1,1,0,0,0,0,0,9,9,2,0,20,5,15,6,0,26,14,18,10,0,42,11,25,21,0,57,31,0,1,0,0,0,1,1,2,1,0,4,7,5,4,0,16,5,11,5,0,21,0,0,2,2,240,240,22,19,0.846,0.95,0,1,0,6,2,2,244,1736,1620,2941,2801,131,48,0,0,0,0,0,0,0,0,140,0,0.0,-,0.0,0.0,0.0,0.0,0.0,0.0,0.0,0.0,0.0,0.0,0.0,0.0,0.0,0.0,0.0,0.0,0.0,0.0,0.0,0.0,0.0,0.0,0.0,1.77,2.2,0.48,0.08,2.92,2.92,0.38,0.08
2025020767,2026-01-18,Lightning,Stars,Away,RW,3,3,3.4882105507,2.7567804493,2.921104468,1.7735877003,Andrei Vasilevskiy,Jake Oettinger,CG,CG,0,0,0,0,0,0,0,0,0,0,0,0,1,0,0,5,15,6,0,26,9,9,2,0,20,11,25,21,0,57,14,18,10,0,42,44,0,1,2,1,0,4,1,0,0,0,1,5,11,5,0,21,7,5,4,0,16,0,0,2,2,240,240,19,22,0.95,0.846,1,0,6,0,2,2,1736,244,1620,2941,2801,48,131,0,0,0,0,0,0,0,0,140,0,0.0,-,0.0,0.0,0.0,0.0,0.0,0.0,0.0,0.0,0.0,0.0,0.0,0.0,0.0,0.0,0.0,0.0,0.0,0.0,0.0,0.0,0.0,0.0,0.0,2.92,2.92,0.38,0.08,1.77,2.2,0.48,0.08
2025020768,2026-01-18,Red Wings,Senators,Home,OTW,3,4,3.5346648424,3.1007205905,1.6324381989,2.4209403145,John Gibson,James Reimer,CG,CG,0,0,0,0,1,0,1,0,0,0,0,0,1,1,0,9,15,9,1,34,9,10,3,0,22,22,28,17,1,68,21,16,11,1,49,45,0,1,2,0,1,4,2,1,0,0,3,5,8,6,0,19,10,7,7,0,24,2,2,5,3,510,203,19,30,0.864,0.882,0,0,0,0,2,1,132,1300,2204,2848,2812,4,60,0,0,0,0,0,0,11,39,0,36,0.0,-,0.0,0.0,0.0,0.0,0.0,0.0,0.0,0.0,0.0,0.0,0.0,0.0,0.0,0.0,0.0,0.0,0.0,0.0,0.0,0.0,0.0,0.0,0.0,1.63,1.71,1.82,0.0,2.42,2.51,0.58,0.01
2025020768,2026-01-18,Senators,Red Wings,Away,OTL,4,3,3.1007205905,3.5346648424,2.4209403145,1.6324381989,James Reimer,John Gibson,CG,CG,1,0,1,0,0,0,0,0,1,1,1,0,0,0,0,9,10,3,0,22,9,15,9,1,34,21,16,11,1,49,22,28,17,1,68,37,0,2,1,0,0,3,1,2,0,1,4,10,7,7,0,24,5,8,6,0,19,2,2,3,5,203,510,30,19,0.882,0.864,0,0,0,0,1,2,1300,132,2204,2848,2812,60,4,0,0,0,0,0,0,39,11,0,36,0.0,-,0.0,0.0,0.0,0.0,0.0,0.0,0.0,0.0,0.0,0.0,0.0,0.0,0.0,0.0,0.0,0.0,0.0,0.0,0.0,0.0,0.0,0.0,0.0,2.42,2.51,0.58,0.01,1.63,1.71,1.82,0.0
2025020769,2026-01-18,Oilers,Blues,Home,RW,4,3,3.2240609667,2.9833619366,2.5030820147,2.2481454326,Connor Ingram,Jordan Binnington,CG,CG,1,1,1,0,0,0,0,0,1,0,0,0,0,0,0,12,6,10,0,28,7,12,8,0,27,18,22,20,0,60,16,18,16,0,50,52,0,3,1,1,0,5,0,0,0,0,0,5,5,5,0,15,8,6,6,0,20,1,0,3,4,219,517,27,23,1.0,0.821,0,0,0,0,0,0,3245,0,355,2831,2831,26,7,0,0,55,0,0,0,0,6,0,0,0.0,-,0.0,0.0,0.0,0.0,0.0,0.0,0.0,0.0,0.0,0.0,0.0,0.0,0.0,0.0,0.0,0.0,0.0,0.0,0.0,0.0,0.0,0.0,0.0,2.5,2.5,0.25,0.47,2.25,2.25,0.68,0.05
2025020769,2026-01-18,Blues,Oilers,Away,RL,3,4,2.9833619366,3.2240609667,2.2481454326,2.5030820147,Jordan Binnington,Connor Ingram,CG,CG,0,0,0,0,1,1,1,0,0,0,0,0,0,0,0,7,12,8,0,27,12,6,10,0,28,16,18,16,0,50,18,22,20,0,60,39,0,0,0,0,0,0,3,1,1,0,5,8,6,6,0,20,5,5,5,0,15,0,1,4,3,517,219,23,27,0.821,1.0,0,0,0,0,0,0,0,3245,355,2831,2831,7,26,0,0,0,55,0,0,6,0,0,0,0.0,-,0.0,0.0,0.0,0.0,0.0,0.0,0.0,0.0,0.0,0.0,0.0,0.0,0.0,0.0,0.0,0.0,0.0,0.0,0.0,0.0,0.0,0.0,0.0,2.25,2.25,0.68,0.05,2.5,2.5,0.25,0.47
2025020770,2026-01-19,Hurricanes,Sabres,Home,RW,4,4,3.0325077347,2.5523994009999997,2.5568221067,1.947070152,Brandon Bussi,Ukko-Pekka Luukkonen,CG,CG,0,1,0,0,0,0,1,0,0,0,0,0,1,0,0,12,8,9,0,29,3,8,7,0,18,18,13,15,0,46,13,13,16,0,42,38,0,1,0,1,0,2,1,0,0,0,1,5,13,5,0,23,15,7,3,0,25,1,0,2,1,127,170,17,27,0.944,0.931,0,0,3,0,3,3,1070,331,2199,3207,3024,12,43,0,0,0,0,0,0,0,0,183,0,0.0,-,0.0,0.0,0.0,0.0,0.0,0.0,0.0,0.0,0.0,0.0,0.0,0.0,0.0,0.0,0.0,0.0,0.0,0.0,0.0,0.0,0.0,0.0,0.0,2.56,2.61,0.41,0.0,1.95,2.21,0.34,0.0
2025020770,2026-01-19,Sabres,Hurricanes,Away,RL,4,4,2.5523994009999997,3.0325077347,1.947070152,2.5568221067,Ukko-Pekka Luukkonen,Brandon Bussi,CG,CG,0,0,1,0,0,1,0,0,1,1,0,0,0,0,0,3,8,7,0,18,12,8,9,0,29,13,13,16,0,42,18,13,15,0,46,35,0,1,0,0,0,1,1,0,1,0,2,15,7,3,0,25,5,13,5,0,23,0,1,1,2,170,127,27,17,0.931,0.944,0,0,0,3,3,3,331,1070,2199,3207,3024,43,12,0,0,0,0,0,0,0,0,183,0,0.0,-,0.0,0.0,0.0,0.0,0.0,0.0,0.0,0.0,0.0,0.0,0.0,0.0,0.0,0.0,0.0,0.0,0.0,0.0,0.0,0.0,0.0,0.0,0.0,1.95,2.21,0.34,0.0,2.56,2.61,0.41,0.0
2025020771,2026-01-19,Avalanche,Capitals,Home,RW,2,4,5.2729873287,2.3373481687,4.1626174727,1.5497226524,Scott Wedgewood,Charlie Lindgren,CG,CG,0,0,0,0,0,0,0,0,1,0,0,0,0,0,0,11,16,17,0,44,12,9,3,0,24,21,36,25,0,82,28,22,18,0,68,65,0,1,2,2,0,5,1,1,0,0,2,8,2,4,0,14,4,5,5,0,14,1,1,6,4,418,308,22,39,0.917,0.886,0,0,0,0,2,1,2070,0,1530,2779,2652,53,12,39,0,27,0,0,0,0,0,127,0,0.0,-,0.0,0.0,0.0,0.0,0.0,0.0,0.0,0.0,0.0,0.0,0.0,0.0,0.0,0.0,0.0,0.0,0.0,0.0,0.0,0.0,0.0,0.0,0.0,4.16,4.34,0.9,0.04,1.55,1.87,0.44,0.03
2025020771,2026-01-19,Capitals,Avalanche,Away,RL,4,2,2.3373481687,5.2729873287,1.5497226524,4.1626174727,Charlie Lindgren,Scott Wedgewood,CG,CG,0,0,0,0,0,0,0,0,0,0,0,0,0,0,0,12,9,3,0,24,11,16,17,0,44,28,22,18,0,68,21,36,25,0,82,53,0,1,1,0,0,2,1,2,2,0,5,4,5,5,0,14,8,2,4,0,14,1,1,4,6,308,418,39,22,0.886,0.917,0,0,0,0,1,2,0,2070,1530,2779,2652,12,53,0,39,0,27,0,0,0,0,127,0,0.0,-,0.0,0.0,0.0,0.0,0.0,0.0,0.0,0.0,0.0,0.0,0.0,0.0,0.0,0.0,0.0,0.0,0.0,0.0,0.0,0.0,0.0,0.0,0.0,1.55,1.87,0.44,0.03,4.16,4.34,0.9,0.04
2025020772,2026-01-19,Kraken,Penguins,Home,RL,4,4,2.9944291842,3.5152122784,2.1545980806,2.6425476194,Joey Daccord,Stuart Skinner,CG,CG,0,0,1,0,0,0,0,0,0,0,0,0,0,0,0,6,8,9,0,23,7,15,10,0,32,11,22,21,0,54,14,29,16,0,59,41,0,1,1,1,0,3,2,1,3,0,6,10,5,5,0,20,4,8,11,0,23,1,0,3,3,323,360,26,20,0.812,0.87,0,1,0,3,1,2,0,3206,394,2746,2746,145,8,0,0,0,0,0,0,0,0,0,0,0.0,-,0.0,0.0,0.0,0.0,0.0,0.0,0.0,0.0,0.0,0.0,0.0,0.0,0.0,0.0,0.0,0.0,0.0,0.0,0.0,0.0,0.0,0.0,0.0,2.15,2.15,0.84,0.0,2.64,2.64,0.58,0.23
2025020772,2026-01-19,Penguins,Kraken,Away,RW,4,4,3.5152122784,2.9944291842,2.6425476194,2.1545980806,Stuart Skinner,Joey Daccord,CG,CG,0,0,0,0,0,0,1,0,1,0,0,0,0,0,0,7,15,10,0,32,6,8,9,0,23,14,29,16,0,59,11,22,21,0,54,46,0,2,1,3,0,6,1,1,1,0,3,4,8,11,0,23,10,5,5,0,20,0,1,3,3,360,323,20,26,0.87,0.812,1,0,3,0,2,1,3206,0,394,2746,2746,8,145,0,0,0,0,0,0,0,0,0,0,0.0,-,0.0,0.0,0.0,0.0,0.0,0.0,0.0,0.0,0.0,0.0,0.0,0.0,0.0,0.0,0.0,0.0,0.0,0.0,0.0,0.0,0.0,0.0,0.0,2.64,2.64,0.58,0.23,2.15,2.15,0.84,0.0
2025020773,2026-01-19,Panthers,Sharks,Home,RL,3,3,3.1161743836,4.5130745149,2.4137218986,3.0561075975,Sergei Bobrovsky,Alex Nedeljkovic,CG,CG,0,1,0,0,0,0,0,0,0,0,0,0,0,0,0,10,9,17,0,36,8,11,9,0,28,21,16,22,0,59,14,22,26,0,62,48,0,0,0,1,0,1,0,3,1,0,4,5,11,6,0,22,11,7,10,0,28,0,0,3,3,360,360,24,35,0.857,0.972,0,1,0,3,1,0,0,2350,1250,2566,2477,67,12,0,0,0,0,0,0,0,0,89,0,0.0,-,0.0,0.0,0.0,0.0,0.0,0.0,0.0,0.0,0.0,0.0,0.0,0.0,0.0,0.0,0.0,0.0,0.0,0.0,0.0,0.0,0.0,0.0,0.0,2.41,2.55,0.56,0.01,3.06,3.54,0.69,0.16
2025020773,2026-01-19,Sharks,Panthers,Away,RW,3,3,4.5130745149,3.1161743836,3.0561075975,2.4137218986,Alex Nedeljkovic,Sergei Bobrovsky,CG,CG,0,0,0,0,0,1,0,0,1,0,0,0,0,0,0,8,11,9,0,28,10,9,17,0,36,14,22,26,0,62,21,16,22,0,59,46,0,0,3,1,0,4,0,0,1,0,1,11,7,10,0,28,5,11,6,0,22,0,0,3,3,360,360,35,24,0.972,0.857,1,0,3,0,0,1,2350,0,1250,2566,2477,12,67,0,0,0,0,0,0,0,0,89,0,0.0,-,0.0,0.0,0.0,0.0,0.0,0.0,0.0,0.0,0.0,0.0,0.0,0.0,0.0,0.0,0.0,0.0,0.0,0.0,0.0,0.0,0.0,0.0,0.0,3.06,3.54,0.69,0.16,2.41,2.55,0.56,0.01
2025020774,2026-01-19,Maple Leafs,Wild,Home,RL,4,3,3.1306856637,4.198959613,2.3278050197,3.163487644,Joseph Woll,Filip Gustavsson,IG,CG,0,0,0,0,0,0,0,0,0,0,0,0,0,0,0,8,8,14,0,30,9,20,10,0,39,18,21,19,0,58,21,29,19,0,69,47,0,1,0,2,0,3,2,3,1,0,6,11,6,6,0,23,6,9,6,0,21,1,2,4,3,406,278,33,27,0.846,0.9,0,1,0,2,3,0,0,3315,285,2770,2770,59,66,0,0,0,0,0,0,0,0,0,0,0.0,-,0.0,0.0,0.0,0.0,0.0,0.0,0.0,0.0,0.0,0.0,0.0,0.0,0.0,0.0,0.0,0.0,0.0,0.0,0.0,0.0,0.0,0.0,0.0,2.33,2.33,0.8,0.0,3.16,3.16,0.85,0.09
2025020774,2026-01-19,Wild,Maple Leafs,Away,RW,3,4,4.198959613,3.1306856637,3.163487644,2.3278050197,Filip Gustavsson,Joseph Woll,CG,IG,0,0,0,0,0,0,0,0,1,0,0,0,0,0,0,9,20,10,0,39,8,8,14,0,30,21,29,19,0,69,18,21,19,0,58,56,0,2,3,1,0,6,1,0,2,0,3,6,9,6,0,21,11,6,6,0,23,2,1,3,4,278,406,27,33,0.9,0.846,1,0,2,0,0,3,3315,0,285,2770,2770,66,59,0,0,0,0,0,0,0,0,0,0,0.0,-,0.0,0.0,0.0,0.0,0.0,0.0,0.0,0.0,0.0,0.0,0.0,0.0,0.0,0.0,0.0,0.0,0.0,0.0,0.0,0.0,0.0,0.0,0.0,3.16,3.16,0.85,0.09,2.33,2.33,0.8,0.0
2025020775,2026-01-19,Golden Knights,Flyers,Home,RL,4,4,3.2460917469,2.492247395,2.1293046884,1.880426949,Adin Hill,Samuel Ersson,CG,CG,0,0,1,0,0,0,1,0,0,0,0,0,0,0,0,11,7,7,0,25,4,6,7,0,17,17,15,18,0,50,15,20,22,0,57,35,0,0,1,0,0,1,1,0,1,0,2,8,10,5,0,23,5,5,5,0,15,1,0,7,2,753,202,15,24,0.882,0.96,0,0,0,4,1,3,0,2900,700,2574,2565,23,19,0,0,0,0,0,0,109,25,9,0,0.0,-,0.0,0.0,0.0,0.0,0.0,0.0,0.0,0.0,0.0,0.0,0.0,0.0,0.0,0.0,0.0,0.0,0.0,0.0,0.0,0.0,0.0,0.0,0.0,2.13,2.17,0.93,0.15,1.88,1.88,0.25,0.36
2025020775,2026-01-19,Flyers,Golden Knights,Away,RW,4,4,2.492247395,3.2460917469,1.880426949,2.1293046884,Samuel Ersson,Adin Hill,CG,CG,0,0,1,0,0,0,1,0,1,0,0,0,0,0,0,4,6,7,0,17,11,7,7,0,25,15,20,22,0,57,17,15,18,0,50,42,0,1,0,1,0,2,0,1,0,0,1,5,5,5,0,15,8,10,5,0,23,0,1,2,7,202,753,24,15,0.96,0.882,0,0,4,0,3,1,2900,0,700,2574,2565,19,23,0,0,0,0,0,0,25,109,9,0,0.0,-,0.0,0.0,0.0,0.0,0.0,0.0,0.0,0.0,0.0,0.0,0.0,0.0,0.0,0.0,0.0,0.0,0.0,0.0,0.0,0.0,0.0,0.0,0.0,1.88,1.88,0.25,0.36,2.13,2.17,0.93,0.15
2025020776,2026-01-19,Blackhawks,Jets,Home,RW,3,4,2.1294707448,3.7933936745,1.5581141648,3.0235352505,Spencer Knight,Connor Hellebuyck,CG,CG,0,0,0,0,0,0,0,0,1,0,0,0,0,0,0,12,7,5,0,24,12,9,11,0,32,23,16,14,0,53,24,20,19,0,63,45,0,0,1,1,0,2,0,0,0,0,0,6,5,2,0,13,12,11,3,0,26,0,0,3,2,245,240,32,22,1.0,0.917,1,0,2,0,0,2,1599,0,2001,3036,3036,38,41,0,0,65,0,0,0,0,0,0,0,0.0,-,0.0,0.0,0.0,0.0,0.0,0.0,0.0,0.0,0.0,0.0,0.0,0.0,0.0,0.0,0.0,0.0,0.0,0.0,0.0,0.0,0.0,0.0,0.0,1.56,1.56,0.54,0.0,3.02,3.02,0.74,0.03
2025020776,2026-01-19,Jets,Blackhawks,Away,RL,4,3,3.7933936745,2.1294707448,3.0235352505,1.5581141648,Connor Hellebuyck,Spencer Knight,CG,CG,0,0,0,0,0,0,0,0,0,0,0,0,0,0,0,12,9,11,0,32,12,7,5,0,24,24,20,19,0,63,23,16,14,0,53,54,0,0,0,0,0,0,0,1,1,0,2,12,11,3,0,26,6,5,2,0,13,0,0,2,3,240,245,22,32,0.917,1.0,0,1,0,2,2,0,0,1599,2001,3036,3036,41,38,0,0,0,65,0,0,0,0,0,0,0.0,-,0.0,0.0,0.0,0.0,0.0,0.0,0.0,0.0,0.0,0.0,0.0,0.0,0.0,0.0,0.0,0.0,0.0,0.0,0.0,0.0,0.0,0.0,0.0,3.02,3.02,0.74,0.03,1.56,1.56,0.54,0.0
2025020777,2026-01-19,Flames,Devils,Home,OTL,4,3,1.5963024917,2.2732443592,1.1745681017,1.4963263122,Devin Cooley,Jacob Markstrom,CG,CG,0,0,0,0,0,0,0,0,0,0,0,0,0,0,0,3,10,9,0,22,7,14,9,2,32,8,17,22,0,47,16,24,11,2,53,38,0,0,1,0,0,1,0,1,0,1,2,12,5,5,0,22,4,6,6,0,16,0,0,4,2,311,71,30,21,0.938,0.955,0,0,0,0,1,0,0,113,3565,3224,2997,9,43,0,0,0,0,0,0,7,4,149,78,0.0,-,0.0,0.0,0.0,0.0,0.0,0.0,0.0,0.0,0.0,0.0,0.0,0.0,0.0,0.0,0.0,0.0,0.0,0.0,0.0,0.0,0.0,0.0,0.0,1.17,1.23,0.35,0.02,1.5,2.06,0.07,0.14
2025020777,2026-01-19,Devils,Flames,Away,OTW,3,4,2.2732443592,1.5963024917,1.4963263122,1.1745681017,Jacob Markstrom,Devin Cooley,CG,CG,0,0,0,0,0,0,0,0,1,0,0,0,0,0,0,7,14,9,2,32,3,10,9,0,22,16,24,11,2,53,8,17,22,0,47,44,0,0,1,0,1,2,0,1,0,0,1,4,6,6,0,16,12,5,5,0,22,0,0,2,4,71,311,21,30,0.955,0.938,0,0,0,0,0,1,113,0,3565,3224,2997,43,9,0,0,0,0,0,0,4,7,149,78,0.0,-,0.0,0.0,0.0,0.0,0.0,0.0,0.0,0.0,0.0,0.0,0.0,0.0,0.0,0.0,0.0,0.0,0.0,0.0,0.0,0.0,0.0,0.0,0.0,1.5,2.06,0.07,0.14,1.17,1.23,0.35,0.02
2025020778,2026-01-19,Canucks,Islanders,Home,RL,4,4,3.9251987366,3.5656195551,3.2781164806,2.7435198831,Kevin Lankinen,Ilya Sorokin,CG,CG,0,0,0,0,0,0,0,0,1,1,0,0,0,0,0,12,12,8,0,32,9,15,9,0,33,22,18,14,0,54,24,24,19,0,67,42,0,2,0,1,0,3,1,2,1,0,4,11,5,4,0,20,8,7,2,0,17,0,1,2,3,240,223,29,29,0.879,0.906,0,0,0,7,0,0,1628,1442,530,2787,2787,239,77,0,0,0,68,0,0,0,0,0,0,0.0,-,0.0,0.0,0.0,0.0,0.0,0.0,0.0,0.0,0.0,0.0,0.0,0.0,0.0,0.0,0.0,0.0,0.0,0.0,0.0,0.0,0.0,0.0,0.0,3.28,3.28,0.65,0.0,2.74,2.74,0.66,0.12
2025020778,2026-01-19,Islanders,Canucks,Away,RW,4,4,3.5656195551,3.9251987366,2.7435198831,3.2781164806,Ilya Sorokin,Kevin Lankinen,CG,CG,0,0,0,0,0,0,0,0,0,0,0,0,1,0,0,9,15,9,0,33,12,12,8,0,32,24,24,19,0,67,22,18,14,0,54,53,0,1,2,1,0,4,2,0,1,0,3,8,7,2,0,17,11,5,4,0,20,1,0,3,2,223,240,29,29,0.906,0.879,0,0,7,0,0,0,1442,1628,530,2787,2787,77,239,0,0,68,0,0,0,0,0,0,0,0.0,-,0.0,0.0,0.0,0.0,0.0,0.0,0.0,0.0,0.0,0.0,0.0,0.0,0.0,0.0,0.0,0.0,0.0,0.0,0.0,0.0,0.0,0.0,0.0,2.74,2.74,0.66,0.12,3.28,3.28,0.65,0.0
2025020779,2026-01-19,Ducks,Rangers,Home,RW,4,3,3.7830200833,2.956716954,2.5942782079,1.99405877,Lukas Dostal,Spencer Martin,CG,CG,0,1,0,0,0,0,0,0,0,0,0,0,1,0,0,5,14,7,0,26,6,9,7,0,22,11,23,20,0,54,17,20,17,0,54,40,0,1,2,2,0,5,1,1,1,0,3,16,6,7,0,29,8,8,4,0,20,1,2,3,4,240,339,19,21,0.864,0.808,1,0,5,0,4,3,1318,717,1565,2823,2758,95,73,0,0,0,16,0,0,0,5,65,0,0.0,-,0.0,0.0,0.0,0.0,0.0,0.0,0.0,0.0,0.0,0.0,0.0,0.0,0.0,0.0,0.0,0.0,0.0,0.0,0.0,0.0,0.0,0.0,0.0,2.59,2.75,0.61,0.19,1.99,1.99,0.75,0.22
2025020779,2026-01-19,Rangers,Ducks,Away,RL,3,4,2.956716954,3.7830200833,1.99405877,2.5942782079,Spencer Martin,Lukas Dostal,CG,CG,0,0,0,0,0,1,0,0,1,1,0,0,0,0,0,6,9,7,0,22,5,14,7,0,26,17,20,17,0,54,11,23,20,0,54,41,0,1,1,1,0,3,1,2,2,0,5,8,8,4,0,20,16,6,7,0,29,2,1,4,3,339,240,21,19,0.808,0.864,0,1,0,5,3,4,717,1318,1565,2823,2758,73,95,0,0,16,0,0,0,5,0,65,0,0.0,-,0.0,0.0,0.0,0.0,0.0,0.0,0.0,0.0,0.0,0.0,0.0,0.0,0.0,0.0,0.0,0.0,0.0,0.0,0.0,0.0,0.0,0.0,0.0,1.99,1.99,0.75,0.22,2.59,2.75,0.61,0.19
2025020780,2026-01-20,Canadiens,Wild,Home,RW,4,4,3.3609689203,2.5313226325000002,3.1659599203,1.7411702965,Jakub Dobes,Jesper Wallstedt,CG,CG,0,0,0,0,1,1,1,0,0,0,0,0,1,0,0,15,9,9,0,33,2,10,8,0,20,26,14,22,0,62,16,28,16,0,60,56,0,2,1,1,0,4,1,1,1,0,3,9,6,3,0,18,4,11,2,0,17,0,2,3,4,266,137,17,29,0.85,0.879,0,0,2,0,2,2,1888,278,1434,3083,2924,18,77,0,0,0,37,0,0,0,0,159,0,0.0,-,0.0,0.0,0.0,0.0,0.0,0.0,0.0,0.0,0.0,0.0,0.0,0.0,0.0,0.0,0.0,0.0,0.0,0.0,0.0,0.0,0.0,0.0,0.0,3.17,3.17,0.2,0.0,1.74,1.74,0.75,0.04
2025020780,2026-01-20,Wild,Canadiens,Away,RL,4,4,2.5313226325000002,3.3609689203,1.7411702965,3.1659599203,Jesper Wallstedt,Jakub Dobes,CG,CG,1,1,1,0,0,0,0,0,1,1,0,0,0,0,0,2,10,8,0,20,15,9,9,0,33,16,28,16,0,60,26,14,22,0,62,51,0,1,1,1,0,3,2,1,1,0,4,4,11,2,0,17,9,6,3,0,18,2,0,4,3,137,266,29,17,0.879,0.85,0,0,0,2,2,2,278,1888,1434,3083,2924,77,18,0,0,37,0,0,0,0,0,159,0,0.0,-,0.0,0.0,0.0,0.0,0.0,0.0,0.0,0.0,0.0,0.0,0.0,0.0,0.0,0.0,0.0,0.0,0.0,0.0,0.0,0.0,0.0,0.0,0.0,1.74,1.74,0.75,0.04,3.17,3.17,0.2,0.0
2025020781,2026-01-20,Lightning,Sharks,Home,RW,4,4,3.5686528873,1.0582944452,3.4031697073,0.9355670062,Andrei Vasilevskiy,Yaroslav Askarov,CG,CG,0,0,0,0,1,0,1,0,0,0,0,0,1,0,0,6,7,7,0,20,9,5,9,0,23,21,19,21,0,61,17,12,19,0,48,59,0,1,2,1,0,4,1,0,0,0,1,4,4,5,0,13,11,9,9,0,29,0,0,1,1,120,120,22,16,0.957,0.8,1,0,2,0,6,0,2291,33,1276,3240,3240,7,113,0,0,0,0,0,0,0,0,0,0,0.0,-,0.0,0.0,0.0,0.0,0.0,0.0,0.0,0.0,0.0,0.0,0.0,0.0,0.0,0.0,0.0,0.0,0.0,0.0,0.0,0.0,0.0,0.0,0.0,3.4,3.4,0.0,0.0,0.94,0.94,0.12,0.0
2025020781,2026-01-20,Sharks,Lightning,Away,RL,4,4,1.0582944452,3.5686528873,0.9355670062,3.4031697073,Yaroslav Askarov,Andrei Vasilevskiy,CG,CG,1,0,1,0,0,0,0,0,1,1,0,0,0,0,0,9,5,9,0,23,6,7,7,0,20,17,12,19,0,48,21,19,21,0,61,42,0,1,0,0,0,1,1,2,1,0,4,11,9,9,0,29,4,4,5,0,13,0,0,1,1,120,120,16,22,0.8,0.957,0,1,0,2,0,6,33,2291,1276,3240,3240,113,7,0,0,0,0,0,0,0,0,0,0,0.0,-,0.0,0.0,0.0,0.0,0.0,0.0,0.0,0.0,0.0,0.0,0.0,0.0,0.0,0.0,0.0,0.0,0.0,0.0,0.0,0.0,0.0,0.0,0.0,0.94,0.94,0.12,0.0,3.4,3.4,0.0,0.0
2025020782,2026-01-20,Blue Jackets,Senators,Home,RL,4,5,2.628712476,2.644195807,1.5176964917,1.649072637,Elvis Merzlikins,James Reimer,IG,CG,0,0,0,0,0,1,0,0,0,0,0,0,0,0,0,5,10,7,0,22,7,7,7,0,21,14,18,15,0,47,21,18,13,0,52,33,0,1,0,0,0,1,2,0,2,0,4,15,7,5,0,27,5,7,3,0,15,0,0,3,3,358,340,17,21,0.81,0.955,0,1,0,2,0,0,0,3237,363,2764,2650,54,84,0,0,0,0,0,0,0,0,114,0,0.0,-,0.0,0.0,0.0,0.0,0.0,0.0,0.0,0.0,0.0,0.0,0.0,0.0,0.0,0.0,0.0,0.0,0.0,0.0,0.0,0.0,0.0,0.0,0.0,1.52,1.52,0.95,0.16,1.65,1.65,0.74,0.0
2025020782,2026-01-20,Senators,Blue Jackets,Away,RW,5,4,2.644195807,2.628712476,1.649072637,1.5176964917,James Reimer,Elvis Merzlikins,CG,IG,0,1,0,0,0,0,0,0,1,0,0,0,0,0,0,7,7,7,0,21,5,10,7,0,22,21,18,13,0,52,14,18,15,0,47,38,0,2,0,2,0,4,1,0,0,0,1,5,7,3,0,15,15,7,5,0,27,0,0,3,3,340,358,21,17,0.955,0.81,1,0,2,0,0,0,3237,0,363,2764,2650,84,54,0,0,0,0,0,0,0,0,114,0,0.0,-,0.0,0.0,0.0,0.0,0.0,0.0,0.0,0.0,0.0,0.0,0.0,0.0,0.0,0.0,0.0,0.0,0.0,0.0,0.0,0.0,0.0,0.0,0.0,1.65,1.65,0.74,0.0,1.52,1.52,0.95,0.16
2025020783,2026-01-20,Stars,Bruins,Home,RW,4,4,3.929764092,2.2735665063,2.680100325,1.6796017783,Jake Oettinger,Jeremy Swayman,CG,IG,0,0,0,0,0,0,0,0,1,0,0,0,0,0,0,15,17,5,0,37,6,5,7,0,18,27,23,14,0,64,16,17,15,0,48,52,0,2,2,2,0,6,0,0,2,0,2,7,2,4,0,13,9,13,13,0,35,2,1,3,2,257,186,16,31,0.889,0.838,0,0,0,0,4,1,2632,0,968,3031,3031,55,15,0,0,0,0,0,0,0,0,0,0,0.0,-,0.0,0.0,0.0,0.0,0.0,0.0,0.0,0.0,0.0,0.0,0.0,0.0,0.0,0.0,0.0,0.0,0.0,0.0,0.0,0.0,0.0,0.0,0.0,2.68,2.68,1.21,0.04,1.68,1.68,0.43,0.16
2025020783,2026-01-20,Bruins,Stars,Away,RL,4,4,2.2735665063,3.929764092,1.6796017783,2.680100325,Jeremy Swayman,Jake Oettinger,IG,CG,0,0,0,0,0,0,0,0,0,0,0,0,0,0,0,6,5,7,0,18,15,17,5,0,37,16,17,15,0,48,27,23,14,0,64,41,0,0,0,2,0,2,2,2,2,0,6,9,13,13,0,35,7,2,4,0,13,1,2,2,3,186,257,31,16,0.838,0.889,0,0,0,0,1,4,0,2632,968,3031,3031,15,55,0,0,0,0,0,0,0,0,0,0,0.0,-,0.0,0.0,0.0,0.0,0.0,0.0,0.0,0.0,0.0,0.0,0.0,0.0,0.0,0.0,0.0,0.0,0.0,0.0,0.0,0.0,0.0,0.0,0.0,1.68,1.68,0.43,0.16,2.68,2.68,1.21,0.04
2025020784,2026-01-20,Predators,Sabres,Home,RL,4,5,3.0163971343,2.828683469,1.9354444423,2.607969196,Juuse Saros,Alex Lyon,IG,CG,0,0,0,0,1,1,1,0,0,0,0,0,0,0,0,8,12,14,0,34,14,11,8,0,33,13,28,30,0,71,20,20,19,0,59,53,0,0,2,1,0,3,3,1,1,0,5,10,9,8,0,27,7,7,3,0,17,0,0,2,1,251,120,28,31,0.848,0.912,0,1,0,1,4,2,0,3109,491,3140,3140,68,21,0,0,0,0,0,0,0,0,0,0,0.0,-,0.0,0.0,0.0,0.0,0.0,0.0,0.0,0.0,0.0,0.0,0.0,0.0,0.0,0.0,0.0,0.0,0.0,0.0,0.0,0.0,0.0,0.0,0.0,1.94,1.94,1.08,0.0,2.61,2.61,0.11,0.08
2025020784,2026-01-20,Sabres,Predators,Away,RW,5,4,2.828683469,3.0163971343,2.607969196,1.9354444423,Alex Lyon,Juuse Saros,CG,IG,1,1,1,0,0,0,0,0,1,0,0,0,0,0,0,14,11,8,0,33,8,12,14,0,34,20,20,19,0,59,13,28,30,0,71,54,0,3,1,1,0,5,0,2,1,0,3,7,7,3,0,17,10,9,8,0,27,0,0,1,2,120,251,31,28,0.912,0.848,1,0,1,0,2,4,3109,0,491,3140,3140,21,68,0,0,0,0,0,0,0,0,0,0,0.0,-,0.0,0.0,0.0,0.0,0.0,0.0,0.0,0.0,0.0,0.0,0.0,0.0,0.0,0.0,0.0,0.0,0.0,0.0,0.0,0.0,0.0,0.0,0.0,2.61,2.61,0.11,0.08,1.94,1.94,1.08,0.0
2025020785,2026-01-20,Jets,Blues,Home,RW,5,4,2.321920671,2.4821947689,1.594250951,1.7730690549,Eric Comrie,Joel Hofer,CG,CG,1,1,1,0,0,0,0,0,1,0,0,0,0,0,0,6,8,2,0,16,6,11,6,0,23,18,25,15,0,58,20,22,17,0,59,46,0,2,0,1,0,3,0,1,0,0,1,5,6,5,0,16,9,7,4,0,20,2,1,3,4,286,419,22,13,0.957,0.812,1,0,3,0,2,1,3008,0,592,2799,2799,1,95,0,0,0,0,0,0,0,0,0,0,0.0,-,0.0,0.0,0.0,0.0,0.0,0.0,0.0,0.0,0.0,0.0,0.0,0.0,0.0,0.0,0.0,0.0,0.0,0.0,0.0,0.0,0.0,0.0,0.0,1.59,1.59,0.55,0.16,1.77,1.77,0.71,0.0
2025020785,2026-01-20,Blues,Jets,Away,RL,4,5,2.4821947689,2.321920671,1.7730690549,1.594250951,Joel Hofer,Eric Comrie,CG,CG,0,0,0,0,1,1,1,0,0,0,0,0,0,0,0,6,11,6,0,23,6,8,2,0,16,20,22,17,0,59,18,25,15,0,58,48,0,0,1,0,0,1,2,0,1,0,3,9,7,4,0,20,5,6,5,0,16,1,2,4,3,419,286,13,22,0.812,0.957,0,1,0,3,1,2,0,3008,592,2799,2799,95,1,0,0,0,0,0,0,0,0,0,0,0.0,-,0.0,0.0,0.0,0.0,0.0,0.0,0.0,0.0,0.0,0.0,0.0,0.0,0.0,0.0,0.0,0.0,0.0,0.0,0.0,0.0,0.0,0.0,0.0,1.77,1.77,0.71,0.0,1.59,1.59,0.55,0.16
2025020786,2026-01-20,Oilers,Devils,Home,RL,5,4,2.9817813271999998,3.1822277592,2.4789379347,2.76460005,Tristan Jarry,Jake Allen,CG,CG,0,1,1,0,1,1,0,0,0,0,0,0,0,0,0,4,6,13,0,23,4,10,3,0,17,14,19,22,0,55,12,19,15,0,46,48,0,0,1,0,0,1,0,2,0,0,2,7,6,4,0,17,4,3,7,0,14,0,0,2,1,240,120,15,22,0.882,0.957,0,0,0,5,3,2,0,1987,1613,3069,3069,89,34,0,0,0,0,0,0,0,0,0,0,0.0,-,0.0,0.0,0.0,0.0,0.0,0.0,0.0,0.0,0.0,0.0,0.0,0.0,0.0,0.0,0.0,0.0,0.0,0.0,0.0,0.0,0.0,0.0,0.0,2.48,2.48,0.5,0.0,2.76,2.76,0.18,0.23
2025020786,2026-01-20,Devils,Oilers,Away,RW,4,5,3.1822277592,2.9817813271999998,2.76460005,2.4789379347,Jake Allen,Tristan Jarry,CG,CG,1,1,0,0,0,1,1,0,1,0,0,0,0,0,0,4,10,3,0,17,4,6,13,0,23,12,19,15,0,46,14,19,22,0,55,39,0,0,2,0,0,2,0,1,0,0,1,4,3,7,0,14,7,6,4,0,17,0,0,1,2,120,240,22,15,0.957,0.882,0,0,5,0,2,3,1987,0,1613,3069,3069,34,89,0,0,0,0,0,0,0,0,0,0,0.0,-,0.0,0.0,0.0,0.0,0.0,0.0,0.0,0.0,0.0,0.0,0.0,0.0,0.0,0.0,0.0,0.0,0.0,0.0,0.0,0.0,0.0,0.0,0.0,2.76,2.76,0.18,0.23,2.48,2.48,0.5,0.0
2025020787,2026-01-20,Kings,Rangers,Home,RW,4,4,3.6598660045,2.7167477049,3.1805411795,1.6215801997,Darcy Kuemper,Jonathan Quick,IG,CG,0,0,0,0,1,1,0,0,1,0,0,0,0,0,0,8,11,8,0,27,8,16,12,0,36,21,19,23,0,63,17,29,26,0,72,51,0,2,2,0,0,4,2,0,1,0,3,5,7,3,0,15,10,8,6,0,24,0,0,3,2,360,140,33,23,0.917,0.852,0,0,10,0,0,2,3073,0,527,2904,2904,2,194,0,0,0,94,0,0,0,0,0,0,0.0,-,0.0,0.0,0.0,0.0,0.0,0.0,0.0,0.0,0.0,0.0,0.0,0.0,0.0,0.0,0.0,0.0,0.0,0.0,0.0,0.0,0.0,0.0,0.0,3.18,3.18,0.28,0.0,1.62,1.62,1.1,0.0
2025020787,2026-01-20,Rangers,Kings,Away,RL,4,4,2.7167477049,3.6598660045,1.6215801997,3.1805411795,Jonathan Quick,Darcy Kuemper,CG,IG,1,1,0,0,0,0,0,0,0,0,0,0,0,0,0,8,16,12,0,36,8,11,8,0,27,17,29,26,0,72,21,19,23,0,63,54,0,2,0,1,0,3,2,2,0,0,4,10,8,6,0,24,5,7,3,0,15,0,0,2,3,140,360,23,33,0.852,0.917,0,0,0,10,2,0,0,3073,527,2904,2904,194,2,0,0,94,0,0,0,0,0,0,0,0.0,-,0.0,0.0,0.0,0.0,0.0,0.0,0.0,0.0,0.0,0.0,0.0,0.0,0.0,0.0,0.0,0.0,0.0,0.0,0.0,0.0,0.0,0.0,0.0,1.62,1.62,1.1,0.0,3.18,3.18,0.28,0.0
2025020788,2026-01-21,Maple Leafs,Red Wings,Home,OTL,5,4,3.9832027057,3.627608574,2.4878489997,2.192944115,Joseph Woll,John Gibson,CG,CG,0,0,0,0,0,0,0,0,1,1,0,0,0,0,0,12,14,5,0,31,15,7,13,6,41,24,27,14,1,66,24,16,24,8,72,51,0,1,0,0,0,1,1,0,0,1,2,5,8,9,0,22,8,3,4,0,15,0,0,2,2,240,240,39,30,0.951,0.968,0,0,0,0,4,1,896,0,2892,3223,3035,25,60,0,0,0,0,0,0,0,0,0,188,0.0,-,0.0,0.0,0.0,0.0,0.0,0.0,0.0,0.0,0.0,0.0,0.0,0.0,0.0,0.0,0.0,0.0,0.0,0.0,0.0,0.0,0.0,0.0,0.0,2.49,2.65,1.04,0.29,2.19,3.16,0.47,0.0
2025020788,2026-01-21,Red Wings,Maple Leafs,Away,OTW,4,5,3.627608574,3.9832027057,2.192944115,2.4878489997,John Gibson,Joseph Woll,CG,CG,0,0,0,0,0,0,0,0,0,0,0,0,1,0,0,15,7,13,6,41,12,14,5,0,31,24,16,24,8,72,24,27,14,1,66,58,0,1,0,0,1,2,1,0,0,0,1,8,3,4,0,15,5,8,9,0,22,0,0,2,2,240,240,30,39,0.968,0.951,0,0,0,0,1,4,0,896,2892,3223,3035,60,25,0,0,0,0,0,0,0,0,0,188,0.0,-,0.0,0.0,0.0,0.0,0.0,0.0,0.0,0.0,0.0,0.0,0.0,0.0,0.0,0.0,0.0,0.0,0.0,0.0,0.0,0.0,0.0,0.0,0.0,2.19,3.16,0.47,0.0,2.49,2.65,1.04,0.29
2025020789,2026-01-21,Avalanche,Ducks,Home,SOL,3,5,4.6889596352,2.1741626425,3.8501489462,1.3681756795,Scott Wedgewood,Lukas Dostal,CG,CG,0,0,0,0,0,0,1,0,0,0,0,0,0,0,0,9,11,18,3,41,4,6,3,3,16,23,22,25,4,74,15,22,15,5,57,63,0,0,0,1,0,1,0,1,0,0,1,5,5,5,1,16,10,11,6,0,27,0,0,2,1,244,120,15,40,0.938,0.976,0,0,0,0,1,4,0,2094,1806,3513,3213,22,1,0,0,0,0,0,0,0,0,0,300,0.0,-,0.0,0.0,0.0,0.0,0.0,0.0,0.0,0.0,0.0,0.0,0.0,0.0,0.0,0.0,0.0,0.0,0.0,0.0,0.0,0.0,0.0,0.0,0.0,3.85,4.24,0.45,0.0,1.37,1.93,0.0,0.25
2025020789,2026-01-21,Ducks,Avalanche,Away,SOW,5,3,2.1741626425,4.6889596352,1.3681756795,3.8501489462,Lukas Dostal,Scott Wedgewood,CG,CG,0,0,1,0,0,0,0,0,1,0,0,0,0,0,0,4,6,3,3,16,9,11,18,3,41,15,22,15,5,57,23,22,25,4,74,48,0,0,1,0,0,1,0,0,1,0,1,10,11,6,0,27,5,5,5,1,16,0,0,1,2,120,244,40,15,0.976,0.938,0,0,0,0,4,1,2094,0,1806,3513,3213,1,22,0,0,0,0,0,0,0,0,0,300,0.0,-,0.0,0.0,0.0,0.0,0.0,0.0,0.0,0.0,0.0,0.0,0.0,0.0,0.0,0.0,0.0,0.0,0.0,0.0,0.0,0.0,0.0,0.0,0.0,1.37,1.93,0.0,0.25,3.85,4.24,0.45,0.0
2025020790,2026-01-21,Mammoth,Flyers,Home,OTW,4,5,3.1261661616,5.0752522156,2.185170083,3.166097241,Karel Vejmelka,Samuel Ersson,CG,CG,0,0,0,0,0,0,0,0,0,0,0,0,1,1,1,7,10,9,1,27,14,10,5,0,29,13,29,20,2,64,29,20,16,0,65,49,0,0,2,2,1,5,2,2,0,0,4,13,7,6,0,26,11,6,8,0,25,1,2,3,6,217,511,25,22,0.862,0.815,0,0,0,0,3,2,0,3535,186,2773,2601,49,47,0,0,0,0,0,0,0,32,51,121,0.0,-,0.0,0.0,0.0,0.0,0.0,0.0,0.0,0.0,0.0,0.0,0.0,0.0,0.0,0.0,0.0,0.0,0.0,0.0,0.0,0.0,0.0,0.0,0.0,2.19,2.5,0.34,0.29,3.17,3.17,1.9,0.0
2025020790,2026-01-21,Flyers,Mammoth,Away,OTL,5,4,5.0752522156,3.1261661616,3.166097241,2.185170083,Samuel Ersson,Karel Vejmelka,CG,CG,0,0,0,0,0,0,0,0,1,1,1,1,0,0,0,14,10,5,0,29,7,10,9,1,27,29,20,16,0,65,13,29,20,2,64,48,0,2,2,0,0,4,0,2,2,1,5,11,6,8,0,25,13,7,6,0,26,2,1,6,3,511,217,22,25,0.815,0.862,0,0,0,0,2,3,3535,0,186,2773,2601,47,49,0,0,0,0,0,0,32,0,51,121,0.0,-,0.0,0.0,0.0,0.0,0.0,0.0,0.0,0.0,0.0,0.0,0.0,0.0,0.0,0.0,0.0,0.0,0.0,0.0,0.0,0.0,0.0,0.0,0.0,3.17,3.17,1.9,0.0,2.19,2.5,0.34,0.29
2025020791,2026-01-21,Flames,Penguins,Home,RL,5,5,2.2320736128,3.7519978017,2.1493030158,3.6515744017,Dustin Wolf,Stuart Skinner,CG,CG,0,0,0,0,0,0,0,0,0,0,0,0,0,0,0,5,9,5,0,19,11,8,6,0,25,20,22,10,0,52,22,23,16,0,61,49,0,0,1,0,0,1,1,1,2,0,4,6,11,7,0,24,4,9,4,0,17,0,0,1,1,120,120,21,18,0.84,0.947,0,0,0,0,0,1,0,3131,469,3318,3318,31,11,0,0,0,0,0,0,0,0,0,0,0.0,-,0.0,0.0,0.0,0.0,0.0,0.0,0.0,0.0,0.0,0.0,0.0,0.0,0.0,0.0,0.0,0.0,0.0,0.0,0.0,0.0,0.0,0.0,0.0,2.15,2.15,0.08,0.0,3.65,3.65,0.1,0.0
2025020791,2026-01-21,Penguins,Flames,Away,RW,5,5,3.7519978017,2.2320736128,3.6515744017,2.1493030158,Stuart Skinner,Dustin Wolf,CG,CG,0,0,0,0,0,0,0,0,1,0,0,0,0,0,0,11,8,6,0,25,5,9,5,0,19,22,23,16,0,61,20,22,10,0,52,59,0,1,1,2,0,4,0,1,0,0,1,4,9,4,0,17,6,11,7,0,24,0,0,1,1,120,120,18,21,0.947,0.84,0,0,0,0,1,0,3131,0,469,3318,3318,11,31,0,0,0,0,0,0,0,0,0,0,0.0,-,0.0,0.0,0.0,0.0,0.0,0.0,0.0,0.0,0.0,0.0,0.0,0.0,0.0,0.0,0.0,0.0,0.0,0.0,0.0,0.0,0.0,0.0,0.0,3.65,3.65,0.1,0.0,2.15,2.15,0.08,0.0
2025020793,2026-01-21,Kraken,Islanders,Home,RW,5,5,3.5956319792,2.4935000927999997,2.3025852382,1.5760243921,Philipp Grubauer,Ilya Sorokin,CG,CG,0,0,0,0,0,0,0,0,0,0,0,0,1,0,0,10,12,3,0,25,9,11,5,0,25,27,25,9,0,61,17,24,7,0,48,47,0,1,2,1,0,4,1,0,0,0,1,4,8,3,0,15,1,2,4,0,7,1,1,4,7,273,545,24,21,0.96,0.84,1,0,2,0,3,3,1583,482,1535,2517,2429,101,138,0,0,64,0,0,0,2,2,88,0,0.0,-,0.0,0.0,0.0,0.0,0.0,0.0,0.0,0.0,0.0,0.0,0.0,0.0,0.0,0.0,0.0,0.0,0.0,0.0,0.0,0.0,0.0,0.0,0.0,2.3,2.54,0.75,0.0,1.58,1.74,0.69,0.06
2025020793,2026-01-21,Islanders,Kraken,Away,RL,5,5,2.4935000927999997,3.5956319792,1.5760243921,2.3025852382,Ilya Sorokin,Philipp Grubauer,CG,CG,0,0,0,0,0,0,0,0,1,1,0,0,0,0,0,9,11,5,0,25,10,12,3,0,25,17,24,7,0,48,27,25,9,0,61,31,0,1,0,0,0,1,1,2,1,0,4,1,2,4,0,7,4,8,3,0,15,1,1,7,4,545,273,21,24,0.84,0.96,0,1,0,2,3,3,482,1583,1535,2517,2429,138,101,0,0,0,64,0,0,2,2,88,0,0.0,-,0.0,0.0,0.0,0.0,0.0,0.0,0.0,0.0,0.0,0.0,0.0,0.0,0.0,0.0,0.0,0.0,0.0,0.0,0.0,0.0,0.0,0.0,0.0,1.58,1.74,0.69,0.06,2.3,2.54,0.75,0.0
2025020792,2026-01-21,Canucks,Capitals,Home,RW,5,5,2.752821104,3.526075597,1.968924182,1.8984247076,Kevin Lankinen,Logan Thompson,CG,CG,0,0,0,0,0,0,0,0,0,0,0,0,1,1,0,10,11,4,0,25,11,12,9,0,32,19,20,14,0,53,24,21,22,0,67,38,0,2,2,0,0,4,2,0,1,0,3,4,6,7,0,17,5,5,8,0,18,0,2,3,3,269,241,29,21,0.906,0.84,0,0,3,0,3,3,1862,597,1141,2917,2685,11,139,0,0,73,23,0,0,0,0,232,0,0.0,-,0.0,0.0,0.0,0.0,0.0,0.0,0.0,0.0,0.0,0.0,0.0,0.0,0.0,0.0,0.0,0.0,0.0,0.0,0.0,0.0,0.0,0.0,0.0,1.97,2.12,0.52,0.0,1.9,2.11,1.37,0.04
2025020792,2026-01-21,Capitals,Canucks,Away,RL,5,5,3.526075597,2.752821104,1.8984247076,1.968924182,Logan Thompson,Kevin Lankinen,CG,CG,0,0,0,0,0,0,0,0,1,1,1,0,0,0,0,11,12,9,0,32,10,11,4,0,25,24,21,22,0,67,19,20,14,0,53,47,0,2,0,1,0,3,2,2,0,0,4,5,5,8,0,18,4,6,7,0,17,2,0,3,3,241,269,21,29,0.84,0.906,0,0,0,3,3,3,597,1862,1141,2917,2685,139,11,0,0,23,73,0,0,0,0,232,0,0.0,-,0.0,0.0,0.0,0.0,0.0,0.0,0.0,0.0,0.0,0.0,0.0,0.0,0.0,0.0,0.0,0.0,0.0,0.0,0.0,0.0,0.0,0.0,0.0,1.9,2.11,1.37,0.04,1.97,2.12,0.52,0.0
2025020794,2026-01-22,Bruins,Golden Knights,Home,RW,5,5,3.4095529954,3.5668946632,2.8377833664,1.5717395885,Joonas Korpisalo,Akira Schmid,CG,CG,0,0,0,0,0,0,0,0,1,0,0,0,0,0,0,16,8,5,0,29,4,8,21,0,33,25,19,20,0,64,13,14,35,0,62,51,0,3,1,0,0,4,0,0,3,0,3,8,5,6,0,19,13,6,9,0,28,2,1,3,4,161,443,30,25,0.909,0.862,0,0,6,0,2,0,3048,0,552,2801,2662,28,166,0,0,0,0,0,0,0,0,139,0,0.0,-,0.0,0.0,0.0,0.0,0.0,0.0,0.0,0.0,0.0,0.0,0.0,0.0,0.0,0.0,0.0,0.0,0.0,0.0,0.0,0.0,0.0,0.0,0.0,2.84,2.89,0.51,0.01,1.57,1.57,1.99,0.0
2025020794,2026-01-22,Golden Knights,Bruins,Away,RL,5,5,3.5668946632,3.4095529954,1.5717395885,2.8377833664,Akira Schmid,Joonas Korpisalo,CG,CG,0,0,0,0,0,0,0,0,0,0,0,0,0,0,0,4,8,21,0,33,16,8,5,0,29,13,14,35,0,62,25,19,20,0,64,38,0,0,0,3,0,3,3,1,0,0,4,13,6,9,0,28,8,5,6,0,19,1,2,4,3,443,161,25,30,0.862,0.909,0,0,0,6,0,2,0,3048,552,2801,2662,166,28,0,0,0,0,0,0,0,0,139,0,0.0,-,0.0,0.0,0.0,0.0,0.0,0.0,0.0,0.0,0.0,0.0,0.0,0.0,0.0,0.0,0.0,0.0,0.0,0.0,0.0,0.0,0.0,0.0,0.0,1.57,1.57,1.99,0.0,2.84,2.89,0.51,0.01
2025020795,2026-01-22,Canadiens,Sabres,Home,RL,5,6,3.0365188406,2.8583535755000002,2.5712487136,2.1708001105,Samuel Montembeault,Ukko-Pekka Luukkonen,CG,CG,0,0,0,0,0,1,1,1,0,0,0,0,0,0,0,10,15,9,0,34,8,3,6,0,17,21,26,16,0,63,17,14,16,0,47,52,0,0,2,0,0,2,2,1,1,0,4,13,10,5,0,28,9,11,6,0,26,0,0,3,2,325,205,13,32,0.765,0.941,0,1,0,4,1,3,0,3556,44,2931,2822,72,13,0,0,0,0,0,0,0,73,109,0,0.0,-,0.0,0.0,0.0,0.0,0.0,0.0,0.0,0.0,0.0,0.0,0.0,0.0,0.0,0.0,0.0,0.0,0.0,0.0,0.0,0.0,0.0,0.0,0.0,2.57,2.78,0.25,0.0,2.17,2.17,0.0,0.59
2025020795,2026-01-22,Sabres,Canadiens,Away,RW,6,5,2.8583535755000002,3.0365188406,2.1708001105,2.5712487136,Ukko-Pekka Luukkonen,Samuel Montembeault,CG,CG,0,1,1,1,0,0,0,0,1,0,0,0,0,0,0,8,3,6,0,17,10,15,9,0,34,17,14,16,0,47,21,26,16,0,63,38,0,2,1,1,0,4,0,2,0,0,2,9,11,6,0,26,13,10,5,0,28,0,0,2,3,205,325,32,13,0.941,0.765,1,0,4,0,3,1,3556,0,44,2931,2822,13,72,0,0,0,0,0,0,73,0,109,0,0.0,-,0.0,0.0,0.0,0.0,0.0,0.0,0.0,0.0,0.0,0.0,0.0,0.0,0.0,0.0,0.0,0.0,0.0,0.0,0.0,0.0,0.0,0.0,0.0,2.17,2.17,0.0,0.59,2.57,2.78,0.25,0.0
2025020796,2026-01-22,Hurricanes,Blackhawks,Home,SOL,5,4,4.4008963654999995,2.7403619434,3.2543887975,1.9460391444,Frederik Andersen,Spencer Knight,CG,CG,0,0,0,0,0,0,0,0,0,0,0,0,0,0,0,13,12,5,1,31,4,8,8,2,22,22,22,14,1,59,10,16,20,4,50,44,0,1,1,1,0,3,1,1,1,0,3,12,7,7,3,29,5,7,9,1,22,0,0,5,1,600,94,19,28,0.864,0.903,0,0,0,1,4,2,0,421,3479,2992,2692,10,171,0,0,0,0,0,0,0,0,0,300,0.0,-,0.0,0.0,0.0,0.0,0.0,0.0,0.0,0.0,0.0,0.0,0.0,0.0,0.0,0.0,0.0,0.0,0.0,0.0,0.0,0.0,0.0,0.0,0.0,3.25,3.38,0.82,0.2,1.95,2.31,0.08,0.35
2025020796,2026-01-22,Blackhawks,Hurricanes,Away,SOW,4,5,2.7403619434,4.4008963654999995,1.9460391444,3.2543887975,Spencer Knight,Frederik Andersen,CG,CG,0,0,0,0,0,0,0,0,1,0,0,0,0,0,0,4,8,8,2,22,13,12,5,1,31,10,16,20,4,50,22,22,14,1,59,36,0,1,1,1,0,3,1,1,1,0,3,5,7,9,1,22,12,7,7,3,29,0,0,1,5,94,600,28,19,0.903,0.864,0,0,1,0,2,4,421,0,3479,2992,2692,171,10,0,0,0,0,0,0,0,0,0,300,0.0,-,0.0,0.0,0.0,0.0,0.0,0.0,0.0,0.0,0.0,0.0,0.0,0.0,0.0,0.0,0.0,0.0,0.0,0.0,0.0,0.0,0.0,0.0,0.0,1.95,2.31,0.08,0.35,3.25,3.38,0.82,0.2
2025020797,2026-01-22,Blue Jackets,Stars,Home,RW,5,5,1.9704928588,2.6172169847,1.6192720101,2.1374490087,Jet Greaves,Casey DeSmith,CG,CG,0,0,0,0,0,0,0,0,1,0,0,0,0,0,0,9,7,6,0,22,6,12,10,0,28,17,22,15,0,54,17,18,18,0,53,46,0,1,0,0,0,1,0,0,0,0,0,15,14,6,0,35,1,4,2,0,7,0,0,1,2,120,240,28,21,1.0,0.955,0,0,1,0,2,2,3072,0,528,3021,3021,19,200,0,0,0,0,0,0,0,0,0,0,0.0,-,0.0,0.0,0.0,0.0,0.0,0.0,0.0,0.0,0.0,0.0,0.0,0.0,0.0,0.0,0.0,0.0,0.0,0.0,0.0,0.0,0.0,0.0,0.0,1.62,1.62,0.3,0.05,2.14,2.14,0.48,0.0
2025020797,2026-01-22,Stars,Blue Jackets,Away,RL,5,5,2.6172169847,1.9704928588,2.1374490087,1.6192720101,Casey DeSmith,Jet Greaves,CG,CG,0,0,0,0,0,0,0,0,0,0,0,0,0,0,0,6,12,10,0,28,9,7,6,0,22,17,18,18,0,53,17,22,15,0,54,44,0,0,0,0,0,0,1,0,0,0,1,1,4,2,0,7,15,14,6,0,35,0,0,2,1,240,120,21,28,0.955,1.0,0,0,0,1,2,2,0,3072,528,3021,3021,200,19,0,0,0,0,0,0,0,0,0,0,0.0,-,0.0,0.0,0.0,0.0,0.0,0.0,0.0,0.0,0.0,0.0,0.0,0.0,0.0,0.0,0.0,0.0,0.0,0.0,0.0,0.0,0.0,0.0,0.0,2.14,2.14,0.48,0.0,1.62,1.62,0.3,0.05
2025020798,2026-01-22,Predators,Senators,Home,RW,5,6,2.932780536,3.485684273,2.263074813,2.38297676,Juuse Saros,James Reimer,CG,CG,0,0,0,0,0,0,1,0,0,0,0,0,1,1,1,8,10,9,0,27,11,10,5,0,26,14,23,16,0,53,17,19,15,0,51,46,0,0,1,4,0,5,2,1,0,0,3,12,7,4,0,23,8,6,2,0,16,2,0,5,3,418,366,23,22,0.885,0.815,1,0,1,0,3,3,73,2644,883,2739,2703,59,18,73,0,0,0,0,0,0,43,36,0,0.0,-,0.0,0.0,0.0,0.0,0.0,0.0,0.0,0.0,0.0,0.0,0.0,0.0,0.0,0.0,0.0,0.0,0.0,0.0,0.0,0.0,0.0,0.0,0.0,2.26,2.26,0.63,0.0,2.38,2.38,1.1,0.0
2025020798,2026-01-22,Senators,Predators,Away,RL,6,5,3.485684273,2.932780536,2.38297676,2.263074813,James Reimer,Juuse Saros,CG,CG,0,0,1,0,0,0,0,0,1,1,1,1,0,0,0,11,10,5,0,26,8,10,9,0,27,17,19,15,0,51,14,23,16,0,53,38,0,2,1,0,0,3,0,1,4,0,5,8,6,2,0,16,12,7,4,0,23,0,2,3,5,366,418,22,23,0.815,0.885,0,1,0,1,3,3,2644,73,883,2739,2703,18,59,0,73,0,0,0,0,43,0,36,0,0.0,-,0.0,0.0,0.0,0.0,0.0,0.0,0.0,0.0,0.0,0.0,0.0,0.0,0.0,0.0,0.0,0.0,0.0,0.0,0.0,0.0,0.0,0.0,0.0,2.38,2.38,1.1,0.0,2.26,2.26,0.63,0.0
2025020799,2026-01-22,Jets,Panthers,Home,SOL,6,4,2.589554789,1.9413732236,1.767536633,1.5036511606,Connor Hellebuyck,Daniil Tarasov,CG,CG,0,1,1,0,0,0,0,0,0,0,0,0,0,0,0,5,5,7,1,18,6,7,5,2,20,12,12,16,3,43,17,12,16,6,51,36,0,0,0,1,0,1,0,1,0,0,1,12,8,4,0,24,11,9,7,0,27,0,0,2,1,160,40,19,17,0.95,0.944,0,0,0,0,2,1,0,395,3505,3532,3042,24,54,0,0,0,0,0,0,0,30,190,300,0.0,-,0.0,0.0,0.0,0.0,0.0,0.0,0.0,0.0,0.0,0.0,0.0,0.0,0.0,0.0,0.0,0.0,0.0,0.0,0.0,0.0,0.0,0.0,0.0,1.77,2.57,0.02,0.0,1.5,1.94,0.0,0.0
2025020799,2026-01-22,Panthers,Jets,Away,SOW,4,6,1.9413732236,2.589554789,1.5036511606,1.767536633,Daniil Tarasov,Connor Hellebuyck,CG,CG,0,0,0,0,0,1,1,0,1,0,0,0,0,0,0,6,7,5,2,20,5,5,7,1,18,17,12,16,6,51,12,12,16,3,43,40,0,0,1,0,0,1,0,0,1,0,1,11,9,7,0,27,12,8,4,0,24,0,0,1,2,40,160,17,19,0.944,0.95,0,0,0,0,1,2,395,0,3505,3532,3042,54,24,0,0,0,0,0,0,30,0,190,300,0.0,-,0.0,0.0,0.0,0.0,0.0,0.0,0.0,0.0,0.0,0.0,0.0,0.0,0.0,0.0,0.0,0.0,0.0,0.0,0.0,0.0,0.0,0.0,0.0,1.5,1.94,0.0,0.0,1.77,2.57,0.02,0.0
2025020800,2026-01-22,Oilers,Penguins,Home,RL,6,6,2.2328413089,3.5150314307,1.8314119939,2.6622573767,Tristan Jarry,Arturs Silovs,CG,CG,0,0,1,0,1,1,1,0,0,0,0,0,0,0,0,12,10,10,0,32,9,10,4,0,23,19,16,20,0,55,18,22,12,0,52,48,0,0,1,1,0,2,3,2,1,0,6,6,5,9,0,20,4,5,4,0,13,0,0,2,2,151,151,17,30,0.739,0.938,0,0,0,0,3,2,0,3460,140,3283,3195,10,4,0,0,0,0,0,0,10,0,88,0,0.0,-,0.0,0.0,0.0,0.0,0.0,0.0,0.0,0.0,0.0,0.0,0.0,0.0,0.0,0.0,0.0,0.0,0.0,0.0,0.0,0.0,0.0,0.0,0.0,1.83,1.83,0.36,0.04,2.66,2.73,0.66,0.13
2025020800,2026-01-22,Penguins,Oilers,Away,RW,6,6,3.5150314307,2.2328413089,2.6622573767,1.8314119939,Arturs Silovs,Tristan Jarry,CG,CG,1,1,1,0,0,0,1,0,1,0,0,0,0,0,0,9,10,4,0,23,12,10,10,0,32,18,22,12,0,52,19,16,20,0,55,42,0,3,2,1,0,6,0,1,1,0,2,4,5,4,0,13,6,5,9,0,20,0,0,2,2,151,151,30,17,0.938,0.739,0,0,0,0,2,3,3460,0,140,3283,3195,4,10,0,0,0,0,0,0,0,10,88,0,0.0,-,0.0,0.0,0.0,0.0,0.0,0.0,0.0,0.0,0.0,0.0,0.0,0.0,0.0,0.0,0.0,0.0,0.0,0.0,0.0,0.0,0.0,0.0,0.0,2.66,2.73,0.66,0.13,1.83,1.83,0.36,0.04
2025020801,2026-01-22,Wild,Red Wings,Home,OTW,5,5,3.3078586038,2.8955049543,2.2275599208,2.6930822543,Filip Gustavsson,Cam Talbot,CG,CG,0,1,1,0,1,0,0,0,0,0,0,0,1,0,0,11,17,10,1,39,10,15,7,1,33,17,28,24,1,70,16,29,24,1,70,56,0,1,0,2,1,4,1,1,1,0,3,6,8,4,0,18,5,5,5,0,15,1,1,4,2,413,158,30,35,0.909,0.897,0,0,0,0,1,1,0,1050,2595,3003,2958,23,15,0,0,0,0,0,0,0,0,0,45,0.0,-,0.0,0.0,0.0,0.0,0.0,0.0,0.0,0.0,0.0,0.0,0.0,0.0,0.0,0.0,0.0,0.0,0.0,0.0,0.0,0.0,0.0,0.0,0.0,2.23,2.27,1.04,0.0,2.69,2.79,0.11,0.0
2025020801,2026-01-22,Red Wings,Wild,Away,OTL,5,5,2.8955049543,3.3078586038,2.6930822543,2.2275599208,Cam Talbot,Filip Gustavsson,CG,CG,1,0,0,0,0,1,1,0,1,1,0,0,0,0,0,10,15,7,1,33,11,17,10,1,39,16,29,24,1,70,17,28,24,1,70,60,0,1,1,1,0,3,1,0,2,1,4,5,5,5,0,15,6,8,4,0,18,1,1,2,4,158,413,35,30,0.897,0.909,0,0,0,0,1,1,1050,0,2595,3003,2958,15,23,0,0,0,0,0,0,0,0,0,45,0.0,-,0.0,0.0,0.0,0.0,0.0,0.0,0.0,0.0,0.0,0.0,0.0,0.0,0.0,0.0,0.0,0.0,0.0,0.0,0.0,0.0,0.0,0.0,0.0,2.69,2.79,0.11,0.0,2.23,2.27,1.04,0.0
2025020802,2026-01-23,Maple Leafs,Golden Knights,Home,RL,1,1,2.5692087973,3.512547838,2.4828660189,3.071597444,Anthony Stolarz,Adin Hill,CG,CG,0,0,0,0,0,0,0,0,0,0,0,0,0,0,0,5,11,5,0,21,10,7,14,0,31,12,22,11,0,45,21,17,21,0,59,43,0,0,3,0,0,3,2,2,2,0,6,9,8,4,0,21,2,7,2,0,11,0,0,1,1,120,120,25,18,0.806,0.857,0,1,0,2,2,2,0,3534,66,3257,3257,95,8,0,0,0,0,0,0,0,0,0,0,0.0,-,0.0,0.0,0.0,0.0,0.0,0.0,0.0,0.0,0.0,0.0,0.0,0.0,0.0,0.0,0.0,0.0,0.0,0.0,0.0,0.0,0.0,0.0,0.0,2.4800000190734863,2.4800000190734863,0.0900000035762786,0.0,3.069999933242798,3.069999933242798,0.3799999952316284,0.0
2025020802,2026-01-23,Golden Knights,Maple Leafs,Away,RW,1,1,3.512547838,2.5692087973,3.071597444,2.4828660189,Adin Hill,Anthony Stolarz,CG,CG,0,0,0,0,0,0,0,0,1,0,0,0,0,0,0,10,7,14,0,31,5,11,5,0,21,21,17,21,0,59,12,22,11,0,45,54,0,2,2,2,0,6,0,3,0,0,3,2,7,2,0,11,9,8,4,0,21,0,0,1,1,120,120,18,25,0.857,0.806,1,0,2,0,2,2,3534,0,66,3257,3257,8,95,0,0,0,0,0,0,0,0,0,0,0.0,-,0.0,0.0,0.0,0.0,0.0,0.0,0.0,0.0,0.0,0.0,0.0,0.0,0.0,0.0,0.0,0.0,0.0,0.0,0.0,0.0,0.0,0.0,0.0,3.069999933242798,3.069999933242798,0.3799999952316284,0.0,2.4800000190734863,2.4800000190734863,0.0900000035762786,0.0
2025020803,2026-01-23,Blackhawks,Lightning,Home,SOL,1,1,2.0117635594,4.2290689506,1.3952026694,3.4417897646,Arvid Soderblom,Andrei Vasilevskiy,CG,CG,0,0,0,0,0,0,0,0,1,1,0,0,0,0,0,4,2,8,4,18,8,13,9,1,31,8,12,17,7,44,23,24,19,2,68,32,0,1,0,0,0,1,0,1,0,0,1,3,8,4,1,16,5,8,4,1,18,0,0,3,3,360,344,30,17,0.968,0.944,0,0,0,0,1,2,1260,0,2640,3064,2764,70,44,0,0,0,0,0,0,0,0,0,300,0.0,-,0.0,0.0,0.0,0.0,0.0,0.0,0.0,0.0,0.0,0.0,0.0,0.0,0.0,0.0,0.0,0.0,0.0,0.0,0.0,0.0,0.0,0.0,0.0,1.399999976158142,1.7799999713897705,0.1700000017881393,0.0599999986588954,3.440000057220459,3.4800000190734863,0.6200000047683716,0.1400000005960464
2025020803,2026-01-23,Lightning,Blackhawks,Away,SOW,1,1,4.2290689506,2.0117635594,3.4417897646,1.3952026694,Andrei Vasilevskiy,Arvid Soderblom,CG,CG,0,0,0,0,0,0,0,0,0,0,0,0,1,0,0,8,13,9,1,31,4,2,8,4,18,23,24,19,2,68,8,12,17,7,44,56,0,0,1,0,0,1,1,0,0,0,1,5,8,4,1,18,3,8,4,1,16,0,0,3,3,344,360,17,30,0.944,0.968,0,0,0,0,2,1,0,1260,2640,3064,2764,44,70,0,0,0,0,0,0,0,0,0,300,0.0,-,0.0,0.0,0.0,0.0,0.0,0.0,0.0,0.0,0.0,0.0,0.0,0.0,0.0,0.0,0.0,0.0,0.0,0.0,0.0,0.0,0.0,0.0,0.0,3.440000057220459,3.4800000190734863,0.6200000047683716,0.1400000005960464,1.399999976158142,1.7799999713897705,0.1700000017881393,0.0599999986588954
2025020804,2026-01-23,Stars,Blues,Home,RW,1,1,1.8778806217,2.3669551599,1.1079460147,2.0574661109,Jake Oettinger,Jordan Binnington,CG,CG,0,0,0,0,0,0,0,0,1,0,0,0,1,0,0,10,5,4,0,19,3,9,10,0,22,17,11,19,0,47,11,14,16,0,41,35,0,1,1,1,0,3,1,1,0,0,2,6,6,4,0,16,14,5,7,0,26,2,1,5,3,509,329,20,16,0.909,0.842,0,0,5,0,1,1,409,220,2971,2615,2615,23,109,0,0,0,0,0,0,0,0,0,0,0.0,-,0.0,0.0,0.0,0.0,0.0,0.0,0.0,0.0,0.0,0.0,0.0,0.0,0.0,0.0,0.0,0.0,0.0,0.0,0.0,0.0,0.0,0.0,0.0,1.1100000143051147,1.1100000143051147,0.6899999976158142,0.0199999995529651,2.059999942779541,2.059999942779541,0.3100000023841858,0.0
2025020804,2026-01-23,Blues,Stars,Away,RL,1,1,2.3669551599,1.8778806217,2.0574661109,1.1079460147,Jordan Binnington,Jake Oettinger,CG,CG,0,0,0,0,0,0,0,0,0,1,0,0,0,0,0,3,9,10,0,22,10,5,4,0,19,11,14,16,0,41,17,11,19,0,47,35,0,1,1,0,0,2,1,1,1,0,3,14,5,7,0,26,6,6,4,0,16,1,2,3,5,329,509,16,20,0.842,0.909,0,0,0,5,1,1,220,409,2971,2615,2615,109,23,0,0,0,0,0,0,0,0,0,0,0.0,-,0.0,0.0,0.0,0.0,0.0,0.0,0.0,0.0,0.0,0.0,0.0,0.0,0.0,0.0,0.0,0.0,0.0,0.0,0.0,0.0,0.0,0.0,0.0,2.059999942779541,2.059999942779541,0.3100000023841858,0.0,1.1100000143051147,1.1100000143051147,0.6899999976158142,0.0199999995529651
2025020805,2026-01-23,Avalanche,Flyers,Home,RL,1,1,2.737395696,3.7610733199,1.791204954,2.7093171559,Mackenzie Blackwood,Samuel Ersson,CG,CG,0,0,0,0,0,0,0,0,0,0,0,0,0,0,0,17,7,11,0,35,6,6,8,0,20,24,17,20,0,61,21,23,12,0,56,42,0,0,3,0,0,3,2,1,4,0,7,5,9,1,0,15,10,7,4,0,21,0,1,4,2,480,196,13,32,0.65,0.914,0,1,0,2,1,3,0,2142,1458,2643,2643,132,142,0,0,0,0,0,0,0,0,0,0,0.0,-,0.0,0.0,0.0,0.0,0.0,0.0,0.0,0.0,0.0,0.0,0.0,0.0,0.0,0.0,0.0,0.0,0.0,0.0,0.0,0.0,0.0,0.0,0.0,1.7899999618530271,1.7899999618530271,0.949999988079071,0.0,2.7100000381469727,2.7100000381469727,0.6499999761581421,0.3499999940395355
2025020805,2026-01-23,Flyers,Avalanche,Away,RW,1,1,3.7610733199,2.737395696,2.7093171559,1.791204954,Samuel Ersson,Mackenzie Blackwood,CG,CG,0,0,0,0,0,0,0,0,1,0,0,0,0,0,0,6,6,8,0,20,17,7,11,0,35,21,23,12,0,56,24,17,20,0,61,43,0,2,1,4,0,7,0,3,0,0,3,10,7,4,0,21,5,9,1,0,15,1,0,2,4,196,480,32,13,0.914,0.65,1,0,2,0,3,1,2142,0,1458,2643,2643,142,132,0,0,0,0,0,0,0,0,0,0,0.0,-,0.0,0.0,0.0,0.0,0.0,0.0,0.0,0.0,0.0,0.0,0.0,0.0,0.0,0.0,0.0,0.0,0.0,0.0,0.0,0.0,0.0,0.0,0.0,2.7100000381469727,2.7100000381469727,0.6499999761581421,0.3499999940395355,1.7899999618530271,1.7899999618530271,0.949999988079071,0.0
2025020806,2026-01-23,Flames,Capitals,Home,RL,1,1,2.0623826567,4.5528742678,1.7592106017,2.7007382178,Devin Cooley,Logan Thompson,CG,CG,0,0,0,0,0,0,0,0,1,1,0,0,0,0,0,16,4,6,0,26,8,17,13,0,38,26,20,15,0,61,23,34,27,0,84,52,0,1,0,0,0,1,0,1,2,0,3,8,6,7,0,21,7,5,5,0,17,1,0,2,3,98,360,35,25,0.921,0.962,0,1,0,3,1,3,1224,745,1631,3042,2922,88,10,0,0,0,0,0,0,9,0,120,0,0.0,-,0.0,0.0,0.0,0.0,0.0,0.0,0.0,0.0,0.0,0.0,0.0,0.0,0.0,0.0,0.0,0.0,0.0,0.0,0.0,0.0,0.0,0.0,0.0,1.7599999904632568,1.7799999713897705,0.25,0.0299999993294477,2.700000047683716,2.700000047683716,1.809999942779541,0.0
2025020806,2026-01-23,Capitals,Flames,Away,RW,1,1,4.5528742678,2.0623826567,2.7007382178,1.7592106017,Logan Thompson,Devin Cooley,CG,CG,0,0,0,0,0,0,0,0,0,0,0,0,1,0,0,8,17,13,0,38,16,4,6,0,26,23,34,27,0,84,26,20,15,0,61,62,0,0,1,2,0,3,1,0,0,0,1,7,5,5,0,17,8,6,7,0,21,0,1,3,2,360,98,25,35,0.962,0.921,1,0,3,0,3,1,745,1224,1631,3042,2922,10,88,0,0,0,0,0,0,0,9,120,0,0.0,-,0.0,0.0,0.0,0.0,0.0,0.0,0.0,0.0,0.0,0.0,0.0,0.0,0.0,0.0,0.0,0.0,0.0,0.0,0.0,0.0,0.0,0.0,0.0,2.700000047683716,2.700000047683716,1.809999942779541,0.0,1.7599999904632568,1.7799999713897705,0.25,0.0299999993294477
2025020807,2026-01-23,Canucks,Devils,Home,RL,1,1,2.866917941,3.504766363,2.0770245640000002,2.84204633,Kevin Lankinen,Jacob Markstrom,CG,CG,0,0,0,0,0,0,0,0,0,0,0,0,0,0,0,7,10,8,0,25,8,13,3,0,24,20,18,17,0,55,21,20,12,0,53,41,0,0,3,1,0,4,1,3,1,0,5,7,8,4,0,19,7,7,3,0,17,0,2,2,3,240,260,19,21,0.792,0.84,0,0,0,2,4,1,0,3499,101,2847,2847,191,23,0,0,0,0,0,0,0,0,0,0,0.0,-,0.0,0.0,0.0,0.0,0.0,0.0,0.0,0.0,0.0,0.0,0.0,0.0,0.0,0.0,0.0,0.0,0.0,0.0,0.0,0.0,0.0,0.0,0.0,2.0799999237060547,2.0799999237060547,0.6200000047683716,0.1700000017881393,2.8399999141693115,2.8399999141693115,0.5400000214576721,0.0
2025020807,2026-01-23,Devils,Canucks,Away,RW,1,1,3.504766363,2.866917941,2.84204633,2.0770245640000002,Jacob Markstrom,Kevin Lankinen,CG,CG,0,0,0,0,0,0,0,0,1,0,0,0,0,0,0,8,13,3,0,24,7,10,8,0,25,21,20,12,0,53,20,18,17,0,55,44,0,1,3,1,0,5,0,3,1,0,4,7,7,3,0,17,7,8,4,0,19,2,0,3,2,260,240,21,19,0.84,0.792,0,0,2,0,1,4,3499,0,101,2847,2847,23,191,0,0,0,0,0,0,0,0,0,0,0.0,-,0.0,0.0,0.0,0.0,0.0,0.0,0.0,0.0,0.0,0.0,0.0,0.0,0.0,0.0,0.0,0.0,0.0,0.0,0.0,0.0,0.0,0.0,0.0,2.8399999141693115,2.8399999141693115,0.5400000214576721,0.0,2.0799999237060547,2.0799999237060547,0.6200000047683716,0.1700000017881393
2025020808,2026-01-23,Sharks,Rangers,Home,RW,1,1,3.7443446097,3.0785341718,1.5978573327,2.3108196068,Alex Nedeljkovic,Spencer Martin,CG,CG,0,0,0,0,0,0,0,0,1,0,0,0,0,0,0,17,7,7,0,31,11,11,7,0,29,29,18,21,0,68,23,17,18,0,58,43,0,3,0,0,0,3,1,0,0,0,1,10,3,1,0,14,7,7,4,0,18,2,0,7,2,725,247,28,28,0.966,0.903,0,0,4,0,5,1,3531,0,69,2308,2308,32,286,0,0,0,0,0,0,0,0,0,0,0.0,-,0.0,0.0,0.0,0.0,0.0,0.0,0.0,0.0,0.0,0.0,0.0,0.0,0.0,0.0,0.0,0.0,0.0,0.0,0.0,0.0,0.0,0.0,0.0,1.600000023841858,1.600000023841858,1.8899999856948853,0.25,2.309999942779541,2.309999942779541,0.6600000262260437,0.1099999994039535
2025020808,2026-01-23,Rangers,Sharks,Away,RL,1,1,3.0785341718,3.7443446097,2.3108196068,1.5978573327,Spencer Martin,Alex Nedeljkovic,CG,CG,0,0,0,0,0,0,0,0,0,0,0,0,0,0,0,11,11,7,0,29,17,7,7,0,31,23,17,18,0,58,29,18,21,0,68,40,0,1,0,0,0,1,3,0,0,0,3,7,7,4,0,18,10,3,1,0,14,0,2,2,7,247,725,28,28,0.903,0.966,0,0,0,4,1,5,0,3531,69,2308,2308,286,32,0,0,0,0,0,0,0,0,0,0,0.0,-,0.0,0.0,0.0,0.0,0.0,0.0,0.0,0.0,0.0,0.0,0.0,0.0,0.0,0.0,0.0,0.0,0.0,0.0,0.0,0.0,0.0,0.0,0.0,2.309999942779541,2.309999942779541,0.6600000262260437,0.1099999994039535,1.600000023841858,1.600000023841858,1.8899999856948853,0.25
2025020809,2026-01-23,Kraken,Ducks,Home,RL,1,1,1.9682798741,4.0002706729,1.6090968681,3.3403451559,Philipp Grubauer,Lukas Dostal,CG,CG,0,0,0,0,0,0,0,0,0,0,0,0,0,0,0,3,8,11,0,22,12,12,7,0,31,11,16,25,0,52,21,24,16,0,61,45,0,0,1,1,0,2,2,1,1,0,4,8,4,9,0,21,5,9,11,0,25,0,1,2,2,210,172,27,20,0.871,0.909,0,1,0,2,1,3,0,3538,62,3086,3086,55,47,0,0,0,0,0,0,0,5,0,0,0.0,-,0.0,0.0,0.0,0.0,0.0,0.0,0.0,0.0,0.0,0.0,0.0,0.0,0.0,0.0,0.0,0.0,0.0,0.0,0.0,0.0,0.0,0.0,0.0,1.6100000143051147,1.6100000143051147,0.3600000143051147,0.0,3.3399999141693115,3.3399999141693115,0.4099999964237213,0.1099999994039535
2025020809,2026-01-23,Ducks,Kraken,Away,RW,1,1,4.0002706729,1.9682798741,3.3403451559,1.6090968681,Lukas Dostal,Philipp Grubauer,CG,CG,0,0,0,0,0,0,0,0,1,0,0,0,0,0,0,12,12,7,0,31,3,8,11,0,22,21,24,16,0,61,11,16,25,0,52,51,0,2,1,1,0,4,0,1,1,0,2,5,9,11,0,25,8,4,9,0,21,1,0,2,2,172,210,20,27,0.909,0.871,1,0,2,0,3,1,3538,0,62,3086,3086,47,55,0,0,0,0,0,0,5,0,0,0,0.0,-,0.0,0.0,0.0,0.0,0.0,0.0,0.0,0.0,0.0,0.0,0.0,0.0,0.0,0.0,0.0,0.0,0.0,0.0,0.0,0.0,0.0,0.0,0.0,3.3399999141693115,3.3399999141693115,0.4099999964237213,0.1099999994039535,1.6100000143051147,1.6100000143051147,0.3600000143051147,0.0
2025020810,2026-01-24,Islanders,Sabres,Home,RL,1,1,2.5766565155,3.1397833824,1.7742680554999999,3.0718381774,David Rittich,Alex Lyon,CG,CG,0,0,0,0,0,0,0,0,0,0,0,0,0,0,0,13,7,6,0,26,6,7,8,0,21,23,21,11,0,55,15,15,15,0,45,45,0,0,0,0,0,0,0,2,3,0,5,9,8,7,0,24,9,5,2,0,16,0,0,3,2,360,240,16,26,0.762,1.0,0,1,0,4,2,3,0,2367,1233,2725,2672,137,64,0,0,0,0,0,0,0,0,53,0,0.0,-,0.0,0.0,0.0,0.0,0.0,0.0,0.0,0.0,0.0,0.0,0.0,0.0,0.0,0.0,0.0,0.0,0.0,0.0,0.0,0.0,0.0,0.0,0.0,12.34000015258789,12.34000015258789,2.5,2.0899999141693115,15.479999542236328,15.479999542236328,0.0,0.0
2025020810,2026-01-24,Sabres,Islanders,Away,RW,1,1,3.1397833824,2.5766565155,3.0718381774,1.7742680554999999,Alex Lyon,David Rittich,CG,CG,0,0,0,0,0,0,0,0,1,0,0,0,0,0,0,6,7,8,0,21,13,7,6,0,26,15,15,15,0,45,23,21,11,0,55,38,0,0,2,3,0,5,0,0,0,0,0,9,5,2,0,16,9,8,7,0,24,0,0,2,3,240,360,26,16,1.0,0.762,1,0,4,0,3,2,2367,0,1233,2725,2672,64,137,0,0,0,0,0,0,0,0,53,0,0.0,-,0.0,0.0,0.0,0.0,0.0,0.0,0.0,0.0,0.0,0.0,0.0,0.0,0.0,0.0,0.0,0.0,0.0,0.0,0.0,0.0,0.0,0.0,0.0,15.479999542236328,15.479999542236328,0.0,0.0,12.34000015258789,12.34000015258789,2.5,2.0899999141693115
2025020811,2026-01-24,Predators,Mammoth,Home,RL,1,1,3.6219715435,4.134368695,3.2000487765,2.561878429,Juuse Saros,Karel Vejmelka,CG,CG,0,0,0,0,0,0,0,0,1,1,0,0,0,0,0,8,11,10,0,29,10,12,9,0,31,18,21,20,0,59,19,17,19,0,55,49,0,1,1,0,0,2,0,3,2,0,5,8,14,7,0,29,8,5,6,0,19,1,1,3,2,191,182,26,27,0.839,0.931,0,1,0,3,0,2,1157,2087,356,3013,3013,127,82,0,0,0,0,0,0,0,0,0,0,0.0,-,0.0,0.0,0.0,0.0,0.0,0.0,0.0,0.0,0.0,0.0,0.0,0.0,0.0,0.0,0.0,0.0,0.0,0.0,0.0,0.0,0.0,0.0,0.0,17.360000610351562,17.360000610351562,2.5999999046325684,0.0,15.4399995803833,15.4399995803833,2.9200000762939453,0.0
2025020811,2026-01-24,Mammoth,Predators,Away,RW,1,1,4.134368695,3.6219715435,2.561878429,3.2000487765,Karel Vejmelka,Juuse Saros,CG,CG,0,0,0,0,0,0,0,0,0,0,0,0,1,0,0,10,12,9,0,31,8,11,10,0,29,19,17,19,0,55,18,21,20,0,59,46,0,0,3,2,0,5,1,1,0,0,2,8,5,6,0,19,8,14,7,0,29,1,1,2,3,182,191,27,26,0.931,0.839,1,0,3,0,2,0,2087,1157,356,3013,3013,82,127,0,0,0,0,0,0,0,0,0,0,0.0,-,0.0,0.0,0.0,0.0,0.0,0.0,0.0,0.0,0.0,0.0,0.0,0.0,0.0,0.0,0.0,0.0,0.0,0.0,0.0,0.0,0.0,0.0,0.0,15.4399995803833,15.4399995803833,2.9200000762939453,0.0,17.360000610351562,17.360000610351562,2.5999999046325684,0.0
2025020812,2026-01-24,Bruins,Canadiens,Home,RW,1,1,2.751778659,2.9721597005,1.5243151845,1.9415661825,Jeremy Swayman,Samuel Montembeault,CG,CG,0,0,0,0,0,0,0,0,0,0,0,0,1,0,0,2,11,8,0,21,7,9,9,0,25,17,20,19,0,56,15,22,16,0,53,40,0,0,2,2,0,4,1,2,0,0,3,8,9,4,0,21,7,6,3,0,16,3,2,4,3,248,267,22,17,0.88,0.81,0,0,5,1,1,1,353,2264,983,2796,2796,39,201,0,0,0,0,0,0,0,0,0,0,0.0,-,0.0,0.0,0.0,0.0,0.0,0.0,0.0,0.0,0.0,0.0,0.0,0.0,0.0,0.0,0.0,0.0,0.0,0.0,0.0,0.0,0.0,0.0,0.0,9.6899995803833,9.6899995803833,6.309999942779541,0.2599999904632568,12.130000114440918,12.130000114440918,5.920000076293945,0.0
2025020812,2026-01-24,Canadiens,Bruins,Away,RL,1,1,2.9721597005,2.751778659,1.9415661825,1.5243151845,Samuel Montembeault,Jeremy Swayman,CG,CG,0,0,0,0,0,0,0,0,1,1,0,0,0,0,0,7,9,9,0,25,2,11,8,0,21,15,22,16,0,53,17,20,19,0,56,39,0,1,2,0,0,3,0,2,2,0,4,7,6,3,0,16,8,9,4,0,21,2,3,3,4,267,248,17,22,0.81,0.88,0,0,1,5,1,1,2264,353,983,2796,2796,201,39,0,0,0,0,0,0,0,0,0,0,0.0,-,0.0,0.0,0.0,0.0,0.0,0.0,0.0,0.0,0.0,0.0,0.0,0.0,0.0,0.0,0.0,0.0,0.0,0.0,0.0,0.0,0.0,0.0,0.0,12.130000114440918,12.130000114440918,5.920000076293945,0.0,9.6899995803833,9.6899995803833,6.309999942779541,0.2599999904632568
2025020813,2026-01-24,Senators,Hurricanes,Home,RL,1,1,2.7101392328,2.290687062,1.8065497481,1.705659562,James Reimer,Brandon Bussi,CG,CG,0,0,0,0,0,0,0,0,0,0,0,0,0,0,0,14,7,15,0,36,8,8,3,0,19,22,14,25,0,61,17,14,13,0,44,48,0,0,1,0,0,1,3,1,0,0,4,15,8,11,0,34,4,1,7,0,12,0,1,4,4,480,360,15,35,0.789,0.972,0,0,0,9,1,2,0,3367,233,2534,2534,135,70,0,0,0,40,0,0,82,0,0,0,0.0,-,0.0,0.0,0.0,0.0,0.0,0.0,0.0,0.0,0.0,0.0,0.0,0.0,0.0,0.0,0.0,0.0,0.0,0.0,0.0,0.0,0.0,0.0,0.0,11.949999809265137,11.949999809265137,4.460000038146973,0.8799999952316284,9.829999923706056,9.829999923706056,1.0700000524520874,1.7400000095367432
2025020813,2026-01-24,Hurricanes,Senators,Away,RW,1,1,2.290687062,2.7101392328,1.705659562,1.8065497481,Brandon Bussi,James Reimer,CG,CG,0,0,0,0,0,0,0,0,1,0,0,0,0,0,0,8,8,3,0,19,14,7,15,0,36,17,14,13,0,44,22,14,25,0,61,34,0,3,1,0,0,4,0,1,0,0,1,4,1,7,0,12,15,8,11,0,34,1,0,4,4,360,480,35,15,0.972,0.789,0,0,9,0,2,1,3367,0,233,2534,2534,70,135,0,0,40,0,0,0,0,82,0,0,0.0,-,0.0,0.0,0.0,0.0,0.0,0.0,0.0,0.0,0.0,0.0,0.0,0.0,0.0,0.0,0.0,0.0,0.0,0.0,0.0,0.0,0.0,0.0,0.0,9.829999923706056,9.829999923706056,1.0700000524520874,1.7400000095367432,11.949999809265137,11.949999809265137,4.460000038146973,0.8799999952316284
2025020814,2026-01-24,Blue Jackets,Lightning,Home,RW,1,1,3.1164345615,2.4069335562,2.6241796525,1.5841434731,Jet Greaves,Jonas Johansson,CG,CG,0,0,0,0,0,0,0,0,1,0,0,0,0,0,0,11,16,4,0,31,8,10,12,0,30,21,21,18,0,60,14,20,22,0,56,50,0,4,2,2,0,8,2,2,1,0,5,9,13,5,0,27,6,9,7,0,22,1,1,2,2,130,153,25,23,0.833,0.742,2,0,5,0,2,2,2445,0,1155,3153,3044,23,109,0,0,0,0,0,0,0,0,109,0,0.0,-,0.0,0.0,0.0,0.0,0.0,0.0,0.0,0.0,0.0,0.0,0.0,0.0,0.0,0.0,0.0,0.0,0.0,0.0,0.0,0.0,0.0,0.0,0.0,16.540000915527344,17.520000457763672,0.6499999761581421,0.0,11.520000457763672,11.520000457763672,4.239999771118164,0.449999988079071
2025020814,2026-01-24,Lightning,Blue Jackets,Away,RL,1,1,2.4069335562,3.1164345615,1.5841434731,2.6241796525,Jonas Johansson,Jet Greaves,CG,CG,0,0,0,0,0,0,0,0,0,0,0,0,0,0,0,8,10,12,0,30,11,16,4,0,31,14,20,22,0,56,21,21,18,0,60,46,0,2,2,1,0,5,4,2,2,0,8,6,9,7,0,22,9,13,5,0,27,1,1,2,2,153,130,23,25,0.742,0.833,0,2,0,5,2,2,0,2445,1155,3153,3044,109,23,0,0,0,0,0,0,0,0,109,0,0.0,-,0.0,0.0,0.0,0.0,0.0,0.0,0.0,0.0,0.0,0.0,0.0,0.0,0.0,0.0,0.0,0.0,0.0,0.0,0.0,0.0,0.0,0.0,0.0,11.520000457763672,11.520000457763672,4.239999771118164,0.449999988079071,16.540000915527344,17.520000457763672,0.6499999761581421,0.0
2025020815,2026-01-24,Jets,Red Wings,Home,RL,1,1,2.4626983845,2.8156035557,2.0751715195,2.2129213097,Connor Hellebuyck,John Gibson,CG,CG,0,0,0,0,0,0,0,0,1,1,0,0,0,0,0,9,10,8,0,27,11,12,8,0,31,17,24,13,0,54,22,18,19,0,59,47,0,0,1,0,0,1,0,1,4,0,5,11,7,4,0,22,5,10,7,0,22,0,0,1,3,120,360,26,26,0.839,0.963,0,1,0,2,1,1,342,1097,2161,3051,3051,63,6,0,0,0,0,0,0,0,0,0,0,0.0,-,0.0,0.0,0.0,0.0,0.0,0.0,0.0,0.0,0.0,0.0,0.0,0.0,0.0,0.0,0.0,0.0,0.0,0.0,0.0,0.0,0.0,0.0,0.0,13.329999923706056,13.329999923706056,1.2100000381469729,0.7599999904632568,13.989999771118164,13.989999771118164,3.0799999237060547,0.0
2025020815,2026-01-24,Red Wings,Jets,Away,RW,1,1,2.8156035557,2.4626983845,2.2129213097,2.0751715195,John Gibson,Connor Hellebuyck,CG,CG,0,0,0,0,0,0,0,0,0,0,0,0,1,0,0,11,12,8,0,31,9,10,8,0,27,22,18,19,0,59,17,24,13,0,54,51,0,0,1,4,0,5,0,1,0,0,1,5,10,7,0,22,11,7,4,0,22,0,0,3,1,360,120,26,26,0.963,0.839,1,0,2,0,1,1,1097,342,2161,3051,3051,6,63,0,0,0,0,0,0,0,0,0,0,0.0,-,0.0,0.0,0.0,0.0,0.0,0.0,0.0,0.0,0.0,0.0,0.0,0.0,0.0,0.0,0.0,0.0,0.0,0.0,0.0,0.0,0.0,0.0,0.0,13.989999771118164,13.989999771118164,3.0799999237060547,0.0,13.329999923706056,13.329999923706056,1.2100000381469729,0.7599999904632568
2025020816,2026-01-24,Blues,Kings,Home,SOL,1,1,3.1174893499,3.3470347799,1.5857295369,2.0617152689,Joel Hofer,Darcy Kuemper,CG,CG,0,0,0,0,0,0,0,0,0,1,0,0,0,0,0,7,8,11,3,29,5,7,13,3,28,19,19,17,8,63,16,15,25,4,60,42,0,0,3,1,0,4,1,2,1,0,4,7,9,3,1,20,9,5,3,0,17,1,0,3,3,231,274,24,25,0.857,0.862,0,0,0,0,4,2,128,1695,2077,3276,2891,77,0,0,0,0,0,0,0,0,9,85,300,0.0,-,0.0,0.0,0.0,0.0,0.0,0.0,0.0,0.0,0.0,0.0,0.0,0.0,0.0,0.0,0.0,0.0,0.0,0.0,0.0,0.0,0.0,0.0,0.0,10.75,14.149999618530272,4.420000076293945,0.0,12.270000457763672,14.8100004196167,3.619999885559082,0.5
2025020816,2026-01-24,Kings,Blues,Away,SOW,1,1,3.3470347799,3.1174893499,2.0617152689,1.5857295369,Darcy Kuemper,Joel Hofer,CG,CG,0,0,0,0,0,0,0,0,1,0,0,0,1,0,0,5,7,13,3,28,7,8,11,3,29,16,15,25,4,60,19,19,17,8,63,48,0,1,2,1,0,4,0,3,1,0,4,9,5,3,0,17,7,9,3,1,20,0,1,3,3,274,231,25,24,0.862,0.857,0,0,0,0,2,4,1695,128,2077,3276,2891,0,77,0,0,0,0,0,0,9,0,85,300,0.0,-,0.0,0.0,0.0,0.0,0.0,0.0,0.0,0.0,0.0,0.0,0.0,0.0,0.0,0.0,0.0,0.0,0.0,0.0,0.0,0.0,0.0,0.0,0.0,12.270000457763672,14.8100004196167,3.619999885559082,0.5,10.75,14.149999618530272,4.420000076293945,0.0
2025020817,2026-01-24,Wild,Panthers,Home,OTL,1,1,2.4837823597999997,3.213350302,1.1218486848,1.9356860759999999,Filip Gustavsson,Sergei Bobrovsky,CG,CG,0,0,0,0,0,0,0,0,0,1,0,0,0,0,0,5,10,6,0,21,10,15,8,1,34,10,16,13,0,39,22,26,17,1,66,22,0,1,1,1,0,3,2,0,1,1,4,10,5,2,0,17,7,4,6,0,17,2,2,6,6,604,617,30,18,0.882,0.857,0,0,0,0,2,0,62,526,3192,2222,2042,120,152,0,0,0,0,0,0,0,0,0,180,0.0,-,0.0,0.0,0.0,0.0,0.0,0.0,0.0,0.0,0.0,0.0,0.0,0.0,0.0,0.0,0.0,0.0,0.0,0.0,0.0,0.0,0.0,0.0,0.0,6.909999847412109,6.909999847412109,5.449999809265137,1.4600000381469729,11.850000381469728,12.100000381469728,7.909999847412109,0.4199999868869781
2025020817,2026-01-24,Panthers,Wild,Away,OTW,1,1,3.213350302,2.4837823597999997,1.9356860759999999,1.1218486848,Sergei Bobrovsky,Filip Gustavsson,CG,CG,0,0,0,0,0,0,0,0,1,0,0,0,1,0,0,10,15,8,1,34,5,10,6,0,21,22,26,17,1,66,10,16,13,0,39,40,0,2,0,1,1,4,1,1,1,0,3,7,4,6,0,17,10,5,2,0,17,2,2,6,6,617,604,18,30,0.857,0.882,0,0,0,0,0,2,526,62,3192,2222,2042,152,120,0,0,0,0,0,0,0,0,0,180,0.0,-,0.0,0.0,0.0,0.0,0.0,0.0,0.0,0.0,0.0,0.0,0.0,0.0,0.0,0.0,0.0,0.0,0.0,0.0,0.0,0.0,0.0,0.0,0.0,11.850000381469728,12.100000381469728,7.909999847412109,0.4199999868869781,6.909999847412109,6.909999847412109,5.449999809265137,1.4600000381469729
2025020818,2026-01-24,Oilers,Capitals,Home,OTW,1,1,5.8074368821,3.640107515,2.6077634131,3.395784352,Connor Ingram,Charlie Lindgren,IG,CG,0,0,0,0,0,0,0,0,1,0,0,0,1,0,0,10,12,16,2,40,2,13,12,0,27,20,22,33,2,77,13,23,28,0,64,48,0,1,1,3,1,6,1,2,2,0,5,5,1,5,0,11,4,2,2,0,8,1,1,5,5,515,402,22,34,0.815,0.85,0,0,0,3,2,3,179,964,2504,2561,2417,135,9,0,0,33,0,0,0,14,5,97,47,0.0,-,0.0,0.0,0.0,0.0,0.0,0.0,0.0,0.0,0.0,0.0,0.0,0.0,0.0,0.0,0.0,0.0,0.0,0.0,0.0,0.0,0.0,0.0,0.0,14.640000343322754,17.979999542236328,12.420000076293944,0.0,18.700000762939453,19.01000022888184,1.6200000047683716,0.0
2025020818,2026-01-24,Capitals,Oilers,Away,OTL,1,1,3.640107515,5.8074368821,3.395784352,2.6077634131,Charlie Lindgren,Connor Ingram,CG,IG,0,0,0,0,0,0,0,0,0,1,0,0,0,0,0,2,13,12,0,27,10,12,16,2,40,13,23,28,0,64,20,22,33,2,77,53,0,1,2,2,0,5,1,1,3,1,6,4,2,2,0,8,5,1,5,0,11,1,1,5,5,402,515,34,22,0.85,0.815,0,0,3,0,3,2,964,179,2504,2561,2417,9,135,0,0,0,33,0,0,5,14,97,47,0.0,-,0.0,0.0,0.0,0.0,0.0,0.0,0.0,0.0,0.0,0.0,0.0,0.0,0.0,0.0,0.0,0.0,0.0,0.0,0.0,0.0,0.0,0.0,0.0,18.700000762939453,19.01000022888184,1.6200000047683716,0.0,14.640000343322754,17.979999542236328,12.420000076293944,0.0
2025020819,2026-01-25,Maple Leafs,Avalanche,Home,RL,1,1,2.8117921375,4.928806305,1.8593184372,3.93251485,Joseph Woll,Mackenzie Blackwood,CG,CG,0,0,0,0,0,0,0,0,0,0,0,0,0,0,0,6,13,14,0,33,17,14,6,0,37,26,17,27,0,70,22,22,17,0,61,49,0,0,0,1,0,1,2,1,1,0,4,11,8,9,0,28,7,5,2,0,14,1,0,3,2,273,240,33,32,0.892,0.97,0,1,0,7,1,1,0,3221,379,2849,2849,217,21,0,0,0,0,0,0,0,0,0,0,0.0,-,0.0,0.0,0.0,0.0,0.0,0.0,0.0,0.0,0.0,0.0,0.0,0.0,0.0,0.0,0.0,0.0,0.0,0.0,0.0,0.0,0.0,0.0,0.0,13.649999618530272,13.649999618530272,4.940000057220459,0.9399999976158142,20.6200008392334,20.6200008392334,3.470000028610229,0.0
2025020819,2026-01-25,Avalanche,Maple Leafs,Away,RW,1,1,4.928806305,2.8117921375,3.93251485,1.8593184372,Mackenzie Blackwood,Joseph Woll,CG,CG,0,0,0,0,0,0,0,0,1,0,0,0,0,0,0,17,14,6,0,37,6,13,14,0,33,22,22,17,0,61,26,17,27,0,70,52,0,2,1,1,0,4,0,0,1,0,1,7,5,2,0,14,11,8,9,0,28,0,1,2,3,240,273,32,33,0.97,0.892,1,0,7,0,1,1,3221,0,379,2849,2849,21,217,0,0,0,0,0,0,0,0,0,0,0.0,-,0.0,0.0,0.0,0.0,0.0,0.0,0.0,0.0,0.0,0.0,0.0,0.0,0.0,0.0,0.0,0.0,0.0,0.0,0.0,0.0,0.0,0.0,0.0,20.6200008392334,20.6200008392334,3.470000028610229,0.0,13.649999618530272,13.649999618530272,4.940000057220459,0.9399999976158142
2025020820,2026-01-25,Kraken,Devils,Home,RW,1,1,2.0768814595,2.7316625847,1.3529333024999999,1.6139216587,Joey Daccord,Jacob Markstrom,CG,CG,0,0,0,0,0,0,0,0,0,0,0,0,1,0,0,9,5,5,0,19,9,7,13,0,29,17,13,21,0,51,19,20,25,0,64,38,0,0,1,3,0,4,1,0,1,0,2,10,5,4,0,19,2,5,6,0,13,0,2,4,4,390,255,27,15,0.931,0.789,1,0,3,0,2,2,776,1166,1658,2572,2497,108,189,0,0,0,0,0,0,0,0,75,0,0.0,-,0.0,0.0,0.0,0.0,0.0,0.0,0.0,0.0,0.0,0.0,0.0,0.0,0.0,0.0,0.0,0.0,0.0,0.0,0.0,0.0,0.0,0.0,0.0,8.579999923706055,8.579999923706055,2.7100000381469727,0.0,11.640000343322754,12.1899995803833,4.880000114440918,0.7900000214576721
2025020820,2026-01-25,Devils,Kraken,Away,RL,1,1,2.7316625847,2.0768814595,1.6139216587,1.3529333024999999,Jacob Markstrom,Joey Daccord,CG,CG,0,0,0,0,0,0,0,0,1,1,0,0,0,0,0,9,7,13,0,29,9,5,5,0,19,19,20,25,0,64,17,13,21,0,51,45,0,1,0,1,0,2,0,1,3,0,4,2,5,6,0,13,10,5,4,0,19,2,0,4,4,255,390,15,27,0.789,0.931,0,1,0,3,2,2,1166,776,1658,2572,2497,189,108,0,0,0,0,0,0,0,0,75,0,0.0,-,0.0,0.0,0.0,0.0,0.0,0.0,0.0,0.0,0.0,0.0,0.0,0.0,0.0,0.0,0.0,0.0,0.0,0.0,0.0,0.0,0.0,0.0,0.0,11.640000343322754,12.1899995803833,4.880000114440918,0.7900000214576721,8.579999923706055,8.579999923706055,2.7100000381469727,0.0
2025020821,2026-01-25,Senators,Golden Knights,Home,RW,1,1,3.1552444304,2.5228124647,3.0257382454,1.8774456757,Mads Sogaard,Adin Hill,CG,CG,0,0,0,0,0,0,0,0,1,0,0,0,0,0,0,5,12,14,0,31,5,8,7,0,20,19,30,24,0,73,19,19,11,0,49,67,0,1,3,3,0,7,0,0,1,0,1,17,9,8,0,34,8,7,5,0,20,0,0,1,2,120,215,19,24,0.95,0.774,0,0,0,0,4,0,3035,0,565,3240,3240,0,25,0,0,0,37,0,1,0,0,0,0,0.0,-,0.0,0.0,0.0,0.0,0.0,0.0,0.0,0.0,0.0,0.0,0.0,0.0,0.0,0.0,0.0,0.0,0.0,0.0,0.0,0.0,0.0,0.0,0.0,19.8799991607666,19.8799991607666,1.2699999809265137,0.0,9.43000030517578,9.43000030517578,3.7699999809265137,0.0
2025020821,2026-01-25,Golden Knights,Senators,Away,RL,1,1,2.5228124647,3.1552444304,1.8774456757,3.0257382454,Adin Hill,Mads Sogaard,CG,CG,0,0,0,0,0,0,0,0,0,0,0,0,0,0,0,5,8,7,0,20,5,12,14,0,31,19,19,11,0,49,19,30,24,0,73,42,0,0,0,1,0,1,1,3,3,0,7,8,7,5,0,20,17,9,8,0,34,0,0,2,1,215,120,24,19,0.774,0.95,0,0,0,0,0,4,0,3035,565,3240,3240,25,0,0,0,37,0,1,0,0,0,0,0,0.0,-,0.0,0.0,0.0,0.0,0.0,0.0,0.0,0.0,0.0,0.0,0.0,0.0,0.0,0.0,0.0,0.0,0.0,0.0,0.0,0.0,0.0,0.0,0.0,9.43000030517578,9.43000030517578,3.7699999809265137,0.0,19.8799991607666,19.8799991607666,1.2699999809265137,0.0
2025020822,2026-01-25,Canucks,Penguins,Home,RL,1,1,4.43454502,3.957707977,3.197215414,3.933050249,Kevin Lankinen,Stuart Skinner,CG,CG,0,0,0,0,0,0,0,0,0,0,0,0,0,0,0,8,10,14,0,32,8,13,4,0,25,18,22,26,0,66,15,26,17,0,58,55,0,0,0,2,0,2,0,3,0,0,3,8,7,10,0,25,10,5,12,0,27,0,0,1,0,120,0,22,30,0.88,0.938,0,0,0,3,1,3,0,2076,1524,3380,3380,97,3,0,0,0,0,0,0,0,0,0,0,0.0,-,0.0,0.0,0.0,0.0,0.0,0.0,0.0,0.0,0.0,0.0,0.0,0.0,0.0,0.0,0.0,0.0,0.0,0.0,0.0,0.0,0.0,0.0,0.0,18.549999237060547,18.549999237060547,5.940000057220459,0.0,21.479999542236328,21.479999542236328,0.0,0.0
2025020822,2026-01-25,Penguins,Canucks,Away,RW,1,1,3.957707977,4.43454502,3.933050249,3.197215414,Stuart Skinner,Kevin Lankinen,CG,CG,0,0,0,0,0,0,0,0,1,0,0,0,0,0,0,8,13,4,0,25,8,10,14,0,32,15,26,17,0,58,18,22,26,0,66,54,0,0,3,0,0,3,0,0,2,0,2,10,5,12,0,27,8,7,10,0,25,0,0,0,1,0,120,30,22,0.938,0.88,0,0,3,0,3,1,2076,0,1524,3380,3380,3,97,0,0,0,0,0,0,0,0,0,0,0.0,-,0.0,0.0,0.0,0.0,0.0,0.0,0.0,0.0,0.0,0.0,0.0,0.0,0.0,0.0,0.0,0.0,0.0,0.0,0.0,0.0,0.0,0.0,0.0,21.479999542236328,21.479999542236328,0.0,0.0,18.549999237060547,18.549999237060547,5.940000057220459,0.0
2025020823,2026-01-25,Blackhawks,Panthers,Home,RL,1,1,1.8013428625999999,2.3459470832,1.5961635966,1.8590770042,Spencer Knight,Daniil Tarasov,CG,CG,0,0,0,0,0,0,0,0,0,0,0,0,0,0,0,7,8,5,0,20,7,9,9,0,25,21,14,12,0,47,11,17,11,0,39,41,0,0,1,0,0,1,0,1,4,0,5,2,4,5,0,11,10,10,5,0,25,0,0,3,1,360,120,20,19,0.8,0.95,0,1,0,1,2,2,0,1117,2483,3039,3039,17,64,0,0,0,0,0,0,0,0,0,0,0.0,-,0.0,0.0,0.0,0.0,0.0,0.0,0.0,0.0,0.0,0.0,0.0,0.0,0.0,0.0,0.0,0.0,0.0,0.0,0.0,0.0,0.0,0.0,0.0,10.279999732971191,10.279999732971191,1.5199999809265137,0.0,12.18000030517578,12.18000030517578,1.1799999475479126,0.8199999928474426
2025020823,2026-01-25,Panthers,Blackhawks,Away,RW,1,1,2.3459470832,1.8013428625999999,1.8590770042,1.5961635966,Daniil Tarasov,Spencer Knight,CG,CG,0,0,0,0,0,0,0,0,1,0,0,0,0,0,0,7,9,9,0,25,7,8,5,0,20,11,17,11,0,39,21,14,12,0,47,34,0,0,1,4,0,5,0,1,0,0,1,10,10,5,0,25,2,4,5,0,11,0,0,1,3,120,360,19,20,0.95,0.8,1,0,1,0,2,2,1117,0,2483,3039,3039,64,17,0,0,0,0,0,0,0,0,0,0,0.0,-,0.0,0.0,0.0,0.0,0.0,0.0,0.0,0.0,0.0,0.0,0.0,0.0,0.0,0.0,0.0,0.0,0.0,0.0,0.0,0.0,0.0,0.0,0.0,12.18000030517578,12.18000030517578,1.1799999475479126,0.8199999928474426,10.279999732971191,10.279999732971191,1.5199999809265137,0.0
2025020824,2026-01-25,Flames,Ducks,Home,OTL,1,1,3.6456886905,2.612174283,2.6568938415,1.937167871,Dustin Wolf,Lukas Dostal,CG,CG,0,0,0,0,0,0,0,0,1,1,1,0,0,0,0,17,10,7,1,35,3,8,6,4,21,26,21,17,4,68,20,15,20,4,59,54,0,2,0,1,0,3,0,2,1,1,4,7,11,10,0,28,7,12,6,0,25,1,0,1,2,73,258,17,32,0.81,0.914,0,0,0,0,3,2,2082,0,1692,3330,3156,9,93,0,0,0,0,0,0,0,0,0,174,0.0,-,0.0,0.0,0.0,0.0,0.0,0.0,0.0,0.0,0.0,0.0,0.0,0.0,0.0,0.0,0.0,0.0,0.0,0.0,0.0,0.0,0.0,0.0,0.0,15.420000076293944,16.670000076293945,2.5,2.140000104904175,12.670000076293944,15.4399995803833,0.3199999928474426,0.0
2025020824,2026-01-25,Ducks,Flames,Away,OTW,1,1,2.612174283,3.6456886905,1.937167871,2.6568938415,Lukas Dostal,Dustin Wolf,CG,CG,0,0,0,0,0,0,0,0,0,0,0,0,1,1,0,3,8,6,4,21,17,10,7,1,35,20,15,20,4,59,26,21,17,4,68,52,0,0,2,1,1,4,2,0,1,0,3,7,12,6,0,25,7,11,10,0,28,0,1,2,1,258,73,32,17,0.914,0.81,0,0,0,0,2,3,0,2082,1692,3330,3156,93,9,0,0,0,0,0,0,0,0,0,174,0.0,-,0.0,0.0,0.0,0.0,0.0,0.0,0.0,0.0,0.0,0.0,0.0,0.0,0.0,0.0,0.0,0.0,0.0,0.0,0.0,0.0,0.0,0.0,0.0,12.670000076293944,15.4399995803833,0.3199999928474426,0.0,15.420000076293944,16.670000076293945,2.5,2.140000104904175
2025020825,2026-01-26,Lightning,Mammoth,Home,RW,1,1,3.3051754945,4.0190407335,2.0562932205,3.2189325395,Andrei Vasilevskiy,Karel Vejmelka,CG,CG,0,0,0,0,0,0,0,0,1,0,0,0,0,0,0,11,6,12,0,29,12,8,8,0,28,22,21,22,0,65,22,15,16,0,53,45,0,0,1,1,0,2,0,0,0,0,0,4,8,6,0,18,7,7,4,0,18,2,0,4,3,422,360,28,27,1.0,0.931,0,0,0,0,2,2,1342,0,2258,2698,2698,19,20,0,0,0,0,0,0,0,0,0,0,0.0,-,0.0,0.0,0.0,0.0,0.0,0.0,0.0,0.0,0.0,0.0,0.0,0.0,0.0,0.0,0.0,0.0,0.0,0.0,0.0,0.0,0.0,0.0,0.0,2.059999942779541,2.059999942779541,1.25,0.0,3.220000028610229,3.220000028610229,0.7900000214576721,0.0099999997764825
2025020825,2026-01-26,Mammoth,Lightning,Away,RL,1,1,4.0190407335,3.3051754945,3.2189325395,2.0562932205,Karel Vejmelka,Andrei Vasilevskiy,CG,CG,0,0,0,0,0,0,0,0,0,0,0,0,0,0,0,12,8,8,0,28,11,6,12,0,29,22,15,16,0,53,22,21,22,0,65,40,0,0,0,0,0,0,0,1,1,0,2,7,7,4,0,18,4,8,6,0,18,0,2,3,4,360,422,27,28,0.931,1.0,0,0,0,0,2,2,0,1342,2258,2698,2698,20,19,0,0,0,0,0,0,0,0,0,0,0.0,-,0.0,0.0,0.0,0.0,0.0,0.0,0.0,0.0,0.0,0.0,0.0,0.0,0.0,0.0,0.0,0.0,0.0,0.0,0.0,0.0,0.0,0.0,0.0,3.220000028610229,3.220000028610229,0.7900000214576721,0.0099999997764825,2.059999942779541,2.059999942779541,1.25,0.0
2025020826,2026-01-26,Rangers,Bruins,Home,OTW,1,1,2.9058358019,3.4038239965,1.7287572278999999,2.7218842745,Jonathan Quick,Joonas Korpisalo,CG,CG,0,0,0,0,0,0,0,0,1,0,0,0,1,0,0,10,9,8,1,28,7,9,8,0,24,20,19,14,2,55,17,15,16,4,52,39,0,2,0,1,1,4,1,2,0,0,3,18,5,11,0,34,8,6,3,0,17,0,0,4,1,438,120,21,24,0.875,0.857,0,0,0,0,0,3,787,1491,1555,3205,2972,28,42,0,0,35,0,0,0,0,0,0,233,0.0,-,0.0,0.0,0.0,0.0,0.0,0.0,0.0,0.0,0.0,0.0,0.0,0.0,0.0,0.0,0.0,0.0,0.0,0.0,0.0,0.0,0.0,0.0,0.0,1.7300000190734863,1.870000004768372,1.0399999618530271,0.0,2.720000028610229,3.0199999809265137,0.3799999952316284,0.0
2025020826,2026-01-26,Bruins,Rangers,Away,OTL,1,1,3.4038239965,2.9058358019,2.7218842745,1.7287572278999999,Joonas Korpisalo,Jonathan Quick,CG,CG,0,0,0,0,0,0,0,0,0,1,0,0,0,0,0,7,9,8,0,24,10,9,8,1,28,17,15,16,4,52,20,19,14,2,55,42,0,1,2,0,0,3,2,0,1,1,4,8,6,3,0,17,18,5,11,0,34,0,0,1,4,120,438,24,21,0.857,0.875,0,0,0,0,3,0,1491,787,1555,3205,2972,42,28,0,0,0,35,0,0,0,0,0,233,0.0,-,0.0,0.0,0.0,0.0,0.0,0.0,0.0,0.0,0.0,0.0,0.0,0.0,0.0,0.0,0.0,0.0,0.0,0.0,0.0,0.0,0.0,0.0,0.0,2.720000028610229,3.0199999809265137,0.3799999952316284,0.0,1.7300000190734863,1.870000004768372,1.0399999618530271,0.0
2025020827,2026-01-26,Flyers,Islanders,Home,RL,1,1,2.3893975995,1.7578345229999999,1.3645063515,0.971249938,Samuel Ersson,Ilya Sorokin,CG,CG,0,0,0,0,0,0,0,0,0,0,0,0,0,0,0,7,8,6,0,21,7,7,9,0,23,17,11,13,0,41,15,11,15,0,41,27,0,0,0,0,0,0,1,2,1,0,4,5,11,7,0,23,6,3,6,0,15,0,1,3,3,360,341,19,21,0.826,1.0,0,0,0,0,1,1,0,2731,869,2761,2761,65,50,0,0,0,0,0,0,0,0,0,0,0.0,-,0.0,0.0,0.0,0.0,0.0,0.0,0.0,0.0,0.0,0.0,0.0,0.0,0.0,0.0,0.0,0.0,0.0,0.0,0.0,0.0,0.0,0.0,0.0,1.3600000143051147,1.3600000143051147,1.0199999809265137,0.0,0.9700000286102296,0.9700000286102296,0.6000000238418579,0.1899999976158142
2025020827,2026-01-26,Islanders,Flyers,Away,RW,1,1,1.7578345229999999,2.3893975995,0.971249938,1.3645063515,Ilya Sorokin,Samuel Ersson,CG,CG,0,0,0,0,0,0,0,0,1,0,0,0,0,0,0,7,7,9,0,23,7,8,6,0,21,15,11,15,0,41,17,11,13,0,41,32,0,1,2,1,0,4,0,0,0,0,0,6,3,6,0,15,5,11,7,0,23,1,0,3,3,341,360,21,19,1.0,0.826,0,0,0,0,1,1,2731,0,869,2761,2761,50,65,0,0,0,0,0,0,0,0,0,0,0.0,-,0.0,0.0,0.0,0.0,0.0,0.0,0.0,0.0,0.0,0.0,0.0,0.0,0.0,0.0,0.0,0.0,0.0,0.0,0.0,0.0,0.0,0.0,0.0,0.9700000286102296,0.9700000286102296,0.6000000238418579,0.1899999976158142,1.3600000143051147,1.3600000143051147,1.0199999809265137,0.0
2025020829,2026-01-26,Oilers,Ducks,Home,RW,1,1,4.387269512,3.8071704624000002,2.83614824,2.8034881874,Tristan Jarry,Ville Husso,CG,CG,0,0,0,0,0,0,0,0,0,0,0,0,1,0,0,12,15,5,0,32,12,13,16,0,41,22,22,9,0,53,26,24,26,0,76,37,0,1,4,2,0,7,1,2,1,0,4,4,4,5,0,13,7,12,6,0,25,1,3,3,4,256,389,37,25,0.902,0.781,2,0,3,0,0,5,2012,1051,537,2730,2730,92,97,0,0,0,0,0,0,0,25,0,0,0.0,-,0.0,0.0,0.0,0.0,0.0,0.0,0.0,0.0,0.0,0.0,0.0,0.0,0.0,0.0,0.0,0.0,0.0,0.0,0.0,0.0,0.0,0.0,0.0,2.8399999141693115,2.8399999141693115,1.100000023841858,0.1800000071525573,2.799999952316284,2.799999952316284,0.959999978542328,0.0399999991059303
2025020829,2026-01-26,Ducks,Oilers,Away,RL,1,1,3.8071704624000002,4.387269512,2.8034881874,2.83614824,Ville Husso,Tristan Jarry,CG,CG,0,0,0,0,0,0,0,0,1,1,0,0,0,0,0,12,13,16,0,41,12,15,5,0,32,26,24,26,0,76,22,22,9,0,53,60,0,1,2,1,0,4,1,4,2,0,7,7,12,6,0,25,4,4,5,0,13,3,1,4,3,389,256,25,37,0.781,0.902,0,2,0,3,5,0,1051,2012,537,2730,2730,97,92,0,0,0,0,0,0,25,0,0,0,0.0,-,0.0,0.0,0.0,0.0,0.0,0.0,0.0,0.0,0.0,0.0,0.0,0.0,0.0,0.0,0.0,0.0,0.0,0.0,0.0,0.0,0.0,0.0,0.0,2.799999952316284,2.799999952316284,0.959999978542328,0.0399999991059303,2.8399999141693115,2.8399999141693115,1.100000023841858,0.1800000071525573
2025020830,2026-01-27,Bruins,Predators,Home,OTW,1,1,2.6026086178,3.2617895455,1.9253681528,2.6115822755,Jeremy Swayman,Juuse Saros,CG,CG,0,0,0,0,0,0,0,0,1,0,0,0,0,0,0,8,13,6,1,28,6,13,11,0,30,13,23,12,1,49,15,26,20,0,61,37,0,1,1,0,1,3,0,1,1,0,2,11,9,5,0,25,5,5,6,0,16,0,1,3,4,280,309,28,25,0.933,0.893,0,0,0,0,0,5,2401,0,1214,2834,2675,11,110,0,0,0,0,0,0,101,0,144,15,0.0,-,0.0,0.0,0.0,0.0,0.0,0.0,0.0,0.0,0.0,0.0,0.0,0.0,0.0,0.0,0.0,0.0,0.0,0.0,0.0,0.0,0.0,0.0,0.0,1.9299999475479128,2.119999885559082,0.4000000059604645,0.0799999982118606,2.609999895095825,2.819999933242798,0.4399999976158142,0.0
2025020830,2026-01-27,Predators,Bruins,Away,OTL,1,1,3.2617895455,2.6026086178,2.6115822755,1.9253681528,Juuse Saros,Jeremy Swayman,CG,CG,0,0,0,0,0,0,0,0,0,0,0,0,0,0,0,6,13,11,0,30,8,13,6,1,28,15,26,20,0,61,13,23,12,1,49,49,0,0,1,1,0,2,1,1,0,1,3,5,5,6,0,16,11,9,5,0,25,1,0,4,3,309,280,25,28,0.893,0.933,0,0,0,0,5,0,0,2401,1214,2834,2675,110,11,0,0,0,0,0,0,0,101,144,15,0.0,-,0.0,0.0,0.0,0.0,0.0,0.0,0.0,0.0,0.0,0.0,0.0,0.0,0.0,0.0,0.0,0.0,0.0,0.0,0.0,0.0,0.0,0.0,0.0,2.609999895095825,2.819999933242798,0.4399999976158142,0.0,1.9299999475479128,2.119999885559082,0.4000000059604645,0.0799999982118606
2025020831,2026-01-27,Maple Leafs,Sabres,Home,RL,1,1,2.7012270537,3.481031618,2.4879548157,2.88012239,Joseph Woll,Ukko-Pekka Luukkonen,CG,IG,0,0,0,0,0,0,0,0,1,1,0,0,0,0,0,6,7,10,0,23,10,16,5,0,31,11,17,18,0,46,21,25,20,0,66,43,0,2,1,1,0,4,3,1,3,0,7,12,10,10,0,32,6,7,3,0,16,0,1,0,2,0,194,24,19,0.774,0.826,0,1,0,1,3,2,252,2095,1253,3305,3305,72,0,0,0,0,0,0,0,0,0,0,0,0.0,-,0.0,0.0,0.0,0.0,0.0,0.0,0.0,0.0,0.0,0.0,0.0,0.0,0.0,0.0,0.0,0.0,0.0,0.0,0.0,0.0,0.0,0.0,0.0,2.490000009536743,2.490000009536743,0.209999993443489,0.0,2.880000114440918,2.880000114440918,0.5199999809265137,0.0
2025020831,2026-01-27,Sabres,Maple Leafs,Away,RW,1,1,3.481031618,2.7012270537,2.88012239,2.4879548157,Ukko-Pekka Luukkonen,Joseph Woll,IG,CG,0,0,0,0,0,0,0,0,0,0,0,0,1,0,0,10,16,5,0,31,6,7,10,0,23,21,25,20,0,66,11,17,18,0,46,60,0,3,1,3,0,7,2,1,1,0,4,6,7,3,0,16,12,10,10,0,32,1,0,2,0,194,0,19,24,0.826,0.774,1,0,1,0,2,3,2095,252,1253,3305,3305,0,72,0,0,0,0,0,0,0,0,0,0,0.0,-,0.0,0.0,0.0,0.0,0.0,0.0,0.0,0.0,0.0,0.0,0.0,0.0,0.0,0.0,0.0,0.0,0.0,0.0,0.0,0.0,0.0,0.0,0.0,2.880000114440918,2.880000114440918,0.5199999809265137,0.0,2.490000009536743,2.490000009536743,0.209999993443489,0.0
2025020832,2026-01-27,Canadiens,Golden Knights,Home,OTW,1,1,3.496166436,4.3848660522,2.736158794,2.8284395652,Jakub Dobes,Akira Schmid,CG,CG,0,0,0,0,0,0,0,0,0,0,0,0,1,0,0,8,12,3,3,26,10,10,13,1,34,19,26,11,6,62,22,17,23,2,64,51,0,0,2,0,1,3,1,0,1,0,2,10,7,7,0,24,11,5,7,1,24,0,0,4,3,483,367,32,23,0.941,0.885,0,0,0,0,3,3,1677,946,1215,2913,2765,42,33,90,0,0,0,0,0,0,0,148,0,0.0,-,0.0,0.0,0.0,0.0,0.0,0.0,0.0,0.0,0.0,0.0,0.0,0.0,0.0,0.0,0.0,0.0,0.0,0.0,0.0,0.0,0.0,0.0,0.0,2.740000009536743,3.009999990463257,0.4199999868869781,0.0700000002980232,2.8299999237060547,2.9200000762939453,1.2899999618530271,0.1800000071525573
2025020832,2026-01-27,Golden Knights,Canadiens,Away,OTL,1,1,4.3848660522,3.496166436,2.8284395652,2.736158794,Akira Schmid,Jakub Dobes,CG,CG,0,0,0,0,0,0,0,0,1,1,0,0,0,0,0,10,10,13,1,34,8,12,3,3,26,22,17,23,2,64,19,26,11,6,62,48,0,1,0,1,0,2,0,2,0,1,3,11,5,7,1,24,10,7,7,0,24,0,0,3,4,367,483,23,32,0.885,0.941,0,0,0,0,3,3,946,1677,1215,2913,2765,33,42,0,90,0,0,0,0,0,0,148,0,0.0,-,0.0,0.0,0.0,0.0,0.0,0.0,0.0,0.0,0.0,0.0,0.0,0.0,0.0,0.0,0.0,0.0,0.0,0.0,0.0,0.0,0.0,0.0,0.0,2.8299999237060547,2.9200000762939453,1.2899999618530271,0.1800000071525573,2.740000009536743,3.009999990463257,0.4199999868869781,0.0700000002980232
2025020833,2026-01-27,Red Wings,Kings,Home,RL,1,1,4.095310863,2.8801853724,2.852918575,2.1229545884,John Gibson,Anton Forsberg,CG,CG,0,0,0,0,0,0,0,0,0,0,0,0,0,0,0,5,5,18,0,28,9,8,5,0,22,17,17,35,0,69,18,21,17,0,56,49,0,0,0,1,0,1,0,1,2,0,3,4,1,6,0,11,4,10,7,0,21,0,1,4,3,370,288,19,27,0.864,0.964,0,1,0,5,3,4,0,1800,1800,2823,2823,103,11,0,0,0,0,0,0,49,0,0,0,0.0,-,0.0,0.0,0.0,0.0,0.0,0.0,0.0,0.0,0.0,0.0,0.0,0.0,0.0,0.0,0.0,0.0,0.0,0.0,0.0,0.0,0.0,0.0,0.0,2.8499999046325684,2.8499999046325684,1.100000023841858,0.1400000005960464,2.119999885559082,2.119999885559082,0.4900000095367431,0.0199999995529651
2025020833,2026-01-27,Kings,Red Wings,Away,RW,1,1,2.8801853724,4.095310863,2.1229545884,2.852918575,Anton Forsberg,John Gibson,CG,CG,0,0,0,0,0,0,0,0,1,0,0,0,0,0,0,9,8,5,0,22,5,5,18,0,28,18,21,17,0,56,17,17,35,0,69,44,0,0,1,2,0,3,0,0,1,0,1,4,10,7,0,21,4,1,6,0,11,1,0,3,4,288,370,27,19,0.964,0.864,1,0,5,0,4,3,1800,0,1800,2823,2823,11,103,0,0,0,0,0,0,0,49,0,0,0.0,-,0.0,0.0,0.0,0.0,0.0,0.0,0.0,0.0,0.0,0.0,0.0,0.0,0.0,0.0,0.0,0.0,0.0,0.0,0.0,0.0,0.0,0.0,0.0,2.119999885559082,2.119999885559082,0.4900000095367431,0.0199999995529651,2.8499999046325684,2.8499999046325684,1.100000023841858,0.1400000005960464
2025020834,2026-01-27,Panthers,Mammoth,Home,RL,1,1,2.5075197405,2.3623240145,1.6416385455,1.6713128195,Sergei Bobrovsky,Vitek Vanecek,CG,CG,0,0,0,0,0,0,0,0,0,0,0,0,0,0,0,10,10,8,0,28,7,5,8,0,20,18,18,19,0,55,15,11,18,0,44,35,0,0,2,1,0,3,1,1,2,0,4,11,8,12,0,31,4,5,7,0,16,0,0,4,3,520,377,16,25,0.8,0.893,0,1,0,3,2,1,0,1330,2270,2589,2514,10,90,0,0,0,0,0,0,1,0,75,0,0.0,-,0.0,0.0,0.0,0.0,0.0,0.0,0.0,0.0,0.0,0.0,0.0,0.0,0.0,0.0,0.0,0.0,0.0,0.0,0.0,0.0,0.0,0.0,0.0,1.6399999856948853,1.6399999856948853,0.8700000047683716,0.0,1.6699999570846558,1.6699999570846558,0.4399999976158142,0.1700000017881393
2025020834,2026-01-27,Mammoth,Panthers,Away,RW,1,1,2.3623240145,2.5075197405,1.6713128195,1.6416385455,Vitek Vanecek,Sergei Bobrovsky,CG,CG,0,0,0,0,0,0,0,0,1,0,0,0,0,0,0,7,5,8,0,20,10,10,8,0,28,15,11,18,0,44,18,18,19,0,55,30,0,1,1,2,0,4,0,2,1,0,3,4,5,7,0,16,11,8,12,0,31,0,0,3,4,377,520,25,16,0.893,0.8,1,0,3,0,1,2,1330,0,2270,2589,2514,90,10,0,0,0,0,0,0,0,1,75,0,0.0,-,0.0,0.0,0.0,0.0,0.0,0.0,0.0,0.0,0.0,0.0,0.0,0.0,0.0,0.0,0.0,0.0,0.0,0.0,0.0,0.0,0.0,0.0,0.0,1.6699999570846558,1.6699999570846558,0.4399999976158142,0.1700000017881393,1.6399999856948853,1.6399999856948853,0.8700000047683716,0.0
2025020835,2026-01-27,Devils,Jets,Home,RL,1,1,2.8966646468,2.934229471,1.9184834628,2.621871573,Jake Allen,Connor Hellebuyck,CG,CG,0,0,0,0,0,0,0,0,0,0,0,0,0,0,0,9,5,15,0,29,8,14,4,0,26,19,15,18,0,52,18,24,18,0,60,39,0,1,1,1,0,3,1,3,0,0,4,6,7,1,0,14,13,8,3,0,24,1,0,2,2,225,240,22,26,0.846,0.897,0,0,1,3,0,0,0,2586,1014,2936,2936,99,85,0,0,0,0,0,0,0,0,0,0,0.0,-,0.0,0.0,0.0,0.0,0.0,0.0,0.0,0.0,0.0,0.0,0.0,0.0,0.0,0.0,0.0,0.0,0.0,0.0,0.0,0.0,0.0,0.0,0.0,1.919999957084656,1.919999957084656,0.9800000190734864,0.0,2.619999885559082,2.619999885559082,0.2899999916553497,0.0
2025020835,2026-01-27,Jets,Devils,Away,RW,1,1,2.934229471,2.8966646468,2.621871573,1.9184834628,Connor Hellebuyck,Jake Allen,CG,CG,0,0,0,0,0,0,0,0,1,0,0,0,0,0,0,8,14,4,0,26,9,5,15,0,29,18,24,18,0,60,19,15,18,0,52,48,0,1,3,0,0,4,1,1,1,0,3,13,8,3,0,24,6,7,1,0,14,0,1,2,2,240,225,26,22,0.897,0.846,0,0,3,1,0,0,2586,0,1014,2936,2936,85,99,0,0,0,0,0,0,0,0,0,0,0.0,-,0.0,0.0,0.0,0.0,0.0,0.0,0.0,0.0,0.0,0.0,0.0,0.0,0.0,0.0,0.0,0.0,0.0,0.0,0.0,0.0,0.0,0.0,0.0,2.619999885559082,2.619999885559082,0.2899999916553497,0.0,1.919999957084656,1.919999957084656,0.9800000190734864,0.0
2025020836,2026-01-27,Blues,Stars,Home,RL,1,1,2.1225517289,3.0349545279,2.0992084789,2.0813273209,Jordan Binnington,Jake Oettinger,CG,CG,0,0,0,0,0,0,0,0,0,0,0,0,0,0,0,9,6,11,0,26,9,9,6,0,24,18,15,19,0,52,20,22,21,0,63,47,0,0,0,3,0,3,0,3,1,0,4,11,16,16,0,43,2,5,5,0,12,0,2,3,3,360,197,20,23,0.833,0.885,0,0,0,2,1,4,0,2017,1583,2855,2855,110,72,0,0,0,0,0,0,0,0,0,0,0.0,-,0.0,0.0,0.0,0.0,0.0,0.0,0.0,0.0,0.0,0.0,0.0,0.0,0.0,0.0,0.0,0.0,0.0,0.0,0.0,0.0,0.0,0.0,0.0,2.0999999046325684,2.0999999046325684,0.0199999995529651,0.0,2.0799999237060547,2.0799999237060547,0.949999988079071,0.0
2025020836,2026-01-27,Stars,Blues,Away,RW,1,1,3.0349545279,2.1225517289,2.0813273209,2.0992084789,Jake Oettinger,Jordan Binnington,CG,CG,0,0,0,0,0,0,0,0,1,0,0,0,0,0,0,9,9,6,0,24,9,6,11,0,26,20,22,21,0,63,18,15,19,0,52,48,0,0,3,1,0,4,0,0,3,0,3,2,5,5,0,12,11,16,16,0,43,2,0,3,3,197,360,23,20,0.885,0.833,0,0,2,0,4,1,2017,0,1583,2855,2855,72,110,0,0,0,0,0,0,0,0,0,0,0.0,-,0.0,0.0,0.0,0.0,0.0,0.0,0.0,0.0,0.0,0.0,0.0,0.0,0.0,0.0,0.0,0.0,0.0,0.0,0.0,0.0,0.0,0.0,0.0,2.0799999237060547,2.0799999237060547,0.949999988079071,0.0,2.0999999046325684,2.0999999046325684,0.0199999995529651,0.0
2025020837,2026-01-27,Wild,Blackhawks,Home,SOW,1,1,2.7788605159,4.616217597,1.9584333604,3.364438039,Jesper Wallstedt,Spencer Knight,CG,CG,0,0,0,0,0,0,0,0,0,0,0,0,1,1,1,8,7,6,2,23,14,6,7,5,32,18,22,13,5,58,18,13,12,7,50,41,0,0,1,2,0,3,2,1,0,0,3,7,9,5,0,21,3,2,5,0,10,0,0,1,5,120,601,29,20,0.906,0.87,0,0,0,1,2,3,0,3399,501,3084,2900,44,51,0,116,0,0,0,0,0,0,0,184,0.0,-,0.0,0.0,0.0,0.0,0.0,0.0,0.0,0.0,0.0,0.0,0.0,0.0,0.0,0.0,0.0,0.0,0.0,0.0,0.0,0.0,0.0,0.0,0.0,1.9600000381469729,2.289999961853028,0.2800000011920929,0.209999993443489,3.359999895095825,3.359999895095825,1.25,0.0
2025020837,2026-01-27,Blackhawks,Wild,Away,SOL,1,1,4.616217597,2.7788605159,3.364438039,1.9584333604,Spencer Knight,Jesper Wallstedt,CG,CG,0,0,0,0,0,0,0,0,1,1,1,1,0,0,0,14,6,7,5,32,8,7,6,2,23,18,13,12,7,50,18,22,13,5,58,34,0,2,1,0,0,3,0,1,2,0,3,3,2,5,0,10,7,9,5,0,21,0,0,5,1,601,120,20,29,0.87,0.906,0,0,1,0,3,2,3399,0,501,3084,2900,51,44,116,0,0,0,0,0,0,0,0,184,0.0,-,0.0,0.0,0.0,0.0,0.0,0.0,0.0,0.0,0.0,0.0,0.0,0.0,0.0,0.0,0.0,0.0,0.0,0.0,0.0,0.0,0.0,0.0,0.0,3.359999895095825,3.359999895095825,1.25,0.0,1.9600000381469729,2.289999961853028,0.2800000011920929,0.209999993443489
2025020838,2026-01-27,Canucks,Sharks,Home,RL,1,1,2.2302176037,3.570002783,0.9574823187,2.733737805,Kevin Lankinen,Yaroslav Askarov,IG,CG,0,0,0,0,0,0,0,0,1,1,0,0,0,0,0,8,11,6,0,25,15,12,6,0,33,20,26,11,0,57,25,21,11,0,57,39,0,1,0,1,0,2,3,1,1,0,5,11,7,12,0,30,3,9,5,0,17,1,2,4,4,339,325,28,23,0.848,0.92,0,0,0,0,1,3,36,3317,247,2820,2753,30,21,0,0,116,99,0,0,0,0,67,0,0.0,-,0.0,0.0,0.0,0.0,0.0,0.0,0.0,0.0,0.0,0.0,0.0,0.0,0.0,0.0,0.0,0.0,0.0,0.0,0.0,0.0,0.0,0.0,0.0,0.959999978542328,1.0,1.2300000190734863,0.0,2.7300000190734863,2.8299999237060547,0.7400000095367432,0.0
2025020838,2026-01-27,Sharks,Canucks,Away,RW,1,1,3.570002783,2.2302176037,2.733737805,0.9574823187,Yaroslav Askarov,Kevin Lankinen,CG,IG,0,0,0,0,0,0,0,0,0,0,0,0,1,0,0,15,12,6,0,33,8,11,6,0,25,25,21,11,0,57,20,26,11,0,57,46,0,3,1,1,0,5,1,0,1,0,2,3,9,5,0,17,11,7,12,0,30,2,1,4,4,325,339,23,28,0.92,0.848,0,0,0,0,3,1,3317,36,247,2820,2753,21,30,0,0,99,116,0,0,0,0,67,0,0.0,-,0.0,0.0,0.0,0.0,0.0,0.0,0.0,0.0,0.0,0.0,0.0,0.0,0.0,0.0,0.0,0.0,0.0,0.0,0.0,0.0,0.0,0.0,0.0,2.7300000190734863,2.8299999237060547,0.7400000095367432,0.0,0.959999978542328,1.0,1.2300000190734863,0.0
2025020839,2026-01-27,Kraken,Capitals,Home,RW,1,1,3.3718438198,1.8820738083,2.9440939238,1.1660526883,Philipp Grubauer,Logan Thompson,CG,CG,0,0,0,0,0,0,0,0,1,0,0,0,0,0,0,13,8,11,0,32,4,7,9,0,20,25,21,20,0,66,11,15,19,0,45,53,0,0,3,2,0,5,0,0,1,0,1,9,4,2,0,15,6,8,3,0,17,1,1,4,5,411,534,19,27,0.95,0.844,0,0,0,0,5,2,2325,0,1275,2544,2544,47,31,0,0,0,0,0,0,80,0,0,0,0.0,-,0.0,0.0,0.0,0.0,0.0,0.0,0.0,0.0,0.0,0.0,0.0,0.0,0.0,0.0,0.0,0.0,0.0,0.0,0.0,0.0,0.0,0.0,0.0,2.940000057220459,2.940000057220459,0.4000000059604645,0.0299999993294477,1.1699999570846558,1.1699999570846558,0.7200000286102295,0.0
2025020839,2026-01-27,Capitals,Kraken,Away,RL,1,1,1.8820738083,3.3718438198,1.1660526883,2.9440939238,Logan Thompson,Philipp Grubauer,CG,CG,0,0,0,0,0,0,0,0,0,0,0,0,0,0,0,4,7,9,0,20,13,8,11,0,32,11,15,19,0,45,25,21,20,0,66,35,0,0,0,1,0,1,0,3,2,0,5,6,8,3,0,17,9,4,2,0,15,1,1,5,4,534,411,27,19,0.844,0.95,0,0,0,0,2,5,0,2325,1275,2544,2544,31,47,0,0,0,0,0,0,0,80,0,0,0.0,-,0.0,0.0,0.0,0.0,0.0,0.0,0.0,0.0,0.0,0.0,0.0,0.0,0.0,0.0,0.0,0.0,0.0,0.0,0.0,0.0,0.0,0.0,0.0,1.1699999570846558,1.1699999570846558,0.7200000286102295,0.0,2.940000057220459,2.940000057220459,0.4000000059604645,0.0299999993294477
2025020842,2026-01-28,Islanders,Rangers,Home,RW,1,1,3.2939704023,2.1639779402,2.2384885933,1.6225496022,David Rittich,Spencer Martin,CG,CG,0,0,0,0,0,0,0,0,1,0,0,0,0,0,0,14,14,8,0,36,7,6,3,0,16,24,21,19,0,64,18,13,11,0,42,51,0,2,3,0,0,5,1,1,0,0,2,10,8,5,0,23,14,8,9,0,31,2,1,5,2,321,152,14,31,0.875,0.861,0,0,0,0,5,4,2701,0,899,3006,2926,41,60,9,0,99,0,0,0,13,0,80,0,0.0,-,0.0,0.0,0.0,0.0,0.0,0.0,0.0,0.0,0.0,0.0,0.0,0.0,0.0,0.0,0.0,0.0,0.0,0.0,0.0,0.0,0.0,0.0,0.0,2.240000009536743,2.369999885559082,0.9200000166893004,0.0,1.6200000047683716,1.659999966621399,0.5,0.0
2025020842,2026-01-28,Rangers,Islanders,Away,RL,1,1,2.1639779402,3.2939704023,1.6225496022,2.2384885933,Spencer Martin,David Rittich,CG,CG,0,0,0,0,0,0,0,0,0,0,0,0,0,0,0,7,6,3,0,16,14,14,8,0,36,18,13,11,0,42,24,21,19,0,64,30,0,1,1,0,0,2,2,3,0,0,5,14,8,9,0,31,10,8,5,0,23,1,2,2,5,152,321,31,14,0.861,0.875,0,0,0,0,4,5,0,2701,899,3006,2926,60,41,0,9,0,99,0,0,0,13,80,0,0.0,-,0.0,0.0,0.0,0.0,0.0,0.0,0.0,0.0,0.0,0.0,0.0,0.0,0.0,0.0,0.0,0.0,0.0,0.0,0.0,0.0,0.0,0.0,0.0,1.6200000047683716,1.659999966621399,0.5,0.0,2.240000009536743,2.369999885559082,0.9200000166893004,0.0
2025020840,2026-01-28,Blue Jackets,Flyers,Home,RW,1,1,3.2062360703,3.150355233,2.1900412173,1.672065803,Elvis Merzlikins,Dan Vladar,CG,CG,0,0,0,0,0,0,0,0,1,0,0,0,0,0,0,7,16,8,0,31,7,6,14,0,27,14,21,19,0,54,13,21,27,0,61,38,0,2,1,2,0,5,1,0,2,0,3,4,7,6,0,17,7,5,9,0,21,0,0,3,5,230,379,24,26,0.889,0.839,1,0,3,0,1,4,2847,0,753,2776,2664,27,143,0,0,0,0,0,0,0,44,112,0,0.0,-,0.0,0.0,0.0,0.0,0.0,0.0,0.0,0.0,0.0,0.0,0.0,0.0,0.0,0.0,0.0,0.0,0.0,0.0,0.0,0.0,0.0,0.0,0.0,2.190000057220459,2.299999952316284,0.6800000071525574,0.1299999952316284,1.6699999570846558,1.6699999570846558,1.4800000190734863,0.0
2025020840,2026-01-28,Flyers,Blue Jackets,Away,RL,1,1,3.150355233,3.2062360703,1.672065803,2.1900412173,Dan Vladar,Elvis Merzlikins,CG,CG,0,0,0,0,0,0,0,0,0,0,0,0,0,0,0,7,6,14,0,27,7,16,8,0,31,13,21,27,0,61,14,21,19,0,54,39,0,1,0,2,0,3,2,1,2,0,5,7,5,9,0,21,4,7,6,0,17,0,0,5,3,379,230,26,24,0.839,0.889,0,1,0,3,4,1,0,2847,753,2776,2664,143,27,0,0,0,0,0,0,44,0,112,0,0.0,-,0.0,0.0,0.0,0.0,0.0,0.0,0.0,0.0,0.0,0.0,0.0,0.0,0.0,0.0,0.0,0.0,0.0,0.0,0.0,0.0,0.0,0.0,0.0,1.6699999570846558,1.6699999570846558,1.4800000190734863,0.0,2.190000057220459,2.299999952316284,0.6800000071525574,0.1299999952316284
2025020841,2026-01-28,Senators,Avalanche,Home,RW,1,1,2.9259890145,1.9296105205,1.9078324545,1.6994480895,James Reimer,Mackenzie Blackwood,CG,CG,0,0,0,0,0,0,0,0,1,0,0,0,0,0,0,9,6,8,0,23,4,4,10,0,18,15,13,16,0,44,7,16,26,0,49,32,0,0,2,3,0,5,0,1,1,0,2,9,10,12,0,31,5,10,7,0,22,0,0,3,0,360,0,16,18,0.889,0.783,2,0,6,0,2,2,2182,0,1418,3063,3063,0,177,0,0,0,0,0,0,0,0,0,0,0.0,-,0.0,0.0,0.0,0.0,0.0,0.0,0.0,0.0,0.0,0.0,0.0,0.0,0.0,0.0,0.0,0.0,0.0,0.0,0.0,0.0,0.0,0.0,0.0,1.909999966621399,1.909999966621399,0.699999988079071,0.0,1.7000000476837158,1.7000000476837158,0.2300000041723251,0.0
2025020841,2026-01-28,Avalanche,Senators,Away,RL,1,1,1.9296105205,2.9259890145,1.6994480895,1.9078324545,Mackenzie Blackwood,James Reimer,CG,CG,0,0,0,0,0,0,0,0,0,0,0,0,0,0,0,4,4,10,0,18,9,6,8,0,23,7,16,26,0,49,15,13,16,0,44,38,0,0,1,1,0,2,0,2,3,0,5,5,10,7,0,22,9,10,12,0,31,0,0,0,3,0,360,18,16,0.783,0.889,0,2,0,6,2,2,0,2182,1418,3063,3063,177,0,0,0,0,0,0,0,0,0,0,0,0.0,-,0.0,0.0,0.0,0.0,0.0,0.0,0.0,0.0,0.0,0.0,0.0,0.0,0.0,0.0,0.0,0.0,0.0,0.0,0.0,0.0,0.0,0.0,0.0,1.7000000476837158,1.7000000476837158,0.2300000041723251,0.0,1.909999966621399,1.909999966621399,0.699999988079071,0.0
2025020843,2026-01-29,Bruins,Flyers,Home,RW,1,1,3.42170799,4.05071043,3.170190044,3.478874925,Jeremy Swayman,Samuel Ersson,CG,IG,0,0,0,0,0,0,0,0,1,0,0,0,0,0,0,10,10,7,0,27,9,12,15,0,36,16,19,13,0,48,17,19,28,0,64,39,0,2,3,1,0,6,0,2,1,0,3,4,6,5,0,15,14,10,12,0,36,0,1,1,3,120,271,33,21,0.917,0.778,1,0,1,0,2,0,3011,0,589,3089,3039,7,15,0,0,0,0,0,0,0,0,50,0,0.0,-,0.0,0.0,0.0,0.0,0.0,0.0,0.0,0.0,0.0,0.0,0.0,0.0,0.0,0.0,0.0,0.0,0.0,0.0,0.0,0.0,0.0,0.0,0.0,3.1700000762939453,3.220000028610229,0.1099999994039535,0.0,3.4800000190734863,3.549999952316284,0.4900000095367431,0.0199999995529651
2025020843,2026-01-29,Flyers,Bruins,Away,RL,1,1,4.05071043,3.42170799,3.478874925,3.170190044,Samuel Ersson,Jeremy Swayman,IG,CG,0,0,0,0,0,0,0,0,0,0,0,0,0,0,0,9,12,15,0,36,10,10,7,0,27,17,19,28,0,64,16,19,13,0,48,54,0,0,2,1,0,3,2,3,1,0,6,14,10,12,0,36,4,6,5,0,15,1,0,3,1,271,120,21,33,0.778,0.917,0,1,0,1,0,2,0,3011,589,3089,3039,15,7,0,0,0,0,0,0,0,0,50,0,0.0,-,0.0,0.0,0.0,0.0,0.0,0.0,0.0,0.0,0.0,0.0,0.0,0.0,0.0,0.0,0.0,0.0,0.0,0.0,0.0,0.0,0.0,0.0,0.0,3.4800000190734863,3.549999952316284,0.4900000095367431,0.0199999995529651,3.1700000762939453,3.220000028610229,0.1099999994039535,0.0
2025020844,2026-01-29,Sabres,Kings,Home,RW,1,1,3.0171887915,3.140259595,2.6884684505,2.745034734,Alex Lyon,Darcy Kuemper,CG,CG,0,0,0,0,0,0,0,0,1,0,0,0,0,0,0,8,14,10,0,32,12,19,7,0,38,13,22,19,0,54,25,26,15,0,66,48,0,2,1,1,0,4,0,1,0,0,1,4,4,1,0,9,9,10,11,0,30,1,1,3,2,351,131,37,28,0.974,0.875,1,0,1,0,1,2,3166,0,434,2982,2982,36,32,0,0,0,0,0,0,0,0,0,0,0.0,-,0.0,0.0,0.0,0.0,0.0,0.0,0.0,0.0,0.0,0.0,0.0,0.0,0.0,0.0,0.0,0.0,0.0,0.0,0.0,0.0,0.0,0.0,0.0,2.690000057220459,2.690000057220459,0.2899999916553497,0.0,2.75,2.75,0.25,0.1400000005960464
2025020844,2026-01-29,Kings,Sabres,Away,RL,1,1,3.140259595,3.0171887915,2.745034734,2.6884684505,Darcy Kuemper,Alex Lyon,CG,CG,0,0,0,0,0,0,0,0,0,0,0,0,0,0,0,12,19,7,0,38,8,14,10,0,32,25,26,15,0,66,13,22,19,0,54,58,0,0,1,0,0,1,2,1,1,0,4,9,10,11,0,30,4,4,1,0,9,1,1,2,3,131,351,28,37,0.875,0.974,0,1,0,1,2,1,0,3166,434,2982,2982,32,36,0,0,0,0,0,0,0,0,0,0,0.0,-,0.0,0.0,0.0,0.0,0.0,0.0,0.0,0.0,0.0,0.0,0.0,0.0,0.0,0.0,0.0,0.0,0.0,0.0,0.0,0.0,0.0,0.0,0.0,2.75,2.75,0.25,0.1400000005960464,2.690000057220459,2.690000057220459,0.2899999916553497,0.0
2025020845,2026-01-29,Canadiens,Avalanche,Home,RW,1,1,3.8550473925,3.046064882,3.4014650445,2.669494965,Jakub Dobes,Scott Wedgewood,CG,CG,0,0,0,0,0,0,0,0,1,0,0,0,0,0,0,9,12,7,0,28,5,12,12,0,29,18,21,26,0,65,11,18,20,0,49,60,0,3,2,2,0,7,1,1,1,0,3,8,6,8,0,22,12,8,5,0,25,1,0,2,2,147,240,26,21,0.897,0.75,0,0,0,0,1,1,3442,0,158,3128,3107,53,32,0,0,0,0,0,0,0,9,21,0,0.0,-,0.0,0.0,0.0,0.0,0.0,0.0,0.0,0.0,0.0,0.0,0.0,0.0,0.0,0.0,0.0,0.0,0.0,0.0,0.0,0.0,0.0,0.0,0.0,3.400000095367432,3.400000095367432,0.3000000119209289,0.1500000059604644,2.6700000762939453,2.6700000762939453,0.3799999952316284,0.0
2025020845,2026-01-29,Avalanche,Canadiens,Away,RL,1,1,3.046064882,3.8550473925,2.669494965,3.4014650445,Scott Wedgewood,Jakub Dobes,CG,CG,0,0,0,0,0,0,0,0,0,0,0,0,0,0,0,5,12,12,0,29,9,12,7,0,28,11,18,20,0,49,18,21,26,0,65,45,0,1,1,1,0,3,3,2,2,0,7,12,8,5,0,25,8,6,8,0,22,0,1,2,2,240,147,21,26,0.75,0.897,0,0,0,0,1,1,0,3442,158,3128,3107,32,53,0,0,0,0,0,0,9,0,21,0,0.0,-,0.0,0.0,0.0,0.0,0.0,0.0,0.0,0.0,0.0,0.0,0.0,0.0,0.0,0.0,0.0,0.0,0.0,0.0,0.0,0.0,0.0,0.0,0.0,2.6700000762939453,2.6700000762939453,0.3799999952316284,0.0,3.400000095367432,3.400000095367432,0.3000000119209289,0.1500000059604644
2025020847,2026-01-29,Lightning,Jets,Home,RW,1,1,3.656307457,2.2418982163,2.876552448,1.9596461313,Andrei Vasilevskiy,Connor Hellebuyck,CG,CG,0,0,0,0,0,0,0,0,1,0,0,0,0,0,0,10,11,16,0,37,11,8,4,0,23,14,20,23,0,57,19,14,17,0,50,45,0,1,2,1,0,4,0,1,0,0,1,7,7,4,0,18,16,9,4,0,29,0,0,1,2,120,240,22,33,0.957,0.892,1,0,1,0,0,3,2702,0,898,3084,2971,34,101,0,0,0,0,0,0,0,0,113,0,0.0,-,0.0,0.0,0.0,0.0,0.0,0.0,0.0,0.0,0.0,0.0,0.0,0.0,0.0,0.0,0.0,0.0,0.0,0.0,0.0,0.0,0.0,0.0,0.0,2.880000114440918,3.130000114440918,0.3700000047683716,0.050000000745058,1.9600000381469729,1.9600000381469729,0.0299999993294477,0.25
2025020847,2026-01-29,Jets,Lightning,Away,RL,1,1,2.2418982163,3.656307457,1.9596461313,2.876552448,Connor Hellebuyck,Andrei Vasilevskiy,CG,CG,0,0,0,0,0,0,0,0,0,0,0,0,0,0,0,11,8,4,0,23,10,11,16,0,37,19,14,17,0,50,14,20,23,0,57,44,0,0,1,0,0,1,1,2,1,0,4,16,9,4,0,29,7,7,4,0,18,0,0,2,1,240,120,33,22,0.892,0.957,0,1,0,1,3,0,0,2702,898,3084,2971,101,34,0,0,0,0,0,0,0,0,113,0,0.0,-,0.0,0.0,0.0,0.0,0.0,0.0,0.0,0.0,0.0,0.0,0.0,0.0,0.0,0.0,0.0,0.0,0.0,0.0,0.0,0.0,0.0,0.0,0.0,1.9600000381469729,1.9600000381469729,0.0299999993294477,0.25,2.880000114440918,3.130000114440918,0.3700000047683716,0.050000000745058
2025020848,2026-01-29,Devils,Predators,Home,OTW,1,1,3.187784415,2.9537618447,2.595186999,1.9899337577,Jacob Markstrom,Justus Annunen,CG,CG,0,0,0,0,0,0,0,0,0,0,0,0,1,0,0,13,13,8,1,35,7,13,9,0,29,25,30,22,1,78,16,25,22,0,63,65,0,0,1,1,1,3,1,0,1,0,2,14,10,3,0,27,8,8,1,0,17,0,0,3,2,360,240,27,32,0.931,0.914,0,0,0,0,1,3,0,2042,1600,2973,2931,18,51,0,0,0,0,0,0,0,0,0,42,0.0,-,0.0,0.0,0.0,0.0,0.0,0.0,0.0,0.0,0.0,0.0,0.0,0.0,0.0,0.0,0.0,0.0,0.0,0.0,0.0,0.0,0.0,0.0,0.0,2.5999999046325684,2.630000114440918,0.5600000023841858,0.0,1.9900000095367432,1.9900000095367432,0.8299999833106995,0.1299999952316284
2025020848,2026-01-29,Predators,Devils,Away,OTL,1,1,2.9537618447,3.187784415,1.9899337577,2.595186999,Justus Annunen,Jacob Markstrom,CG,CG,0,0,0,0,0,0,0,0,1,1,0,0,0,0,0,7,13,9,0,29,13,13,8,1,35,16,25,22,0,63,25,30,22,1,78,51,0,1,0,1,0,2,0,1,1,1,3,8,8,1,0,17,14,10,3,0,27,0,0,2,3,240,360,32,27,0.914,0.931,0,0,0,0,3,1,2042,0,1600,2973,2931,51,18,0,0,0,0,0,0,0,0,0,42,0.0,-,0.0,0.0,0.0,0.0,0.0,0.0,0.0,0.0,0.0,0.0,0.0,0.0,0.0,0.0,0.0,0.0,0.0,0.0,0.0,0.0,0.0,0.0,0.0,1.9900000095367432,1.9900000095367432,0.8299999833106995,0.1299999952316284,2.5999999046325684,2.630000114440918,0.5600000023841858,0.0
2025020849,2026-01-29,Rangers,Islanders,Home,RL,1,1,1.735300619,1.9481710534999999,1.497562911,1.7689839035,Jonathan Quick,Ilya Sorokin,CG,CG,0,0,0,0,0,0,0,0,0,0,0,0,0,0,0,6,8,7,0,21,6,5,10,0,21,16,14,12,0,42,18,17,19,0,54,36,0,0,0,1,0,1,0,2,0,0,2,15,8,8,0,31,5,6,5,0,16,1,0,3,3,322,266,19,20,0.905,0.952,0,0,0,2,2,0,0,1362,2238,2874,2758,49,66,0,0,0,0,0,0,0,0,116,0,0.0,-,0.0,0.0,0.0,0.0,0.0,0.0,0.0,0.0,0.0,0.0,0.0,0.0,0.0,0.0,0.0,0.0,0.0,0.0,0.0,0.0,0.0,0.0,0.0,1.5,1.5,0.2000000029802322,0.0399999991059303,1.7699999809265137,1.7699999809265137,0.0,0.0
2025020849,2026-01-29,Islanders,Rangers,Away,RW,1,1,1.9481710534999999,1.735300619,1.7689839035,1.497562911,Ilya Sorokin,Jonathan Quick,CG,CG,0,0,0,0,0,0,0,0,1,0,0,0,0,0,0,6,5,10,0,21,6,8,7,0,21,18,17,19,0,54,16,14,12,0,42,49,0,0,2,0,0,2,0,0,1,0,1,5,6,5,0,16,15,8,8,0,31,0,1,3,3,266,322,20,19,0.952,0.905,0,0,2,0,0,2,1362,0,2238,2874,2758,66,49,0,0,0,0,0,0,0,0,116,0,0.0,-,0.0,0.0,0.0,0.0,0.0,0.0,0.0,0.0,0.0,0.0,0.0,0.0,0.0,0.0,0.0,0.0,0.0,0.0,0.0,0.0,0.0,0.0,0.0,1.7699999809265137,1.7699999809265137,0.0,0.0,1.5,1.5,0.2000000029802322,0.0399999991059303
2025020850,2026-01-29,Penguins,Blackhawks,Home,RW,1,1,5.4987549515000005,2.2054732177,4.8093166295,1.6431732417,Arturs Silovs,Arvid Soderblom,CG,CG,0,0,0,0,0,0,0,0,0,0,0,0,1,0,0,8,23,13,0,44,9,6,5,0,20,16,39,25,0,80,15,17,17,0,49,68,0,1,4,1,0,6,1,0,1,0,2,7,6,5,0,18,4,4,5,0,13,0,0,1,2,120,240,18,38,0.9,0.864,0,0,0,0,3,3,2046,112,1442,3168,3055,17,5,0,0,0,0,0,0,0,0,113,0,0.0,-,0.0,0.0,0.0,0.0,0.0,0.0,0.0,0.0,0.0,0.0,0.0,0.0,0.0,0.0,0.0,0.0,0.0,0.0,0.0,0.0,0.0,0.0,0.0,4.809999942779541,4.809999942779541,0.6899999976158142,0.0,1.6399999856948853,1.6399999856948853,0.5400000214576721,0.0199999995529651
2025020850,2026-01-29,Blackhawks,Penguins,Away,RL,1,1,2.2054732177,5.4987549515000005,1.6431732417,4.8093166295,Arvid Soderblom,Arturs Silovs,CG,CG,0,0,0,0,0,0,0,0,1,1,0,0,0,0,0,9,6,5,0,20,8,23,13,0,44,15,17,17,0,49,16,39,25,0,80,42,0,1,0,1,0,2,1,4,1,0,6,4,4,5,0,13,7,6,5,0,18,0,0,2,1,240,120,38,18,0.864,0.9,0,0,0,0,3,3,112,2046,1442,3168,3055,5,17,0,0,0,0,0,0,0,0,113,0,0.0,-,0.0,0.0,0.0,0.0,0.0,0.0,0.0,0.0,0.0,0.0,0.0,0.0,0.0,0.0,0.0,0.0,0.0,0.0,0.0,0.0,0.0,0.0,0.0,1.6399999856948853,1.6399999856948853,0.5400000214576721,0.0199999995529651,4.809999942779541,4.809999942779541,0.6899999976158142,0.0
2025020851,2026-01-29,Hurricanes,Mammoth,Home,RW,1,1,3.9325909165,3.1094968275,2.8461693613,2.9572295175,Brandon Bussi,Karel Vejmelka,CG,CG,0,0,0,0,0,0,0,0,1,0,0,0,1,1,0,9,10,14,0,33,8,13,4,0,25,17,16,26,0,59,16,22,16,0,54,44,0,1,1,3,0,5,0,3,1,0,4,11,6,6,0,23,12,9,7,0,28,2,0,5,2,485,248,21,28,0.84,0.848,0,0,0,1,1,3,1296,1790,514,2792,2792,28,33,0,0,0,0,0,0,32,0,0,0,0.0,-,0.0,0.0,0.0,0.0,0.0,0.0,0.0,0.0,0.0,0.0,0.0,0.0,0.0,0.0,0.0,0.0,0.0,0.0,0.0,0.0,0.0,0.0,0.0,2.8499999046325684,2.8499999046325684,0.8999999761581421,0.1899999976158142,2.9600000381469727,2.9600000381469727,0.1199999973177909,0.0299999993294477
2025020851,2026-01-29,Mammoth,Hurricanes,Away,RL,1,1,3.1094968275,3.9325909165,2.9572295175,2.8461693613,Karel Vejmelka,Brandon Bussi,CG,CG,0,0,0,0,0,0,0,0,0,1,1,0,0,0,0,8,13,4,0,25,9,10,14,0,33,16,22,16,0,54,17,16,26,0,59,49,0,0,3,1,0,4,1,1,3,0,5,12,9,7,0,28,11,6,6,0,23,0,2,2,5,248,485,28,21,0.848,0.84,0,0,1,0,3,1,1790,1296,514,2792,2792,33,28,0,0,0,0,0,0,0,32,0,0,0.0,-,0.0,0.0,0.0,0.0,0.0,0.0,0.0,0.0,0.0,0.0,0.0,0.0,0.0,0.0,0.0,0.0,0.0,0.0,0.0,0.0,0.0,0.0,0.0,2.9600000381469727,2.9600000381469727,0.1199999973177909,0.0299999993294477,2.8499999046325684,2.8499999046325684,0.8999999761581421,0.1899999976158142
2025020846,2026-01-29,Red Wings,Capitals,Home,SOL,1,1,2.9945193142999997,1.8280246506,1.3017631563,1.3740755306,John Gibson,Charlie Lindgren,CG,CG,0,0,0,0,0,0,0,0,0,0,0,0,0,0,0,3,8,9,1,21,7,8,5,3,23,16,19,21,2,58,18,18,15,3,54,40,0,0,1,2,0,3,1,0,2,0,3,7,4,2,0,13,12,8,6,0,26,0,0,4,2,482,240,20,18,0.87,0.857,0,0,0,1,3,1,0,1976,1924,2998,2698,112,68,0,0,0,0,0,0,0,0,0,300,0.0,-,0.0,0.0,0.0,0.0,0.0,0.0,0.0,0.0,0.0,0.0,0.0,0.0,0.0,0.0,0.0,0.0,0.0,0.0,0.0,0.0,0.0,0.0,0.0,1.2999999523162842,1.5800000429153442,1.4199999570846558,0.0,1.3700000047683716,1.5299999713897705,0.3000000119209289,0.0
2025020846,2026-01-29,Capitals,Red Wings,Away,SOW,1,1,1.8280246506,2.9945193142999997,1.3740755306,1.3017631563,Charlie Lindgren,John Gibson,CG,CG,0,0,0,0,0,0,0,0,1,0,0,0,0,0,0,7,8,5,3,23,3,8,9,1,21,18,18,15,3,54,16,19,21,2,58,43,0,1,0,2,0,3,0,1,2,0,3,12,8,6,0,26,7,4,2,0,13,0,0,2,4,240,482,18,20,0.857,0.87,0,0,1,0,1,3,1976,0,1924,2998,2698,68,112,0,0,0,0,0,0,0,0,0,300,0.0,-,0.0,0.0,0.0,0.0,0.0,0.0,0.0,0.0,0.0,0.0,0.0,0.0,0.0,0.0,0.0,0.0,0.0,0.0,0.0,0.0,0.0,0.0,0.0,1.3700000047683716,1.5299999713897705,0.3000000119209289,0.0,1.2999999523162842,1.5800000429153442,1.4199999570846558,0.0
2025020852,2026-01-29,Blues,Panthers,Home,RW,1,1,2.7784414037,3.439914476,1.8083184253,1.579243788,Joel Hofer,Daniil Tarasov,CG,CG,0,0,0,0,0,0,0,0,0,0,0,0,1,0,0,10,10,11,0,31,7,7,6,0,20,16,25,20,0,61,19,13,14,0,46,40,0,3,1,1,0,5,2,2,0,0,4,10,11,5,0,26,4,7,6,0,17,1,2,5,7,311,622,16,26,0.8,0.839,0,0,0,0,0,4,1552,94,1954,2375,2157,105,16,24,60,42,7,0,0,0,21,203,15,0.0,-,0.0,0.0,0.0,0.0,0.0,0.0,0.0,0.0,0.0,0.0,0.0,0.0,0.0,0.0,0.0,0.0,0.0,0.0,0.0,0.0,0.0,0.0,0.0,1.809999942779541,2.380000114440918,0.2800000011920929,0.1199999973177909,1.5800000429153442,1.9299999475479128,1.4199999570846558,0.0900000035762786
2025020852,2026-01-29,Panthers,Blues,Away,RL,1,1,3.439914476,2.7784414037,1.579243788,1.8083184253,Daniil Tarasov,Joel Hofer,CG,CG,0,0,0,0,0,0,0,0,1,1,0,0,0,0,0,7,7,6,0,20,10,10,11,0,31,19,13,14,0,46,16,25,20,0,61,25,0,2,2,0,0,4,3,1,1,0,5,4,7,6,0,17,10,11,5,0,26,2,1,7,5,622,311,26,16,0.839,0.8,0,0,0,0,4,0,94,1552,1954,2375,2157,16,105,60,24,7,42,0,0,21,0,203,15,0.0,-,0.0,0.0,0.0,0.0,0.0,0.0,0.0,0.0,0.0,0.0,0.0,0.0,0.0,0.0,0.0,0.0,0.0,0.0,0.0,0.0,0.0,0.0,0.0,1.5800000429153442,1.9299999475479128,1.4199999570846558,0.0900000035762786,1.809999942779541,2.380000114440918,0.2800000011920929,0.1199999973177909
2025020853,2026-01-29,Wild,Flames,Home,RW,1,1,3.022509103,2.6055769465,2.142093564,1.6562775125,Filip Gustavsson,Devin Cooley,CG,CG,0,0,0,0,0,0,0,0,1,0,0,0,0,0,0,3,5,16,0,24,13,7,10,0,30,15,18,23,0,56,26,22,18,0,66,43,0,2,0,2,0,4,0,0,1,0,1,6,2,3,0,11,4,8,4,0,16,1,0,2,3,142,374,29,20,0.967,0.833,1,0,1,0,0,3,3437,0,163,3044,3044,8,11,0,0,34,0,0,0,0,0,0,0,0.0,-,0.0,0.0,0.0,0.0,0.0,0.0,0.0,0.0,0.0,0.0,0.0,0.0,0.0,0.0,0.0,0.0,0.0,0.0,0.0,0.0,0.0,0.0,0.0,2.140000104904175,2.140000104904175,0.6299999952316284,0.1299999952316284,1.659999966621399,1.659999966621399,0.949999988079071,0.0
2025020853,2026-01-29,Flames,Wild,Away,RL,1,1,2.6055769465,3.022509103,1.6562775125,2.142093564,Devin Cooley,Filip Gustavsson,CG,CG,0,0,0,0,0,0,0,0,0,0,0,0,0,0,0,13,7,10,0,30,3,5,16,0,24,26,22,18,0,66,15,18,23,0,56,55,0,0,0,1,0,1,2,0,2,0,4,4,8,4,0,16,6,2,3,0,11,0,1,3,2,374,142,20,29,0.833,0.967,0,1,0,1,3,0,0,3437,163,3044,3044,11,8,0,0,0,34,0,0,0,0,0,0,0.0,-,0.0,0.0,0.0,0.0,0.0,0.0,0.0,0.0,0.0,0.0,0.0,0.0,0.0,0.0,0.0,0.0,0.0,0.0,0.0,0.0,0.0,0.0,0.0,1.659999966621399,1.659999966621399,0.949999988079071,0.0,2.140000104904175,2.140000104904175,0.6299999952316284,0.1299999952316284
2025020854,2026-01-29,Oilers,Sharks,Home,OTW,1,1,3.1339166943,1.7894586269000001,1.9683631403,1.572797434,Connor Ingram,Yaroslav Askarov,CG,CG,0,0,0,0,0,0,0,0,0,0,0,0,1,1,1,12,8,10,2,32,8,9,3,0,20,19,13,21,2,55,9,20,15,0,44,42,0,0,0,3,1,4,3,0,0,0,3,9,6,9,0,24,6,5,6,0,17,0,0,1,2,120,240,17,28,0.85,0.875,0,0,0,1,1,1,0,3515,151,3133,2973,114,26,0,0,0,0,0,0,0,0,94,66,0.0,-,0.0,0.0,0.0,0.0,0.0,0.0,0.0,0.0,0.0,0.0,0.0,0.0,0.0,0.0,0.0,0.0,0.0,0.0,0.0,0.0,0.0,0.0,0.0,1.9700000286102293,2.25,0.8899999856948853,0.0,1.5700000524520874,1.5700000524520874,0.2199999988079071,0.0
2025020854,2026-01-29,Sharks,Oilers,Away,OTL,1,1,1.7894586269000001,3.1339166943,1.572797434,1.9683631403,Yaroslav Askarov,Connor Ingram,CG,CG,0,0,0,0,0,0,0,0,1,1,1,1,0,0,0,8,9,3,0,20,12,8,10,2,32,9,20,15,0,44,19,13,21,2,55,33,0,3,0,0,0,3,0,0,3,1,4,6,5,6,0,17,9,6,9,0,24,0,0,2,1,240,120,28,17,0.875,0.85,0,0,1,0,1,1,3515,0,151,3133,2973,26,114,0,0,0,0,0,0,0,0,94,66,0.0,-,0.0,0.0,0.0,0.0,0.0,0.0,0.0,0.0,0.0,0.0,0.0,0.0,0.0,0.0,0.0,0.0,0.0,0.0,0.0,0.0,0.0,0.0,0.0,1.5700000524520874,1.5700000524520874,0.2199999988079071,0.0,1.9700000286102293,2.25,0.8899999856948853,0.0
2025020855,2026-01-29,Canucks,Ducks,Home,RW,1,1,2.7642422510999998,3.8201062304,1.7927863871,2.7422877141999997,Nikita Tolopilo,Lukas Dostal,IG,CG,0,0,0,0,0,0,0,0,1,0,0,0,0,0,0,9,8,9,0,26,9,14,10,0,33,15,23,21,0,59,17,26,21,0,64,45,0,0,0,2,0,2,0,0,0,0,0,3,6,1,0,10,7,9,5,0,21,0,0,3,3,360,289,33,24,1.0,0.923,1,0,4,0,0,1,582,0,3018,2795,2795,40,116,0,0,0,0,0,0,0,35,0,0,0.0,-,0.0,0.0,0.0,0.0,0.0,0.0,0.0,0.0,0.0,0.0,0.0,0.0,0.0,0.0,0.0,0.0,0.0,0.0,0.0,0.0,0.0,0.0,0.0,1.7899999618530271,1.7899999618530271,0.6499999761581421,0.0,2.740000009536743,2.740000009536743,1.0800000429153442,0.0
2025020855,2026-01-29,Ducks,Canucks,Away,RL,1,1,3.8201062304,2.7642422510999998,2.7422877141999997,1.7927863871,Lukas Dostal,Nikita Tolopilo,CG,IG,0,0,0,0,0,0,0,0,0,0,0,0,0,0,0,9,14,10,0,33,9,8,9,0,26,17,26,21,0,64,15,23,21,0,59,49,0,0,0,0,0,0,0,0,2,0,2,7,9,5,0,21,3,6,1,0,10,0,0,3,3,289,360,24,33,0.923,1.0,0,1,0,4,1,0,0,582,3018,2795,2795,116,40,0,0,0,0,0,0,35,0,0,0,0.0,-,0.0,0.0,0.0,0.0,0.0,0.0,0.0,0.0,0.0,0.0,0.0,0.0,0.0,0.0,0.0,0.0,0.0,0.0,0.0,0.0,0.0,0.0,0.0,2.740000009536743,2.740000009536743,1.0800000429153442,0.0,1.7899999618530271,1.7899999618530271,0.6499999761581421,0.0
2025020856,2026-01-29,Golden Knights,Stars,Home,SOL,1,1,2.5433912615,3.5860940292,1.9907597755,3.0426519792,Adin Hill,Jake Oettinger,CG,CG,0,0,0,0,0,0,0,0,0,0,0,0,0,0,0,7,7,7,0,21,9,9,6,3,27,18,17,13,2,50,18,26,20,4,68,42,0,0,1,3,0,4,1,3,0,0,4,7,6,13,0,26,12,11,6,0,29,0,0,1,2,120,240,23,17,0.852,0.81,0,0,0,2,2,2,0,3175,725,3453,3153,83,4,0,0,0,0,0,0,0,0,0,300,0.0,-,0.0,0.0,0.0,0.0,0.0,0.0,0.0,0.0,0.0,0.0,0.0,0.0,0.0,0.0,0.0,0.0,0.0,0.0,0.0,0.0,0.0,0.0,0.0,1.9900000095367432,2.2100000381469727,0.2399999946355819,0.0900000035762786,3.039999961853028,3.319999933242798,0.1700000017881393,0.0599999986588954
2025020856,2026-01-29,Stars,Golden Knights,Away,SOW,1,1,3.5860940292,2.5433912615,3.0426519792,1.9907597755,Jake Oettinger,Adin Hill,CG,CG,0,0,0,0,0,0,0,0,1,0,0,0,0,0,0,9,9,6,3,27,7,7,7,0,21,18,26,20,4,68,18,17,13,2,50,59,0,1,3,0,0,4,0,1,3,0,4,12,11,6,0,29,7,6,13,0,26,0,0,2,1,240,120,17,23,0.81,0.852,0,0,2,0,2,2,3175,0,725,3453,3153,4,83,0,0,0,0,0,0,0,0,0,300,0.0,-,0.0,0.0,0.0,0.0,0.0,0.0,0.0,0.0,0.0,0.0,0.0,0.0,0.0,0.0,0.0,0.0,0.0,0.0,0.0,0.0,0.0,0.0,0.0,3.039999961853028,3.319999933242798,0.1700000017881393,0.0599999986588954,1.9900000095367432,2.2100000381469727,0.2399999946355819,0.0900000035762786
2025020857,2026-01-29,Kraken,Maple Leafs,Home,RW,1,1,1.856908104,3.0687755512,1.437644556,1.8185057792000001,Joey Daccord,Anthony Stolarz,CG,CG,0,0,0,0,0,0,0,0,1,0,0,0,0,0,0,9,7,6,0,22,11,13,7,0,31,18,10,17,0,45,18,22,19,0,59,36,0,1,2,2,0,5,1,0,1,0,2,5,5,3,0,13,8,9,3,0,20,0,1,2,3,244,307,29,17,0.935,0.773,1,0,2,0,1,2,2838,0,762,2871,2871,38,127,0,0,0,0,0,0,0,0,0,0,0.0,-,0.0,0.0,0.0,0.0,0.0,0.0,0.0,0.0,0.0,0.0,0.0,0.0,0.0,0.0,0.0,0.0,0.0,0.0,0.0,0.0,0.0,0.0,0.0,1.440000057220459,1.440000057220459,0.3199999928474426,0.0399999991059303,1.8200000524520872,1.8200000524520872,1.25,0.0
2025020857,2026-01-29,Maple Leafs,Kraken,Away,RL,1,1,3.0687755512,1.856908104,1.8185057792000001,1.437644556,Anthony Stolarz,Joey Daccord,CG,CG,0,0,0,0,0,0,0,0,0,0,0,0,0,0,0,11,13,7,0,31,9,7,6,0,22,18,22,19,0,59,18,10,17,0,45,41,0,1,0,1,0,2,1,2,2,0,5,8,9,3,0,20,5,5,3,0,13,1,0,3,2,307,244,17,29,0.773,0.935,0,1,0,2,2,1,0,2838,762,2871,2871,127,38,0,0,0,0,0,0,0,0,0,0,0.0,-,0.0,0.0,0.0,0.0,0.0,0.0,0.0,0.0,0.0,0.0,0.0,0.0,0.0,0.0,0.0,0.0,0.0,0.0,0.0,0.0,0.0,0.0,0.0,1.8200000524520872,1.8200000524520872,1.25,0.0,1.440000057220459,1.440000057220459,0.3199999928474426,0.0399999991059303
2025020858,2026-01-30,Blackhawks,Blue Jackets,Home,RL,1,1,2.3614329987000002,3.5724270595,1.6836349156000001,2.4665499244999998,Spencer Knight,Elvis Merzlikins,CG,CG,0,0,0,0,0,0,0,0,0,0,0,0,0,0,0,8,8,8,0,24,14,9,3,0,26,21,17,17,0,55,26,20,11,0,57,48,0,1,1,0,0,2,1,2,1,0,4,6,5,2,0,13,7,5,4,0,16,0,1,2,3,240,274,22,22,0.846,0.917,0,1,0,1,3,3,0,2361,1239,2985,2985,67,34,0,0,0,0,0,0,0,0,0,0,0.0,-,0.0,0.0,0.0,0.0,0.0,0.0,0.0,0.0,0.0,0.0,0.0,0.0,0.0,0.0,0.0,0.0,0.0,0.0,0.0,0.0,0.0,0.0,0.0,1.6799999475479126,1.6799999475479126,0.6800000071525574,0.0,2.470000028610229,2.470000028610229,0.8600000143051147,0.0
2025020858,2026-01-30,Blue Jackets,Blackhawks,Away,RW,1,1,3.5724270595,2.3614329987000002,2.4665499244999998,1.6836349156000001,Elvis Merzlikins,Spencer Knight,CG,CG,0,0,0,0,0,0,0,0,1,0,0,0,0,0,0,14,9,3,0,26,8,8,8,0,24,26,20,11,0,57,21,17,17,0,55,51,0,1,2,1,0,4,1,1,0,0,2,7,5,4,0,16,6,5,2,0,13,1,0,3,2,274,240,22,22,0.917,0.846,1,0,1,0,3,3,2361,0,1239,2985,2985,34,67,0,0,0,0,0,0,0,0,0,0,0.0,-,0.0,0.0,0.0,0.0,0.0,0.0,0.0,0.0,0.0,0.0,0.0,0.0,0.0,0.0,0.0,0.0,0.0,0.0,0.0,0.0,0.0,0.0,0.0,2.470000028610229,2.470000028610229,0.8600000143051147,0.0,1.6799999475479126,1.6799999475479126,0.6800000071525574,0.0
2025020859,2026-01-31,Flyers,Kings,Home,OTL,1,1,2.6369123408,2.5222300384,2.2776062978,2.0855641994000003,Dan Vladar,Darcy Kuemper,CG,CG,0,0,0,0,0,0,0,0,0,0,0,0,0,0,0,6,10,5,0,21,10,4,6,1,21,15,28,15,2,60,17,15,15,1,48,53,0,0,1,1,0,2,2,0,0,1,3,9,9,11,0,29,10,10,5,0,25,1,0,2,2,207,240,18,19,0.857,0.905,0,0,0,0,3,0,0,2235,1533,3295,3127,25,1,0,0,0,0,0,0,0,0,0,168,0.0,-,0.0,0.0,0.0,0.0,0.0,0.0,0.0,0.0,0.0,0.0,0.0,0.0,0.0,0.0,0.0,0.0,0.0,0.0,0.0,0.0,0.0,0.0,0.0,13.859999656677246,14.4399995803833,1.2899999618530271,0.6100000143051147,12.300000190734863,12.5600004196167,1.75,0.0
2025020859,2026-01-31,Kings,Flyers,Away,OTW,1,1,2.5222300384,2.6369123408,2.0855641994000003,2.2776062978,Darcy Kuemper,Dan Vladar,CG,CG,0,0,0,0,0,0,0,0,1,0,0,0,0,0,0,10,4,6,1,21,6,10,5,0,21,17,15,15,1,48,15,28,15,2,60,42,0,2,0,0,1,3,0,1,1,0,2,10,10,5,0,25,9,9,11,0,29,0,1,2,2,240,207,19,18,0.905,0.857,0,0,0,0,0,3,2235,0,1533,3295,3127,1,25,0,0,0,0,0,0,0,0,0,168,0.0,-,0.0,0.0,0.0,0.0,0.0,0.0,0.0,0.0,0.0,0.0,0.0,0.0,0.0,0.0,0.0,0.0,0.0,0.0,0.0,0.0,0.0,0.0,0.0,12.300000190734863,12.5600004196167,1.75,0.0,13.859999656677246,14.4399995803833,1.2899999618530271,0.6100000143051147
2025020860,2026-01-31,Red Wings,Avalanche,Home,RL,1,1,2.5786597971000003,3.901064589,2.2329690288,3.115389507,John Gibson,Mackenzie Blackwood,IG,CG,0,0,0,0,0,0,0,0,0,0,0,0,0,0,0,11,9,8,0,28,8,9,4,0,21,18,21,19,0,58,21,25,14,0,60,49,0,0,0,0,0,0,2,2,1,0,5,4,5,7,0,16,5,4,3,0,12,0,0,2,2,240,240,16,28,0.762,1.0,0,0,0,0,3,3,0,3196,404,3051,2917,32,37,0,0,0,0,0,0,0,0,134,0,0.0,-,0.0,0.0,0.0,0.0,0.0,0.0,0.0,0.0,0.0,0.0,0.0,0.0,0.0,0.0,0.0,0.0,0.0,0.0,0.0,0.0,0.0,0.0,0.0,13.899999618530272,14.75,1.7400000095367432,0.0,16.34000015258789,16.34000015258789,4.900000095367432,0.1899999976158142
2025020860,2026-01-31,Avalanche,Red Wings,Away,RW,1,1,3.901064589,2.5786597971000003,3.115389507,2.2329690288,Mackenzie Blackwood,John Gibson,CG,IG,0,0,0,0,0,0,0,0,1,0,0,0,0,0,0,8,9,4,0,21,11,9,8,0,28,21,25,14,0,60,18,21,19,0,58,47,0,2,2,1,0,5,0,0,0,0,0,5,4,3,0,12,4,5,7,0,16,0,0,2,2,240,240,28,16,1.0,0.762,0,0,0,0,3,3,3196,0,404,3051,2917,37,32,0,0,0,0,0,0,0,0,134,0,0.0,-,0.0,0.0,0.0,0.0,0.0,0.0,0.0,0.0,0.0,0.0,0.0,0.0,0.0,0.0,0.0,0.0,0.0,0.0,0.0,0.0,0.0,0.0,0.0,16.34000015258789,16.34000015258789,4.900000095367432,0.1899999976158142,13.899999618530272,14.75,1.7400000095367432,0.0
2025020861,2026-01-31,Penguins,Rangers,Home,RW,1,1,5.3309459729999995,2.3178669061,3.691536278,1.6751954171,Stuart Skinner,Jonathan Quick,CG,CG,0,0,0,0,0,0,0,0,1,0,0,0,0,0,0,11,10,13,0,34,9,2,9,0,20,23,20,28,0,71,17,11,14,0,42,51,0,2,1,3,0,6,0,1,4,0,5,6,5,5,0,16,7,10,9,0,26,1,1,5,3,560,253,15,28,0.75,0.824,1,0,4,0,4,1,3443,0,157,2559,2493,82,105,0,13,0,0,0,0,0,0,66,0,0.0,-,0.0,0.0,0.0,0.0,0.0,0.0,0.0,0.0,0.0,0.0,0.0,0.0,0.0,0.0,0.0,0.0,0.0,0.0,0.0,0.0,0.0,0.0,0.0,19.540000915527344,19.540000915527344,8.180000305175781,1.0399999618530271,8.729999542236328,8.729999542236328,2.609999895095825,0.6899999976158142
2025020861,2026-01-31,Rangers,Penguins,Away,RL,1,1,2.3178669061,5.3309459729999995,1.6751954171,3.691536278,Jonathan Quick,Stuart Skinner,CG,CG,0,0,0,0,0,0,0,0,0,0,0,0,0,0,0,9,2,9,0,20,11,10,13,0,34,17,11,14,0,42,23,20,28,0,71,29,0,0,1,4,0,5,2,1,3,0,6,7,10,9,0,26,6,5,5,0,16,1,1,3,5,253,560,28,15,0.824,0.75,0,1,0,4,1,4,0,3443,157,2559,2493,105,82,13,0,0,0,0,0,0,0,66,0,0.0,-,0.0,0.0,0.0,0.0,0.0,0.0,0.0,0.0,0.0,0.0,0.0,0.0,0.0,0.0,0.0,0.0,0.0,0.0,0.0,0.0,0.0,0.0,0.0,8.729999542236328,8.729999542236328,2.609999895095825,0.6899999976158142,19.540000915527344,19.540000915527344,8.180000305175781,1.0399999618530271
2025020862,2026-01-31,Panthers,Jets,Home,RL,1,1,2.1049865567,2.145801234,1.5014649214,1.529997486,Sergei Bobrovsky,Eric Comrie,CG,CG,0,0,0,0,0,0,0,0,1,1,0,0,0,0,0,13,7,8,0,28,9,7,5,0,21,20,11,18,0,49,18,15,9,0,42,32,0,1,0,0,0,1,0,0,2,0,2,11,10,9,0,30,4,9,5,0,18,0,0,2,5,177,556,19,27,0.905,0.964,0,0,0,2,1,2,2034,254,1312,2747,2715,84,5,0,0,0,0,0,0,0,29,32,0,0.0,-,0.0,0.0,0.0,0.0,0.0,0.0,0.0,0.0,0.0,0.0,0.0,0.0,0.0,0.0,0.0,0.0,0.0,0.0,0.0,0.0,0.0,0.0,0.0,9.479999542236328,9.5600004196167,4.090000152587891,0.4600000083446502,9.09000015258789,9.75,2.259999990463257,0.6700000166893005
2025020862,2026-01-31,Jets,Panthers,Away,RW,1,1,2.145801234,2.1049865567,1.529997486,1.5014649214,Eric Comrie,Sergei Bobrovsky,CG,CG,0,0,0,0,0,0,0,0,0,0,0,0,1,0,0,9,7,5,0,21,13,7,8,0,28,18,15,9,0,42,20,11,18,0,49,32,0,0,0,2,0,2,1,0,0,0,1,4,9,5,0,18,11,10,9,0,30,0,0,5,2,556,177,27,19,0.964,0.905,0,0,2,0,2,1,254,2034,1312,2747,2715,5,84,0,0,0,0,0,0,29,0,32,0,0.0,-,0.0,0.0,0.0,0.0,0.0,0.0,0.0,0.0,0.0,0.0,0.0,0.0,0.0,0.0,0.0,0.0,0.0,0.0,0.0,0.0,0.0,0.0,0.0,9.09000015258789,9.75,2.259999990463257,0.6700000166893005,9.479999542236328,9.5600004196167,4.090000152587891,0.4600000083446502
2025020863,2026-01-31,Flames,Sharks,Home,RW,1,1,4.581484785,3.1750432423,3.1702472587,2.0610475413000002,Dustin Wolf,Alex Nedeljkovic,CG,CG,0,0,0,0,0,0,0,0,0,0,0,0,1,0,0,15,17,10,0,42,11,6,8,0,25,27,27,26,0,80,21,18,16,0,55,61,0,1,1,1,0,3,1,1,0,0,2,6,5,10,0,21,6,4,4,0,14,1,1,6,4,624,390,23,39,0.92,0.929,0,0,2,0,2,1,787,1031,1782,2358,2358,103,65,0,0,26,0,0,0,0,5,0,0,0.0,-,0.0,0.0,0.0,0.0,0.0,0.0,0.0,0.0,0.0,0.0,0.0,0.0,0.0,0.0,0.0,0.0,0.0,0.0,0.0,0.0,0.0,0.0,0.0,17.139999389648438,17.139999389648438,6.5,0.9800000190734864,10.630000114440918,10.630000114440918,5.119999885559082,1.0
2025020863,2026-01-31,Sharks,Flames,Away,RL,1,1,3.1750432423,4.581484785,2.0610475413000002,3.1702472587,Alex Nedeljkovic,Dustin Wolf,CG,CG,0,0,0,0,0,0,0,0,1,1,0,0,0,0,0,11,6,8,0,25,15,17,10,0,42,21,18,16,0,55,27,27,26,0,80,37,0,1,1,0,0,2,1,1,1,0,3,6,4,4,0,14,6,5,10,0,21,1,1,4,6,390,624,39,23,0.929,0.92,0,0,0,2,1,2,1031,787,1782,2358,2358,65,103,0,0,0,26,0,0,5,0,0,0,0.0,-,0.0,0.0,0.0,0.0,0.0,0.0,0.0,0.0,0.0,0.0,0.0,0.0,0.0,0.0,0.0,0.0,0.0,0.0,0.0,0.0,0.0,0.0,0.0,10.630000114440918,10.630000114440918,5.119999885559082,1.0,17.139999389648438,17.139999389648438,6.5,0.9800000190734864
2025020864,2026-01-31,Capitals,Hurricanes,Home,OTW,1,1,4.8484605973,3.3848658663999998,3.7180474283,3.0779260414,Clay Stevenson,Frederik Andersen,CG,CG,0,0,0,0,0,0,0,0,0,0,0,0,1,1,1,19,7,13,3,42,12,5,5,0,22,27,15,28,4,74,30,19,12,1,62,62,0,0,2,1,1,4,2,1,0,0,3,10,9,5,0,24,9,9,11,0,29,0,0,4,2,433,114,19,38,0.864,0.905,0,0,0,0,0,3,0,2391,1311,3120,2990,15,20,0,5,0,45,0,14,0,0,28,102,0.0,-,0.0,0.0,0.0,0.0,0.0,0.0,0.0,0.0,0.0,0.0,0.0,0.0,0.0,0.0,0.0,0.0,0.0,0.0,0.0,0.0,0.0,0.0,0.0,22.15999984741211,24.670000076293945,3.4800000190734863,0.0,16.709999084472656,17.209999084472656,1.5,0.3499999940395355
2025020864,2026-01-31,Hurricanes,Capitals,Away,OTL,1,1,3.3848658663999998,4.8484605973,3.0779260414,3.7180474283,Frederik Andersen,Clay Stevenson,CG,CG,0,0,0,0,0,0,0,0,1,1,1,1,0,0,0,12,5,5,0,22,19,7,13,3,42,30,19,12,1,62,27,15,28,4,74,51,0,2,1,0,0,3,0,2,1,1,4,9,9,11,0,29,10,9,5,0,24,0,0,2,4,114,433,38,19,0.905,0.864,0,0,0,0,3,0,2391,0,1311,3120,2990,20,15,5,0,45,0,14,0,0,0,28,102,0.0,-,0.0,0.0,0.0,0.0,0.0,0.0,0.0,0.0,0.0,0.0,0.0,0.0,0.0,0.0,0.0,0.0,0.0,0.0,0.0,0.0,0.0,0.0,0.0,16.709999084472656,17.209999084472656,1.5,0.3499999940395355,22.15999984741211,24.670000076293945,3.4800000190734863,0.0
2025020865,2026-01-31,Sabres,Canadiens,Home,RL,1,1,4.9846665945,3.4136340371,3.8993949102,2.6376656191,Alex Lyon,Jakub Dobes,CG,CG,0,0,0,0,0,0,0,0,0,1,0,0,0,0,0,11,12,15,0,38,11,6,14,0,31,22,20,25,0,67,19,18,26,0,63,50,0,0,2,0,0,2,1,0,3,0,4,13,5,6,0,24,16,9,4,0,29,1,1,4,3,426,300,27,36,0.871,0.947,0,1,0,7,3,2,318,1563,1719,2687,2635,128,46,0,0,0,0,0,0,2,0,52,0,0.0,-,0.0,0.0,0.0,0.0,0.0,0.0,0.0,0.0,0.0,0.0,0.0,0.0,0.0,0.0,0.0,0.0,0.0,0.0,0.0,0.0,0.0,0.0,0.0,19.64999961853028,19.64999961853028,6.050000190734863,0.0,13.84000015258789,13.84000015258789,2.5,0.1500000059604644
2025020865,2026-01-31,Canadiens,Sabres,Away,RW,1,1,3.4136340371,4.9846665945,2.6376656191,3.8993949102,Jakub Dobes,Alex Lyon,CG,CG,0,0,0,0,0,0,0,0,1,0,0,0,1,0,0,11,6,14,0,31,11,12,15,0,38,19,18,26,0,63,22,20,25,0,67,51,0,1,0,3,0,4,0,2,0,0,2,16,9,4,0,29,13,5,6,0,24,1,1,3,4,300,426,36,27,0.947,0.871,1,0,7,0,2,3,1563,318,1719,2687,2635,46,128,0,0,0,0,0,0,0,2,52,0,0.0,-,0.0,0.0,0.0,0.0,0.0,0.0,0.0,0.0,0.0,0.0,0.0,0.0,0.0,0.0,0.0,0.0,0.0,0.0,0.0,0.0,0.0,0.0,0.0,13.84000015258789,13.84000015258789,2.5,0.1500000059604644,19.64999961853028,19.64999961853028,6.050000190734863,0.0
2025020866,2026-01-31,Senators,Devils,Home,RW,1,1,3.2858602964,1.729157682,2.5650703924,1.171495489,Linus Ullmark,Jake Allen,CG,CG,0,0,0,0,0,0,0,0,1,0,0,0,0,0,0,9,12,13,0,34,11,7,9,0,27,15,27,25,0,67,15,16,15,0,46,52,0,1,0,3,0,4,1,0,0,0,1,9,9,6,0,24,7,9,6,0,22,2,0,3,5,213,600,26,30,0.963,0.882,1,0,1,0,1,2,1441,0,2159,2581,2485,51,60,0,0,0,0,0,0,0,0,96,0,0.0,-,0.0,0.0,0.0,0.0,0.0,0.0,0.0,0.0,0.0,0.0,0.0,0.0,0.0,0.0,0.0,0.0,0.0,0.0,0.0,0.0,0.0,0.0,0.0,14.56999969482422,15.380000114440918,2.0799999237060547,0.6499999761581421,8.850000381469727,9.210000038146973,2.9600000381469727,0.0
2025020866,2026-01-31,Devils,Senators,Away,RL,1,1,1.729157682,3.2858602964,1.171495489,2.5650703924,Jake Allen,Linus Ullmark,CG,CG,0,0,0,0,0,0,0,0,0,0,0,0,0,0,0,11,7,9,0,27,9,12,13,0,34,15,16,15,0,46,15,27,25,0,67,39,0,1,0,0,0,1,1,0,3,0,4,7,9,6,0,22,9,9,6,0,24,0,2,5,3,600,213,30,26,0.882,0.963,0,1,0,1,2,1,0,1441,2159,2581,2485,60,51,0,0,0,0,0,0,0,0,96,0,0.0,-,0.0,0.0,0.0,0.0,0.0,0.0,0.0,0.0,0.0,0.0,0.0,0.0,0.0,0.0,0.0,0.0,0.0,0.0,0.0,0.0,0.0,0.0,0.0,8.850000381469727,9.210000038146973,2.9600000381469727,0.0,14.56999969482422,15.380000114440918,2.0799999237060547,0.6499999761581421
2025020867,2026-01-31,Islanders,Predators,Home,RL,1,1,3.199548809,4.886350837,2.907928243,4.045792694,Ilya Sorokin,Juuse Saros,CG,CG,0,0,0,0,0,0,0,0,1,1,1,0,0,0,0,10,13,7,0,30,11,22,9,0,42,18,23,13,0,54,18,30,14,0,62,50,0,2,1,0,0,3,2,1,1,0,4,7,9,7,0,23,11,8,6,0,25,0,1,2,2,243,126,38,27,0.905,0.9,0,0,0,1,2,2,1094,74,2432,3091,2919,29,25,0,0,0,0,0,0,0,0,172,0,0.0,-,0.0,0.0,0.0,0.0,0.0,0.0,0.0,0.0,0.0,0.0,0.0,0.0,0.0,0.0,0.0,0.0,0.0,0.0,0.0,0.0,0.0,0.0,0.0,16.790000915527344,16.790000915527344,1.3799999952316284,0.0,21.93000030517578,22.18000030517578,2.930000066757202,1.820000052452088
2025020867,2026-01-31,Predators,Islanders,Away,RW,1,1,4.886350837,3.199548809,4.045792694,2.907928243,Juuse Saros,Ilya Sorokin,CG,CG,0,0,0,0,0,0,0,0,0,0,0,0,1,1,0,11,22,9,0,42,10,13,7,0,30,18,30,14,0,62,18,23,13,0,54,50,0,2,1,1,0,4,2,1,0,0,3,11,8,6,0,25,7,9,7,0,23,1,0,2,2,126,243,27,38,0.9,0.905,0,0,1,0,2,2,74,1094,2432,3091,2919,25,29,0,0,0,0,0,0,0,0,172,0,0.0,-,0.0,0.0,0.0,0.0,0.0,0.0,0.0,0.0,0.0,0.0,0.0,0.0,0.0,0.0,0.0,0.0,0.0,0.0,0.0,0.0,0.0,0.0,0.0,21.93000030517578,22.18000030517578,2.930000066757202,1.820000052452088,16.790000915527344,16.790000915527344,1.3799999952316284,0.0
2025020868,2026-01-31,Blues,Blue Jackets,Home,RL,1,1,2.766828464,2.5224111847,1.945207905,1.7370006977,Jordan Binnington,Jet Greaves,CG,CG,0,0,0,0,0,0,0,0,1,1,0,0,0,0,0,7,9,15,0,31,10,9,4,0,23,18,13,27,0,58,18,13,21,0,52,44,0,1,2,0,0,3,2,2,1,0,5,12,6,3,0,21,6,6,8,0,20,1,1,4,2,464,144,18,28,0.783,0.903,0,1,0,6,2,2,37,2365,1198,2847,2847,48,30,0,0,0,0,0,0,0,0,0,0,0.0,-,0.0,0.0,0.0,0.0,0.0,0.0,0.0,0.0,0.0,0.0,0.0,0.0,0.0,0.0,0.0,0.0,0.0,0.0,0.0,0.0,0.0,0.0,0.0,11.34000015258789,11.34000015258789,5.329999923706055,0.449999988079071,12.729999542236328,12.729999542236328,2.359999895095825,0.8299999833106995
2025020868,2026-01-31,Blue Jackets,Blues,Away,RW,1,1,2.5224111847,2.766828464,1.7370006977,1.945207905,Jet Greaves,Jordan Binnington,CG,CG,0,0,0,0,0,0,0,0,0,0,0,0,1,0,0,10,9,4,0,23,7,9,15,0,31,18,13,21,0,52,18,13,27,0,58,42,0,2,2,1,0,5,1,2,0,0,3,6,6,8,0,20,12,6,3,0,21,1,1,2,4,144,464,28,18,0.903,0.783,1,0,6,0,2,2,2365,37,1198,2847,2847,30,48,0,0,0,0,0,0,0,0,0,0,0.0,-,0.0,0.0,0.0,0.0,0.0,0.0,0.0,0.0,0.0,0.0,0.0,0.0,0.0,0.0,0.0,0.0,0.0,0.0,0.0,0.0,0.0,0.0,0.0,12.729999542236328,12.729999542236328,2.359999895095825,0.8299999833106995,11.34000015258789,11.34000015258789,5.329999923706055,0.449999988079071
2025020869,2026-01-31,Canucks,Maple Leafs,Home,SOL,1,1,3.0608868054,4.8490902328,2.4653364734,4.1526087728,Nikita Tolopilo,Joseph Woll,CG,CG,0,0,0,0,0,0,0,0,1,1,0,0,0,0,0,7,14,5,4,30,7,11,18,5,41,14,23,24,8,69,16,24,29,9,78,60,0,0,2,0,0,2,0,1,1,0,2,4,5,4,1,14,7,4,6,0,17,0,0,0,0,0,0,39,28,0.951,0.933,0,0,0,0,2,2,1166,0,2734,3900,3477,0,0,0,0,0,0,0,0,0,0,123,300,0.0,-,0.0,0.0,0.0,0.0,0.0,0.0,0.0,0.0,0.0,0.0,0.0,0.0,0.0,0.0,0.0,0.0,0.0,0.0,0.0,0.0,0.0,0.0,0.0,15.609999656677246,19.15999984741211,0.0,0.0,22.61000061035156,26.40999984741211,0.5,0.0
2025020869,2026-01-31,Maple Leafs,Canucks,Away,SOW,1,1,4.8490902328,3.0608868054,4.1526087728,2.4653364734,Joseph Woll,Nikita Tolopilo,CG,CG,0,0,0,0,0,0,0,0,0,0,0,0,1,0,0,7,11,18,5,41,7,14,5,4,30,16,24,29,9,78,14,23,24,8,69,67,0,0,1,1,0,2,0,2,0,0,2,7,4,6,0,17,4,5,4,1,14,0,0,0,0,0,0,28,39,0.933,0.951,0,0,0,0,2,2,0,1166,2734,3900,3477,0,0,0,0,0,0,0,0,0,0,123,300,0.0,-,0.0,0.0,0.0,0.0,0.0,0.0,0.0,0.0,0.0,0.0,0.0,0.0,0.0,0.0,0.0,0.0,0.0,0.0,0.0,0.0,0.0,0.0,0.0,22.61000061035156,26.40999984741211,0.5,0.0,15.609999656677246,19.15999984741211,0.0,0.0
2025020870,2026-01-31,Mammoth,Stars,Home,RL,1,1,2.337799079,3.828964913,1.727461262,2.726559305,Karel Vejmelka,Casey DeSmith,CG,CG,0,0,0,0,0,0,0,0,0,0,0,0,0,0,0,5,5,4,0,14,10,11,11,0,32,14,10,13,0,37,20,21,23,0,64,30,0,1,0,1,0,2,3,0,0,0,3,9,4,5,0,18,12,6,7,0,25,0,2,2,4,240,393,29,12,0.906,0.857,0,0,0,3,2,3,0,3469,131,2721,2650,129,2,0,0,0,0,0,0,0,0,71,0,0.0,-,0.0,0.0,0.0,0.0,0.0,0.0,0.0,0.0,0.0,0.0,0.0,0.0,0.0,0.0,0.0,0.0,0.0,0.0,0.0,0.0,0.0,0.0,0.0,9.029999732971191,9.029999732971191,1.3799999952316284,1.2400000095367432,16.84000015258789,16.84000015258789,6.050000190734863,0.0
2025020870,2026-01-31,Stars,Mammoth,Away,RW,1,1,3.828964913,2.337799079,2.726559305,1.727461262,Casey DeSmith,Karel Vejmelka,CG,CG,0,0,0,0,0,0,0,0,1,0,0,0,0,0,0,10,11,11,0,32,5,5,4,0,14,20,21,23,0,64,14,10,13,0,37,50,0,3,0,0,0,3,1,0,1,0,2,12,6,7,0,25,9,4,5,0,18,2,0,4,2,393,240,12,29,0.857,0.906,0,0,3,0,3,2,3469,0,131,2721,2650,2,129,0,0,0,0,0,0,0,0,71,0,0.0,-,0.0,0.0,0.0,0.0,0.0,0.0,0.0,0.0,0.0,0.0,0.0,0.0,0.0,0.0,0.0,0.0,0.0,0.0,0.0,0.0,0.0,0.0,0.0,16.84000015258789,16.84000015258789,6.050000190734863,0.0,9.029999732971191,9.029999732971191,1.3799999952316284,1.2400000095367432
2025020871,2026-01-31,Oilers,Wild,Home,RL,1,1,4.6389120657,4.8960201705,4.1257781782,4.2975365605,Tristan Jarry,Jesper Wallstedt,IG,CG,0,0,0,0,0,0,0,0,1,1,0,0,0,0,0,10,17,15,0,42,13,7,9,0,29,19,36,28,0,83,32,16,20,0,68,77,0,2,0,1,0,3,2,3,2,0,7,6,6,12,0,24,6,7,4,0,17,0,2,2,3,243,145,22,39,0.759,0.929,0,0,0,0,3,0,862,2365,373,3128,3128,23,43,0,0,0,0,0,0,0,0,0,0,0.0,-,0.0,0.0,0.0,0.0,0.0,0.0,0.0,0.0,0.0,0.0,0.0,0.0,0.0,0.0,0.0,0.0,0.0,0.0,0.0,0.0,0.0,0.0,0.0,23.290000915527344,23.290000915527344,2.7300000190734863,0.0,21.26000022888184,21.26000022888184,2.970000028610229,0.0
2025020871,2026-01-31,Wild,Oilers,Away,RW,1,1,4.8960201705,4.6389120657,4.2975365605,4.1257781782,Jesper Wallstedt,Tristan Jarry,CG,IG,0,0,0,0,0,0,0,0,0,0,0,0,1,0,0,13,7,9,0,29,10,17,15,0,42,32,16,20,0,68,19,36,28,0,83,60,0,2,3,2,0,7,2,0,1,0,3,6,7,4,0,17,6,6,12,0,24,2,0,3,2,145,243,39,22,0.929,0.759,0,0,0,0,0,3,2365,862,373,3128,3128,43,23,0,0,0,0,0,0,0,0,0,0,0.0,-,0.0,0.0,0.0,0.0,0.0,0.0,0.0,0.0,0.0,0.0,0.0,0.0,0.0,0.0,0.0,0.0,0.0,0.0,0.0,0.0,0.0,0.0,0.0,21.26000022888184,21.26000022888184,2.970000028610229,0.0,23.290000915527344,23.290000915527344,2.7300000190734863,0.0
2025020872,2026-01-31,Golden Knights,Kraken,Home,RL,1,1,2.5412274487,2.6622075584,1.7639712517000001,2.1341000944,Akira Schmid,Joey Daccord,CG,CG,0,0,0,0,0,0,0,0,0,0,0,0,0,0,0,8,10,11,0,29,6,10,7,0,23,14,24,16,0,54,13,18,21,0,52,42,0,0,2,0,0,2,2,0,1,0,3,10,6,8,0,24,12,5,6,0,23,1,1,2,2,141,193,20,27,0.87,0.931,0,0,0,3,0,1,0,2980,620,3130,3130,105,7,0,0,0,0,0,0,0,0,0,0,0.0,-,0.0,0.0,0.0,0.0,0.0,0.0,0.0,0.0,0.0,0.0,0.0,0.0,0.0,0.0,0.0,0.0,0.0,0.0,0.0,0.0,0.0,0.0,0.0,11.09000015258789,11.09000015258789,4.329999923706055,0.6100000143051147,12.920000076293944,12.920000076293944,2.799999952316284,0.0
2025020872,2026-01-31,Kraken,Golden Knights,Away,RW,1,1,2.6622075584,2.5412274487,2.1341000944,1.7639712517000001,Joey Daccord,Akira Schmid,CG,CG,0,0,0,0,0,0,0,0,1,0,0,0,0,0,0,6,10,7,0,23,8,10,11,0,29,13,18,21,0,52,14,24,16,0,54,42,0,2,0,1,0,3,0,2,0,0,2,12,5,6,0,23,10,6,8,0,24,1,1,2,2,193,141,27,20,0.931,0.87,0,0,3,0,1,0,2980,0,620,3130,3130,7,105,0,0,0,0,0,0,0,0,0,0,0.0,-,0.0,0.0,0.0,0.0,0.0,0.0,0.0,0.0,0.0,0.0,0.0,0.0,0.0,0.0,0.0,0.0,0.0,0.0,0.0,0.0,0.0,0.0,0.0,12.920000076293944,12.920000076293944,2.799999952316284,0.0,11.09000015258789,11.09000015258789,4.329999923706055,0.6100000143051147
2025020874,2026-02-01,Hurricanes,Kings,Home,OTW,1,1,4.8586286266,1.918103144,3.1904896846,1.732263014,Brandon Bussi,Anton Forsberg,CG,CG,0,0,0,0,0,0,0,0,1,0,0,0,0,0,0,4,14,13,3,34,4,4,5,0,13,12,21,27,3,63,18,17,16,0,51,48,0,1,0,1,1,3,0,0,2,0,2,5,2,4,0,11,11,9,5,0,25,1,0,4,2,326,208,11,31,0.846,0.912,0,0,0,0,5,2,3024,0,661,3005,2700,8,30,0,0,0,0,0,0,45,0,220,85,0.0,-,0.0,0.0,0.0,0.0,0.0,0.0,0.0,0.0,0.0,0.0,0.0,0.0,0.0,0.0,0.0,0.0,0.0,0.0,0.0,0.0,0.0,0.0,0.0,17.8700008392334,19.76000022888184,5.659999847412109,0.5400000214576721,10.020000457763672,10.4399995803833,0.6700000166893005,0.0
2025020874,2026-02-01,Kings,Hurricanes,Away,OTL,1,1,1.918103144,4.8586286266,1.732263014,3.1904896846,Anton Forsberg,Brandon Bussi,CG,CG,0,0,0,0,0,0,0,0,0,0,0,0,0,0,0,4,4,5,0,13,4,14,13,3,34,18,17,16,0,51,12,21,27,3,63,44,0,0,0,2,0,2,1,0,1,1,3,11,9,5,0,25,5,2,4,0,11,0,1,2,4,208,326,31,11,0.912,0.846,0,0,0,0,2,5,0,3024,661,3005,2700,30,8,0,0,0,0,0,0,0,45,220,85,0.0,-,0.0,0.0,0.0,0.0,0.0,0.0,0.0,0.0,0.0,0.0,0.0,0.0,0.0,0.0,0.0,0.0,0.0,0.0,0.0,0.0,0.0,0.0,0.0,10.020000457763672,10.4399995803833,0.6700000166893005,0.0,17.8700008392334,19.76000022888184,5.659999847412109,0.5400000214576721
2025020873,2026-02-01,Lightning,Bruins,Home,SOW,1,1,4.4891558436,3.4747618133,1.9839674266,2.7444094943,Andrei Vasilevskiy,Jeremy Swayman,CG,CG,0,0,0,0,0,0,0,0,1,0,0,0,1,1,1,8,22,7,9,46,20,9,5,0,34,17,31,13,15,76,28,20,13,1,62,43,0,1,3,1,0,5,3,2,0,0,5,3,14,5,0,22,9,5,6,0,20,3,1,8,3,533,236,29,41,0.853,0.891,0,0,0,0,2,1,673,2174,1053,2994,2776,40,10,136,0,95,0,0,0,12,0,152,66,0.0,-,0.0,0.0,0.0,0.0,0.0,0.0,0.0,0.0,0.0,0.0,0.0,0.0,0.0,0.0,0.0,0.0,0.0,0.0,0.0,0.0,0.0,0.0,0.0,12.0,14.75,11.989999771118164,0.4900000095367431,15.010000228881836,15.5600004196167,3.890000104904175,0.3799999952316284
2025020873,2026-02-01,Bruins,Lightning,Away,SOL,1,1,3.4747618133,4.4891558436,2.7444094943,1.9839674266,Jeremy Swayman,Andrei Vasilevskiy,CG,CG,0,0,0,0,0,0,0,0,0,1,1,1,0,0,0,20,9,5,0,34,8,22,7,9,46,28,20,13,1,62,17,31,13,15,76,46,0,3,2,0,0,5,1,3,1,0,5,9,5,6,0,20,3,14,5,0,22,1,3,3,8,236,533,41,29,0.891,0.853,0,0,0,0,1,2,2174,673,1053,2994,2776,10,40,0,136,0,95,0,0,0,12,152,66,0.0,-,0.0,0.0,0.0,0.0,0.0,0.0,0.0,0.0,0.0,0.0,0.0,0.0,0.0,0.0,0.0,0.0,0.0,0.0,0.0,0.0,0.0,0.0,0.0,15.010000228881836,15.5600004196167,3.890000104904175,0.3799999952316284,12.0,14.75,11.989999771118164,0.4900000095367431
2025020875,2026-02-01,Ducks,Golden Knights,Home,RW,1,1,2.5069831795,3.2922274344,2.0869042325000002,2.6329743944,Lukas Dostal,Adin Hill,CG,CG,0,0,0,0,0,0,0,0,1,0,0,0,0,0,0,8,8,7,0,23,5,7,19,0,31,22,14,20,0,56,13,18,25,0,56,48,0,1,2,1,0,4,0,1,2,0,3,11,9,8,0,28,3,8,6,0,17,1,0,2,2,91,240,28,19,0.903,0.826,1,0,3,0,4,1,2799,0,801,3173,3173,29,67,0,0,0,0,0,0,0,0,0,0,0.0,-,0.0,0.0,0.0,0.0,0.0,0.0,0.0,0.0,0.0,0.0,0.0,0.0,0.0,0.0,0.0,0.0,0.0,0.0,0.0,0.0,0.0,0.0,0.0,13.170000076293944,13.170000076293944,0.7699999809265137,1.0199999809265137,15.100000381469728,15.100000381469728,3.259999990463257,0.0
2025020875,2026-02-01,Golden Knights,Ducks,Away,RL,1,1,3.2922274344,2.5069831795,2.6329743944,2.0869042325000002,Adin Hill,Lukas Dostal,CG,CG,0,0,0,0,0,0,0,0,0,0,0,0,0,0,0,5,7,19,0,31,8,8,7,0,23,13,18,25,0,56,22,14,20,0,56,50,0,0,1,2,0,3,1,2,1,0,4,3,8,6,0,17,11,9,8,0,28,0,1,2,2,240,91,19,28,0.826,0.903,0,1,0,3,1,4,0,2799,801,3173,3173,67,29,0,0,0,0,0,0,0,0,0,0,0.0,-,0.0,0.0,0.0,0.0,0.0,0.0,0.0,0.0,0.0,0.0,0.0,0.0,0.0,0.0,0.0,0.0,0.0,0.0,0.0,0.0,0.0,0.0,0.0,15.100000381469728,15.100000381469728,3.259999990463257,0.0,13.170000076293944,13.170000076293944,0.7699999809265137,1.0199999809265137
2025020876,2026-02-02,Panthers,Sabres,Home,RL,1,1,4.848477454,3.2505821632000003,3.228064082,2.4320411932,Sergei Bobrovsky,Alex Lyon,CG,CG,0,0,0,0,0,0,0,0,1,1,1,0,0,0,0,8,19,14,0,41,8,6,6,0,20,19,30,24,0,73,16,22,19,0,57,51,0,2,1,0,0,3,2,1,2,0,5,12,4,6,0,22,10,8,5,0,23,1,1,4,3,380,252,15,38,0.75,0.927,0,0,0,5,2,3,1069,1664,867,2757,2757,135,51,0,0,63,0,0,0,0,0,0,0,0.0,-,0.0,0.0,0.0,0.0,0.0,0.0,0.0,0.0,0.0,0.0,0.0,0.0,0.0,0.0,0.0,0.0,0.0,0.0,0.0,0.0,0.0,0.0,0.0,17.06999969482422,17.06999969482422,9.100000381469728,0.0,11.800000190734863,11.800000190734863,3.289999961853028,0.8600000143051147
2025020876,2026-02-02,Sabres,Panthers,Away,RW,1,1,3.2505821632000003,4.848477454,2.4320411932,3.228064082,Alex Lyon,Sergei Bobrovsky,CG,CG,0,0,0,0,0,0,0,0,0,0,0,0,1,1,0,8,6,6,0,20,8,19,14,0,41,16,22,19,0,57,19,30,24,0,73,40,0,2,1,2,0,5,2,1,0,0,3,10,8,5,0,23,12,4,6,0,22,1,1,3,4,252,380,38,15,0.927,0.75,0,0,5,0,3,2,1664,1069,867,2757,2757,51,135,0,0,0,63,0,0,0,0,0,0,0.0,-,0.0,0.0,0.0,0.0,0.0,0.0,0.0,0.0,0.0,0.0,0.0,0.0,0.0,0.0,0.0,0.0,0.0,0.0,0.0,0.0,0.0,0.0,0.0,11.800000190734863,11.800000190734863,3.289999961853028,0.8600000143051147,17.06999969482422,17.06999969482422,9.100000381469728,0.0
2025020877,2026-02-02,Penguins,Senators,Home,RL,1,1,2.4848495845,3.8978570558,1.998306472,2.6317247658,Arturs Silovs,Linus Ullmark,CG,CG,0,0,0,0,0,0,0,0,1,1,0,0,0,0,0,7,3,6,0,16,13,9,9,0,31,20,13,10,0,43,21,19,22,0,62,34,0,1,0,1,0,2,0,1,2,0,3,9,10,6,0,25,7,9,2,0,18,0,0,1,5,120,616,28,14,0.903,0.875,0,0,0,8,1,2,818,430,2352,2579,2579,179,106,0,0,0,0,0,0,0,0,0,0,0.0,-,0.0,0.0,0.0,0.0,0.0,0.0,0.0,0.0,0.0,0.0,0.0,0.0,0.0,0.0,0.0,0.0,0.0,0.0,0.0,0.0,0.0,0.0,0.0,9.34000015258789,9.34000015258789,1.6299999952316284,1.2300000190734863,15.18000030517578,15.18000030517578,6.239999771118164,0.0
2025020877,2026-02-02,Senators,Penguins,Away,RW,1,1,3.8978570558,2.4848495845,2.6317247658,1.998306472,Linus Ullmark,Arturs Silovs,CG,CG,0,0,0,0,0,0,0,0,0,0,0,0,1,0,0,13,9,9,0,31,7,3,6,0,16,21,19,22,0,62,20,13,10,0,43,41,0,0,1,2,0,3,1,0,1,0,2,7,9,2,0,18,9,10,6,0,25,0,0,5,1,616,120,14,28,0.875,0.903,0,0,8,0,2,1,430,818,2352,2579,2579,106,179,0,0,0,0,0,0,0,0,0,0,0.0,-,0.0,0.0,0.0,0.0,0.0,0.0,0.0,0.0,0.0,0.0,0.0,0.0,0.0,0.0,0.0,0.0,0.0,0.0,0.0,0.0,0.0,0.0,0.0,15.18000030517578,15.18000030517578,6.239999771118164,0.0,9.34000015258789,9.34000015258789,1.6299999952316284,1.2300000190734863
2025020878,2026-02-02,Capitals,Islanders,Home,RW,1,1,3.1406408005,3.2205131756,2.1529812035,2.2889391272,Clay Stevenson,David Rittich,CG,CG,0,0,0,0,0,0,0,0,0,0,0,0,1,0,0,6,8,10,0,24,12,9,9,0,30,16,17,25,0,58,24,19,20,0,63,47,0,0,2,2,0,4,1,0,0,0,1,10,11,6,0,27,7,6,5,0,18,0,0,4,2,403,298,29,20,0.967,0.833,1,0,2,0,0,3,2040,531,1029,2607,2607,10,253,0,0,0,0,0,0,0,0,0,0,0.0,-,0.0,0.0,0.0,0.0,0.0,0.0,0.0,0.0,0.0,0.0,0.0,0.0,0.0,0.0,0.0,0.0,0.0,0.0,0.0,0.0,0.0,0.0,0.0,11.529999732971191,11.529999732971191,4.329999923706055,0.0,14.039999961853027,14.039999961853027,3.5199999809265137,2.2799999713897705
2025020878,2026-02-02,Islanders,Capitals,Away,RL,1,1,3.2205131756,3.1406408005,2.2889391272,2.1529812035,David Rittich,Clay Stevenson,CG,CG,0,0,0,0,0,0,0,0,1,1,0,0,0,0,0,12,9,9,0,30,6,8,10,0,24,24,19,20,0,63,16,17,25,0,58,45,0,1,0,0,0,1,0,2,2,0,4,7,6,5,0,18,10,11,6,0,27,0,0,2,4,298,403,20,29,0.833,0.967,0,1,0,2,3,0,531,2040,1029,2607,2607,253,10,0,0,0,0,0,0,0,0,0,0,0.0,-,0.0,0.0,0.0,0.0,0.0,0.0,0.0,0.0,0.0,0.0,0.0,0.0,0.0,0.0,0.0,0.0,0.0,0.0,0.0,0.0,0.0,0.0,0.0,14.039999961853027,14.039999961853027,3.5199999809265137,2.2799999713897705,11.529999732971191,11.529999732971191,4.329999923706055,0.0
2025020879,2026-02-02,Wild,Canadiens,Home,OTW,1,1,3.3228439854,1.8769255793,2.8854831314,1.6414996933,Filip Gustavsson,Jakub Dobes,CG,CG,0,0,0,0,0,0,0,0,1,0,0,0,1,0,0,6,7,9,2,24,5,9,5,1,20,19,21,22,4,66,10,21,12,1,44,59,0,2,0,1,1,4,1,1,1,0,3,7,6,5,0,18,6,6,4,0,16,1,0,3,1,304,120,17,20,0.85,0.833,0,0,0,0,3,2,2345,413,1060,3355,3201,1,38,64,0,0,0,0,0,0,0,0,154,0.0,-,0.0,0.0,0.0,0.0,0.0,0.0,0.0,0.0,0.0,0.0,0.0,0.0,0.0,0.0,0.0,0.0,0.0,0.0,0.0,0.0,0.0,0.0,0.0,18.21999931335449,19.459999084472656,1.6100000143051147,0.0,9.699999809265137,10.270000457763672,0.0,1.0
2025020879,2026-02-02,Canadiens,Wild,Away,OTL,1,1,1.8769255793,3.3228439854,1.6414996933,2.8854831314,Jakub Dobes,Filip Gustavsson,CG,CG,0,0,0,0,0,0,0,0,0,1,0,0,0,0,0,5,9,5,1,20,6,7,9,2,24,10,21,12,1,44,19,21,22,4,66,40,0,1,1,1,0,3,2,0,1,1,4,6,6,4,0,16,7,6,5,0,18,0,1,1,3,120,304,20,17,0.833,0.85,0,0,0,0,2,3,413,2345,1060,3355,3201,38,1,0,64,0,0,0,0,0,0,0,154,0.0,-,0.0,0.0,0.0,0.0,0.0,0.0,0.0,0.0,0.0,0.0,0.0,0.0,0.0,0.0,0.0,0.0,0.0,0.0,0.0,0.0,0.0,0.0,0.0,9.699999809265137,10.270000457763672,0.0,1.0,18.21999931335449,19.459999084472656,1.6100000143051147,0.0
2025020880,2026-02-02,Predators,Blues,Home,RW,1,1,3.4185916967,3.9013531509,3.1956997097,3.7120921939,Juuse Saros,Joel Hofer,IG,CG,0,0,0,0,0,0,0,0,0,0,0,0,1,1,1,9,11,8,0,28,14,14,6,0,34,19,24,19,0,62,24,21,13,0,58,57,0,1,2,3,0,6,2,3,0,0,5,7,5,3,0,15,7,7,2,0,16,1,1,2,2,75,140,29,22,0.853,0.786,0,0,1,0,2,1,577,2233,790,3281,3281,18,80,0,0,0,0,0,0,0,0,0,0,0.0,-,0.0,0.0,0.0,0.0,0.0,0.0,0.0,0.0,0.0,0.0,0.0,0.0,0.0,0.0,0.0,0.0,0.0,0.0,0.0,0.0,0.0,0.0,0.0,19.049999237060547,19.049999237060547,1.2000000476837158,0.0399999991059303,20.71999931335449,20.71999931335449,1.1299999952316284,0.1899999976158142
2025020880,2026-02-02,Blues,Predators,Away,RL,1,1,3.9013531509,3.4185916967,3.7120921939,3.1956997097,Joel Hofer,Juuse Saros,CG,IG,0,0,0,0,0,0,0,0,1,1,1,1,0,0,0,14,14,6,0,34,9,11,8,0,28,24,21,13,0,58,19,24,19,0,62,54,0,2,3,0,0,5,1,2,3,0,6,7,7,2,0,16,7,5,3,0,15,1,1,2,2,140,75,22,29,0.786,0.853,0,0,0,1,1,2,2233,577,790,3281,3281,80,18,0,0,0,0,0,0,0,0,0,0,0.0,-,0.0,0.0,0.0,0.0,0.0,0.0,0.0,0.0,0.0,0.0,0.0,0.0,0.0,0.0,0.0,0.0,0.0,0.0,0.0,0.0,0.0,0.0,0.0,20.71999931335449,20.71999931335449,1.1299999952316284,0.1899999976158142,19.049999237060547,19.049999237060547,1.2000000476837158,0.0399999991059303
2025020881,2026-02-02,Blackhawks,Sharks,Home,RW,1,1,2.461231982,2.4317158691,1.768399605,1.7752772636,Spencer Knight,Yaroslav Askarov,CG,IG,0,0,0,0,0,0,0,0,1,0,0,0,0,0,0,4,9,4,0,17,1,12,14,0,27,12,14,12,0,38,8,18,23,0,49,28,0,1,4,1,0,6,0,2,1,0,3,4,6,4,0,14,11,17,8,0,36,1,0,4,4,446,482,24,11,0.889,0.647,0,0,0,0,2,4,3180,0,420,2498,2498,98,66,0,0,0,0,0,0,0,0,0,0,0.0,-,0.0,0.0,0.0,0.0,0.0,0.0,0.0,0.0,0.0,0.0,0.0,0.0,0.0,0.0,0.0,0.0,0.0,0.0,0.0,0.0,0.0,0.0,0.0,10.170000076293944,10.170000076293944,2.380000114440918,1.7599999904632568,12.109999656677246,12.109999656677246,4.389999866485596,0.0
2025020881,2026-02-02,Sharks,Blackhawks,Away,RL,1,1,2.4317158691,2.461231982,1.7752772636,1.768399605,Yaroslav Askarov,Spencer Knight,IG,CG,0,0,0,0,0,0,0,0,0,0,0,0,0,0,0,1,12,14,0,27,4,9,4,0,17,8,18,23,0,49,12,14,12,0,38,38,0,0,2,1,0,3,1,4,1,0,6,11,17,8,0,36,4,6,4,0,14,0,1,4,4,482,446,11,24,0.647,0.889,0,0,0,0,4,2,0,3180,420,2498,2498,66,98,0,0,0,0,0,0,0,0,0,0,0.0,-,0.0,0.0,0.0,0.0,0.0,0.0,0.0,0.0,0.0,0.0,0.0,0.0,0.0,0.0,0.0,0.0,0.0,0.0,0.0,0.0,0.0,0.0,0.0,12.109999656677246,12.109999656677246,4.389999866485596,0.0,10.170000076293944,10.170000076293944,2.380000114440918,1.7599999904632568
2025020882,2026-02-02,Stars,Jets,Home,OTW,1,1,5.1776740336,2.551277482,3.6912224096,1.690327368,Jake Oettinger,Connor Hellebuyck,CG,CG,0,0,0,0,0,0,0,0,1,0,0,0,1,0,0,8,9,9,2,28,8,9,9,1,27,25,21,22,2,70,13,15,17,1,46,53,0,0,2,1,1,4,0,2,1,0,3,15,3,5,1,24,8,13,7,0,28,1,1,4,3,336,267,24,24,0.889,0.857,0,0,1,0,1,2,458,675,2592,2933,2808,130,58,0,0,68,0,0,0,0,0,0,125,0.0,-,0.0,0.0,0.0,0.0,0.0,0.0,0.0,0.0,0.0,0.0,0.0,0.0,0.0,0.0,0.0,0.0,0.0,0.0,0.0,0.0,0.0,0.0,0.0,17.40999984741211,18.729999542236328,6.050000190734863,0.3199999928474426,10.34000015258789,11.100000381469728,4.559999942779541,0.0
2025020882,2026-02-02,Jets,Stars,Away,OTL,1,1,2.551277482,5.1776740336,1.690327368,3.6912224096,Connor Hellebuyck,Jake Oettinger,CG,CG,0,0,0,0,0,0,0,0,0,1,0,0,0,0,0,8,9,9,1,27,8,9,9,2,28,13,15,17,1,46,25,21,22,2,70,33,0,0,2,1,0,3,0,2,1,1,4,8,13,7,0,28,15,3,5,1,24,1,1,3,4,267,336,24,24,0.857,0.889,0,0,0,1,2,1,675,458,2592,2933,2808,58,130,0,0,0,68,0,0,0,0,0,125,0.0,-,0.0,0.0,0.0,0.0,0.0,0.0,0.0,0.0,0.0,0.0,0.0,0.0,0.0,0.0,0.0,0.0,0.0,0.0,0.0,0.0,0.0,0.0,0.0,10.34000015258789,11.100000381469728,4.559999942779541,0.0,17.40999984741211,18.729999542236328,6.050000190734863,0.3199999928474426
2025020883,2026-02-02,Avalanche,Red Wings,Home,RL,1,1,2.1645421503,3.325519051,1.9486626093,2.3495183986,Mackenzie Blackwood,John Gibson,CG,CG,0,0,0,0,0,0,0,0,0,0,0,0,0,0,0,8,4,9,0,21,8,12,5,0,25,15,21,18,0,54,21,28,13,0,62,42,0,0,0,0,0,0,1,0,1,0,2,10,7,12,0,29,11,9,7,0,27,0,0,2,2,240,240,23,21,0.92,1.0,0,1,0,1,3,4,0,3567,33,2946,2946,166,8,0,0,0,0,0,0,0,0,0,0,0.0,-,0.0,0.0,0.0,0.0,0.0,0.0,0.0,0.0,0.0,0.0,0.0,0.0,0.0,0.0,0.0,0.0,0.0,0.0,0.0,0.0,0.0,0.0,0.0,12.699999809265137,12.699999809265137,1.940000057220459,0.0,14.300000190734863,14.300000190734863,3.130000114440918,1.0399999618530271
2025020883,2026-02-02,Red Wings,Avalanche,Away,RW,1,1,3.325519051,2.1645421503,2.3495183986,1.9486626093,John Gibson,Mackenzie Blackwood,CG,CG,0,0,0,0,0,0,0,0,1,0,0,0,0,0,0,8,12,5,0,25,8,4,9,0,21,21,28,13,0,62,15,21,18,0,54,48,0,1,0,1,0,2,0,0,0,0,0,11,9,7,0,27,10,7,12,0,29,0,0,2,2,240,240,21,23,1.0,0.92,1,0,1,0,4,3,3567,0,33,2946,2946,8,166,0,0,0,0,0,0,0,0,0,0,0.0,-,0.0,0.0,0.0,0.0,0.0,0.0,0.0,0.0,0.0,0.0,0.0,0.0,0.0,0.0,0.0,0.0,0.0,0.0,0.0,0.0,0.0,0.0,0.0,14.300000190734863,14.300000190734863,3.130000114440918,1.0399999618530271,12.699999809265137,12.699999809265137,1.940000057220459,0.0
2025020884,2026-02-02,Mammoth,Canucks,Home,RW,1,1,2.975515666,2.3046366505,2.513748288,1.9948619305,Karel Vejmelka,Kevin Lankinen,CG,CG,0,0,0,0,0,0,0,0,1,0,0,0,0,0,0,9,7,4,0,20,6,8,9,0,23,18,14,12,0,44,12,18,17,0,47,38,0,2,3,1,0,6,1,1,0,0,2,7,3,3,0,13,12,3,6,0,21,1,0,2,4,136,480,21,14,0.913,0.7,0,0,0,0,4,2,3353,0,247,2874,2874,81,26,0,0,0,0,0,0,0,0,0,0,0.0,-,0.0,0.0,0.0,0.0,0.0,0.0,0.0,0.0,0.0,0.0,0.0,0.0,0.0,0.0,0.0,0.0,0.0,0.0,0.0,0.0,0.0,0.0,0.0,14.170000076293944,14.170000076293944,1.7000000476837158,0.7400000095367432,11.93000030517578,11.93000030517578,1.659999966621399,0.0
2025020884,2026-02-02,Canucks,Mammoth,Away,RL,1,1,2.3046366505,2.975515666,1.9948619305,2.513748288,Kevin Lankinen,Karel Vejmelka,CG,CG,0,0,0,0,0,0,0,0,0,0,0,0,0,0,0,6,8,9,0,23,9,7,4,0,20,12,18,17,0,47,18,14,12,0,44,42,0,1,1,0,0,2,2,3,1,0,6,12,3,6,0,21,7,3,3,0,13,0,1,4,2,480,136,14,21,0.7,0.913,0,0,0,0,2,4,0,3353,247,2874,2874,26,81,0,0,0,0,0,0,0,0,0,0,0.0,-,0.0,0.0,0.0,0.0,0.0,0.0,0.0,0.0,0.0,0.0,0.0,0.0,0.0,0.0,0.0,0.0,0.0,0.0,0.0,0.0,0.0,0.0,0.0,11.93000030517578,11.93000030517578,1.659999966621399,0.0,14.170000076293944,14.170000076293944,1.7000000476837158,0.7400000095367432
2025020885,2026-02-02,Flames,Maple Leafs,Home,RL,1,1,2.134015401,2.5150398951,2.106148264,1.8842486514999999,Dustin Wolf,Joseph Woll,CG,CG,0,0,0,0,0,0,0,0,0,0,0,0,0,0,0,7,10,13,0,30,3,11,8,0,22,23,18,18,0,59,14,23,26,0,63,58,0,0,2,0,0,2,1,2,1,0,4,6,11,3,0,20,5,2,7,0,14,0,0,1,0,120,0,18,28,0.818,0.933,0,1,0,6,0,1,0,3565,35,3354,3265,70,9,0,0,0,0,0,0,0,0,89,0,0.0,-,0.0,0.0,0.0,0.0,0.0,0.0,0.0,0.0,0.0,0.0,0.0,0.0,0.0,0.0,0.0,0.0,0.0,0.0,0.0,0.0,0.0,0.0,0.0,14.460000038146973,14.460000038146973,0.2800000011920929,0.0,12.25,14.6899995803833,0.0,0.7099999785423279
2025020885,2026-02-02,Maple Leafs,Flames,Away,RW,1,1,2.5150398951,2.134015401,1.8842486514999999,2.106148264,Joseph Woll,Dustin Wolf,CG,CG,0,0,0,0,0,0,0,0,1,0,0,0,0,0,0,3,11,8,0,22,7,10,13,0,30,14,23,26,0,63,23,18,18,0,59,54,0,1,2,1,0,4,0,2,0,0,2,5,2,7,0,14,6,11,3,0,20,0,0,0,1,0,120,28,18,0.933,0.818,1,0,6,0,1,0,3565,0,35,3354,3265,9,70,0,0,0,0,0,0,0,0,89,0,0.0,-,0.0,0.0,0.0,0.0,0.0,0.0,0.0,0.0,0.0,0.0,0.0,0.0,0.0,0.0,0.0,0.0,0.0,0.0,0.0,0.0,0.0,0.0,0.0,12.25,14.6899995803833,0.0,0.7099999785423279,14.460000038146973,14.460000038146973,0.2800000011920929,0.0
2025020887,2026-02-03,Devils,Blue Jackets,Home,RL,1,1,2.2067645353,3.45368806,1.3339968313000001,1.959276706,Jacob Markstrom,Elvis Merzlikins,CG,CG,0,0,0,0,0,0,0,0,0,0,0,0,0,0,0,7,10,7,0,24,3,9,14,0,26,16,21,13,0,50,15,17,18,0,50,37,0,0,0,0,0,0,0,0,3,0,3,5,9,4,0,18,11,3,5,0,19,0,0,3,2,294,171,23,24,0.885,1.0,0,1,0,1,2,2,0,876,2724,2931,2832,54,10,0,0,0,0,0,0,0,12,99,0,0.0,-,0.0,0.0,0.0,0.0,0.0,0.0,0.0,0.0,0.0,0.0,0.0,0.0,0.0,0.0,0.0,0.0,0.0,0.0,0.0,0.0,0.0,0.0,0.0,9.029999732971191,9.460000038146973,5.019999980926514,0.0,12.18000030517578,12.710000038146973,0.6000000238418579,1.690000057220459
2025020887,2026-02-03,Blue Jackets,Devils,Away,RW,1,1,3.45368806,2.2067645353,1.959276706,1.3339968313000001,Elvis Merzlikins,Jacob Markstrom,CG,CG,0,0,0,0,0,0,0,0,1,0,0,0,0,0,0,3,9,14,0,26,7,10,7,0,24,15,17,18,0,50,16,21,13,0,50,42,0,0,0,3,0,3,0,0,0,0,0,11,3,5,0,19,5,9,4,0,18,0,0,2,3,171,294,24,23,1.0,0.885,1,0,1,0,2,2,876,0,2724,2931,2832,10,54,0,0,0,0,0,0,12,0,99,0,0.0,-,0.0,0.0,0.0,0.0,0.0,0.0,0.0,0.0,0.0,0.0,0.0,0.0,0.0,0.0,0.0,0.0,0.0,0.0,0.0,0.0,0.0,0.0,0.0,12.18000030517578,12.710000038146973,0.6000000238418579,1.690000057220459,9.029999732971191,9.460000038146973,5.019999980926514,0.0
2025020889,2026-02-03,Flyers,Capitals,Home,RW,1,1,3.279519462,3.0012392884,2.631022872,2.3286908914,Dan Vladar,Clay Stevenson,CG,CG,0,0,0,0,0,0,0,0,1,0,0,0,0,0,0,7,6,9,0,22,11,7,10,0,28,22,19,20,0,61,15,13,23,0,51,48,0,1,1,2,0,4,0,1,1,0,2,11,7,3,0,21,12,7,8,0,27,1,0,3,1,264,120,26,18,0.929,0.818,1,0,4,0,4,1,2527,0,1073,3038,3038,30,109,0,0,0,0,0,0,0,0,0,0,0.0,-,0.0,0.0,0.0,0.0,0.0,0.0,0.0,0.0,0.0,0.0,0.0,0.0,0.0,0.0,0.0,0.0,0.0,0.0,0.0,0.0,0.0,0.0,0.0,13.09000015258789,13.09000015258789,3.490000009536743,0.0,12.270000457763672,12.270000457763672,3.059999942779541,1.1399999856948853
2025020889,2026-02-03,Capitals,Flyers,Away,RL,1,1,3.0012392884,3.279519462,2.3286908914,2.631022872,Clay Stevenson,Dan Vladar,CG,CG,0,0,0,0,0,0,0,0,0,0,0,0,0,0,0,11,7,10,0,28,7,6,9,0,22,15,13,23,0,51,22,19,20,0,61,38,0,0,1,1,0,2,1,1,2,0,4,12,7,8,0,27,11,7,3,0,21,0,1,1,3,120,264,18,26,0.818,0.929,0,1,0,4,1,4,0,2527,1073,3038,3038,109,30,0,0,0,0,0,0,0,0,0,0,0.0,-,0.0,0.0,0.0,0.0,0.0,0.0,0.0,0.0,0.0,0.0,0.0,0.0,0.0,0.0,0.0,0.0,0.0,0.0,0.0,0.0,0.0,0.0,0.0,12.270000457763672,12.270000457763672,3.059999942779541,1.1399999856948853,13.09000015258789,13.09000015258789,3.490000009536743,0.0
2025020890,2026-02-03,Hurricanes,Senators,Home,RW,1,1,2.2675011754,3.3505468681,1.9896799014,3.0577765831,Brandon Bussi,James Reimer,CG,CG,0,0,0,0,0,0,0,0,0,0,0,0,1,0,0,9,7,2,0,18,11,10,4,0,25,18,19,7,0,44,28,20,14,0,62,39,0,1,2,1,0,4,1,1,1,0,3,9,7,11,0,27,8,5,7,0,20,1,2,2,3,126,206,22,14,0.88,0.778,0,0,4,0,1,3,1045,903,1652,3018,3018,75,82,0,0,0,0,0,0,0,0,0,0,0.0,-,0.0,0.0,0.0,0.0,0.0,0.0,0.0,0.0,0.0,0.0,0.0,0.0,0.0,0.0,0.0,0.0,0.0,0.0,0.0,0.0,0.0,0.0,0.0,10.9399995803833,10.9399995803833,1.2300000190734863,0.0,17.309999465942383,17.309999465942383,2.069999933242798,0.0
2025020890,2026-02-03,Senators,Hurricanes,Away,RL,1,1,3.3505468681,2.2675011754,3.0577765831,1.9896799014,James Reimer,Brandon Bussi,CG,CG,0,0,0,0,0,0,0,0,1,1,0,0,0,0,0,11,10,4,0,25,9,7,2,0,18,28,20,14,0,62,18,19,7,0,44,57,0,1,1,1,0,3,1,2,1,0,4,8,5,7,0,20,9,7,11,0,27,2,1,3,2,206,126,14,22,0.778,0.88,0,0,0,4,3,1,903,1045,1652,3018,3018,82,75,0,0,0,0,0,0,0,0,0,0,0.0,-,0.0,0.0,0.0,0.0,0.0,0.0,0.0,0.0,0.0,0.0,0.0,0.0,0.0,0.0,0.0,0.0,0.0,0.0,0.0,0.0,0.0,0.0,0.0,17.309999465942383,17.309999465942383,2.069999933242798,0.0,10.9399995803833,10.9399995803833,1.2300000190734863,0.0
2025020886,2026-02-03,Lightning,Sabres,Home,OTW,1,1,3.1797351584,2.5736927197,2.1848412814000002,1.0875342817,Andrei Vasilevskiy,Colten Ellis,CG,CG,0,0,0,0,0,0,0,0,1,0,0,0,1,0,0,13,10,11,1,35,9,4,8,5,26,19,20,18,3,60,21,9,14,5,49,43,0,1,0,2,1,4,1,0,2,0,3,10,10,6,0,26,5,5,3,0,13,1,1,2,3,200,358,23,31,0.885,0.886,0,0,0,2,1,0,389,566,2930,3152,2867,121,26,0,0,0,0,0,0,0,0,0,285,0.0,-,0.0,0.0,0.0,0.0,0.0,0.0,0.0,0.0,0.0,0.0,0.0,0.0,0.0,0.0,0.0,0.0,0.0,0.0,0.0,0.0,0.0,0.0,0.0,13.510000228881836,15.239999771118164,3.630000114440918,0.6499999761581421,7.710000038146973,10.0,5.909999847412109,0.0
2025020886,2026-02-03,Sabres,Lightning,Away,OTL,1,1,2.5736927197,3.1797351584,1.0875342817,2.1848412814000002,Colten Ellis,Andrei Vasilevskiy,CG,CG,0,0,0,0,0,0,0,0,0,1,0,0,0,0,0,9,4,8,5,26,13,10,11,1,35,21,9,14,5,49,19,20,18,3,60,32,0,1,0,2,0,3,1,0,2,1,4,5,5,3,0,13,10,10,6,0,26,1,1,3,2,358,200,31,23,0.886,0.885,0,0,2,0,0,1,566,389,2930,3152,2867,26,121,0,0,0,0,0,0,0,0,0,285,0.0,-,0.0,0.0,0.0,0.0,0.0,0.0,0.0,0.0,0.0,0.0,0.0,0.0,0.0,0.0,0.0,0.0,0.0,0.0,0.0,0.0,0.0,0.0,0.0,7.710000038146973,10.0,5.909999847412109,0.0,13.510000228881836,15.239999771118164,3.630000114440918,0.6499999761581421
2025020888,2026-02-03,Islanders,Penguins,Home,OTW,1,1,2.2966191562,3.9894784554,1.6591926372,3.5276869344,Ilya Sorokin,Stuart Skinner,CG,CG,0,0,0,0,0,0,0,0,0,0,0,0,1,0,0,10,5,7,1,23,11,12,12,0,35,19,16,12,2,49,21,19,21,0,61,40,0,2,0,2,1,5,1,2,1,0,4,3,10,9,0,22,10,5,10,0,25,0,0,2,2,244,292,31,18,0.886,0.783,0,0,0,0,0,0,236,1544,1872,3075,3023,33,8,0,0,0,0,0,0,0,0,0,52,0.0,-,0.0,0.0,0.0,0.0,0.0,0.0,0.0,0.0,0.0,0.0,0.0,0.0,0.0,0.0,0.0,0.0,0.0,0.0,0.0,0.0,0.0,0.0,0.0,9.81999969482422,10.579999923706056,2.2699999809265137,0.4600000083446502,20.030000686645508,20.030000686645508,2.650000095367432,0.0
2025020888,2026-02-03,Penguins,Islanders,Away,OTL,1,1,3.9894784554,2.2966191562,3.5276869344,1.6591926372,Stuart Skinner,Ilya Sorokin,CG,CG,0,0,0,0,0,0,0,0,1,1,0,0,0,0,0,11,12,12,0,35,10,5,7,1,23,21,19,21,0,61,19,16,12,2,49,56,0,1,2,1,0,4,2,0,2,1,5,10,5,10,0,25,3,10,9,0,22,0,0,2,2,292,244,18,31,0.783,0.886,0,0,0,0,0,0,1544,236,1872,3075,3023,8,33,0,0,0,0,0,0,0,0,0,52,0.0,-,0.0,0.0,0.0,0.0,0.0,0.0,0.0,0.0,0.0,0.0,0.0,0.0,0.0,0.0,0.0,0.0,0.0,0.0,0.0,0.0,0.0,0.0,0.0,20.030000686645508,20.030000686645508,2.650000095367432,0.0,9.81999969482422,10.579999923706056,2.2699999809265137,0.4600000083446502
2025020891,2026-02-03,Oilers,Maple Leafs,Home,RL,1,1,3.372531067,2.9715584748,3.063799372,2.5042475008,Connor Ingram,Anthony Stolarz,CG,CG,0,0,0,0,0,0,0,0,0,0,0,0,0,0,0,9,17,10,0,36,8,12,7,0,27,16,28,13,0,57,21,21,16,0,58,51,0,0,1,1,0,2,0,2,3,0,5,8,6,5,0,19,4,5,4,0,13,0,2,1,2,120,95,22,34,0.815,0.944,0,1,0,1,1,2,0,1764,1836,3172,3067,12,15,0,0,0,58,0,0,0,0,105,0,0.0,-,0.0,0.0,0.0,0.0,0.0,0.0,0.0,0.0,0.0,0.0,0.0,0.0,0.0,0.0,0.0,0.0,0.0,0.0,0.0,0.0,0.0,0.0,0.0,19.59000015258789,19.59000015258789,1.6299999952316284,0.0,14.609999656677246,14.789999961853027,1.7300000190734863,0.5899999737739563
2025020891,2026-02-03,Maple Leafs,Oilers,Away,RW,1,1,2.9715584748,3.372531067,2.5042475008,3.063799372,Anthony Stolarz,Connor Ingram,CG,CG,0,0,0,0,0,0,0,0,1,0,0,0,0,0,0,8,12,7,0,27,9,17,10,0,36,21,21,16,0,58,16,28,13,0,57,50,0,0,2,3,0,5,0,1,1,0,2,4,5,4,0,13,8,6,5,0,19,2,0,2,1,95,120,34,22,0.944,0.815,1,0,1,0,2,1,1764,0,1836,3172,3067,15,12,0,0,58,0,0,0,0,0,105,0,0.0,-,0.0,0.0,0.0,0.0,0.0,0.0,0.0,0.0,0.0,0.0,0.0,0.0,0.0,0.0,0.0,0.0,0.0,0.0,0.0,0.0,0.0,0.0,0.0,14.609999656677246,14.789999961853027,1.7300000190734863,0.5899999737739563,19.59000015258789,19.59000015258789,1.6299999952316284,0.0
2025020892,2026-02-03,Ducks,Kraken,Home,RW,1,1,3.865566537,2.4423919984,3.3323615026,1.847911326,Lukas Dostal,Philipp Grubauer,CG,CG,0,0,0,0,0,0,0,0,1,0,0,0,0,0,0,11,11,9,0,31,7,10,11,0,28,25,24,16,0,65,18,22,25,0,65,55,0,0,2,2,0,4,0,0,2,0,2,6,6,4,0,16,6,3,3,0,12,0,0,3,0,350,0,26,27,0.929,0.871,0,0,6,0,0,2,2159,0,1441,2994,2856,0,235,0,0,8,0,0,0,0,0,138,0,0.0,-,0.0,0.0,0.0,0.0,0.0,0.0,0.0,0.0,0.0,0.0,0.0,0.0,0.0,0.0,0.0,0.0,0.0,0.0,0.0,0.0,0.0,0.0,0.0,18.09000015258789,18.3700008392334,2.650000095367432,0.0,13.130000114440918,13.130000114440918,3.880000114440918,0.0
2025020892,2026-02-03,Kraken,Ducks,Away,RL,1,1,2.4423919984,3.865566537,1.847911326,3.3323615026,Philipp Grubauer,Lukas Dostal,CG,CG,0,0,0,0,0,0,0,0,0,0,0,0,0,0,0,7,10,11,0,28,11,11,9,0,31,18,22,25,0,65,25,24,16,0,65,51,0,0,0,2,0,2,0,2,2,0,4,6,3,3,0,12,6,6,4,0,16,0,0,0,3,0,350,27,26,0.871,0.929,0,0,0,6,2,0,0,2159,1441,2994,2856,235,0,0,0,0,8,0,0,0,0,138,0,0.0,-,0.0,0.0,0.0,0.0,0.0,0.0,0.0,0.0,0.0,0.0,0.0,0.0,0.0,0.0,0.0,0.0,0.0,0.0,0.0,0.0,0.0,0.0,0.0,13.130000114440918,13.130000114440918,3.880000114440918,0.0,18.09000015258789,18.3700008392334,2.650000095367432,0.0
2025020893,2026-02-04,Panthers,Bruins,Home,SOW,1,1,4.1442281845,4.0808883576,2.1716433625,1.6248847656,Sergei Bobrovsky,Joonas Korpisalo,CG,CG,0,0,0,0,0,0,0,0,1,0,0,0,1,0,0,8,10,5,3,26,8,12,7,2,29,24,25,14,5,68,23,19,14,4,60,39,0,1,3,0,0,4,2,0,2,0,4,7,7,12,0,26,11,6,7,0,24,2,1,3,7,175,688,25,22,0.862,0.846,0,0,0,0,1,1,1839,467,1594,2955,2655,64,1,0,0,0,0,0,0,0,0,0,300,0.0,-,0.0,0.0,0.0,0.0,0.0,0.0,0.0,0.0,0.0,0.0,0.0,0.0,0.0,0.0,0.0,0.0,0.0,0.0,0.0,0.0,0.0,0.0,0.0,12.289999961853027,14.59000015258789,6.25,2.490000009536743,9.75,11.020000457763672,10.220000267028809,0.0
2025020893,2026-02-04,Bruins,Panthers,Away,SOL,1,1,4.0808883576,4.1442281845,1.6248847656,2.1716433625,Joonas Korpisalo,Sergei Bobrovsky,CG,CG,0,0,0,0,0,0,0,0,0,1,0,0,0,0,0,8,12,7,2,29,8,10,5,3,26,23,19,14,4,60,24,25,14,5,68,39,0,2,0,2,0,4,1,3,0,0,4,11,6,7,0,24,7,7,12,0,26,1,2,7,3,688,175,22,25,0.846,0.862,0,0,0,0,1,1,467,1839,1594,2955,2655,1,64,0,0,0,0,0,0,0,0,0,300,0.0,-,0.0,0.0,0.0,0.0,0.0,0.0,0.0,0.0,0.0,0.0,0.0,0.0,0.0,0.0,0.0,0.0,0.0,0.0,0.0,0.0,0.0,0.0,0.0,9.75,11.020000457763672,10.220000267028809,0.0,12.289999961853027,14.59000015258789,6.25,2.490000009536743
2025020894,2026-02-04,Blue Jackets,Blackhawks,Home,RW,1,1,2.5967050852,3.0348689507,2.3725578312,1.5699969817,Jet Greaves,Spencer Knight,CG,CG,0,0,0,0,0,0,0,0,1,0,0,0,0,0,0,8,5,7,0,20,5,9,7,0,21,18,9,18,0,45,12,26,19,0,57,38,0,2,1,1,0,4,0,0,0,0,0,7,3,2,0,12,10,1,3,0,14,0,0,1,3,120,360,21,16,1.0,0.8,1,0,2,0,2,2,3314,0,286,2927,2838,13,119,0,0,0,0,0,0,0,0,89,0,0.0,-,0.0,0.0,0.0,0.0,0.0,0.0,0.0,0.0,0.0,0.0,0.0,0.0,0.0,0.0,0.0,0.0,0.0,0.0,0.0,0.0,0.0,0.0,0.0,13.4399995803833,14.420000076293944,0.3199999928474426,0.0,9.93000030517578,11.239999771118164,5.389999866485596,1.100000023841858
2025020894,2026-02-04,Blackhawks,Blue Jackets,Away,RL,1,1,3.0348689507,2.5967050852,1.5699969817,2.3725578312,Spencer Knight,Jet Greaves,CG,CG,0,0,0,0,0,0,0,0,0,0,0,0,0,0,0,5,9,7,0,21,8,5,7,0,20,12,26,19,0,57,18,9,18,0,45,42,0,0,0,0,0,0,2,1,1,0,4,10,1,3,0,14,7,3,2,0,12,0,0,3,1,360,120,16,21,0.8,1.0,0,1,0,2,2,2,0,3314,286,2927,2838,119,13,0,0,0,0,0,0,0,0,89,0,0.0,-,0.0,0.0,0.0,0.0,0.0,0.0,0.0,0.0,0.0,0.0,0.0,0.0,0.0,0.0,0.0,0.0,0.0,0.0,0.0,0.0,0.0,0.0,0.0,9.93000030517578,11.239999771118164,5.389999866485596,1.100000023841858,13.4399995803833,14.420000076293944,0.3199999928474426,0.0
2025020895,2026-02-04,Jets,Canadiens,Home,RL,1,1,4.864250208,3.6523849777,3.1098102816,2.943057549,Connor Hellebuyck,Samuel Montembeault,CG,CG,0,0,0,0,0,0,0,0,1,1,0,0,0,0,0,13,13,11,0,37,11,9,7,0,27,27,28,25,0,80,16,19,18,0,53,60,0,1,0,0,0,1,1,2,2,0,5,8,5,2,0,15,6,10,5,0,21,1,1,4,2,423,213,22,36,0.815,0.973,0,1,0,15,3,1,619,2072,909,2690,2690,246,1,0,0,0,0,0,0,106,0,0,0,0.0,-,0.0,0.0,0.0,0.0,0.0,0.0,0.0,0.0,0.0,0.0,0.0,0.0,0.0,0.0,0.0,0.0,0.0,0.0,0.0,0.0,0.0,0.0,0.0,18.950000762939453,18.950000762939453,8.880000114440918,0.0,14.789999961853027,14.789999961853027,2.0,0.7200000286102295
2025020895,2026-02-04,Canadiens,Jets,Away,RW,1,1,3.6523849777,4.864250208,2.943057549,3.1098102816,Samuel Montembeault,Connor Hellebuyck,CG,CG,0,0,0,0,0,0,0,0,0,0,0,0,1,0,0,11,9,7,0,27,13,13,11,0,37,16,19,18,0,53,27,28,25,0,80,38,0,1,2,2,0,5,1,0,0,0,1,6,10,5,0,21,8,5,2,0,15,1,1,2,4,213,423,36,22,0.973,0.815,1,0,15,0,1,3,2072,619,909,2690,2690,1,246,0,0,0,0,0,0,0,106,0,0,0.0,-,0.0,0.0,0.0,0.0,0.0,0.0,0.0,0.0,0.0,0.0,0.0,0.0,0.0,0.0,0.0,0.0,0.0,0.0,0.0,0.0,0.0,0.0,0.0,14.789999961853027,14.789999961853027,2.0,0.7200000286102295,18.950000762939453,18.950000762939453,8.880000114440918,0.0
2025020896,2026-02-04,Predators,Wild,Home,OTL,1,1,3.0919700514,4.6754511382,2.3580615664,4.2853087812,Juuse Saros,Filip Gustavsson,CG,CG,0,0,0,0,0,0,0,0,0,1,0,0,0,0,0,12,15,7,1,35,15,8,19,2,44,21,28,14,1,64,22,21,29,4,76,57,0,3,1,1,0,5,3,1,1,1,6,5,6,2,1,14,10,5,11,0,26,2,1,3,2,168,128,38,30,0.864,0.857,0,0,0,0,2,0,925,1026,1903,3430,3176,13,22,0,0,0,0,0,0,0,0,0,254,0.0,-,0.0,0.0,0.0,0.0,0.0,0.0,0.0,0.0,0.0,0.0,0.0,0.0,0.0,0.0,0.0,0.0,0.0,0.0,0.0,0.0,0.0,0.0,0.0,15.529999732971191,15.760000228881836,3.490000009536743,0.0,23.799999237060547,25.6299991607666,0.8799999952316284,0.0
2025020896,2026-02-04,Wild,Predators,Away,OTW,1,1,4.6754511382,3.0919700514,4.2853087812,2.3580615664,Filip Gustavsson,Juuse Saros,CG,CG,0,0,0,0,0,0,0,0,1,0,0,0,1,0,0,15,8,19,2,44,12,15,7,1,35,22,21,29,4,76,21,28,14,1,64,67,0,3,1,1,1,6,3,1,1,0,5,10,5,11,0,26,5,6,2,1,14,1,2,2,3,128,168,30,38,0.857,0.864,0,0,0,0,0,2,1026,925,1903,3430,3176,22,13,0,0,0,0,0,0,0,0,0,254,0.0,-,0.0,0.0,0.0,0.0,0.0,0.0,0.0,0.0,0.0,0.0,0.0,0.0,0.0,0.0,0.0,0.0,0.0,0.0,0.0,0.0,0.0,0.0,0.0,23.799999237060547,25.6299991607666,0.8799999952316284,0.0,15.529999732971191,15.760000228881836,3.490000009536743,0.0
2025020897,2026-02-04,Avalanche,Sharks,Home,RW,1,1,4.951931131,2.5299363747,3.979167237,2.1040833926999998,Mackenzie Blackwood,Yaroslav Askarov,CG,CG,0,0,0,0,0,0,0,0,1,0,0,0,0,0,0,14,17,11,0,42,5,8,12,0,25,23,24,16,0,63,15,16,26,0,57,51,0,0,2,2,0,4,0,0,2,0,2,6,3,7,0,16,4,11,9,0,24,0,0,3,3,320,320,23,38,0.92,0.905,1,0,4,0,1,2,1785,0,1815,2827,2705,7,65,0,0,0,0,0,0,6,0,122,0,0.0,-,0.0,0.0,0.0,0.0,0.0,0.0,0.0,0.0,0.0,0.0,0.0,0.0,0.0,0.0,0.0,0.0,0.0,0.0,0.0,0.0,0.0,0.0,0.0,21.190000534057617,22.540000915527344,3.7100000381469727,0.0,11.720000267028809,12.970000267028809,1.4199999570846558,0.0
2025020897,2026-02-04,Sharks,Avalanche,Away,RL,1,1,2.5299363747,4.951931131,2.1040833926999998,3.979167237,Yaroslav Askarov,Mackenzie Blackwood,CG,CG,0,0,0,0,0,0,0,0,0,0,0,0,0,0,0,5,8,12,0,25,14,17,11,0,42,15,16,26,0,57,23,24,16,0,63,48,0,0,0,2,0,2,0,2,2,0,4,4,11,9,0,24,6,3,7,0,16,0,0,3,3,320,320,38,23,0.905,0.92,0,1,0,4,2,1,0,1785,1815,2827,2705,65,7,0,0,0,0,0,0,0,6,122,0,0.0,-,0.0,0.0,0.0,0.0,0.0,0.0,0.0,0.0,0.0,0.0,0.0,0.0,0.0,0.0,0.0,0.0,0.0,0.0,0.0,0.0,0.0,0.0,0.0,11.720000267028809,12.970000267028809,1.4199999570846558,0.0,21.190000534057617,22.540000915527344,3.7100000381469727,0.0
2025020898,2026-02-04,Mammoth,Red Wings,Home,RW,1,1,3.9785587746,3.5169014414,2.7110214226,1.8518444594,Karel Vejmelka,John Gibson,CG,CG,0,0,0,0,0,0,0,0,1,0,0,0,0,0,0,9,9,7,0,25,6,11,13,0,30,18,20,19,0,57,14,24,23,0,61,38,0,2,0,2,0,4,0,0,1,0,1,3,7,5,0,15,10,10,4,0,24,1,1,3,4,314,465,29,21,0.967,0.84,1,0,4,0,3,4,3543,0,57,2682,2682,8,88,0,0,21,0,0,0,0,91,0,0,0.0,-,0.0,0.0,0.0,0.0,0.0,0.0,0.0,0.0,0.0,0.0,0.0,0.0,0.0,0.0,0.0,0.0,0.0,0.0,0.0,0.0,0.0,0.0,0.0,13.779999732971191,13.779999732971191,5.619999885559082,0.4600000083446502,12.510000228881836,12.510000228881836,7.730000019073486,1.1299999952316284
2025020898,2026-02-04,Red Wings,Mammoth,Away,RL,1,1,3.5169014414,3.9785587746,1.8518444594,2.7110214226,John Gibson,Karel Vejmelka,CG,CG,0,0,0,0,0,0,0,0,0,0,0,0,0,0,0,6,11,13,0,30,9,9,7,0,25,14,24,23,0,61,18,20,19,0,57,44,0,0,0,1,0,1,2,0,2,0,4,10,10,4,0,24,3,7,5,0,15,1,1,4,3,465,314,21,29,0.84,0.967,0,1,0,4,4,3,0,3543,57,2682,2682,88,8,0,0,0,21,0,0,91,0,0,0,0.0,-,0.0,0.0,0.0,0.0,0.0,0.0,0.0,0.0,0.0,0.0,0.0,0.0,0.0,0.0,0.0,0.0,0.0,0.0,0.0,0.0,0.0,0.0,0.0,12.510000228881836,12.510000228881836,7.730000019073486,1.1299999952316284,13.779999732971191,13.779999732971191,5.619999885559082,0.4600000083446502
2025020899,2026-02-04,Stars,Blues,Home,RW,1,1,3.3718274825,2.5204716225,2.374501202,2.0640823005,Jake Oettinger,Jordan Binnington,CG,CG,0,0,0,0,0,0,0,0,0,0,0,0,1,0,0,12,13,3,0,28,5,5,8,0,18,20,25,10,0,55,12,13,14,0,39,39,0,1,3,1,0,5,2,0,2,0,4,10,6,8,0,24,9,9,10,0,28,1,1,3,4,360,441,14,23,0.778,0.821,0,0,0,0,0,2,1916,450,1234,2665,2665,44,53,0,0,0,0,0,0,0,0,0,0,0.0,-,0.0,0.0,0.0,0.0,0.0,0.0,0.0,0.0,0.0,0.0,0.0,0.0,0.0,0.0,0.0,0.0,0.0,0.0,0.0,0.0,0.0,0.0,0.0,13.109999656677246,13.109999656677246,5.610000133514404,0.0,9.779999732971191,9.779999732971191,2.5899999141693115,0.3100000023841858
2025020899,2026-02-04,Blues,Stars,Away,RL,1,1,2.5204716225,3.3718274825,2.0640823005,2.374501202,Jordan Binnington,Jake Oettinger,CG,CG,0,0,0,0,0,0,0,0,1,1,0,0,0,0,0,5,5,8,0,18,12,13,3,0,28,12,13,14,0,39,20,25,10,0,55,32,0,2,0,2,0,4,1,3,1,0,5,9,9,10,0,28,10,6,8,0,24,1,1,4,3,441,360,23,14,0.821,0.778,0,0,0,0,2,0,450,1916,1234,2665,2665,53,44,0,0,0,0,0,0,0,0,0,0,0.0,-,0.0,0.0,0.0,0.0,0.0,0.0,0.0,0.0,0.0,0.0,0.0,0.0,0.0,0.0,0.0,0.0,0.0,0.0,0.0,0.0,0.0,0.0,0.0,9.779999732971191,9.779999732971191,2.5899999141693115,0.3100000023841858,13.109999656677246,13.109999656677246,5.610000133514404,0.0
2025020900,2026-02-04,Flames,Oilers,Home,RW,1,1,3.8139111918,2.7422021818,2.9127626338,1.7972574548,Devin Cooley,Tristan Jarry,CG,CG,0,0,0,0,0,0,0,0,1,0,0,0,0,0,0,10,6,9,0,25,10,15,14,0,39,21,21,21,0,63,14,25,22,0,61,50,0,2,1,1,0,4,1,1,1,0,3,9,5,5,0,19,3,2,1,0,6,2,2,3,4,207,433,36,21,0.923,0.84,0,0,2,0,2,1,2691,0,909,2747,2654,72,63,0,0,0,0,0,0,0,10,93,0,0.0,-,0.0,0.0,0.0,0.0,0.0,0.0,0.0,0.0,0.0,0.0,0.0,0.0,0.0,0.0,0.0,0.0,0.0,0.0,0.0,0.0,0.0,0.0,0.0,16.84000015258789,17.360000610351562,4.019999980926514,0.6499999761581421,11.9399995803833,13.350000381469728,5.46999979019165,0.0
2025020900,2026-02-04,Oilers,Flames,Away,RL,1,1,2.7422021818,3.8139111918,1.7972574548,2.9127626338,Tristan Jarry,Devin Cooley,CG,CG,0,0,0,0,0,0,0,0,0,0,0,0,0,0,0,10,15,14,0,39,10,6,9,0,25,14,25,22,0,61,21,21,21,0,63,44,0,1,1,1,0,3,2,1,1,0,4,3,2,1,0,6,9,5,5,0,19,2,2,4,3,433,207,21,36,0.84,0.923,0,0,0,2,1,2,0,2691,909,2747,2654,63,72,0,0,0,0,0,0,10,0,93,0,0.0,-,0.0,0.0,0.0,0.0,0.0,0.0,0.0,0.0,0.0,0.0,0.0,0.0,0.0,0.0,0.0,0.0,0.0,0.0,0.0,0.0,0.0,0.0,0.0,11.9399995803833,13.350000381469728,5.46999979019165,0.0,16.84000015258789,17.360000610351562,4.019999980926514,0.6499999761581421
2025020901,2026-02-04,Golden Knights,Canucks,Home,RW,1,1,4.0776296025,1.8052201695,3.7254906585,1.6961436165000001,Akira Schmid,Kevin Lankinen,CG,CG,0,0,0,0,0,0,0,0,1,0,0,0,0,0,0,7,9,15,0,31,8,11,4,0,23,19,17,18,0,54,15,16,11,0,42,49,0,0,3,2,0,5,0,2,0,0,2,8,6,4,0,18,9,8,4,0,21,0,0,1,1,120,120,21,26,0.913,0.839,0,0,0,0,1,1,2091,0,1509,3330,3330,5,25,0,0,0,0,0,0,0,0,0,0,0.0,-,0.0,0.0,0.0,0.0,0.0,0.0,0.0,0.0,0.0,0.0,0.0,0.0,0.0,0.0,0.0,0.0,0.0,0.0,0.0,0.0,0.0,0.0,0.0,19.6299991607666,19.6299991607666,2.2100000381469727,0.0,10.68000030517578,10.68000030517578,0.8700000047683716,0.0
2025020901,2026-02-04,Canucks,Golden Knights,Away,RL,1,1,1.8052201695,4.0776296025,1.6961436165000001,3.7254906585,Kevin Lankinen,Akira Schmid,CG,CG,0,0,0,0,0,0,0,0,0,0,0,0,0,0,0,8,11,4,0,23,7,9,15,0,31,15,16,11,0,42,19,17,18,0,54,40,0,0,2,0,0,2,0,3,2,0,5,9,8,4,0,21,8,6,4,0,18,0,0,1,1,120,120,26,21,0.839,0.913,0,0,0,0,1,1,0,2091,1509,3330,3330,25,5,0,0,0,0,0,0,0,0,0,0,0.0,-,0.0,0.0,0.0,0.0,0.0,0.0,0.0,0.0,0.0,0.0,0.0,0.0,0.0,0.0,0.0,0.0,0.0,0.0,0.0,0.0,0.0,0.0,0.0,10.68000030517578,10.68000030517578,0.8700000047683716,0.0,19.6299991607666,19.6299991607666,2.2100000381469727,0.0
2025020902,2026-02-04,Kings,Kraken,Home,RL,1,1,2.4542719935,2.7156404985,1.6343812927999999,1.5656168805,Darcy Kuemper,Joey Daccord,CG,CG,0,0,0,0,0,0,0,0,1,1,0,0,0,0,0,8,11,8,0,27,11,4,8,0,23,20,25,15,0,60,17,14,21,0,52,47,0,1,1,0,0,2,3,0,1,0,4,5,8,5,0,18,6,9,2,0,17,2,2,4,6,315,651,19,25,0.826,0.926,0,0,0,0,5,0,94,2986,520,2317,2127,62,104,0,0,0,0,0,0,0,0,190,0,0.0,-,0.0,0.0,0.0,0.0,0.0,0.0,0.0,0.0,0.0,0.0,0.0,0.0,0.0,0.0,0.0,0.0,0.0,0.0,0.0,0.0,0.0,0.0,0.0,10.789999961853027,11.130000114440918,4.21999979019165,0.7799999713897705,8.40999984741211,9.789999961853027,5.25,0.0
2025020902,2026-02-04,Kraken,Kings,Away,RW,1,1,2.7156404985,2.4542719935,1.5656168805,1.6343812927999999,Joey Daccord,Darcy Kuemper,CG,CG,0,0,0,0,0,0,0,0,0,0,0,0,1,0,0,11,4,8,0,23,8,11,8,0,27,17,14,21,0,52,20,25,15,0,60,31,0,3,0,1,0,4,1,1,0,0,2,6,9,2,0,17,5,8,5,0,18,2,2,6,4,651,315,25,19,0.926,0.826,0,0,0,0,0,5,2986,94,520,2317,2127,104,62,0,0,0,0,0,0,0,0,190,0,0.0,-,0.0,0.0,0.0,0.0,0.0,0.0,0.0,0.0,0.0,0.0,0.0,0.0,0.0,0.0,0.0,0.0,0.0,0.0,0.0,0.0,0.0,0.0,0.0,8.40999984741211,9.789999961853027,5.25,0.0,10.789999961853027,11.130000114440918,4.21999979019165,0.7799999713897705
2025020903,2026-02-05,Sabres,Penguins,Home,RL,1,1,3.6424250418,3.5876018605,2.6439626264,2.6785942695,Alex Lyon,Arturs Silovs,CG,CG,0,0,0,0,0,0,0,0,1,1,0,0,0,0,0,9,9,10,0,28,10,7,15,0,32,19,23,19,0,61,19,11,24,0,54,43,0,1,0,1,0,2,2,1,2,0,5,9,5,2,0,16,9,8,3,0,20,1,0,5,3,496,360,27,26,0.844,0.929,0,1,0,4,0,3,452,2473,675,2577,2577,61,49,0,0,0,0,0,0,75,0,0,0,0.0,-,0.0,0.0,0.0,0.0,0.0,0.0,0.0,0.0,0.0,0.0,0.0,0.0,0.0,0.0,0.0,0.0,0.0,0.0,0.0,0.0,0.0,0.0,0.0,15.609999656677246,15.609999656677246,6.28000020980835,0.0,14.729999542236328,14.729999542236328,3.390000104904175,0.1000000014901161
2025020903,2026-02-05,Penguins,Sabres,Away,RW,1,1,3.5876018605,3.6424250418,2.6785942695,2.6439626264,Arturs Silovs,Alex Lyon,CG,CG,0,0,0,0,0,0,0,0,0,0,0,0,1,0,0,10,7,15,0,32,9,9,10,0,28,19,11,24,0,54,19,23,19,0,61,37,0,2,1,2,0,5,1,0,1,0,2,9,8,3,0,20,9,5,2,0,16,0,1,3,5,360,496,26,27,0.929,0.844,1,0,4,0,3,0,2473,452,675,2577,2577,49,61,0,0,0,0,0,0,0,75,0,0,0.0,-,0.0,0.0,0.0,0.0,0.0,0.0,0.0,0.0,0.0,0.0,0.0,0.0,0.0,0.0,0.0,0.0,0.0,0.0,0.0,0.0,0.0,0.0,0.0,14.729999542236328,14.729999542236328,3.390000104904175,0.1000000014901161,15.609999656677246,15.609999656677246,6.28000020980835,0.0
2025020905,2026-02-05,Devils,Islanders,Home,RL,1,1,2.6379067023,2.2293527854,2.2057101453,1.9963706984,Jake Allen,Ilya Sorokin,CG,CG,0,0,0,0,0,0,0,0,0,0,0,0,0,0,0,5,13,6,0,24,2,5,7,0,14,22,22,14,0,58,12,14,14,0,40,51,0,0,1,0,0,1,0,1,2,0,3,6,4,3,0,13,7,11,7,0,25,0,0,1,1,120,120,11,23,0.786,0.958,0,1,0,3,4,4,0,923,2677,3225,3225,135,0,0,0,0,0,0,0,0,0,0,0,0.0,-,0.0,0.0,0.0,0.0,0.0,0.0,0.0,0.0,0.0,0.0,0.0,0.0,0.0,0.0,0.0,0.0,0.0,0.0,0.0,0.0,0.0,0.0,0.0,12.869999885559082,12.869999885559082,2.940000057220459,0.0700000002980232,11.020000457763672,11.020000457763672,0.7400000095367432,0.0
2025020905,2026-02-05,Islanders,Devils,Away,RW,1,1,2.2293527854,2.6379067023,1.9963706984,2.2057101453,Ilya Sorokin,Jake Allen,CG,CG,0,0,0,0,0,0,0,0,1,0,0,0,0,0,0,2,5,7,0,14,5,13,6,0,24,12,14,14,0,40,22,22,14,0,58,35,0,0,1,2,0,3,0,1,0,0,1,7,11,7,0,25,6,4,3,0,13,0,0,1,1,120,120,23,11,0.958,0.786,1,0,3,0,4,4,923,0,2677,3225,3225,0,135,0,0,0,0,0,0,0,0,0,0,0.0,-,0.0,0.0,0.0,0.0,0.0,0.0,0.0,0.0,0.0,0.0,0.0,0.0,0.0,0.0,0.0,0.0,0.0,0.0,0.0,0.0,0.0,0.0,0.0,11.020000457763672,11.020000457763672,0.7400000095367432,0.0,12.869999885559082,12.869999885559082,2.940000057220459,0.0700000002980232
2025020906,2026-02-05,Rangers,Hurricanes,Home,RL,1,1,1.70416413,4.0412228363,0.974497887,3.1095313203,Jonathan Quick,Brandon Bussi,CG,CG,0,0,0,0,0,0,0,0,0,0,0,0,0,0,0,6,4,6,0,16,10,19,14,0,43,19,18,11,0,48,19,33,23,0,75,37,0,0,0,0,0,0,1,0,1,0,2,11,9,7,0,27,5,4,2,0,11,0,0,2,3,240,365,41,16,0.953,1.0,0,1,1,1,2,6,0,3214,386,2947,2947,13,35,0,0,0,42,0,0,0,2,0,0,0.0,-,0.0,0.0,0.0,0.0,0.0,0.0,0.0,0.0,0.0,0.0,0.0,0.0,0.0,0.0,0.0,0.0,0.0,0.0,0.0,0.0,0.0,0.0,0.0,6.849999904632568,6.849999904632568,3.25,1.0399999618530271,20.06999969482422,20.06999969482422,5.690000057220459,0.0
2025020906,2026-02-05,Hurricanes,Rangers,Away,RW,1,1,4.0412228363,1.70416413,3.1095313203,0.974497887,Brandon Bussi,Jonathan Quick,CG,CG,0,0,0,0,0,0,0,0,1,0,0,0,0,0,0,10,19,14,0,43,6,4,6,0,16,19,33,23,0,75,19,18,11,0,48,62,0,1,0,1,0,2,0,0,0,0,0,5,4,2,0,11,11,9,7,0,27,0,0,3,2,365,240,16,41,1.0,0.953,1,0,1,1,6,2,3214,0,386,2947,2947,35,13,0,0,42,0,0,0,2,0,0,0,0.0,-,0.0,0.0,0.0,0.0,0.0,0.0,0.0,0.0,0.0,0.0,0.0,0.0,0.0,0.0,0.0,0.0,0.0,0.0,0.0,0.0,0.0,0.0,0.0,20.06999969482422,20.06999969482422,5.690000057220459,0.0,6.849999904632568,6.849999904632568,3.25,1.0399999618530271
2025020907,2026-02-05,Flyers,Senators,Home,OTL,1,1,1.9044425701,3.1962508903,1.6829338361000001,2.8482423363000002,Dan Vladar,James Reimer,CG,CG,0,0,0,0,0,0,0,0,0,0,0,0,0,0,0,2,6,7,1,16,8,13,5,1,27,11,15,16,1,43,19,23,13,2,57,38,0,0,0,1,0,1,0,1,0,1,2,10,8,5,0,23,9,6,5,0,20,0,0,1,1,146,120,25,15,0.926,0.938,0,0,0,1,2,2,0,1731,1916,3299,3252,82,0,0,0,0,0,0,0,0,0,0,47,0.0,-,0.0,0.0,0.0,0.0,0.0,0.0,0.0,0.0,0.0,0.0,0.0,0.0,0.0,0.0,0.0,0.0,0.0,0.0,0.0,0.0,0.0,0.0,0.0,11.699999809265137,12.25,1.190000057220459,0.0,14.8100004196167,16.040000915527344,0.5600000023841858,0.0
2025020907,2026-02-05,Senators,Flyers,Away,OTW,1,1,3.1962508903,1.9044425701,2.8482423363000002,1.6829338361000001,James Reimer,Dan Vladar,CG,CG,0,0,0,0,0,0,0,0,1,0,0,0,0,0,0,8,13,5,1,27,2,6,7,1,16,19,23,13,2,57,11,15,16,1,43,52,0,0,1,0,1,2,0,0,1,0,1,9,6,5,0,20,10,8,5,0,23,0,0,1,1,120,146,15,25,0.938,0.926,0,0,1,0,2,2,1731,0,1916,3299,3252,0,82,0,0,0,0,0,0,0,0,0,47,0.0,-,0.0,0.0,0.0,0.0,0.0,0.0,0.0,0.0,0.0,0.0,0.0,0.0,0.0,0.0,0.0,0.0,0.0,0.0,0.0,0.0,0.0,0.0,0.0,14.8100004196167,16.040000915527344,0.5600000023841858,0.0,11.699999809265137,12.25,1.190000057220459,0.0
2025020908,2026-02-05,Capitals,Predators,Home,RW,1,1,3.0812874907,4.1167793377,2.3744232377,3.293126513,Logan Thompson,Justus Annunen,CG,CG,0,0,0,0,0,0,0,0,1,0,0,0,0,0,0,12,12,6,0,30,11,10,8,0,29,21,22,18,0,61,20,16,15,0,51,48,0,2,1,1,0,4,0,1,1,0,2,5,7,14,0,26,6,9,3,0,18,2,0,6,4,413,290,27,26,0.931,0.867,0,0,3,0,2,1,3345,0,255,2650,2479,34,166,0,0,0,0,0,0,22,26,171,0,0.0,-,0.0,0.0,0.0,0.0,0.0,0.0,0.0,0.0,0.0,0.0,0.0,0.0,0.0,0.0,0.0,0.0,0.0,0.0,0.0,0.0,0.0,0.0,0.0,14.5,14.9399995803833,3.5799999237060547,0.3600000143051147,16.329999923706055,16.43000030517578,5.079999923706055,0.0099999997764825
2025020908,2026-02-05,Predators,Capitals,Away,RL,1,1,4.1167793377,3.0812874907,3.293126513,2.3744232377,Justus Annunen,Logan Thompson,CG,CG,0,0,0,0,0,0,0,0,0,0,0,0,0,0,0,11,10,8,0,29,12,12,6,0,30,20,16,15,0,51,21,22,18,0,61,37,0,0,1,1,0,2,2,1,1,0,4,6,9,3,0,18,5,7,14,0,26,0,2,4,6,290,413,26,27,0.867,0.931,0,0,0,3,1,2,0,3345,255,2650,2479,166,34,0,0,0,0,0,0,26,22,171,0,0.0,-,0.0,0.0,0.0,0.0,0.0,0.0,0.0,0.0,0.0,0.0,0.0,0.0,0.0,0.0,0.0,0.0,0.0,0.0,0.0,0.0,0.0,0.0,0.0,16.329999923706055,16.43000030517578,5.079999923706055,0.0099999997764825,14.5,14.9399995803833,3.5799999237060547,0.3600000143051147
2025020904,2026-02-05,Lightning,Panthers,Home,RW,1,1,2.7833699816,2.9398352309,1.8851884596,2.1917060379,Andrei Vasilevskiy,Daniil Tarasov,CG,IG,0,0,0,0,0,0,0,0,1,0,0,0,0,0,0,7,11,10,0,28,19,9,6,0,34,18,16,22,0,56,30,13,10,0,53,41,0,2,2,2,0,6,0,0,1,0,1,13,11,10,0,34,5,8,4,0,17,1,1,4,6,314,679,33,22,0.971,0.786,0,0,0,0,1,2,3472,0,128,2535,2535,45,5,0,0,118,36,0,0,0,0,0,0,0.0,-,0.0,0.0,0.0,0.0,0.0,0.0,0.0,0.0,0.0,0.0,0.0,0.0,0.0,0.0,0.0,0.0,0.0,0.0,0.0,0.0,0.0,0.0,0.0,9.489999771118164,9.489999771118164,4.699999809265137,0.4799999892711639,14.420000076293944,14.420000076293944,4.610000133514404,0.0
2025020904,2026-02-05,Panthers,Lightning,Away,RL,1,1,2.9398352309,2.7833699816,2.1917060379,1.8851884596,Daniil Tarasov,Andrei Vasilevskiy,IG,CG,0,0,0,0,0,0,0,0,0,0,0,0,0,0,0,19,9,6,0,34,7,11,10,0,28,30,13,10,0,53,18,16,22,0,56,43,0,0,0,1,0,1,2,2,2,0,6,5,8,4,0,17,13,11,10,0,34,1,1,6,4,679,314,22,33,0.786,0.971,0,0,0,0,2,1,0,3472,128,2535,2535,5,45,0,0,36,118,0,0,0,0,0,0,0.0,-,0.0,0.0,0.0,0.0,0.0,0.0,0.0,0.0,0.0,0.0,0.0,0.0,0.0,0.0,0.0,0.0,0.0,0.0,0.0,0.0,0.0,0.0,0.0,14.420000076293944,14.420000076293944,4.610000133514404,0.0,9.489999771118164,9.489999771118164,4.699999809265137,0.4799999892711639
2025020909,2026-02-05,Golden Knights,Kings,Home,RW,1,1,2.694026208,3.4935020258,2.150744408,1.7936865153000001,Adin Hill,Anton Forsberg,CG,CG,0,0,0,0,0,0,0,0,1,0,0,0,0,0,0,10,5,7,0,22,11,10,12,0,33,25,10,20,0,55,23,21,21,0,65,42,0,4,0,0,0,4,1,0,0,0,1,5,4,8,0,17,6,8,4,0,18,1,0,2,5,134,607,32,18,0.97,0.818,0,0,0,1,2,0,3098,0,502,2794,2794,42,19,0,0,0,0,0,0,0,0,0,0,0.0,-,0.0,0.0,0.0,0.0,0.0,0.0,0.0,0.0,0.0,0.0,0.0,0.0,0.0,0.0,0.0,0.0,0.0,0.0,0.0,0.0,0.0,0.0,0.0,12.770000457763672,12.770000457763672,1.7599999904632568,1.5299999713897705,12.010000228881836,12.010000228881836,8.359999656677246,0.2000000029802322
2025020909,2026-02-05,Kings,Golden Knights,Away,RL,1,1,3.4935020258,2.694026208,1.7936865153000001,2.150744408,Anton Forsberg,Adin Hill,CG,CG,0,0,0,0,0,0,0,0,0,0,0,0,0,0,0,11,10,12,0,33,10,5,7,0,22,23,21,21,0,65,25,10,20,0,55,45,0,1,0,0,0,1,4,0,0,0,4,6,8,4,0,18,5,4,8,0,17,0,1,5,2,607,134,18,32,0.818,0.97,0,0,1,0,0,2,0,3098,502,2794,2794,19,42,0,0,0,0,0,0,0,0,0,0,0.0,-,0.0,0.0,0.0,0.0,0.0,0.0,0.0,0.0,0.0,0.0,0.0,0.0,0.0,0.0,0.0,0.0,0.0,0.0,0.0,0.0,0.0,0.0,0.0,12.010000228881836,12.010000228881836,8.359999656677246,0.2000000029802322,12.770000457763672,12.770000457763672,1.7599999904632568,1.5299999713897705
