game_id,event_id,time_seconds,period,team_id,player_id,shot_type,x,y,distance,angle,is_rebound,strength_state,score_differential,is_goal,event_type,xG
2023020001,63,61,1,14,8478178,wrist,58,-25,39.8,38.9,0,5v5,0,0,506,0.0459
2023020001,151,70,1,14,8478010,tip-in,81,8,11.3,45.0,0,5v5,0,0,506,0.1033
2023020001,70,107,1,14,8479661,snap,55,30,45.3,41.4,0,5v5,0,0,506,0.0064
2023020001,152,177,1,14,8479591,wrist,58,-30,43.1,44.1,0,5v5,0,0,506,0.0157
2023020001,95,231,1,18,8476887,wrist,-63,33,42.0,51.8,0,5v5,0,0,507,0.0104
2023020001,202,260,1,14,8474564,slap,83,18,19.0,71.6,0,5v5,0,0,507,0.03
2023020001,239,435,1,18,8478508,snap,-75,-14,19.8,45.0,0,5v5,0,0,506,0.1468
2023020001,254,506,1,18,8480748,snap,-47,-25,48.9,30.8,0,5v5,0,0,506,0.0752
2023020001,261,535,1,14,8477426,snap,61,-14,31.3,26.6,0,5v5,0,0,507,0.1032
2023020001,266,564,1,14,8475167,wrist,34,31,63.1,29.4,0,5v5,0,0,506,0.0104
2023020001,154,588,1,14,8476453,slap,50,-16,42.2,22.3,0,5v5,0,1,505,0.0571
2023020001,273,603,1,14,8477353,wrist,8,35,88.2,23.4,0,5v5,1,0,507,0.0065
2023020001,277,615,1,14,8478416,snap,34,-30,62.6,28.6,0,5v5,1,0,506,0.004
2023020001,280,637,1,14,8476822,wrist,63,-21,33.4,38.9,0,5v5,1,0,506,0.0908
2023020001,285,662,1,14,8478010,wrist,81,-12,14.4,56.3,0,5v5,1,0,506,0.0808
2023020001,289,693,1,14,8475167,wrist,35,-1,54.0,1.1,0,5v5,1,0,506,0.0071
2023020001,293,708,1,14,8479542,snap,92,30,30.1,95.7,0,5v5,1,0,506,0.0411
2023020001,359,795,1,14,8477426,snap,64,-13,28.2,27.5,0,4v5,1,0,507,0.1755
2023020001,380,867,1,14,8475167,slap,34,8,55.6,8.3,0,5v4,1,0,506,0.0169
2023020001,400,996,1,14,8475167,wrist,67,18,28.4,39.3,0,5v5,1,0,507,0.1059
2023020001,472,1134,1,14,8479661,snap,79,23,25.1,66.5,0,5v5,1,0,507,0.0356
2023020001,155,1182,1,14,8474564,snap,63,15,30.0,30.0,0,5v4,1,0,507,0.0555
2023020001,490,53,2,14,8476453,wrist,-74,16,21.9,46.8,1,5v4,1,0,506,0.0394
2023020001,500,127,2,14,8476453,wrist,-88,-8,8.1,82.9,0,5v5,1,0,506,0.0214
2023020001,506,164,2,14,8479542,wrist,-68,19,28.3,42.1,0,5v5,1,0,507,0.0448
2023020001,507,174,2,14,8479542,slap,-30,-5,59.2,4.8,0,5v5,1,0,507,0.036
2023020001,158,192,2,14,8478519,slap,-84,-22,22.6,77.2,0,5v5,1,0,506,0.0157
2023020001,516,240,2,14,8478416,wrist,-53,27,45.0,36.9,0,5v5,1,0,506,0.0494
2023020001,524,255,2,18,8482062,tip-in,78,3,11.4,15.3,0,5v5,-1,0,507,0.0767
2023020001,159,283,2,18,8478468,wrist,72,39,42.5,66.4,0,5v5,-1,0,506,0.001
2023020001,526,284,2,18,8476925,poke,80,0,9.0,0.0,1,5v5,-1,0,506,0.2219
2023020001,530,290,2,18,8474679,wrist,73,11,19.4,34.5,0,5v5,-1,0,506,0.0898
2023020001,531,312,2,14,8478178,backhand,-91,-16,16.1,97.1,0,5v5,1,0,506,0.0029
2023020001,162,633,2,18,8475158,snap,82,1,7.1,8.1,0,5v4,-1,0,506,0.2097
2023020001,591,662,2,18,8474600,slap,60,-22,36.4,37.2,0,5v4,-1,0,507,0.0442
2023020001,594,670,2,18,8474600,wrist,59,29,41.7,44.0,0,5v4,-1,0,507,0.0047
2023020001,595,689,2,18,8479996,wrist,74,-15,21.2,45.0,0,5v4,-1,0,506,0.0796
2023020001,596,690,2,18,8474600,wrist,80,7,11.4,37.9,1,5v4,-1,0,506,0.1525
2023020001,163,787,2,18,8480748,wrist,67,13,25.6,30.6,0,5v5,-1,0,507,0.1221
2023020001,617,795,2,18,8476925,tip-in,78,-2,11.2,10.3,0,EmptyNet,-1,0,506,0.1474
2023020001,625,806,2,18,8476887,wrist,56,31,45.3,43.2,0,5v4,-1,0,506,0.0038
2023020001,635,904,2,18,8482146,snap,73,15,21.9,43.2,0,5v4,-1,0,507,0.2138
2023020001,164,936,2,18,8474600,wrist,42,11,48.3,13.2,0,5v4,-1,0,507,0.0115
2023020001,642,943,2,18,8478438,wrist,60,-6,29.6,11.7,0,5v5,-1,0,506,0.042
2023020001,165,975,2,18,8475158,tip-in,81,1,8.1,7.1,0,5v5,-1,1,505,0.0829
2023020001,711,1057,2,18,8474679,wrist,82,15,16.6,65.0,0,5v5,0,0,506,0.0542
2023020001,712,1063,2,18,8474679,wrist,38,-15,53.2,16.4,0,5v5,0,0,507,0.0045
2023020001,713,1065,2,18,8474151,slap,77,31,33.2,68.8,1,5v5,0,0,506,0.0145
2023020001,722,1121,2,14,8479410,snap,-82,-27,27.9,75.5,0,5v5,0,0,507,0.0132
2023020001,734,1171,2,18,8482062,slap,69,19,27.6,43.5,0,5v5,0,0,506,0.1059
2023020001,740,11,3,18,8481704,wrist,-81,4,8.9,26.6,0,5v5,0,1,505,0.1697
2023020001,169,36,3,18,8475158,wrist,-97,7,10.6,138.8,0,5v5,1,0,506,0.1446
2023020001,656,36,3,18,8476887,wrist,-83,1,6.1,9.5,1,5v5,1,0,506,0.1198
2023020001,655,37,3,18,8476887,wrist,-86,0,3.0,0.0,1,5v5,1,0,506,0.8487
2023020001,743,37,3,18,8476887,poke,-84,-2,5.4,21.8,1,5v5,1,0,506,0.3159
2023020001,747,56,3,18,8475197,wrist,-39,11,51.2,12.4,0,5v5,1,0,506,0.0187
2023020001,759,118,3,14,8474564,slap,54,14,37.7,21.8,0,5v4,-1,0,506,0.2763
2023020001,760,136,3,14,8478010,snap,66,0,23.0,0.0,0,5v4,-1,0,506,0.1404
2023020001,761,144,3,14,8477426,wrist,69,2,20.1,5.7,0,5v4,-1,0,506,0.2049
2023020001,170,145,3,14,8477426,wrist,83,0,6.0,0.0,1,5v4,-1,1,505,0.0563
2023020001,767,165,3,14,8478416,wrist,43,-30,54.9,33.1,0,5v5,0,0,507,0.0087
2023020001,773,186,3,14,8479542,wrist,69,6,20.9,16.7,0,5v5,0,0,507,0.1942
2023020001,171,187,3,14,8479542,wrist,71,7,19.3,21.3,0,5v5,0,1,505,0.1343
2023020001,805,387,3,14,8475167,slap,37,-15,54.1,16.1,0,5v5,1,0,506,0.0044
2023020001,809,403,3,14,8480246,wrist,38,-39,64.2,37.4,0,5v5,1,0,506,0.0175
2023020001,818,453,3,18,8479996,backhand,-83,6,8.5,45.0,0,5v4,-1,0,506,0.1237
2023020001,175,486,3,18,8479996,wrist,-83,-8,10.0,53.1,0,5v4,-1,0,507,0.0792
2023020001,821,494,3,18,8475158,snap,-39,7,50.5,8.0,0,5v4,-1,0,506,0.0217
2023020001,830,528,3,18,8478438,wrist,-73,-22,27.2,54.0,0,5v4,-1,1,505,0.0276
2023020001,846,592,3,14,8476453,wrist,65,-22,32.6,42.5,0,5v4,0,0,506,0.0521
2023020001,848,609,3,14,8474564,slap,62,24,36.1,41.6,0,5v4,0,0,507,0.0185
2023020001,1103,640,3,14,8474564,wrist,59,20,36.1,33.7,0,5v4,0,0,506,0.0239
2023020001,177,649,3,14,8479410,wrist,37,3,52.1,3.3,0,5v4,0,0,506,0.0076
2023020001,176,652,3,14,8477426,wrist,82,2,7.3,15.9,1,5v4,0,1,505,0.11
2023020001,1115,710,3,18,8474151,wrist,-48,-22,46.5,28.2,0,4v5,-1,0,506,0.0038
2023020001,1118,731,3,14,8475167,slap,54,0,35.0,0.0,0,5v4,1,0,507,0.1267
2023020001,1122,745,3,18,8476925,backhand,-66,-16,28.0,34.8,0,4v5,-1,0,507,0.0119
2023020001,1138,817,3,14,8479591,wrist,65,-10,26.0,22.6,0,5v4,1,0,506,0.1238
2023020001,1152,916,3,18,8476887,slap,-33,-7,56.4,7.1,0,5v5,-1,0,506,0.0256
2023020001,1157,952,3,14,8478178,slap,46,21,47.9,26.0,0,5v5,1,0,506,0.0494
2023020001,1158,955,3,14,8479542,wrist,77,-11,16.3,42.5,1,5v5,1,0,506,0.0917
2023020001,1160,968,3,14,8479542,wrist,71,-10,20.6,29.1,0,5v5,1,0,507,0.1182
2023020001,1164,979,3,14,8479410,slap,41,-21,52.4,23.6,0,5v5,1,0,506,0.0082
2023020001,1166,1004,3,18,8478438,wrist,-76,5,13.9,21.0,0,5v5,-1,0,507,0.1017
2023020001,1167,1008,3,18,8476925,slap,-40,-27,55.9,28.9,0,5v5,-1,0,506,0.019
2023020001,1175,1041,3,14,8479542,wrist,61,21,35.0,36.9,0,5v5,1,0,506,0.133
2023020001,1176,1046,3,14,8475167,wrist,73,11,19.4,34.5,0,5v5,1,0,507,0.0948
2023020001,1179,1091,3,18,8476887,wrist,-82,-19,20.2,69.8,0,EmptyNet,-1,0,506,0.0675
2023020001,1180,1092,3,18,8481704,poke,-85,-7,8.1,60.3,1,EmptyNet,-1,0,506,0.0275
2023020001,1184,1105,3,18,8474600,slap,-39,20,53.9,21.8,0,EmptyNet,-1,0,506,0.0961
2023020001,1188,1121,3,18,8474600,snap,-41,25,54.1,27.5,0,EmptyNet,-1,0,507,0.0176
2023020001,1189,1125,3,18,8475158,wrist,-71,-16,24.1,41.6,0,EmptyNet,-1,0,507,0.1088
2023020001,178,1134,3,18,8475158,snap,-69,-14,24.4,35.0,0,EmptyNet,-1,0,507,0.2597
2023020001,1190,1150,3,18,8474600,snap,-28,-37,71.3,31.2,0,EmptyNet,-1,0,507,0.1116
2023020001,1195,1188,3,18,8478438,slap,-40,-28,56.4,29.7,0,EmptyNet,-1,0,506,0.0318
2023020001,179,1198,3,14,8476453,wrist,61,4,28.3,8.1,0,EmptyNet,1,1,505,0.1677
2023020002,61,40,1,5,8475810,backhand,-51,-21,43.4,28.9,0,5v5,0,0,506,0.0034
2023020002,62,59,1,16,8483466,wrist,-55,-34,48.1,45.0,0,5v5,0,0,506,0.0057
2023020002,65,81,1,5,8478569,wrist,75,21,25.2,56.3,0,5v5,0,0,506,0.0295
2023020002,11,140,1,16,8482176,wrist,-39,-27,56.8,28.4,0,5v5,0,0,506,0.0796
2023020002,80,158,1,16,8481568,wrist,-35,-29,61.3,28.2,0,5v5,0,0,506,0.0032
2023020002,99,260,1,5,8477969,wrist,31,-8,58.5,7.9,0,5v5,0,0,506,0.014
2023020002,351,262,1,5,8476442,wrist,78,1,11.0,5.2,1,5v5,0,0,507,0.1759
2023020002,152,263,1,5,8478569,backhand,98,12,15.0,126.9,1,5v5,0,0,506,0.0049
2023020002,211,310,1,16,8475791,wrist,-61,28,39.6,45.0,0,5v4,0,0,507,0.0421
2023020002,212,315,1,16,8475791,wrist,-60,24,37.6,39.6,0,5v4,0,0,506,0.032
2023020002,213,316,1,16,8477987,snap,-78,-5,12.1,24.4,1,5v4,0,0,506,0.2206
2023020002,17,339,1,16,8484144,wrist,-42,-23,52.3,26.1,0,5v4,0,0,507,0.0082
2023020002,214,376,1,16,8484144,snap,-56,-24,40.8,36.0,0,5v4,0,0,507,0.118
2023020002,225,424,1,5,8475810,tip-in,83,-8,10.0,53.1,0,5v5,0,1,505,0.0363
2023020002,230,426,1,16,8477495,wrist,25,20,67.1,17.4,0,5v5,-1,0,506,0.0019
2023020002,231,436,1,5,8471675,backhand,83,-8,10.0,53.1,0,5v5,1,0,506,0.0437
2023020002,232,446,1,16,8476960,tip-in,-80,0,9.0,0.0,0,5v5,-1,0,507,0.0576
2023020002,233,454,1,16,8480252,wrist,-58,0,31.0,0.0,0,5v5,-1,0,506,0.0696
2023020002,153,533,1,5,8477404,tip-in,82,6,9.2,40.6,0,5v5,1,0,506,0.1288
2023020002,249,562,1,16,8477450,wrist,-56,8,34.0,13.6,0,5v5,-1,0,506,0.0843
2023020002,19,565,1,16,8477450,wrist,-49,13,42.1,18.0,1,5v5,-1,0,506,0.0246
2023020002,251,570,1,16,8479390,wrist,-81,-16,17.9,63.4,0,5v5,-1,0,506,0.152
2023020002,255,587,1,5,8478424,wrist,76,-7,14.8,28.3,0,5v5,1,0,506,0.1096
2023020002,256,593,1,5,8480058,snap,32,25,62.2,23.7,0,5v5,1,0,507,0.0056
2023020002,154,677,1,16,8484144,wrist,-81,-5,9.4,32.0,0,5v5,-1,0,506,0.1804
2023020002,287,746,1,5,8474578,snap,59,-5,30.4,9.5,0,5v4,1,0,506,0.1701
2023020002,289,754,1,5,8476483,tip-in,82,0,7.0,0.0,0,5v4,1,0,507,0.072
2023020002,295,779,1,16,8477495,snap,48,40,57.3,44.3,0,4v5,-1,0,506,0.0017
2023020002,298,797,1,5,8475810,wrist,59,-3,30.1,5.7,0,5v4,1,0,506,0.1081
2023020002,501,812,1,5,8475810,slap,61,26,38.2,42.9,0,5v4,1,0,506,0.0518
2023020002,516,889,1,16,8484144,wrist,-49,16,43.1,21.8,0,5v5,-1,0,506,0.0604
2023020002,517,899,1,16,8484144,slap,-45,27,51.6,31.5,0,5v5,-1,0,507,0.0343
2023020002,41,902,1,16,8475791,backhand,-43,-19,49.8,22.4,1,5v5,-1,0,506,0.0016
2023020002,518,903,1,16,8484144,wrist,-82,0,7.0,0.0,1,5v5,-1,0,506,0.1103
2023020002,522,938,1,16,8479383,wrist,-93,7,8.1,119.7,0,5v5,-1,0,506,0.0226
2023020002,523,949,1,16,8476960,snap,-81,-21,22.5,69.1,0,5v5,-1,0,506,0.0365
2023020002,560,1135,1,5,8482055,wrist,83,25,25.7,76.5,0,5v5,1,0,506,0.0091
2023020002,569,1190,1,5,8476483,tip-in,3,9,86.5,6.0,0,5v5,1,0,506,0.0042
2023020002,572,1195,1,5,8477404,wrist,52,21,42.5,29.6,0,5v5,1,0,507,0.1189
2023020002,354,9,2,5,8477404,wrist,-76,0,13.0,0.0,0,5v5,1,0,506,0.1829
2023020002,583,53,2,16,8474870,wrist,66,-40,46.1,60.1,0,5v5,-1,0,507,0.0023
2023020002,584,66,2,16,8482117,wrist,69,25,32.0,51.3,0,5v5,-1,0,506,0.0163
2023020002,586,70,2,16,8479390,wrist,87,16,16.1,82.9,0,5v5,-1,0,507,0.0213
2023020002,593,88,2,16,8475791,slap,69,-24,31.2,50.2,0,5v4,-1,0,507,0.0874
2023020002,598,118,2,16,8477987,wrist,85,-11,11.7,70.0,1,5v4,-1,0,507,0.1959
2023020002,617,232,2,5,8475191,wrist,-78,16,19.4,55.5,0,5v5,1,0,506,0.0542
2023020002,621,247,2,5,8476483,wrist,-75,19,23.6,53.6,0,5v5,1,0,507,0.0568
2023020002,625,281,2,16,8484144,wrist,84,-18,18.7,74.5,0,5v5,-1,0,506,0.0314
2023020002,626,291,2,16,8484144,wrist,49,11,41.5,15.4,0,5v5,-1,0,507,0.0362
2023020002,635,338,2,5,8475810,wrist,-80,-9,12.7,45.0,0,5v5,1,0,507,0.1256
2023020002,639,363,2,16,8477987,wrist,52,-21,42.5,29.6,0,5v5,-1,0,506,0.0298
2023020002,644,381,2,16,8482117,snap,49,-8,40.8,11.3,0,5v5,-1,0,507,0.0536
2023020002,645,391,2,16,8474870,tip-in,81,4,8.9,26.6,0,5v5,-1,0,506,0.1041
2023020002,48,393,2,16,8474870,wrist,84,3,5.8,31.0,1,5v5,-1,0,507,0.0986
2023020002,155,394,2,16,8474870,wrist,81,-1,8.1,7.1,1,5v5,-1,0,506,0.2039
2023020002,650,434,2,5,8478424,backhand,-26,-14,64.5,12.5,0,5v5,1,0,506,0.0028
2023020002,710,481,2,5,8470604,wrist,-37,-35,62.7,33.9,0,5v5,1,0,506,0.0046
2023020002,714,484,2,5,8475191,wrist,-58,-23,38.6,36.6,0,5v5,1,0,507,0.0486
2023020002,715,487,2,5,8474578,snap,-34,39,67.4,35.3,1,5v5,1,0,506,0.0007
2023020002,719,528,2,5,8475191,wrist,-35,11,55.1,11.5,0,5v5,1,0,506,0.0044
2023020002,747,692,2,5,8477969,wrist,-31,-13,59.4,12.6,0,5v5,1,0,506,0.0178
2023020002,748,700,2,5,8471675,tip-in,-81,3,8.5,20.6,0,5v5,1,0,506,0.075
2023020002,749,716,2,5,8471675,wrist,-82,-18,19.3,68.7,0,5v5,1,1,505,0.0543
2023020002,757,739,2,5,8471215,wrist,-35,6,54.3,6.3,0,5v4,2,0,506,0.0191
2023020002,457,749,2,5,8471675,tip-in,-84,0,5.0,0.0,0,5v4,2,0,507,0.0926
2023020002,777,887,2,5,8482055,wrist,-83,16,17.1,69.4,0,5v5,2,0,506,0.0968
2023020002,786,935,2,16,8481568,wrist,75,19,23.6,53.6,0,5v5,-2,0,506,0.0491
2023020002,787,937,2,16,8477987,backhand,82,0,7.0,0.0,1,5v5,-2,1,505,0.085
2023020002,791,963,2,5,8471724,backhand,-63,4,26.3,8.7,0,5v5,1,0,506,0.0204
2023020002,792,965,2,5,8471724,backhand,-79,-5,11.2,26.6,1,5v5,1,0,506,0.0989
2023020002,800,988,2,5,8471215,tip-in,-23,-37,75.7,29.3,0,5v5,1,0,506,0.0037
2023020002,458,1007,2,16,8473422,wrist,53,-22,42.2,31.4,0,5v5,-1,0,506,0.0266
2023020002,460,1010,2,16,8475797,wrist,34,37,66.3,33.9,1,5v5,-1,0,507,0.0039
2023020002,459,1026,2,16,8477450,wrist,77,11,16.3,42.5,0,5v5,-1,0,507,0.0848
2023020002,810,1046,2,16,8474870,slap,63,14,29.5,28.3,0,5v5,-1,0,506,0.1078
2023020002,811,1051,2,16,8476473,snap,54,-22,41.3,32.2,0,5v5,-1,0,507,0.0288
2023020002,816,1071,2,5,8475810,wrist,-60,-18,34.1,31.8,0,5v5,1,0,506,0.0754
2023020002,826,1115,2,5,8475191,wrist,-73,-1,16.0,3.6,0,5v5,1,0,506,0.2839
2023020002,830,1133,2,16,8484144,wrist,57,2,32.1,3.6,0,5v5,-1,0,506,0.0421
2023020002,855,64,3,5,8475191,tip-in,71,-6,19.0,18.4,0,5v5,1,0,506,0.054
2023020002,157,141,3,5,8471724,wrist,4,-37,92.7,23.5,0,5v5,1,0,506,0.0092
2023020002,877,166,3,16,8470621,wrist,-77,2,12.2,9.5,0,5v4,-1,0,506,0.1893
2023020002,880,189,3,16,8470621,wrist,-78,0,11.0,0.0,0,5v4,-1,0,506,0.1595
2023020002,895,268,3,16,8482117,slap,-75,25,28.7,60.8,0,5v4,-1,0,507,0.0259
2023020002,356,298,3,16,8477987,wrist,-82,1,7.1,8.1,0,5v4,-1,0,506,0.1366
2023020002,923,404,3,5,8471724,backhand,75,19,23.6,53.6,0,4v5,1,0,506,0.0061
2023020002,931,418,3,16,8479383,wrist,-78,-22,24.6,63.4,0,5v5,-1,0,506,0.0404
2023020002,935,430,3,5,8471675,snap,65,-21,31.9,41.2,0,5v5,1,0,506,0.0532
2023020002,936,453,3,5,8477404,snap,79,14,17.2,54.5,0,5v5,1,0,506,0.142
2023020002,942,480,3,16,8482176,wrist,-38,11,52.2,12.2,0,5v5,-1,0,506,0.0135
2023020002,949,532,3,16,8470621,wrist,-62,17,31.9,32.2,0,5v5,-1,0,507,0.0763
2023020002,1006,583,3,5,8474189,wrist,34,0,55.0,0.0,0,5v5,1,0,507,0.0041
2023020002,1007,605,3,16,8480252,wrist,-71,10,20.6,29.1,0,5v5,-1,1,505,0.1239
2023020002,1012,618,3,16,8482117,wrist,-55,-8,34.9,13.2,0,5v5,0,0,506,0.1243
2023020002,1023,700,3,5,8477404,snap,75,-19,23.6,53.6,0,5v5,0,0,506,0.1522
2023020002,1027,707,3,5,8477969,wrist,30,31,66.6,27.7,1,5v5,0,0,507,0.0006
2023020002,1035,768,3,5,8476442,tip-in,80,-12,15.0,53.1,0,5v5,0,0,507,0.0197
2023020002,1044,802,3,5,8471215,backhand,83,9,10.8,56.3,0,5v5,0,0,506,0.1391
2023020002,1045,814,3,5,8471215,wrist,65,-26,35.4,47.3,0,5v5,0,0,506,0.0261
2023020002,158,886,3,5,8474578,wrist,39,2,50.0,2.3,0,5v5,0,0,507,0.0086
2023020002,1117,929,3,16,8477450,wrist,-66,10,25.1,23.5,0,5v5,0,1,505,0.1245
2023020002,1130,996,3,16,8474870,wrist,-51,-30,48.4,38.3,0,5v5,1,0,507,0.0055
2023020002,1136,1008,3,5,8476483,wrist,48,-9,42.0,12.4,0,5v5,-1,0,506,0.0201
2023020002,1137,1036,3,5,8475191,backhand,80,14,16.6,57.3,0,5v5,-1,0,507,0.0353
2023020002,1140,1048,3,5,8471215,slap,35,-24,59.1,24.0,0,EmptyNet,-1,0,506,0.0713
2023020002,1147,1113,3,16,8473422,wrist,-78,1,11.0,5.2,0,EmptyNet,1,1,505,0.9205
2023020002,1202,1128,3,5,8475191,wrist,81,-16,17.9,63.4,0,5v5,-2,0,507,0.1728
2023020002,1204,1151,3,5,8474189,snap,64,15,29.2,31.0,0,EmptyNet,-2,0,506,0.0261
2023020002,161,1160,3,5,8471215,wrist,75,-27,30.4,62.6,0,EmptyNet,-2,0,506,0.0123
2023020003,56,14,1,55,8476467,slap,29,-4,60.1,3.8,0,5v5,0,0,507,0.0337
2023020003,153,67,1,55,8474586,backhand,74,25,29.2,59.0,0,5v5,0,0,506,0.0012
2023020003,251,69,1,55,8482665,wrist,87,-5,5.4,68.2,1,5v5,0,0,506,0.1053
2023020003,66,71,1,55,8478407,wrist,68,12,24.2,29.7,1,5v5,0,0,506,0.0934
2023020003,76,108,1,55,8477505,tip-in,19,25,74.3,19.7,0,5v5,0,0,506,0.0004
2023020003,88,188,1,55,8478407,slap,54,3,35.1,4.9,0,5v5,0,0,507,0.0858
2023020003,205,290,1,55,8478407,slap,58,11,32.9,19.5,0,5v4,0,0,507,0.0659
2023020003,234,419,1,55,8477444,slap,59,-19,35.5,32.3,0,5v5,0,0,506,0.0627
2023020003,237,436,1,54,8476905,tip-in,-83,7,9.2,49.4,0,5v5,0,1,505,0.0712
2023020003,301,480,1,54,8478434,wrist,-52,2,37.1,3.1,0,5v5,1,0,506,0.0275
2023020003,304,481,1,54,8478434,wrist,-76,5,13.9,21.0,1,5v5,1,0,506,0.0666
2023020003,162,566,1,55,8477444,wrist,75,-7,15.7,26.6,0,5v4,-1,0,506,0.196
2023020003,253,599,1,55,8475768,wrist,67,-6,22.8,15.3,0,5v4,-1,0,506,0.1531
2023020003,164,601,1,55,8479977,bat,84,-2,5.4,21.8,1,5v4,-1,0,507,0.2206
2023020003,325,605,1,55,8477416,wrist,59,-27,40.4,42.0,0,5v4,-1,0,506,0.0069
2023020003,327,628,1,54,8478462,wrist,-51,31,49.0,39.2,0,4v5,1,0,507,0.0066
2023020003,333,661,1,54,8476905,backhand,-70,2,19.1,6.0,0,5v5,1,0,506,0.0323
2023020003,337,677,1,54,8477964,wrist,-71,-5,18.7,15.5,0,5v5,1,0,506,0.1667
2023020003,338,679,1,54,8477964,wrist,-86,-7,7.6,66.8,1,5v5,1,0,507,0.1791
2023020003,350,720,1,55,8478840,slap,38,-25,56.8,26.1,0,5v5,-1,0,506,0.0435
2023020003,169,728,1,54,8477478,wrist,-87,-20,20.1,84.3,0,5v5,1,0,507,0.0632
2023020003,351,736,1,55,8478840,slap,59,-37,47.6,51.0,0,5v5,-1,0,506,0.0053
2023020003,352,747,1,54,8477478,wrist,-55,-17,38.0,26.6,0,5v5,1,0,506,0.044
2023020003,357,752,1,54,8474565,wrist,-71,21,27.7,49.4,0,5v5,1,0,507,0.0236
2023020003,364,805,1,55,8477416,wrist,62,-29,39.6,47.0,0,5v5,-1,0,506,0.009
2023020003,367,820,1,55,8476826,tip-in,83,-3,6.7,26.6,1,5v5,-1,0,506,0.0551
2023020003,368,824,1,55,8476457,wrist,67,22,31.1,45.0,0,5v5,-1,0,506,0.0403
2023020003,172,897,1,54,8476539,tip-in,-84,-7,8.6,54.5,0,5v5,1,1,505,0.0443
2023020003,514,1069,1,54,8476448,snap,-64,7,26.0,15.6,0,5v5,2,0,506,0.1787
2023020003,515,1078,1,54,8478020,wrist,-82,0,7.0,0.0,0,5v5,2,0,506,0.1444
2023020003,530,1171,1,54,8477478,tip-in,-82,-4,8.1,29.7,0,5v5,2,0,506,0.1055
2023020003,534,1182,1,55,8477444,wrist,61,22,35.6,38.2,0,5v5,-2,0,507,0.0258
2023020003,541,23,2,54,8478462,snap,83,-6,8.5,45.0,0,5v5,2,0,506,0.2052
2023020003,174,80,2,54,8477964,snap,67,8,23.4,20.0,0,5v5,2,1,505,0.1871
2023020003,605,114,2,54,8479353,wrist,76,22,25.6,59.4,0,5v5,3,0,506,0.0242
2023020003,611,140,2,54,8477018,wrist,34,24,60.0,23.6,0,5v5,3,0,506,0.0115
2023020003,623,194,2,55,8476826,wrist,-64,18,30.8,35.8,0,5v5,-3,0,506,0.1235
2023020003,625,206,2,55,8480009,wrist,-54,-1,35.0,1.6,0,5v5,-3,0,507,0.3255
2023020003,626,220,2,55,8478840,tip-in,-84,1,5.1,11.3,0,5v5,-3,0,507,0.1734
2023020003,631,232,2,54,8477964,wrist,78,3,11.4,15.3,0,5v5,3,0,506,0.0864
2023020003,635,239,2,54,8476539,wrist,36,16,55.4,16.8,0,5v5,3,0,506,0.0129
2023020003,656,371,2,55,8477955,wrist,-69,26,32.8,52.4,0,5v5,-3,0,506,0.0139
2023020003,182,372,2,55,8474586,wrist,-83,0,6.0,0.0,1,5v5,-3,0,506,0.1345
2023020003,658,390,2,55,8476467,wrist,-68,-36,41.7,59.7,0,5v5,-3,0,506,0.0027
2023020003,183,416,2,54,8474565,wrist,31,18,60.7,17.2,0,5v5,3,0,506,0.0027
2023020003,184,426,2,54,8477478,deflected,82,-1,7.1,8.1,0,5v5,3,0,506,0.2066
2023020003,671,490,2,55,8474602,slap,-41,-25,54.1,27.5,0,5v5,-3,0,506,0.0097
2023020003,186,499,2,55,8477955,wrist,-75,-1,14.0,4.1,0,5v5,-3,1,505,0.3612
2023020003,681,533,2,54,8476539,wrist,49,-7,40.6,9.9,0,5v4,2,0,506,0.067
2023020003,682,534,2,54,8475913,wrist,82,-7,9.9,45.0,1,5v4,2,0,506,0.0692
2023020003,683,578,2,54,8476905,tip-in,69,5,20.6,14.0,0,5v4,2,0,507,0.1359
2023020003,720,812,2,55,8477416,wrist,-75,24,27.8,59.7,0,5v4,-2,0,506,0.0799
2023020003,721,833,2,55,8478407,backhand,-75,17,22.0,50.5,0,5v4,-2,0,507,0.081
2023020003,722,835,2,55,8480009,wrist,-58,-40,50.6,52.2,1,5v4,-2,0,507,0.003
2023020003,727,895,2,55,8475208,slap,-37,-19,55.4,20.1,0,5v4,-2,0,507,0.0145
2023020003,730,911,2,55,8479293,tip-in,-65,11,26.4,24.6,0,5v5,-2,0,506,0.0255
2023020003,731,913,2,55,8476826,snap,-87,5,5.4,68.2,1,5v5,-2,0,506,0.0808
2023020003,735,933,2,55,8477505,deflected,-79,-2,10.2,11.3,0,5v5,-2,0,506,0.1252
2023020003,195,1056,2,55,8476826,slap,-58,28,41.8,42.1,0,5v5,-2,0,507,0.0113
2023020003,758,1081,2,54,8478403,wrist,19,-18,72.3,14.4,0,5v4,2,0,506,0.0038
2023020003,196,1108,2,54,8475913,wrist,59,-12,32.3,21.8,0,5v4,2,0,507,0.0991
2023020003,764,1125,2,54,8477964,snap,60,9,30.4,17.2,0,5v4,2,0,507,0.1405
2023020003,197,1195,2,54,8477447,wrist,34,-10,55.9,10.3,0,5v4,2,0,507,0.0125
2023020003,198,1197,2,54,8478462,wrist,83,-7,9.2,49.4,1,5v5,2,0,507,0.1168
2023020003,777,17,3,54,8478462,wrist,-49,15,42.7,20.6,0,5v5,2,0,506,0.1014
2023020003,780,47,3,54,8474565,snap,-59,-28,41.0,43.0,0,5v5,2,0,506,0.0129
2023020003,781,56,3,54,8479980,slap,-30,15,60.9,14.3,0,5v5,2,0,507,0.0055
2023020003,782,64,3,54,8474565,wrist,-43,20,50.2,23.5,0,5v5,2,0,506,0.0046
2023020003,800,163,3,54,8476448,wrist,-55,-21,40.0,31.7,0,5v5,2,0,507,0.0406
2023020003,808,199,3,54,8479980,wrist,-36,-12,54.3,12.8,0,5v5,2,0,506,0.0114
2023020003,817,225,3,54,8478403,wrist,-30,39,70.7,33.5,0,5v5,2,0,506,0.0123
2023020003,453,274,3,55,8476457,slap,59,-22,37.2,36.3,0,5v5,-2,0,507,0.1139
2023020003,822,285,3,55,8478407,snap,37,23,56.9,23.9,0,5v5,-2,0,506,0.0759
2023020003,827,324,3,55,8477955,slap,47,6,42.4,8.1,0,5v5,-2,0,506,0.1217
2023020003,832,329,3,55,8479293,deflected,69,-4,20.4,11.3,0,5v5,-2,0,507,0.0829
2023020003,833,349,3,54,8478020,wrist,-62,15,30.9,29.1,0,5v5,2,0,506,0.0653
2023020003,843,368,3,55,8477955,tip-in,82,-2,7.3,15.9,0,5v4,-2,0,506,0.1681
2023020003,845,400,3,55,8477955,wrist,58,25,39.8,38.9,0,5v4,-2,0,506,0.0603
2023020003,1067,547,3,55,8478407,wrist,46,-2,43.0,2.7,0,5v4,-2,0,507,0.0214
2023020003,1077,597,3,55,8479977,backhand,82,2,7.3,15.9,0,5v4,-2,0,506,0.2116
2023020003,457,604,3,55,8480009,wrist,62,33,42.6,50.7,0,5v4,-2,0,506,0.0095
2023020003,1080,619,3,55,8477416,slap,57,-22,38.8,34.5,0,5v4,-2,0,506,0.0281
2023020003,1089,659,3,55,8476457,slap,40,5,49.3,5.8,0,5v4,-2,0,506,0.1388
2023020003,1098,701,3,54,8475913,wrist,-75,-9,16.6,32.7,0,5v4,2,0,507,0.0386
2023020003,462,789,3,54,8478462,wrist,-72,10,19.7,30.5,0,5v4,2,0,507,0.0562
2023020003,1115,820,3,55,8482665,wrist,68,12,24.2,29.7,0,5v5,-2,0,506,0.1048
2023020003,1117,827,3,55,8474586,wrist,70,8,20.6,22.8,0,5v5,-2,0,506,0.1467
2023020003,1121,853,3,55,8478407,wrist,51,-4,38.2,6.0,0,5v5,-2,0,507,0.0349
2023020003,1150,997,3,54,8476539,wrist,-63,10,27.9,21.0,0,5v4,2,0,507,0.1177
2023020003,465,1125,3,54,8478403,wrist,17,-9,72.6,7.1,0,EmptyNet,2,1,505,0.969
2023020004,55,32,1,9,8480801,wrist,78,-1,11.0,5.2,1,5v5,0,0,507,0.1759
2023020004,9,95,1,9,8480801,tip-in,80,7,11.4,37.9,0,5v4,0,0,507,0.1074
2023020004,68,103,1,9,8480801,tip-in,82,6,9.2,40.6,0,5v4,0,0,506,0.1909
2023020004,74,138,1,9,8478469,wrist,44,18,48.5,21.8,0,5v4,0,0,507,0.0162
2023020004,85,189,1,9,8478078,wrist,59,6,30.6,11.3,0,5v4,0,0,506,0.0936
2023020004,10,194,1,9,8478472,tip-in,78,0,11.0,0.0,0,5v5,0,1,505,0.0666
2023020004,219,347,1,9,8482116,wrist,67,-14,26.1,32.5,0,4v5,1,0,506,0.0515
2023020004,225,364,1,9,8482116,wrist,81,15,17.0,61.9,0,5v5,1,0,506,0.0379
2023020004,227,372,1,12,8475855,backhand,-76,5,13.9,21.0,0,5v5,-1,0,506,0.0813
2023020004,230,376,1,12,8475855,wrist,-67,-6,22.8,15.3,0,5v5,-1,0,506,0.1832
2023020004,232,378,1,12,8470613,slap,-42,15,49.3,17.7,0,5v5,-1,0,506,0.0129
2023020004,233,381,1,12,8476958,wrist,-72,-40,43.5,67.0,1,5v5,-1,0,506,0.0016
2023020004,15,387,1,12,8476958,wrist,-45,1,44.0,1.3,0,5v5,-1,0,507,0.0232
2023020004,14,390,1,12,8470613,snap,-63,41,48.5,57.6,1,5v5,-1,0,507,0.0014
2023020004,235,411,1,9,8478078,deflected,75,0,14.0,0.0,0,5v5,1,0,506,0.1186
2023020004,16,428,1,9,8478472,backhand,38,32,60.2,32.1,0,5v5,1,0,507,0.0018
2023020004,17,443,1,12,8477950,wrist,-37,34,62.1,33.2,0,5v5,-1,0,506,0.0101
2023020004,257,536,1,9,8478078,backhand,81,-9,12.0,48.4,0,5v5,1,0,506,0.0901
2023020004,263,578,1,9,8480208,wrist,69,-21,29.0,46.4,0,5v5,1,0,506,0.0635
2023020004,280,660,1,9,8480801,wrist,62,24,36.1,41.6,0,5v5,1,0,506,0.0132
2023020004,285,668,1,12,8475855,tip-in,-71,-3,18.2,9.5,0,5v5,-1,0,506,0.0649
2023020004,292,707,1,12,8477950,wrist,-36,-30,60.9,29.5,0,5v5,-1,0,506,0.0083
2023020004,295,717,1,9,8480208,wrist,54,13,37.3,20.4,0,5v5,1,0,507,0.0253
2023020004,299,752,1,12,8476958,wrist,-55,-29,44.7,40.5,0,5v5,-1,0,506,0.0239
2023020004,300,753,1,12,8482093,backhand,-91,-8,8.2,104.0,1,5v5,-1,0,506,0.0009
2023020004,20,817,1,12,8476474,wrist,-50,-23,45.3,30.5,0,5v5,-1,0,506,0.0071
2023020004,364,823,1,12,8473533,snap,-72,-1,17.0,3.4,0,5v5,-1,0,506,0.1253
2023020004,366,845,1,12,8476921,wrist,-26,-1,63.0,0.9,0,5v5,-1,0,507,0.0038
2023020004,370,871,1,12,8480835,wrist,-57,-15,35.3,25.1,0,5v5,-1,0,507,0.0452
2023020004,378,895,1,12,8475200,wrist,-54,26,43.6,36.6,0,5v5,-1,0,506,0.0242
2023020004,383,923,1,9,8477330,snap,73,-1,16.0,3.6,0,5v5,1,0,506,0.4544
2023020004,395,985,1,12,8476882,slap,-30,17,61.4,16.1,0,5v5,-1,0,507,0.0072
2023020004,22,998,1,9,8477330,deflected,8,16,82.6,11.2,0,5v5,1,0,506,0.006
2023020004,406,1057,1,12,8476869,wrist,-50,-41,56.6,46.4,0,5v5,-1,0,507,0.0028
2023020004,419,1126,1,12,8478427,slap,-57,-26,41.2,39.1,0,5v5,-1,0,507,0.0175
2023020004,24,1134,1,12,8480829,wrist,-86,-5,5.8,59.0,0,5v5,-1,0,506,0.1138
2023020004,25,1135,1,12,8480829,poke,-88,-4,4.1,76.0,1,5v5,-1,0,506,0.0581
2023020004,653,1147,1,9,8480801,wrist,83,15,16.2,68.2,0,5v5,1,0,507,0.0591
2023020004,424,1148,1,9,8480801,wrist,94,26,26.5,100.9,1,5v5,1,0,506,0.0039
2023020004,440,36,2,9,8479345,wrist,-53,-38,52.3,46.5,0,5v5,1,0,506,0.0075
2023020004,31,60,2,9,8480208,wrist,-46,1,43.0,1.3,0,5v5,1,0,507,0.0163
2023020004,449,95,2,9,8482105,wrist,-54,-39,52.4,48.1,0,5v5,1,0,507,0.0056
2023020004,611,152,2,12,8482093,slap,50,-15,41.8,21.0,0,5v4,-1,0,506,0.1168
2023020004,33,154,2,12,8478047,bat,83,-1,6.1,9.5,1,5v4,-1,0,506,0.1127
2023020004,34,175,2,12,8478047,wrist,84,5,7.1,45.0,0,5v4,-1,1,505,0.2209
2023020004,627,225,2,9,8480208,backhand,-88,-12,12.0,85.2,0,5v4,0,0,506,0.0044
2023020004,36,265,2,9,8473512,snap,-81,4,8.9,26.6,0,5v4,0,0,507,0.2065
2023020004,37,277,2,9,8480208,snap,-87,-3,3.6,56.3,0,5v4,0,0,506,0.488
2023020004,633,285,2,9,8480801,wrist,-49,14,42.4,19.3,0,5v4,0,0,507,0.0537
2023020004,647,362,2,9,8480073,wrist,-37,-38,64.4,36.2,0,5v5,0,0,506,0.0136
2023020004,704,393,2,9,8480208,wrist,-80,5,10.3,29.1,0,5v4,0,0,506,0.0969
2023020004,709,415,2,9,8478469,wrist,-29,15,61.8,14.0,0,5v4,0,0,506,0.0045
2023020004,723,496,2,9,8482092,wrist,-64,36,43.8,55.2,0,5v4,0,0,506,0.0164
2023020004,732,542,2,9,8480448,wrist,-65,-19,30.6,38.4,0,5v5,0,0,506,0.099
2023020004,741,585,2,12,8477950,wrist,84,-37,37.3,82.3,1,5v5,0,0,506,0.0005
2023020004,743,593,2,9,8482105,deflected,-79,4,10.8,21.8,0,5v5,0,0,507,0.2266
2023020004,760,622,2,12,8470613,snap,60,19,34.7,33.2,0,5v4,0,0,507,0.0693
2023020004,763,638,2,12,8477950,wrist,47,-8,42.8,10.8,0,5v4,0,0,506,0.0476
2023020004,775,692,2,9,8482092,wrist,92,-28,28.2,96.1,0,4v5,0,0,506,0.0022
2023020004,778,712,2,12,8480829,wrist,68,-25,32.6,50.0,0,5v4,0,0,506,0.0213
2023020004,795,813,2,12,8476869,wrist,48,28,49.6,34.3,0,5v5,0,0,506,0.0071
2023020004,803,849,2,12,8482093,wrist,86,10,10.4,73.3,0,5v5,0,0,506,0.0636
2023020004,810,880,2,12,8475200,wrist,78,24,26.4,65.4,0,5v5,0,0,506,0.0359
2023020004,44,885,2,12,8476869,wrist,43,37,59.0,38.8,0,5v5,0,0,506,0.0052
2023020004,815,887,2,12,8476921,tip-in,64,11,27.3,23.7,0,5v5,0,0,507,0.0358
2023020004,45,915,2,12,8477488,wrist,44,-40,60.2,41.6,0,5v5,0,0,506,0.0104
2023020004,830,985,2,12,8478047,tip-in,30,-8,59.5,7.7,0,5v5,0,0,506,0.0062
2023020004,832,997,2,12,8482093,wrist,58,11,32.9,19.5,0,5v5,0,0,506,0.0908
2023020004,836,1014,2,9,8478472,wrist,-79,9,13.5,42.0,0,5v5,0,0,507,0.0791
2023020004,843,1041,2,12,8480829,wrist,68,-10,23.3,25.5,0,5v5,0,0,506,0.1572
2023020004,844,1048,2,12,8480039,wrist,91,-29,29.1,93.9,0,5v5,0,0,507,0.0095
2023020004,845,1065,2,12,8477488,wrist,31,-10,58.9,9.8,0,5v5,0,0,507,0.0183
2023020004,846,1066,2,12,8476869,snap,78,23,25.5,64.4,1,5v5,0,0,507,0.07
2023020004,46,1077,2,12,8476882,snap,74,-31,34.4,64.2,0,5v5,0,1,505,0.0091
2023020004,851,1084,2,12,8473533,wrist,72,-27,31.9,57.8,0,5v5,1,0,506,0.0197
2023020004,852,1095,2,12,8475855,backhand,86,6,6.7,63.4,0,5v5,1,0,506,0.093
2023020004,861,1170,2,12,8478047,wrist,43,-24,51.9,27.6,0,5v5,1,0,506,0.0089
2023020004,551,1199,2,9,8475765,backhand,-85,6,7.2,56.3,0,5v5,-1,0,507,0.0951
2023020004,554,20,3,12,8473533,backhand,-75,1,14.0,4.1,0,5v5,1,1,505,0.1383
2023020004,555,41,3,9,8480208,backhand,81,18,19.7,66.0,0,5v5,-2,0,506,0.0296
2023020004,882,65,3,9,8482105,wrist,79,22,24.2,65.6,0,5v5,-2,0,506,0.0395
2023020004,903,166,3,12,8477488,snap,-70,13,23.0,34.4,1,5v5,2,0,507,0.0486
2023020004,907,173,3,9,8480801,wrist,68,27,34.2,52.1,0,5v5,-2,0,507,0.0113
2023020004,911,199,3,12,8470613,wrist,-34,36,65.7,33.2,0,5v5,2,0,506,0.0299
2023020004,920,214,3,9,8473512,wrist,56,-29,43.9,41.3,0,4v5,-2,0,506,0.0074
2023020004,923,246,3,12,8482093,tip-in,-73,-3,16.3,10.6,0,5v4,2,0,507,0.1274
2023020004,557,248,3,12,8478047,wrist,-91,-13,13.2,98.7,1,5v4,2,0,507,0.0025
2023020004,933,271,3,12,8480039,wrist,-52,4,37.2,6.2,0,5v4,2,0,506,0.0266
2023020004,941,314,3,9,8480448,wrist,76,1,13.0,4.4,0,4v5,-2,1,505,0.3172
2023020004,947,336,3,12,8476869,wrist,-58,-7,31.8,12.7,0,5v4,1,0,507,0.0848
2023020004,951,349,3,9,8482116,wrist,78,21,23.7,62.4,0,5v5,-1,1,505,0.0273
2023020004,959,373,3,12,8478427,snap,-56,-14,35.8,23.0,0,5v5,0,0,506,0.0619
2023020004,974,447,3,12,8475855,tip-in,-84,8,9.4,58.0,1,5v5,0,0,507,0.0618
2023020004,976,471,3,12,8476869,slap,-47,-35,54.7,39.8,0,5v5,0,1,505,0.0088
2023020004,559,491,3,9,8480448,backhand,80,-36,37.1,76.0,0,5v5,-1,0,507,0.0003
2023020004,979,500,3,12,8478427,snap,-79,12,15.6,50.2,0,5v5,1,0,506,0.1073
2023020004,1105,640,3,9,8477330,slap,40,-5,49.3,5.8,0,5v4,-1,0,506,0.1393
2023020004,561,665,3,12,8476958,wrist,-72,-4,17.5,13.2,0,4v5,1,1,505,0.2401
2023020004,1116,669,3,12,8480835,wrist,-41,-30,56.6,32.0,0,4v5,2,0,506,0.0122
2023020004,1135,781,3,12,8482093,deflected,-79,-3,10.4,16.7,0,5v4,2,0,507,0.1736
2023020004,1151,845,3,12,8480039,wrist,-57,33,46.0,45.9,0,5v4,2,0,506,0.0603
2023020004,1179,990,3,12,8478047,snap,-75,-35,37.7,68.2,0,5v5,2,0,507,0.0039
2023020004,1187,1039,3,12,8475855,tip-in,-75,12,18.4,40.6,0,5v5,2,0,506,0.0237
2023020004,1198,1098,3,9,8480073,slap,48,21,46.1,27.1,0,4v5,-2,0,506,0.0658
2023020004,1206,1151,3,9,8482105,snap,91,10,10.2,101.3,0,4v5,-2,0,506,0.0487
2023020004,1214,1167,3,9,8480208,wrist,56,27,42.6,39.3,0,4v5,-2,0,507,0.0185
2023020004,1216,1177,3,9,8478469,wrist,55,22,40.5,32.9,0,EmptyNet,-2,0,506,0.0387
2023020005,62,49,1,10,8477503,wrist,-48,-15,43.7,20.1,0,5v5,0,0,506,0.0195
2023020005,64,54,1,8,8482087,wrist,-95,13,14.3,114.8,0,5v5,0,0,506,0.0246
2023020005,65,69,1,10,8475906,wrist,-61,34,44.0,50.5,0,5v5,0,0,506,0.0185
2023020005,202,181,1,8,8478133,wrist,81,-8,11.3,45.0,0,5v5,0,1,505,0.1837
2023020005,92,216,1,8,8482087,wrist,-85,-9,9.8,66.0,0,5v5,1,0,506,0.1296
2023020005,203,249,1,10,8475166,wrist,-81,7,10.6,41.2,0,5v5,-1,0,506,0.1331
2023020005,151,265,1,10,8477939,snap,-81,14,16.1,60.3,0,5v5,-1,0,506,0.0908
2023020005,165,300,1,10,8470966,wrist,94,-11,12.1,114.4,0,4v5,-1,0,506,0.0074
2023020005,166,327,1,8,8480018,wrist,67,-23,31.8,46.3,0,5v4,1,0,506,0.0427
2023020005,167,335,1,8,8476875,slap,44,2,45.0,2.5,0,5v4,1,0,506,0.086
2023020005,193,479,1,8,8476981,wrist,64,23,34.0,42.6,0,5v5,1,0,506,0.0397
2023020005,199,500,1,8,8477497,wrist,70,20,27.6,46.5,0,5v5,1,0,506,0.0553
2023020005,379,625,1,10,8479318,tip-in,-86,8,8.5,69.4,0,5v4,-1,0,507,0.2007
2023020005,382,673,1,10,8479318,tip-in,-84,1,5.1,11.3,0,5v4,-1,0,506,0.4797
2023020005,393,734,1,10,8480043,wrist,-74,10,18.0,33.7,0,5v4,-1,0,506,0.1351
2023020005,395,740,1,10,8475714,tip-in,-78,0,11.0,0.0,0,5v4,-1,0,507,0.0956
2023020005,401,773,1,10,8479393,wrist,-49,7,40.6,9.9,0,5v5,-1,0,507,0.0608
2023020005,209,802,1,8,8476981,backhand,68,-4,21.4,10.8,0,5v5,1,0,507,0.0955
2023020005,411,835,1,10,8477939,backhand,-56,-8,34.0,13.6,0,5v5,-1,0,507,0.0251
2023020005,604,888,1,10,8479393,wrist,-86,-15,15.3,78.7,0,5v5,-1,0,506,0.0303
2023020005,443,1004,1,8,8480018,wrist,50,9,40.0,13.0,0,5v5,1,0,506,0.0725
2023020005,448,1018,1,8,8475233,wrist,54,-19,39.8,28.5,0,5v5,1,0,507,0.0269
2023020005,210,1037,1,8,8483515,wrist,52,28,46.4,37.1,0,5v5,1,0,507,0.0207
2023020005,505,1054,1,8,8483515,wrist,62,-23,35.5,40.4,0,5v5,1,0,507,0.0652
2023020005,506,1058,1,8,8480887,wrist,29,39,71.6,33.0,0,5v5,1,0,506,0.004
2023020005,509,1065,1,8,8480887,wrist,58,35,46.8,48.5,0,5v5,1,0,506,0.0731
2023020005,515,1097,1,10,8471817,wrist,-80,-15,17.5,59.0,0,5v5,-1,0,506,0.0627
2023020005,603,1156,1,10,8476853,wrist,-79,-39,40.3,75.6,0,5v5,-1,0,506,0.0026
2023020005,530,1183,1,8,8477497,tip-in,11,17,79.8,12.3,0,5v5,1,0,506,0.0034
2023020005,212,70,2,8,8481618,deflected,-85,-9,9.8,66.0,0,5v5,1,1,505,0.1047
2023020005,213,101,2,10,8470966,wrist,34,28,61.7,27.0,0,5v5,-2,0,506,0.0265
2023020005,560,164,2,8,8476981,slap,-57,-1,32.0,1.8,0,5v5,2,0,506,0.2706
2023020005,572,252,2,10,8475166,wrist,62,-14,30.4,27.4,0,5v4,-2,0,506,0.055
2023020005,577,281,2,10,8477479,slap,58,21,37.4,34.1,0,5v4,-2,0,506,0.031
2023020005,587,314,2,10,8476853,snap,56,39,51.1,49.8,0,5v5,-2,0,507,0.0126
2023020005,216,354,2,10,8474673,wrist,-34,-24,60.0,23.6,0,4v5,-2,0,506,0.0233
2023020005,217,466,2,10,8479393,wrist,64,25,35.4,45.0,0,4v5,-2,1,505,0.0176
2023020005,700,649,2,8,8481093,tip-in,-84,-2,5.4,21.8,0,5v5,1,0,507,0.1316
2023020005,757,686,2,10,8480043,slap,58,9,32.3,16.2,0,5v5,-1,0,506,0.0866
2023020005,758,688,2,10,8480144,snap,78,27,29.2,67.8,1,5v5,-1,0,506,0.0456
2023020005,774,761,2,10,8477479,wrist,69,-20,28.3,45.0,0,5v5,-1,0,506,0.038
2023020005,776,783,2,10,8476853,slap,50,8,39.8,11.6,0,5v5,-1,0,507,0.0605
2023020005,220,886,2,10,8477939,wrist,52,-1,37.0,1.5,0,5v4,-1,0,507,0.0226
2023020005,794,891,2,10,8479318,wrist,77,-16,20.0,53.1,0,5v4,-1,1,505,0.0897
2023020005,798,917,2,10,8471817,wrist,73,-36,39.4,66.0,0,5v5,0,0,507,0.012
2023020005,807,976,2,10,8483489,tip-in,81,-2,8.2,14.0,0,5v5,0,0,507,0.0628
2023020005,814,1028,2,10,8478483,wrist,74,-12,19.2,38.7,0,5v5,0,0,506,0.1212
2023020005,822,1074,2,10,8475166,deflected,74,5,15.8,18.4,0,5v5,0,0,506,0.0992
2023020005,605,1077,2,10,8477939,bat,91,9,9.2,102.5,1,5v5,0,0,506,0.0118
2023020005,823,1081,2,10,8477939,wrist,70,-15,24.2,38.3,0,5v5,0,0,506,0.0915
2023020005,829,1114,2,10,8477939,wrist,50,-24,45.8,31.6,0,5v5,0,0,506,0.0127
2023020005,222,1149,2,10,8478483,wrist,77,-8,14.4,33.7,0,5v4,0,0,506,0.0751
2023020005,223,1155,2,10,8477939,slap,60,32,43.2,47.8,0,5v4,0,1,505,0.0086
2023020005,847,10,3,10,8477479,snap,-69,10,22.4,26.6,0,5v5,1,0,506,0.1666
2023020005,225,109,3,10,8477503,tip-in,-81,0,8.0,0.0,0,5v5,1,0,507,0.1826
2023020005,876,145,3,10,8483489,wrist,-70,-32,37.2,59.3,0,5v5,1,0,506,0.0037
2023020005,877,153,3,10,8475906,slap,-22,7,67.4,6.0,0,5v5,1,0,507,0.0036
2023020005,887,209,3,10,8477479,wrist,-76,10,16.4,37.6,0,5v5,1,0,507,0.0666
2023020005,889,230,3,10,8479318,wrist,-57,10,33.5,17.4,0,5v5,1,0,506,0.0841
2023020005,893,249,3,10,8479318,wrist,-77,-1,12.0,4.8,0,5v5,1,0,506,0.232
2023020005,226,265,3,8,8481540,wrist,48,0,41.0,0.0,0,5v4,-1,1,505,0.0222
2023020005,1012,317,3,8,8481523,backhand,81,1,8.1,7.1,0,5v5,0,0,506,0.2627
2023020005,227,347,3,8,8481618,tip-in,71,-1,18.0,3.2,0,5v5,0,1,505,0.0379
2023020005,1030,403,3,10,8476853,wrist,-55,-37,50.2,47.4,0,5v5,-1,0,506,0.0025
2023020005,1045,496,3,8,8481523,wrist,50,36,53.1,42.7,0,5v5,1,0,506,0.0029
2023020005,1048,503,3,8,8483515,tip-in,74,3,15.3,11.3,0,5v5,1,0,507,0.0428
2023020005,228,516,3,8,8483515,wrist,64,24,34.7,43.8,0,5v5,1,0,506,0.0397
2023020005,1049,518,3,8,8481523,wrist,58,-18,35.8,30.1,1,5v5,1,0,506,0.0109
2023020005,1111,591,3,8,8477497,tip-in,81,-6,10.0,36.9,0,5v5,1,0,507,0.1564
2023020005,1116,607,3,10,8477503,wrist,-53,-35,50.2,44.2,0,5v5,-1,0,506,0.0019
2023020005,229,611,3,10,8474673,wrist,-33,26,61.7,24.9,0,5v5,-1,0,506,0.0099
2023020005,1129,685,3,10,8477479,wrist,-62,-27,38.2,45.0,0,5v5,-1,0,506,0.0064
2023020005,1133,715,3,8,8481058,backhand,80,13,15.8,55.3,0,5v5,1,1,505,0.0939
2023020005,607,731,3,8,8477497,deflected,62,3,27.2,6.3,0,5v5,2,0,507,0.0707
2023020005,1212,854,3,8,8476871,wrist,73,34,37.6,64.8,0,5v5,2,0,507,0.0059
2023020005,233,914,3,10,8479393,wrist,-70,-17,25.5,41.8,0,5v5,-2,0,506,0.0708
2023020005,1226,928,3,10,8479318,wrist,-83,18,19.0,71.6,0,EmptyNet,-2,1,505,0.0538
2023020005,1233,972,3,8,8476981,wrist,66,-18,29.2,38.0,0,5v5,1,0,506,0.0551
2023020005,1235,973,3,8,8480018,snap,70,0,19.0,0.0,1,5v5,1,0,507,0.0719
2023020005,235,1104,3,10,8477479,tip-in,-78,0,11.0,0.0,0,EmptyNet,-1,0,506,0.1075
2023020005,238,1133,3,10,8479318,wrist,-81,8,11.3,45.0,0,EmptyNet,-1,1,505,0.3783
2023020005,239,1155,3,10,8479393,wrist,65,-39,45.8,58.4,0,5v5,0,0,506,0.0077
2023020005,1267,1198,3,8,8476875,wrist,57,39,50.4,50.6,0,5v5,0,0,506,0.0162
2023020005,1273,26,4,10,8479318,wrist,69,15,25.0,36.9,0,3v3,0,0,506,0.0821
2023020005,1281,88,4,10,8479318,wrist,77,3,12.4,14.0,0,3v3,0,0,506,0.3498
2023020005,1289,143,4,10,8482720,backhand,85,-4,5.7,45.0,0,3v3,0,0,506,0.3922
2023020005,1291,157,4,8,8477497,wrist,-53,13,38.3,19.9,0,3v3,0,0,506,0.0569
2023020005,241,249,4,8,8480018,wrist,-60,20,35.2,34.6,0,5v5,0,0,506,0.0898
2023020005,609,273,4,8,8481540,slap,-78,-31,32.9,70.5,0,5v5,0,0,507,0.0216
2023020006,56,10,1,6,8480880,backhand,78,-1,11.0,5.2,0,5v5,0,0,506,0.1896
2023020006,252,12,1,6,8480880,backhand,93,-4,5.7,135.0,0,5v5,0,0,506,0.0078
2023020006,253,13,1,6,8481556,wrist,80,7,11.4,37.9,1,5v5,0,0,506,0.1728
2023020006,66,40,1,16,8475791,wrist,-63,10,27.9,21.0,0,5v5,0,0,506,0.1399
2023020006,69,89,1,6,8476891,snap,34,-4,55.1,4.2,0,5v5,0,0,506,0.0075
2023020006,218,121,1,6,8479365,wrist,69,38,42.9,62.2,1,5v5,0,0,507,0.0056
2023020006,152,138,1,6,8483505,backhand,77,14,18.4,49.4,0,5v5,0,0,506,0.0557
2023020006,153,238,1,6,8473419,wrist,67,-22,31.1,45.0,0,5v4,0,0,506,0.0465
2023020006,155,282,1,16,8475797,snap,88,-17,17.0,86.6,0,4v5,0,0,506,0.0077
2023020006,156,335,1,16,8484144,wrist,-81,24,25.3,71.6,0,5v5,0,0,506,0.023
2023020006,157,337,1,16,8484144,wrap-around,-88,-3,3.2,71.6,1,5v5,0,1,505,0.0103
2023020006,158,379,1,6,8480880,tip-in,65,-1,24.0,2.4,0,5v5,-1,0,507,0.0341
2023020006,227,402,1,6,8477956,wrist,39,-36,61.6,35.8,0,5v5,-1,0,507,0.0062
2023020006,228,409,1,6,8476854,wrist,36,39,65.8,36.3,0,5v5,-1,0,507,0.0492
2023020006,256,423,1,6,8474037,wrist,76,8,15.3,31.6,1,5v5,-1,0,506,0.084
2023020006,235,455,1,6,8474031,snap,47,-38,56.6,42.1,0,5v5,-1,0,506,0.0297
2023020006,303,526,1,16,8477495,wrist,-32,27,63.1,25.3,0,5v5,1,0,507,0.0051
2023020006,307,574,1,6,8479325,wrist,29,-38,71.0,32.3,0,5v5,-1,0,507,0.0188
2023020006,260,587,1,16,8474870,wrist,-68,5,21.6,13.4,0,5v5,1,0,507,0.2345
2023020006,314,618,1,6,8479365,wrist,78,-3,11.4,15.3,0,5v5,-1,0,506,0.243
2023020006,320,643,1,16,8476960,wrist,-63,-30,39.7,49.1,0,5v5,1,0,506,0.0119
2023020006,323,666,1,16,8470621,tip-in,-59,-16,34.0,28.1,0,5v5,1,0,506,0.0213
2023020006,161,682,1,6,8479365,tip-in,83,-10,11.7,59.0,0,5v5,-1,1,505,0.03
2023020006,348,787,1,16,8476960,backhand,-84,17,17.7,73.6,0,5v5,0,0,506,0.0169
2023020006,351,825,1,6,8475762,wrist,83,22,22.8,74.7,0,5v5,0,0,506,0.0222
2023020006,162,871,1,16,8481568,wrist,-37,-26,58.1,26.6,0,5v5,0,0,507,0.0257
2023020006,381,1018,1,16,8475791,wrist,-49,-36,53.8,42.0,0,5v4,0,0,506,0.0096
2023020006,163,1020,1,16,8484144,wrist,-80,1,9.1,6.3,1,5v5,0,0,506,0.0697
2023020006,387,1026,1,6,8476854,wrist,68,23,31.1,47.6,0,5v5,0,0,507,0.0438
2023020006,391,1045,1,6,8474031,backhand,86,15,15.3,78.7,0,5v5,0,0,506,0.0155
2023020006,393,1070,1,6,8476854,wrist,60,24,37.6,39.6,0,5v5,0,0,506,0.0589
2023020006,517,1186,1,6,8479987,wrist,43,-7,46.5,8.7,0,5v5,0,0,507,0.0115
2023020006,524,17,2,6,8473419,wrist,-74,14,20.5,43.0,1,5v5,0,0,507,0.0953
2023020006,266,183,2,6,8476891,wrist,-36,-9,53.8,9.6,0,5v5,0,0,507,0.0072
2023020006,552,208,2,6,8477956,slap,-32,20,60.4,19.3,0,5v4,0,0,507,0.0274
2023020006,560,280,2,6,8474031,wrist,-36,1,53.0,1.1,0,5v4,0,0,507,0.0114
2023020006,561,281,2,6,8479987,wrist,-82,6,9.2,40.6,1,5v4,0,0,506,0.111
2023020006,267,283,2,6,8479987,wrist,-86,4,5.0,53.1,1,5v4,0,0,506,0.089
2023020006,562,295,2,6,8479987,wrist,-86,3,4.2,45.0,0,5v4,0,0,506,0.2288
2023020006,565,306,2,6,8474031,wrist,-33,1,56.0,1.0,0,5v4,0,0,506,0.009
2023020006,582,381,2,16,8474870,wrist,73,-2,16.1,7.1,0,5v5,0,0,507,0.0984
2023020006,588,425,2,16,8477987,backhand,83,-10,11.7,59.0,0,5v5,0,0,506,0.0245
2023020006,610,552,2,16,8481568,wrist,35,32,62.8,30.7,0,4v5,0,0,506,0.0029
2023020006,614,575,2,16,8479390,wrist,79,-9,13.5,42.0,0,4v5,0,0,506,0.0412
2023020006,640,746,2,16,8479383,tip-in,65,5,24.5,11.8,0,5v5,0,0,507,0.0346
2023020006,645,789,2,6,8477956,wrist,-67,-18,28.4,39.3,0,5v5,0,1,505,0.0873
2023020006,657,862,2,6,8479325,wrist,78,32,33.8,71.0,0,5v5,1,0,506,0.0251
2023020006,658,880,2,6,8478498,wrist,-66,-6,23.8,14.6,0,5v5,1,0,507,0.1073
2023020006,670,921,2,6,8478401,wrist,-51,26,46.0,34.4,0,5v5,1,0,506,0.0183
2023020006,684,983,2,16,8484144,wrist,50,6,39.5,8.7,0,5v5,-1,0,507,0.0302
2023020006,689,1027,2,16,8484144,wrist,56,-26,42.0,38.2,0,5v5,-1,0,506,0.0048
2023020006,166,1045,2,16,8477987,tip-in,79,-8,12.8,38.7,0,5v5,-1,0,506,0.0458
2023020006,751,1093,2,6,8475745,backhand,-76,3,13.3,13.0,1,5v5,1,0,506,0.0547
2023020006,269,1135,2,6,8473419,wrist,-66,-9,24.7,21.4,0,5v5,1,0,507,0.1375
2023020006,167,1161,2,6,8478498,wrist,-83,-1,6.1,9.5,0,5v5,1,0,506,0.1546
2023020006,758,1168,2,6,8476854,wrist,-89,-17,17.0,90.0,0,5v5,1,0,506,0.0097
2023020006,763,1178,2,6,8477956,wrist,-47,-32,52.8,37.3,0,5v5,1,0,507,0.0081
2023020006,808,222,3,16,8481568,wrist,-56,-12,35.1,20.0,0,5v5,-1,0,506,0.0647
2023020006,817,277,3,16,8482117,wrist,-74,-10,18.0,33.7,0,5v5,-1,0,506,0.1703
2023020006,271,282,3,16,8483466,wrist,-21,-2,68.0,1.7,0,5v5,-1,0,507,0.0009
2023020006,822,298,3,16,8482117,wrist,-84,-26,26.5,79.1,0,5v5,-1,0,506,0.0311
2023020006,848,435,3,16,8477987,slap,-49,-28,48.8,35.0,0,5v5,-1,0,506,0.0131
2023020006,858,486,3,6,8483505,wrist,61,16,32.2,29.7,0,5v5,1,0,506,0.1293
2023020006,864,512,3,6,8479365,wrist,65,-1,24.0,2.4,0,5v5,1,0,507,0.119
2023020006,870,529,3,6,8478401,tip-in,79,-2,10.2,11.3,0,5v5,1,0,506,0.0742
2023020006,874,569,3,16,8476473,wrist,-69,22,29.7,47.7,0,5v5,-1,0,507,0.0207
2023020006,728,580,3,16,8474870,wrist,-84,4,6.4,38.7,1,5v5,-1,0,507,0.0975
2023020006,876,589,3,16,8474870,tip-in,-78,3,11.4,15.3,0,5v5,-1,0,507,0.0767
2023020006,273,621,3,6,8477956,wrap-around,87,9,9.2,77.5,0,5v5,1,0,506,0.0384
2023020006,894,680,3,16,8475797,slap,-35,-29,61.3,28.2,0,5v5,-1,0,506,0.0057
2023020006,905,739,3,6,8478498,wrist,40,10,50.0,11.5,0,5v5,1,0,506,0.0046
2023020006,907,747,3,6,8478498,wrist,88,-10,10.0,84.3,0,5v5,1,0,507,0.0206
2023020006,908,752,3,6,8479365,wrist,74,20,25.0,53.1,0,5v5,1,0,506,0.0324
2023020006,168,782,3,16,8477987,slap,1,-8,88.4,5.2,0,5v5,-1,0,507,0.0026
2023020006,729,826,3,16,8474870,slap,-29,-24,64.6,21.8,0,5v5,-1,0,507,0.0146
2023020006,936,899,3,16,8484144,wrist,-61,-8,29.1,15.9,0,5v5,-1,0,506,0.1251
2023020006,169,900,3,16,8484144,wrist,-81,-5,9.4,32.0,1,5v5,-1,0,506,0.1754
2023020006,941,942,3,6,8476854,wrist,46,3,43.1,4.0,0,5v5,1,0,506,0.0154
2023020006,1061,1061,3,6,8477956,wrist,88,9,9.1,83.7,0,5v5,1,0,506,0.0237
2023020006,1062,1071,3,6,8478401,tip-in,76,14,19.1,47.1,0,5v5,1,0,506,0.0126
2023020006,1066,1081,3,6,8478443,wrist,67,-12,25.1,28.6,0,5v5,1,0,506,0.1229
2023020006,1074,1144,3,6,8477956,wrist,76,-9,15.8,34.7,0,EmptyNet,1,1,505,0.7355
2023020007,67,80,1,52,8480014,snap,81,-25,26.2,72.3,0,5v5,0,0,506,0.0216
2023020007,68,81,1,52,8476460,snap,82,-5,8.6,35.5,1,5v5,0,0,506,0.2183
2023020007,73,95,1,52,8475799,wrist,76,-5,13.9,21.0,1,5v5,0,0,506,0.0786
2023020007,76,100,1,52,8477940,deflected,55,-3,34.1,5.0,0,5v5,0,0,507,0.0387
2023020007,86,146,1,20,8478421,wrist,-74,-6,16.2,21.8,0,5v5,0,0,506,0.0765
2023020007,92,167,1,20,8474150,wrist,-55,-20,39.4,30.5,0,5v5,0,0,506,0.0186
2023020007,153,212,1,52,8478398,slap,58,-29,42.4,43.1,0,5v4,0,0,506,0.0123
2023020007,156,235,1,52,8478398,slap,70,-27,33.0,54.9,0,5v4,0,0,506,0.0299
2023020007,159,244,1,52,8480014,wrist,81,11,13.6,54.0,0,5v4,0,0,506,0.0574
2023020007,162,257,1,52,8480113,snap,71,10,20.6,29.1,0,5v4,0,0,506,0.1536
2023020007,163,258,1,52,8480014,poke,82,0,7.0,0.0,1,5v4,0,0,506,0.432
2023020007,164,258,1,52,8480014,wrist,48,-23,47.0,29.3,1,5v4,0,0,506,0.0105
2023020007,174,303,1,52,8482149,wrist,73,-2,16.1,7.1,0,5v4,0,0,507,0.0729
2023020007,183,329,1,52,8475799,backhand,80,5,10.3,29.1,0,5v4,0,0,506,0.1059
2023020007,502,448,1,52,8482149,wrist,86,6,6.7,63.4,1,5v5,0,0,506,0.1838
2023020007,213,457,1,20,8476399,wrist,-15,15,75.5,11.5,0,5v5,0,0,506,0.0029
2023020007,215,469,1,52,8480113,wrist,43,38,59.7,39.6,0,5v5,0,0,507,0.01
2023020007,216,474,1,52,8480113,deflected,65,-12,26.8,26.6,0,5v5,0,0,507,0.0966
2023020007,503,599,1,20,8482679,wrist,-89,3,3.0,90.0,0,5v4,0,0,507,0.1616
2023020007,252,600,1,20,8482679,backhand,-84,3,5.8,31.0,1,5v4,0,0,506,0.1071
2023020007,244,621,1,20,8480008,slap,-55,20,39.4,30.5,0,5v4,0,0,507,0.0463
2023020007,412,717,1,20,8476456,wrist,-74,-16,21.9,46.8,0,5v4,0,0,506,0.1065
2023020007,421,749,1,20,8478233,wrist,-73,6,17.1,20.6,1,5v4,0,1,505,0.073
2023020007,451,888,1,52,8478398,wrist,48,6,41.4,8.3,0,5v5,-1,1,505,0.0281
2023020007,456,919,1,20,8477496,snap,-85,9,9.8,66.0,0,5v5,0,0,507,0.1075
2023020007,464,948,1,20,8475172,snap,-34,-35,65.2,32.5,0,5v5,0,0,507,0.0278
2023020007,472,997,1,20,8474150,snap,-61,-12,30.5,23.2,0,5v5,0,0,506,0.139
2023020007,476,1003,1,20,8478397,wrist,-36,40,66.4,37.0,0,5v5,0,0,507,0.0316
2023020007,478,1034,1,52,8478398,backhand,81,-8,11.3,45.0,0,5v5,0,0,507,0.1295
2023020007,257,1070,1,20,8477346,wrist,-32,18,59.8,17.5,0,5v5,0,1,505,0.0055
2023020007,490,1081,1,52,8480845,snap,83,6,8.5,45.0,0,5v5,-1,0,506,0.211
2023020007,259,1094,1,52,8477504,snap,82,10,12.2,55.0,0,5v5,-1,0,506,0.1032
2023020007,495,1112,1,52,8480014,wrist,84,5,7.1,45.0,0,5v5,-1,0,506,0.2419
2023020007,561,1184,1,20,8474150,slap,-51,-27,46.6,35.4,0,5v5,1,0,507,0.0557
2023020007,567,30,2,52,8478398,wrist,-66,-23,32.5,45.0,0,5v5,-1,0,507,0.0465
2023020007,574,55,2,52,8477940,wrist,-52,33,49.6,41.7,0,5v4,-1,0,506,0.0105
2023020007,587,140,2,52,8477504,wrist,-40,-2,49.0,2.3,0,5v4,-1,0,507,0.0201
2023020007,595,175,2,52,8480014,deflected,-81,-3,8.5,20.6,0,5v4,-1,0,507,0.1426
2023020007,596,180,2,52,8478398,slap,-72,-5,17.7,16.4,0,5v5,-1,0,506,0.127
2023020007,261,213,2,52,8478891,deflected,-64,5,25.5,11.3,0,5v5,-1,0,506,0.0324
2023020007,601,216,2,52,8476480,wrist,-79,1,10.0,5.7,1,5v5,-1,0,506,0.1825
2023020007,262,230,2,52,8475799,slap,-41,32,57.7,33.7,0,5v5,-1,0,507,0.0142
2023020007,263,340,2,52,8482149,wrist,-51,14,40.5,20.2,0,5v5,-1,0,507,0.0331
2023020007,620,341,2,52,8475799,tip-in,-84,-6,7.8,50.2,1,5v5,-1,0,506,0.0494
2023020007,634,385,2,20,8475172,wrist,86,-14,14.3,77.9,0,5v4,1,0,506,0.0155
2023020007,636,422,2,20,8482679,wrist,80,11,14.2,50.7,0,5v4,1,0,506,0.0562
2023020007,637,439,2,20,8482679,deflected,79,-5,11.2,26.6,0,5v4,1,0,507,0.099
2023020007,638,456,2,20,8482679,wrist,70,19,26.9,45.0,0,5v4,1,0,506,0.0456
2023020007,265,586,2,20,8478396,wrist,35,16,56.3,16.5,0,5v5,1,0,506,0.0052
2023020007,676,679,2,52,8480113,deflected,-76,5,13.9,21.0,0,5v5,-1,1,505,0.0502
2023020007,684,752,2,52,8476460,snap,-62,5,27.5,10.5,0,5v5,0,0,507,0.2052
2023020007,691,777,2,52,8480014,snap,-67,8,23.4,20.0,0,5v4,0,0,506,0.1475
2023020007,694,790,2,52,8480014,snap,-76,13,18.4,45.0,0,5v4,0,0,506,0.1717
2023020007,695,802,2,52,8478398,slap,-62,26,37.5,43.9,0,5v4,0,0,506,0.0151
2023020007,698,817,2,52,8476460,snap,-70,10,21.5,27.8,0,5v4,0,0,506,0.1679
2023020007,700,829,2,20,8478397,wrist,53,0,36.0,0.0,0,4v5,0,1,505,0.2283
2023020007,714,917,2,52,8478891,wrist,-80,30,31.3,73.3,0,5v5,-1,0,506,0.0266
2023020007,267,1019,2,20,8475690,wrist,35,-30,61.8,29.1,0,5v5,1,0,506,0.0138
2023020007,268,1110,2,52,8476460,wrist,-61,2,28.1,4.1,0,5v4,-1,0,507,0.0359
2023020007,742,1114,2,52,8480113,tip-in,-67,3,22.2,7.8,0,5v4,-1,0,507,0.1031
2023020007,743,1121,2,52,8477504,wrist,-36,-24,58.2,24.4,0,5v4,-1,0,507,0.0325
2023020007,744,1155,2,52,8480113,tip-in,-41,-17,50.9,19.5,0,5v4,-1,0,506,0.0029
2023020007,805,1196,2,52,8477220,wrist,-65,-8,25.3,18.4,1,5v4,-1,0,506,0.05
2023020007,269,1197,2,52,8482149,wrist,-80,-5,10.3,29.1,1,5v4,-1,0,506,0.2405
2023020007,811,17,3,20,8474150,wrist,-40,-34,59.6,34.8,0,4v5,1,0,506,0.0029
2023020007,818,51,3,52,8477220,wrist,53,34,49.5,43.4,0,5v4,-1,0,506,0.0044
2023020007,827,84,3,52,8475455,wrist,48,35,53.9,40.5,0,5v5,-1,0,507,0.0074
2023020007,837,143,3,52,8476392,deflected,78,-4,11.7,20.0,0,5v5,-1,0,506,0.1053
2023020007,506,252,3,52,8477940,wrist,41,-35,59.4,36.1,0,5v5,-1,0,506,0.0107
2023020007,507,255,3,52,8477220,wrist,82,-4,8.1,29.7,1,5v5,-1,0,507,0.1611
2023020007,908,266,3,52,8480113,wrist,89,-13,13.0,90.0,0,5v5,-1,0,506,0.0257
2023020007,270,279,3,20,8475172,backhand,-76,-2,13.2,8.7,0,5v5,1,0,506,0.2011
2023020007,927,347,3,52,8476480,wrist,10,11,79.8,7.9,0,5v5,-1,0,507,0.0033
2023020007,937,401,3,20,8479346,wrist,-64,28,37.5,48.2,0,5v5,1,0,506,0.0283
2023020007,953,504,3,52,8480145,slap,37,20,55.7,21.0,0,5v5,-1,0,506,0.1434
2023020007,960,538,3,20,8477851,wrist,-73,-21,26.4,52.7,1,5v5,1,0,506,0.023
2023020007,969,572,3,52,8477940,snap,74,-33,36.2,65.6,0,5v5,-1,0,506,0.0026
2023020007,972,577,3,52,8477940,tip-in,34,-21,58.9,20.9,0,5v5,-1,0,507,0.0052
2023020007,973,590,3,20,8476399,tip-in,-21,-9,68.6,7.5,0,5v5,1,0,506,0.0027
2023020007,976,596,3,20,8477507,wrist,-31,-20,61.4,19.0,0,5v5,1,0,507,0.0038
2023020007,1084,848,3,52,8476331,wrist,-52,-20,42.1,28.4,0,5v5,-1,0,506,0.0149
2023020007,1088,858,3,52,8476460,wrist,75,-12,18.4,40.6,0,5v5,-1,1,505,0.0937
2023020007,1121,1003,3,52,8476460,wrist,20,-15,70.6,12.3,0,5v5,0,0,507,0.0038
2023020007,1133,1069,3,20,8478396,snap,-47,-39,57.3,42.9,0,5v5,0,0,506,0.005
2023020007,1139,1108,3,20,8477496,wrist,-78,-3,11.4,15.3,0,5v5,0,1,505,0.196
2023020007,1144,1151,3,52,8480145,wrist,63,-4,26.3,8.7,0,EmptyNet,-1,0,507,0.3148
2023020007,1150,1191,3,20,8476456,wrist,-74,-13,19.8,40.9,0,EmptyNet,1,0,507,0.1604
2023020007,1151,1193,3,20,8478233,wrist,-65,7,25.0,16.3,1,EmptyNet,1,1,505,0.0972
2023020008,160,31,1,21,8480069,wrist,37,-24,57.3,24.8,0,5v5,0,0,506,0.0931
2023020008,58,46,1,21,8477492,wrist,76,-22,25.6,59.4,0,5v5,0,0,507,0.0139
2023020008,63,69,1,21,8475793,tip-in,68,12,24.2,29.7,0,5v5,0,0,507,0.0307
2023020008,68,104,1,26,8476479,wrist,-49,-38,55.2,43.5,0,5v5,0,0,506,0.0039
2023020008,72,114,1,26,8482155,wrist,-49,-17,43.5,23.0,0,5v5,0,0,506,0.0197
2023020008,106,117,1,26,8477942,wrap-around,-86,6,6.7,63.4,0,5v5,0,0,506,0.007
2023020008,73,121,1,26,8479400,snap,-58,5,31.4,9.2,0,5v5,0,0,507,0.171
2023020008,86,216,1,21,8478420,backhand,28,15,62.8,13.8,0,5v5,0,0,506,0.0007
2023020008,88,222,1,21,8480069,wrist,31,-29,64.8,26.6,0,5v5,0,0,507,0.0053
2023020008,90,235,1,26,8479675,tip-in,-85,-12,12.6,71.6,0,5v5,0,0,507,0.0491
2023020008,257,287,1,26,8474563,slap,-36,-29,60.4,28.7,0,5v4,0,0,506,0.026
2023020008,202,314,1,26,8479400,tip-in,-83,7,9.2,49.4,0,5v4,0,0,507,0.0807
2023020008,203,329,1,26,8479400,wrist,-83,3,6.7,26.6,0,5v4,0,0,506,0.1721
2023020008,267,389,1,26,8482155,wrist,-73,30,34.0,61.9,0,5v4,0,0,506,0.0132
2023020008,272,445,1,21,8477492,snap,74,-10,18.0,33.7,0,5v5,0,1,505,0.1788
2023020008,116,492,1,26,8477942,snap,-48,6,41.4,8.3,0,5v5,-1,0,507,0.0328
2023020008,317,636,1,21,8477492,slap,46,16,45.9,20.4,0,5v4,1,0,506,0.0638
2023020008,208,681,1,21,8478420,tip-in,87,-7,7.3,74.1,0,5v4,1,0,507,0.0539
2023020008,120,760,1,21,8478038,slap,42,-16,49.6,18.8,0,5v4,1,0,507,0.0108
2023020008,209,761,1,21,8479525,wrist,88,-9,9.1,83.7,1,5v5,1,0,506,0.0107
2023020008,122,780,1,26,8479400,wrist,-82,8,10.6,48.8,1,5v4,-1,0,506,0.1519
2023020008,412,893,1,26,8479675,wrist,-91,7,7.3,105.9,0,5v4,-1,0,506,0.0062
2023020008,424,962,1,21,8479525,wrist,73,20,25.6,51.3,0,5v5,1,0,506,0.0353
2023020008,425,966,1,21,8477425,wrist,79,-11,14.9,47.7,0,5v5,1,0,507,0.0667
2023020008,438,1036,1,21,8477492,snap,75,-13,19.1,42.9,0,5v5,1,0,506,0.1445
2023020008,439,1037,1,21,8477492,snap,75,0,14.0,0.0,0,5v5,1,0,506,0.2014
2023020008,447,1089,1,26,8479336,wrist,-65,2,24.1,4.8,1,5v5,-1,0,506,0.0524
2023020008,559,1138,1,26,8479675,wrist,-85,17,17.5,76.8,0,5v5,-1,0,506,0.0361
2023020008,560,1152,1,26,8474563,slap,-28,3,61.1,2.8,0,5v5,-1,0,506,0.0087
2023020008,564,1184,1,21,8477425,snap,72,-20,26.2,49.6,0,5v5,1,0,506,0.048
2023020008,569,36,2,26,8482124,wrist,58,15,34.4,25.8,0,5v5,-1,0,506,0.0516
2023020008,574,63,2,26,8478911,backhand,49,38,55.2,43.5,0,5v5,-1,0,506,0.0007
2023020008,581,135,2,26,8474563,backhand,79,9,13.5,42.0,0,5v5,-1,0,506,0.0654
2023020008,593,174,2,21,8480069,snap,-49,11,41.5,15.4,0,5v4,1,1,505,0.057
2023020008,597,189,2,21,8476312,snap,-53,13,38.3,19.9,0,5v5,2,0,506,0.0558
2023020008,600,197,2,21,8471677,wrist,-30,-31,66.6,27.7,0,5v5,2,0,506,0.0021
2023020008,654,207,2,26,8482155,backhand,14,-13,76.1,9.8,0,5v5,-2,0,506,0.0011
2023020008,657,227,2,21,8478420,wrist,-83,-20,20.9,73.3,0,5v5,2,1,505,0.032
2023020008,661,247,2,26,8478911,wrist,31,-22,62.0,20.8,0,5v5,-3,0,506,0.0092
2023020008,213,278,2,21,8477425,wrist,-87,14,14.1,81.9,0,5v5,3,0,507,0.0137
2023020008,667,278,2,21,8478028,wrist,-80,19,21.0,64.7,1,5v5,3,0,506,0.0269
2023020008,668,289,2,21,8479398,backhand,-41,6,48.4,7.1,0,5v5,3,0,506,0.0032
2023020008,676,318,2,21,8478420,snap,-54,-21,40.8,31.0,0,5v5,3,0,506,0.0502
2023020008,688,378,2,26,8479336,tip-in,80,6,10.8,33.7,0,5v5,-3,1,505,0.0335
2023020008,703,453,2,26,8477960,slap,35,-11,55.1,11.5,0,5v4,-2,0,506,0.0174
2023020008,704,472,2,26,8477942,wrist,72,17,24.0,45.0,0,5v4,-2,0,506,0.0974
2023020008,705,480,2,26,8477942,wrist,82,4,8.1,29.7,0,5v4,-2,0,506,0.0879
2023020008,706,500,2,26,8477960,wrist,64,-11,27.3,23.7,0,5v4,-2,0,506,0.0652
2023020008,710,519,2,26,8482155,deflected,83,-8,10.0,53.1,0,5v4,-2,0,507,0.1286
2023020008,754,680,2,21,8477492,wrist,-47,-6,42.4,8.1,0,5v4,2,0,507,0.0842
2023020008,212,682,2,21,8477476,wrist,-84,-3,5.8,31.0,1,5v4,2,0,506,0.0553
2023020008,214,683,2,21,8475793,backhand,-85,4,5.7,45.0,1,5v4,2,0,506,0.1092
2023020008,215,684,2,21,8475793,backhand,-85,2,4.5,26.6,1,5v4,2,0,506,0.309
2023020008,758,714,2,21,8480069,slap,-40,-2,49.0,2.3,0,5v4,2,0,506,0.0717
2023020008,759,719,2,21,8480069,wrist,-30,2,59.0,1.9,0,5v4,2,0,506,0.0081
2023020008,786,866,2,26,8477942,snap,44,0,45.0,0.0,0,5v5,-2,0,506,0.0752
2023020008,796,925,2,21,8480069,wrist,-28,41,73.5,33.9,0,5v5,2,0,506,0.0105
2023020008,799,960,2,26,8473453,wrist,40,11,50.2,12.7,0,5v5,-2,0,506,0.0265
2023020008,808,1007,2,26,8471685,snap,52,3,37.1,4.6,0,5v5,-2,0,506,0.0791
2023020008,814,1033,2,21,8477425,wrist,-68,-27,34.2,52.1,0,5v5,2,0,506,0.0204
2023020008,820,1050,2,26,8482124,wrist,51,22,43.9,30.1,0,5v5,-2,0,507,0.017
2023020008,826,1107,2,26,8478911,wrist,56,0,33.0,0.0,0,5v5,-2,0,506,0.2523
2023020008,836,1155,2,26,8476479,backhand,86,7,7.6,66.8,0,5v5,-2,0,506,0.1063
2023020008,837,1156,2,26,8481481,backhand,76,4,13.6,17.1,1,5v5,-2,0,506,0.0648
2023020008,841,1174,2,26,8479675,snap,67,-28,35.6,51.8,0,5v5,-2,0,506,0.0103
2023020008,217,1195,2,26,8471685,wrist,5,1,84.0,0.7,0,5v5,-2,0,506,0.0009
2023020008,846,1195,2,26,8482124,deflected,75,10,17.2,35.5,1,5v5,-2,1,505,0.1569
2023020008,218,9,3,26,8474563,slap,-37,35,62.7,33.9,0,5v5,-1,0,507,0.0049
2023020008,864,62,3,21,8476312,wrist,40,33,59.1,34.0,0,5v5,1,0,506,0.0052
2023020008,866,73,3,26,8477942,wrist,-80,-17,19.2,62.1,0,5v5,-1,0,507,0.042
2023020008,886,198,3,26,8479400,wrist,-81,0,8.0,0.0,0,5v4,-1,0,506,0.1264
2023020008,894,240,3,26,8476479,wrist,-83,-11,12.5,61.4,1,5v4,-1,0,506,0.2831
2023020008,219,299,3,21,8478420,tip-in,71,11,21.1,31.4,0,5v5,1,1,505,0.0463
2023020008,970,425,3,26,8477942,slap,-76,24,27.3,61.6,0,5v4,-2,0,506,0.0388
2023020008,226,434,3,21,8479525,wrist,11,-9,78.5,6.6,0,4v5,2,0,506,0.0425
2023020008,978,449,3,21,8477501,backhand,47,-18,45.7,23.2,0,4v5,2,0,506,0.0029
2023020008,980,461,3,21,8477476,slap,41,3,48.1,3.6,0,5v5,2,0,506,0.0436
2023020008,981,468,3,21,8475793,slap,51,-5,38.3,7.5,0,5v5,2,0,506,0.3122
2023020008,992,530,3,21,8477494,wrist,65,8,25.3,18.4,0,5v5,2,0,506,0.1824
2023020008,1000,549,3,26,8482155,snap,-77,13,17.7,47.3,0,5v5,-2,0,506,0.2245
2023020008,221,604,3,21,8478038,wrist,36,5,53.2,5.4,0,5v5,2,0,507,0.017
2023020008,1005,606,3,21,8481186,wrist,80,7,11.4,37.9,1,5v5,2,0,506,0.083
2023020008,1009,614,3,21,8478420,wrist,65,-6,24.7,14.0,0,5v5,2,0,506,0.1273
2023020008,1010,631,3,26,8471685,wrist,-70,-38,42.5,63.4,0,5v5,-2,0,507,0.0008
2023020008,1011,635,3,26,8478911,wrist,-59,38,48.4,51.7,0,5v5,-2,0,507,0.0042
2023020008,1020,676,3,21,8476312,slap,33,-32,64.5,29.7,0,5v5,2,0,506,0.0174
2023020008,222,704,3,26,8479400,backhand,-83,12,13.4,63.4,0,5v5,-2,0,507,0.0772
2023020008,1039,797,3,21,8477501,wrist,83,-9,10.8,56.3,0,5v5,2,0,506,0.1671
2023020008,223,799,3,21,8477476,backhand,79,2,10.2,11.3,1,5v5,2,0,506,0.0769
2023020008,1101,824,3,26,8481481,snap,-65,-15,28.3,32.0,0,5v5,-2,0,507,0.0944
2023020008,229,840,3,21,8477425,backhand,82,1,7.1,8.1,0,5v5,2,0,506,0.3204
2023020008,1103,861,3,26,8482124,backhand,-70,37,41.6,62.8,0,5v5,-2,0,506,0.0005
2023020008,224,968,3,21,8477425,wrist,61,1,28.0,2.0,0,EmptyNet,2,1,505,0.4244
2023020008,1138,1057,3,26,8476479,wrist,-83,-14,15.2,66.8,0,5v5,-3,0,506,0.1708
2023020008,1142,1073,3,26,8477960,wrist,-51,-3,38.1,4.5,0,5v5,-3,0,507,0.1081
2023020009,56,9,1,22,8480803,wrist,-76,-35,37.3,69.6,0,5v5,0,0,506,0.0083
2023020009,63,81,1,22,8476967,wrist,77,11,16.3,42.5,0,5v5,0,0,506,0.0912
2023020009,70,105,1,22,8477998,snap,72,8,18.8,25.2,0,5v5,0,0,507,0.1815
2023020009,93,221,1,22,8477015,wrist,57,-28,42.5,41.2,0,5v5,0,0,506,0.0054
2023020009,94,222,1,22,8475169,snap,84,-9,10.3,60.9,1,5v5,0,0,506,0.2161
2023020009,151,247,1,23,8480459,wrist,-57,29,43.2,42.2,0,5v5,0,0,506,0.0122
2023020009,152,250,1,23,8480800,wrist,-77,-19,22.5,57.7,1,5v5,0,0,506,0.0606
2023020009,174,398,1,22,8476454,wrist,58,16,34.9,27.3,0,5v4,0,0,507,0.0545
2023020009,183,429,1,22,8476879,slap,51,-35,51.7,42.6,0,5v4,0,0,507,0.0607
2023020009,191,466,1,22,8477998,snap,63,-3,26.2,6.6,0,5v5,0,0,506,0.0905
2023020009,199,486,1,23,8478856,backhand,-82,-3,7.6,23.2,0,5v5,0,1,505,0.1533
2023020009,251,496,1,23,8478463,backhand,-86,15,15.3,78.7,0,5v5,1,0,507,0.0114
2023020009,204,560,1,23,8476468,snap,-80,3,9.5,18.4,0,5v5,1,0,507,0.3244
2023020009,205,586,1,23,8478856,wrist,-64,-21,32.6,40.0,0,5v5,1,0,507,0.0955
2023020009,281,646,1,22,8482077,wrist,67,0,22.0,0.0,0,5v5,-1,0,506,0.217
2023020009,206,664,1,23,8474013,wrist,-35,-35,64.4,32.9,0,5v5,1,0,507,0.0042
2023020009,290,687,1,23,8478444,wrist,-66,-13,26.4,29.5,0,5v5,1,1,505,0.153
2023020009,300,726,1,23,8478856,slap,-76,31,33.6,67.2,0,5v5,2,0,507,0.0095
2023020009,209,916,1,23,8474574,slap,-38,-3,51.1,3.4,0,EmptyNet,2,0,507,0.1843
2023020009,340,977,1,23,8478444,tip-in,-72,-4,17.5,13.2,1,5v4,2,0,506,0.1454
2023020009,212,993,1,23,8483808,tip-in,-81,-3,8.5,20.6,0,5v4,2,0,506,0.1245
2023020009,341,996,1,23,8478444,wrist,-73,-1,16.0,3.6,1,5v4,2,0,506,0.0654
2023020009,459,1109,1,23,8474574,slap,-52,27,45.8,36.1,0,5v5,2,0,506,0.0671
2023020009,460,1110,1,23,8476858,backhand,-79,5,11.2,26.6,1,5v5,2,0,506,0.0928
2023020009,461,1117,1,23,8480800,wrist,-49,-26,47.7,33.0,0,5v5,2,0,506,0.0087
2023020009,216,1133,1,23,8478043,wrist,-83,5,7.8,39.8,0,5v5,2,0,507,0.303
2023020009,488,15,2,22,8478402,wrist,-75,17,22.0,50.5,0,5v4,-2,0,506,0.0932
2023020009,489,22,2,22,8480803,slap,-37,-9,52.8,9.8,0,5v4,-2,0,506,0.0221
2023020009,492,47,2,22,8478402,wrist,-86,-14,14.3,77.9,0,5v4,-2,0,507,0.0634
2023020009,497,75,2,22,8478402,wrap-around,-90,4,4.1,104.0,0,5v4,-2,0,506,0.1774
2023020009,223,89,2,22,8476454,tip-in,-68,-1,21.0,2.7,0,5v4,-2,0,506,0.1172
2023020009,523,240,2,23,8479425,wrist,58,-15,34.4,25.8,0,5v5,2,0,506,0.0711
2023020009,524,241,2,23,8476468,backhand,75,5,14.9,19.7,1,5v5,2,0,506,0.053
2023020009,525,243,2,23,8478444,bat,87,3,3.6,56.3,1,5v5,2,1,505,0.6604
2023020009,532,264,2,22,8480803,wrist,-56,41,52.6,51.2,0,5v5,-3,0,506,0.0035
2023020009,533,272,2,22,8480803,wrist,-55,14,36.8,22.4,0,5v5,-3,0,507,0.0725
2023020009,534,303,2,22,8480803,wrist,-87,15,15.1,82.4,0,5v5,-3,0,506,0.0433
2023020009,538,319,2,22,8477998,snap,-72,4,17.5,13.2,0,5v5,-3,0,506,0.2112
2023020009,551,348,2,23,8480800,wrist,51,19,42.5,26.6,0,5v4,3,0,507,0.0531
2023020009,552,357,2,23,8476468,wrist,58,21,37.4,34.1,0,5v4,3,0,506,0.0166
2023020009,555,363,2,23,8480012,slap,63,-23,34.7,41.5,0,5v4,3,0,507,0.0871
2023020009,556,390,2,23,8480012,slap,59,-25,39.1,39.8,0,5v4,3,0,506,0.1046
2023020009,219,450,2,23,8478444,deflected,72,-12,20.8,35.2,0,5v4,3,1,505,0.0782
2023020009,566,461,2,23,8478057,poke,88,-11,11.0,84.8,0,5v5,4,0,506,0.0025
2023020009,574,489,2,22,8475786,tip-in,-74,2,15.1,7.6,0,5v4,-4,0,506,0.2989
2023020009,575,500,2,22,8477934,snap,-82,22,23.1,72.3,0,5v4,-4,1,505,0.0775
2023020009,221,602,2,22,8479576,wrist,-37,22,56.5,22.9,0,5v5,-3,0,506,0.0867
2023020009,598,668,2,23,8480012,wrist,43,-24,51.9,27.6,0,5v4,3,1,505,0.0171
2023020009,657,746,2,22,8475786,backhand,-79,-16,18.9,58.0,0,5v5,-4,0,506,0.0161
2023020009,679,862,2,22,8482077,wrist,-60,-35,45.5,50.4,0,5v5,-4,0,506,0.0019
2023020009,686,905,2,22,8477934,snap,-73,10,18.9,32.0,0,5v5,-4,0,506,0.1643
2023020009,698,981,2,23,8478463,wrist,75,16,21.3,48.8,0,5v5,4,0,506,0.0253
2023020009,711,1046,2,22,8476967,wrist,-83,34,34.5,80.0,0,5v5,-4,0,507,0.106
2023020009,226,1066,2,22,8476879,wrist,-70,-19,26.9,45.0,0,5v5,-4,0,507,0.0475
2023020009,725,1121,2,23,8478043,wrist,60,-24,37.6,39.6,0,5v5,4,0,506,0.0502
2023020009,732,1155,2,23,8483808,wrist,53,17,39.8,25.3,0,5v5,4,0,507,0.0232
2023020009,739,1186,2,22,8482077,snap,-82,8,10.6,48.8,0,5v5,-4,0,506,0.3429
2023020009,227,1188,2,22,8482077,wrist,-85,10,10.8,68.2,1,5v5,-4,0,507,0.1154
2023020009,875,211,3,23,8480012,snap,-76,-22,25.6,59.4,0,5v5,4,0,506,0.0251
2023020009,888,285,3,22,8476454,wrist,67,20,29.7,42.3,0,5v5,-4,0,506,0.0302
2023020009,889,286,3,22,8477015,backhand,80,4,9.8,24.0,1,5v5,-4,0,506,0.1231
2023020009,952,335,3,23,8480012,wrist,-65,26,35.4,47.3,0,5v5,4,0,506,0.0089
2023020009,958,343,3,23,8478444,wrist,-85,4,5.7,45.0,1,5v5,4,1,505,0.4408
2023020009,968,369,3,23,8480800,wrist,-54,-12,37.0,18.9,0,5v4,5,0,506,0.0217
2023020009,969,388,3,23,8478444,snap,-60,14,32.2,25.8,0,5v4,5,0,506,0.1255
2023020009,970,399,3,23,8480012,wrist,-80,18,20.1,63.4,0,5v4,5,0,506,0.0423
2023020009,973,416,3,23,8476468,wrist,-48,-15,43.7,20.1,0,5v4,5,1,505,0.0245
2023020009,229,442,3,22,8475786,slap,55,-34,48.1,45.0,0,5v5,-6,0,507,0.0013
2023020009,993,500,3,23,8478043,wrist,-86,-6,6.7,63.4,0,5v4,6,0,507,0.1287
2023020009,994,524,3,23,8480459,tip-in,-57,-15,35.3,25.1,0,5v4,6,0,506,0.032
2023020009,1056,585,3,22,8482077,wrist,52,36,51.6,44.2,0,4v5,-6,0,506,0.0055
2023020009,1066,651,3,22,8477934,wrist,37,39,65.0,36.9,0,5v5,-6,0,507,0.0063
2023020009,1067,659,3,22,8476967,wrist,37,37,63.8,35.4,0,5v5,-6,0,506,0.0017
2023020009,1068,700,3,22,8477934,tip-in,68,6,21.8,15.9,0,5v5,-6,0,507,0.0425
2023020009,1069,702,3,22,8476454,wrist,91,-5,5.4,111.8,1,5v5,-6,0,507,0.0481
2023020009,231,814,3,23,8483808,wrist,-69,-20,28.3,45.0,0,5v4,6,0,506,0.0192
2023020009,1094,834,3,23,8478444,wrist,-63,36,44.4,54.2,0,5v4,6,0,506,0.0117
2023020009,1104,871,3,22,8480803,slap,33,-29,63.1,27.4,0,5v5,-6,0,506,0.005
2023020009,1106,888,3,23,8478057,wrist,-84,-3,5.8,31.0,1,5v5,6,1,505,0.5359
2023020009,1114,920,3,22,8477934,wrist,35,-32,62.8,30.7,0,5v5,-7,0,507,0.0049
2023020009,1135,1047,3,22,8480802,wrist,75,38,40.5,69.8,0,5v5,-7,0,506,0.0034
2023020009,1149,1119,3,23,8483808,wrist,9,36,87.7,24.2,0,5v5,7,0,506,0.0029
2023020009,1159,1162,3,22,8475169,wrist,52,17,40.7,24.7,0,5v4,-7,0,506,0.0512
2023020010,59,49,1,3,8479324,wrist,-38,-7,51.5,7.8,0,5v5,0,0,506,0.0285
2023020010,78,137,1,7,8473449,wrist,78,-19,22.0,59.9,0,5v5,0,0,506,0.0575
2023020010,80,141,1,7,8480839,wrist,28,36,70.8,30.5,0,5v5,0,0,506,0.0028
2023020010,93,209,1,3,8480078,tip-in,-81,0,8.0,0.0,0,5v5,0,0,506,0.1103
2023020010,95,224,1,3,8478550,snap,-49,9,41.0,12.7,0,5v5,0,0,506,0.0255
2023020010,96,227,1,3,8482109,wrist,-82,-7,9.9,45.0,1,5v5,0,1,505,0.1354
2023020010,153,253,1,3,8482073,wrist,-45,28,52.2,32.5,0,5v5,1,0,507,0.0096
2023020010,201,261,1,7,8481528,backhand,73,5,16.8,17.4,0,5v5,-1,0,506,0.0913
2023020010,241,454,1,3,8471218,wrist,-23,39,76.7,30.6,0,5v5,1,0,506,0.004
2023020010,258,513,1,7,8479420,wrist,48,6,41.4,8.3,0,4v4,-1,0,506,0.009
2023020010,264,558,1,7,8475784,snap,51,14,40.5,20.2,0,4v4,-1,0,506,0.0196
2023020010,275,613,1,3,8481554,wrist,-67,28,35.6,51.8,0,4v4,1,0,506,0.0068
2023020010,293,700,1,3,8471218,slap,-34,8,55.6,8.3,0,5v5,1,0,507,0.0098
2023020010,300,730,1,3,8475184,tip-in,-80,2,9.2,12.5,0,5v4,1,0,506,0.1213
2023020010,352,742,1,3,8475184,tip-in,-83,9,10.8,56.3,0,5v4,1,1,505,0.0733
2023020010,158,773,1,3,8480817,snap,-82,-21,22.1,71.6,0,5v5,2,0,506,0.0283
2023020010,356,779,1,3,8478550,wrist,-69,-28,34.4,54.5,0,5v5,2,0,506,0.0143
2023020010,360,807,1,7,8480807,wrist,45,-10,45.1,12.8,0,5v5,-2,0,506,0.0876
2023020010,160,951,1,3,8480078,deflected,-54,-32,47.4,42.4,0,5v5,2,0,506,0.053
2023020010,398,1045,1,3,8482109,tip-in,-81,5,9.4,32.0,0,5v5,2,0,506,0.1572
2023020010,410,1142,1,7,8477365,slap,33,6,56.3,6.1,0,5v5,-2,0,506,0.0168
2023020010,411,1147,1,7,8473449,snap,81,-16,17.9,63.4,0,5v5,-2,0,507,0.2533
2023020010,502,169,2,7,8480839,wrist,-48,-37,55.2,42.1,0,4v5,-2,0,506,0.0058
2023020010,516,272,2,7,8480807,wrist,-58,-14,34.0,24.3,0,5v5,-2,0,507,0.0675
2023020010,524,325,2,7,8476878,snap,-51,-6,38.5,9.0,0,5v5,-2,0,506,0.0741
2023020010,534,378,2,7,8473446,wrist,-49,10,41.2,14.0,0,5v5,-2,0,507,0.0586
2023020010,538,390,2,3,8482109,wrist,85,-9,9.8,66.0,0,5v5,2,0,506,0.1321
2023020010,544,433,2,3,8476459,wrist,72,-36,39.8,64.7,0,5v5,2,0,506,0.0075
2023020010,548,444,2,3,8480817,wrist,32,18,59.8,17.5,0,5v5,2,0,506,0.007
2023020010,549,445,2,3,8482157,tip-in,81,3,8.5,20.6,1,5v5,2,0,507,0.0977
2023020010,553,483,2,3,8476389,backhand,69,25,32.0,51.3,0,5v5,2,0,506,0.0032
2023020010,569,574,2,3,8476624,backhand,83,7,9.2,49.4,1,5v5,2,0,506,0.0655
2023020010,573,592,2,3,8475184,wrist,80,4,9.8,24.0,0,5v5,2,0,507,0.1974
2023020010,804,611,2,3,8479323,wrist,48,16,44.0,21.3,0,5v5,2,0,507,0.0539
2023020010,590,693,2,3,8482157,snap,64,24,34.7,43.8,0,5v5,2,0,506,0.0702
2023020010,599,769,2,3,8478550,wrist,59,0,30.0,0.0,0,5v5,2,1,505,0.1607
2023020010,611,829,2,7,8475784,wrist,-81,-3,8.5,20.6,0,5v5,-3,0,506,0.128
2023020010,620,869,2,3,8476389,wrist,83,-22,22.8,74.7,0,5v5,3,0,507,0.0346
2023020010,621,902,2,7,8480839,wrist,-31,-33,66.7,29.6,0,5v5,-3,0,507,0.0011
2023020010,637,984,2,7,8480839,wrist,-57,-25,40.6,38.0,0,5v5,-3,0,506,0.0398
2023020010,638,1007,2,7,8477949,wrist,-73,16,22.6,45.0,0,5v5,-3,0,507,0.0855
2023020010,640,1042,2,3,8481554,wrist,49,15,42.7,20.6,0,5v5,3,0,506,0.1014
2023020010,802,1061,2,3,8471218,wrist,84,1,5.1,11.3,0,5v5,3,0,506,0.0914
2023020010,169,1110,2,7,8482175,snap,-73,-6,17.1,20.6,1,5v5,-3,1,505,0.0322
2023020010,730,26,3,7,8475784,wrist,79,-27,28.8,69.7,0,5v4,-2,0,507,0.0512
2023020010,733,61,3,7,8479420,slap,50,18,43.0,24.8,0,5v4,-2,0,507,0.0297
2023020010,737,83,3,7,8479420,wrist,71,21,27.7,49.4,0,5v4,-2,0,507,0.0264
2023020010,747,135,3,7,8482671,wrist,77,33,35.1,70.0,0,5v5,-2,0,506,0.0324
2023020010,905,200,3,7,8479420,wrist,42,18,50.3,21.0,0,5v5,-2,0,506,0.0705
2023020010,809,225,3,7,8473449,snap,50,39,55.2,45.0,0,5v5,-2,0,506,0.005
2023020010,808,268,3,3,8481554,deflected,-84,4,6.4,38.7,0,5v5,2,0,506,0.1302
2023020010,919,277,3,3,8476459,deflected,-81,5,9.4,32.0,0,5v5,2,0,507,0.0906
2023020010,929,311,3,3,8476389,wrist,-90,-12,12.0,94.8,0,5v5,2,0,506,0.0165
2023020010,931,315,3,3,8476389,wrist,-77,17,20.8,54.8,0,5v5,2,0,506,0.0334
2023020010,935,341,3,7,8484145,backhand,48,-18,44.8,23.7,0,5v5,-2,0,506,0.0163
2023020010,952,435,3,3,8482073,wrist,-73,14,21.3,41.2,0,5v5,2,0,507,0.0568
2023020010,174,460,3,3,8475184,tip-in,-88,6,6.1,80.5,0,5v4,2,0,507,0.029
2023020010,960,486,3,3,8476389,wrist,-80,-10,13.5,48.0,0,5v4,2,0,506,0.0934
2023020010,969,531,3,7,8476878,backhand,71,-9,20.1,26.6,1,4v5,-2,0,506,0.2205
2023020010,983,575,3,7,8475784,wrist,64,-25,35.4,45.0,1,5v4,-2,0,507,0.0119
2023020010,999,663,3,7,8480839,slap,35,1,54.0,1.1,0,5v4,-2,0,507,0.0761
2023020010,1000,664,3,7,8475784,wrist,86,-12,12.4,76.0,1,5v4,-2,0,507,0.0522
2023020010,1001,670,3,7,8481528,wrist,38,1,51.0,1.1,0,5v4,-2,0,506,0.019
2023020010,178,694,3,3,8475184,wrist,-80,0,9.0,0.0,0,4v5,2,1,505,0.1716
2023020010,1010,705,3,7,8484145,wrist,76,-22,25.6,59.4,0,5v4,-3,0,506,0.0067
2023020010,1012,725,3,7,8478109,slap,51,-18,42.0,25.3,0,5v4,-3,0,506,0.0396
2023020010,1017,765,3,7,8479420,wrist,70,-25,31.4,52.8,0,5v5,-3,0,507,0.0162
2023020010,1021,768,3,7,8476878,tip-in,80,-7,11.4,37.9,0,5v5,-3,0,506,0.021
2023020010,1023,784,3,7,8473446,wrist,28,-17,63.3,15.6,0,5v5,-3,0,506,0.0031
2023020010,1027,806,3,3,8480817,wrist,-51,-34,51.0,41.8,0,5v5,3,0,506,0.1439
2023020010,180,880,3,3,8474009,wrist,-80,-29,30.4,72.8,0,5v5,3,0,506,0.0203
2023020010,181,881,3,3,8475752,wrist,-85,-6,7.2,56.3,1,5v5,3,0,506,0.2677
2023020010,1052,941,3,7,8479420,wrist,63,-17,31.1,33.2,0,5v5,-3,0,506,0.0688
2023020010,1063,1006,3,7,8477365,snap,81,19,20.6,67.2,0,5v5,-3,0,506,0.0538
2023020010,1074,1059,3,7,8477949,snap,39,1,50.0,1.1,0,EmptyNet,-3,0,506,0.0058
2023020010,182,1082,3,3,8479323,wrist,70,24,30.6,51.6,0,EmptyNet,3,0,507,0.0519
2023020010,806,1091,3,7,8478109,wrist,43,-16,48.7,19.2,0,EmptyNet,-3,0,507,0.0066
2023020010,183,1111,3,3,8476885,wrist,68,4,21.4,10.8,0,EmptyNet,3,1,505,0.7951
2023020010,1089,1143,3,3,8480078,slap,-54,22,41.3,32.2,0,5v4,4,0,506,0.0384
2023020010,1090,1151,3,3,8480078,slap,-50,22,44.8,29.4,0,5v4,4,0,507,0.182
2023020010,1091,1179,3,3,8480078,deflected,-71,7,19.3,21.3,1,5v4,4,0,507,0.4227
2023020011,151,32,1,29,8475790,snap,60,-40,49.4,54.1,0,5v5,0,0,506,0.0083
2023020011,59,37,1,29,8478460,snap,75,27,30.4,62.6,0,5v5,0,0,506,0.0425
2023020011,152,93,1,4,8478439,wrist,-66,40,46.1,60.1,0,5v5,0,0,506,0.0062
2023020011,71,98,1,4,8476372,wrist,-25,26,69.1,22.1,0,5v5,0,0,506,0.0069
2023020011,72,109,1,29,8480074,snap,65,18,30.0,36.9,0,5v5,0,0,506,0.227
2023020011,301,125,1,4,8474715,wrist,-60,1,29.0,2.0,0,5v5,0,0,506,0.2393
2023020011,81,144,1,29,8480893,snap,45,29,52.7,33.4,0,5v5,0,0,506,0.0131
2023020011,95,213,1,4,8480797,snap,-80,-8,12.0,41.6,0,5v5,0,1,505,0.1463
2023020011,99,234,1,29,8478500,snap,34,26,60.8,25.3,0,5v5,-1,0,506,0.0068
2023020011,202,262,1,29,8479339,snap,56,-16,36.7,25.9,0,5v5,-1,0,506,0.0302
2023020011,225,365,1,29,8476374,wrist,58,-32,44.6,45.9,0,5v5,-1,0,506,0.0038
2023020011,228,390,1,29,8476432,wrist,54,-27,44.2,37.6,0,5v5,-1,0,506,0.0074
2023020011,230,401,1,29,8480205,slap,57,-22,38.8,34.5,0,5v5,-1,0,506,0.0427
2023020011,248,492,1,4,8480015,snap,-35,-16,56.3,16.5,0,5v5,1,0,507,0.005
2023020011,251,501,1,29,8484166,snap,52,22,43.0,30.7,0,5v5,-1,0,506,0.0251
2023020011,253,504,1,29,8479402,snap,75,-7,15.7,26.6,1,5v5,-1,1,505,0.1187
2023020011,256,509,1,4,8475235,wrist,-13,-13,77.1,9.7,0,5v5,0,0,506,0.0044
2023020011,257,517,1,4,8480068,snap,-65,-12,26.8,26.6,0,5v5,0,0,506,0.2184
2023020011,261,524,1,4,8477948,snap,-87,9,9.2,77.5,0,5v5,0,0,506,0.0742
2023020011,263,551,1,4,8480220,deflected,-63,10,27.9,21.0,0,5v5,0,0,507,0.0585
2023020011,266,567,1,4,8481178,wrist,57,0,32.0,0.0,0,5v5,0,0,507,0.0875
2023020011,157,567,1,29,8482705,snap,53,0,36.0,0.0,1,5v5,0,0,507,0.1451
2023020011,277,614,1,4,8480015,slap,-46,22,48.3,27.1,0,5v5,0,0,506,0.0198
2023020011,282,650,1,29,8479941,deflected,63,-4,26.3,8.7,0,5v5,0,0,507,0.1265
2023020011,158,682,1,4,8477948,snap,64,-19,31.4,37.2,0,5v5,0,0,506,0.0862
2023020011,292,684,1,4,8477903,snap,-77,16,20.0,53.1,1,5v5,0,0,506,0.1147
2023020011,406,763,1,4,8478439,snap,-68,-14,25.2,33.7,0,5v5,0,1,505,0.1021
2023020011,413,815,1,4,8475235,wrist,-83,-24,24.7,76.0,0,5v5,1,0,507,0.0111
2023020011,417,835,1,4,8481178,wrist,-3,-15,87.3,9.9,0,5v5,1,0,506,0.011
2023020011,422,870,1,4,8476461,slap,-58,-7,31.8,12.7,0,5v5,1,0,506,0.1154
2023020011,429,899,1,29,8480205,wrist,51,-32,49.7,40.1,0,5v5,-1,0,506,0.0101
2023020011,430,903,1,29,8476432,snap,39,37,62.2,36.5,0,5v5,-1,0,507,0.0071
2023020011,434,939,1,29,8479402,snap,42,19,50.7,22.0,1,5v5,-1,0,507,0.0213
2023020011,504,1045,1,29,8480893,snap,80,17,19.2,62.1,0,5v5,-1,0,506,0.0866
2023020011,522,1117,1,29,8480074,snap,74,-15,21.2,45.0,0,5v5,-1,0,506,0.1414
2023020011,162,1125,1,29,8479402,snap,-18,23,74.6,17.9,0,5v5,-1,0,506,0.0009
2023020011,535,1168,1,4,8480028,deflected,-70,-11,22.0,30.1,0,5v5,1,0,507,0.0551
2023020011,303,13,2,4,8475235,snap,74,4,15.5,14.9,0,5v5,1,0,507,0.1439
2023020011,541,17,2,4,8477903,wrist,73,16,22.6,45.0,0,5v5,1,0,507,0.0796
2023020011,545,26,2,4,8478439,backhand,78,0,11.0,0.0,0,5v5,1,0,506,0.1662
2023020011,164,29,2,4,8471686,wrist,61,9,29.4,17.8,1,5v5,1,0,507,0.0135
2023020011,560,124,2,29,8476346,wrist,-61,-28,39.6,45.0,0,5v5,-1,0,506,0.0069
2023020011,565,145,2,29,8479941,snap,-76,-1,13.0,4.4,0,5v5,-1,0,506,0.2158
2023020011,568,149,2,29,8484166,deflected,-63,-5,26.5,10.9,0,5v5,-1,0,507,0.0906
2023020011,576,185,2,4,8477903,deflected,81,5,9.4,32.0,0,5v5,1,0,506,0.0856
2023020011,165,216,2,4,8481553,deflected,72,2,17.1,6.7,0,5v5,1,0,506,0.093
2023020011,168,257,2,29,8476432,snap,-15,2,74.0,1.5,0,5v5,-1,0,506,0.0009
2023020011,597,310,2,4,8474715,slap,59,-27,40.4,42.0,0,4v4,1,0,506,0.0065
2023020011,604,373,2,29,8479339,snap,-65,-16,28.8,33.7,0,4v4,-1,0,507,0.0814
2023020011,625,523,2,4,8475235,slap,73,27,31.4,59.3,0,5v5,1,0,507,0.0225
2023020011,627,527,2,4,8471686,snap,33,17,58.5,16.9,0,5v5,1,0,506,0.0177
2023020011,629,540,2,4,8480797,snap,85,18,18.4,77.5,0,5v5,1,0,506,0.0215
2023020011,635,546,2,4,8476461,wrist,36,-10,53.9,10.7,0,5v5,1,0,506,0.0046
2023020011,649,649,2,29,8479339,wrist,-56,25,41.4,37.1,0,5v4,-1,0,507,0.018
2023020011,651,656,2,29,8479339,wrist,-64,23,34.0,42.6,0,5v4,-1,0,506,0.0289
2023020011,660,711,2,4,8476372,snap,75,28,31.3,63.4,0,4v5,1,0,506,0.053
2023020011,666,734,2,29,8476374,wrist,-46,25,49.7,30.2,0,5v5,-1,0,506,0.011
2023020011,671,742,2,4,8480015,backhand,78,14,17.8,51.8,0,5v5,1,0,506,0.0774
2023020011,304,824,2,4,8478439,wrist,-10,-28,83.8,19.5,0,5v5,1,0,506,0.0091
2023020011,698,913,2,29,8478500,snap,-37,-25,57.7,25.7,0,5v4,-1,0,506,0.0652
2023020011,751,925,2,4,8476872,backhand,76,-2,13.2,8.7,0,4v5,1,0,506,0.3705
2023020011,755,948,2,4,8476872,wrist,19,7,70.3,5.7,0,4v5,1,0,506,0.0021
2023020011,759,965,2,29,8479339,wrist,-91,26,26.1,94.4,0,5v4,-1,0,506,0.0465
2023020011,169,975,2,4,8480068,wrap-around,90,-4,4.1,104.0,0,4v5,1,0,506,0.0832
2023020011,767,998,2,29,8478458,backhand,-72,-7,18.4,22.4,0,5v4,-1,0,507,0.1755
2023020011,771,1019,2,29,8476432,wrist,-82,-24,25.0,73.7,0,5v5,-1,0,506,0.0256
2023020011,170,1064,2,4,8477948,wrist,64,-31,39.8,51.1,0,5v5,1,0,507,0.0174
2023020011,789,1136,2,4,8476872,tip-in,79,-6,11.7,31.0,0,5v5,1,0,506,0.0466
2023020011,796,1175,2,29,8482705,tip-in,-80,-11,14.2,50.7,0,5v5,-1,0,506,0.024
2023020011,171,1199,2,4,8476461,wrist,38,13,52.6,14.3,0,5v5,1,0,507,0.0096
2023020011,829,178,3,4,8480015,snap,-48,33,52.6,38.8,0,5v5,1,0,507,0.0065
2023020011,844,266,3,4,8481546,wrist,77,-38,39.8,72.5,0,4v5,1,0,506,0.013
2023020011,963,376,3,4,8481553,wrist,-64,20,32.0,38.7,0,5v4,1,0,506,0.0487
2023020011,974,439,3,4,8480797,snap,-47,15,44.6,19.7,1,5v5,1,0,506,0.0338
2023020011,984,479,3,29,8480893,wrist,51,-37,53.0,44.2,0,5v5,-1,0,506,0.0013
2023020011,986,496,3,29,8476346,deflected,74,13,19.8,40.9,0,5v5,-1,0,506,0.0524
2023020011,991,520,3,4,8480220,snap,-55,21,40.0,31.7,0,5v5,1,0,506,0.0462
2023020011,994,522,3,4,8471686,slap,-58,-26,40.5,40.0,1,5v5,1,0,507,0.016
2023020011,1006,609,3,29,8478500,wrist,46,17,46.2,21.6,0,5v5,-1,0,506,0.0265
2023020011,1041,808,3,4,8480028,wrist,-62,22,34.8,39.2,0,5v4,1,0,506,0.0589
2023020011,1062,872,3,29,8478500,deflected,46,18,46.6,22.7,0,5v4,-1,0,507,0.032
2023020011,1063,893,3,29,8479339,snap,58,28,41.8,42.1,0,5v4,-1,0,507,0.0153
2023020011,177,920,3,29,8480893,wrist,73,1,16.0,3.6,0,5v4,-1,0,506,0.2105
2023020011,306,934,3,4,8476872,wrist,-85,-1,4.1,14.0,0,4v5,1,0,506,0.3331
2023020011,180,959,3,4,8480336,backhand,-81,-28,29.1,74.1,0,4v4,1,0,506,0.0021
2023020011,1087,1030,3,4,8481546,wrist,-38,-12,52.4,13.2,0,5v4,1,0,506,0.0198
2023020011,1099,1064,3,29,8479339,wrist,54,21,40.8,31.0,0,EmptyNet,-1,0,506,0.1067
2023020011,183,1080,3,29,8480074,tip-in,83,-1,6.1,9.5,0,EmptyNet,-1,0,506,0.1798
2023020011,184,1111,3,4,8474715,backhand,-86,0,3.0,0.0,0,EmptyNet,1,1,505,0.9969
2023020011,1109,1136,3,29,8484166,wrist,73,4,16.5,14.0,0,5v5,-2,0,506,0.1983
2023020011,1110,1137,3,29,8479941,snap,75,8,16.1,29.7,1,EmptyNet,-2,0,506,0.0459
2023020011,185,1156,3,29,8479339,wrist,88,9,9.1,83.7,0,EmptyNet,-2,1,505,0.007
2023020011,186,1199,3,4,8478439,snap,-74,0,15.0,0.0,0,EmptyNet,1,1,505,0.7564
2023020012,56,8,1,17,8474102,slap,-71,25,30.8,54.2,0,5v5,0,0,506,0.0442
2023020012,151,20,1,17,8479337,snap,-68,37,42.5,60.4,0,5v5,0,0,507,0.0013
2023020012,67,66,1,17,8478466,snap,-53,20,41.2,29.1,0,5v5,0,0,506,0.0442
2023020012,68,76,1,17,8477429,wrist,-91,9,9.2,102.5,0,5v5,0,0,506,0.0133
2023020012,75,95,1,17,8480011,wrist,-63,27,37.5,46.1,0,5v5,0,0,507,0.0176
2023020012,96,191,1,17,8477456,snap,-52,22,43.0,30.7,0,5v5,0,0,506,0.0294
2023020012,205,228,1,17,8478013,snap,-28,-34,69.8,29.1,0,5v5,0,0,506,0.0035
2023020012,207,248,1,1,8481559,wrist,69,15,25.0,36.9,0,5v5,0,0,506,0.086
2023020012,208,249,1,1,8481559,backhand,93,8,8.9,116.6,1,5v5,0,0,507,0.0023
2023020012,209,267,1,1,8482684,backhand,71,-30,35.0,59.0,0,5v5,0,0,507,0.0018
2023020012,215,293,1,17,8480011,wrist,-55,-20,39.4,30.5,0,5v5,0,0,506,0.0186
2023020012,226,332,1,1,8477931,wrist,58,-35,46.8,48.5,0,5v5,0,0,506,0.0249
2023020012,241,405,1,17,8477946,wrist,-66,-12,25.9,27.6,0,4v5,0,0,506,0.093
2023020012,247,447,1,1,8476462,slap,45,-18,47.5,22.2,0,5v4,0,0,506,0.0273
2023020012,351,486,1,1,8478507,wrist,36,-24,58.2,24.4,0,5v5,0,0,507,0.0173
2023020012,319,563,1,17,8476906,snap,-66,23,32.5,45.0,0,5v4,0,0,506,0.1328
2023020012,320,564,1,17,8477946,backhand,-79,9,13.5,42.0,1,5v4,0,0,506,0.0395
2023020012,321,568,1,17,8477946,wrist,-81,11,13.6,54.0,0,5v4,0,0,506,0.0574
2023020012,325,573,1,17,8478466,slap,-54,-11,36.7,17.4,0,5v4,0,0,507,0.0383
2023020012,341,684,1,17,8480813,snap,-63,25,36.1,43.9,0,5v5,0,0,506,0.0115
2023020012,152,704,1,17,8478432,snap,-90,-6,6.1,99.5,0,5v5,0,0,507,0.0653
2023020012,401,755,1,1,8482125,wrist,48,-8,41.8,11.0,0,5v5,0,0,507,0.0427
2023020012,404,759,1,17,8478013,wrist,82,-30,30.8,76.9,0,5v5,0,0,506,0.0045
2023020012,352,816,1,1,8482684,slap,34,-13,56.5,13.3,0,5v5,0,0,507,0.0118
2023020012,413,828,1,1,8479415,snap,67,-16,27.2,36.0,0,5v5,0,0,507,0.0943
2023020012,353,876,1,1,8478414,wrist,56,-18,37.6,28.6,0,5v5,0,0,507,0.0329
2023020012,438,929,1,1,8479407,snap,67,23,31.8,46.3,0,4v4,0,0,506,0.0159
2023020012,354,975,1,17,8478013,snap,-89,9,9.0,90.0,0,4v4,0,0,506,0.0361
2023020012,447,987,1,17,8482078,wrist,-77,-11,16.3,42.5,0,4v4,0,0,507,0.0202
2023020012,502,999,1,1,8482110,tip-in,17,-3,72.1,2.4,0,4v4,0,0,507,0.0003
2023020012,355,1036,1,17,8477946,wrist,-86,-26,26.2,83.4,0,5v4,0,0,506,0.0204
2023020012,517,1069,1,1,8475726,wrist,79,0,10.0,0.0,0,5v5,0,0,506,0.1454
2023020012,518,1070,1,1,8475726,wrist,93,-8,8.9,116.6,1,5v5,0,0,507,0.0243
2023020012,523,1091,1,1,8475287,wrist,91,21,21.1,95.4,0,5v5,0,0,506,0.0161
2023020012,552,13,2,1,8482110,wrist,-80,-9,12.7,45.0,0,5v5,0,0,507,0.1462
2023020012,554,29,2,1,8478414,wrist,-98,-21,22.8,113.2,0,5v5,0,0,507,0.0143
2023020012,154,30,2,1,8482110,snap,-87,-5,5.4,68.2,1,5v5,0,0,506,0.102
2023020012,555,31,2,1,8480002,wrist,-82,-8,10.6,48.8,1,5v5,0,0,506,0.1766
2023020012,357,60,2,17,8481542,wrist,38,-18,54.1,19.4,0,5v5,0,0,506,0.0035
2023020012,155,69,2,17,8478466,snap,67,10,24.2,24.4,0,5v5,0,0,507,0.1422
2023020012,564,72,2,17,8477429,wrist,88,-11,11.0,84.8,0,5v5,0,0,506,0.0359
2023020012,574,137,2,1,8476462,wrist,-83,14,15.2,66.8,0,5v5,0,0,506,0.102
2023020012,578,149,2,1,8477931,backhand,-75,25,28.7,60.8,0,5v5,0,0,507,0.003
2023020012,587,186,2,1,8478414,wrap-around,-88,4,4.1,76.0,1,5v5,0,0,507,0.0099
2023020012,594,241,2,1,8475726,wrist,-63,25,36.1,43.9,0,5v5,0,0,507,0.0132
2023020012,595,257,2,1,8475726,snap,-68,-17,27.0,39.0,0,5v5,0,0,506,0.0781
2023020012,599,277,2,1,8482684,snap,-52,-15,39.9,22.1,0,5v5,0,0,506,0.0891
2023020012,606,303,2,1,8475287,wrist,-37,-41,66.2,38.3,0,5v5,0,0,507,0.0054
2023020012,608,311,2,1,8482125,snap,-74,20,25.0,53.1,0,5v5,0,0,506,0.0637
2023020012,629,434,2,17,8482078,slap,75,2,14.1,8.1,0,5v5,0,0,506,0.1819
2023020012,632,448,2,17,8477952,wrist,70,-14,23.6,36.4,0,5v5,0,0,506,0.1511
2023020012,359,464,2,1,8476292,snap,-69,18,26.9,42.0,0,5v5,0,0,506,0.0882
2023020012,638,474,2,1,8476292,slap,-70,-15,24.2,38.3,0,5v5,0,0,506,0.1397
2023020012,639,490,2,17,8477429,wrist,82,5,8.6,35.5,0,5v5,0,0,506,0.2023
2023020012,655,606,2,17,8477946,slap,58,8,32.0,14.5,0,5v5,0,0,506,0.111
2023020012,660,616,2,1,8478414,backhand,-63,33,42.0,51.8,0,5v5,0,0,507,0.0015
2023020012,159,619,2,1,8478399,snap,-65,-39,45.8,58.4,1,5v5,0,0,506,0.0038
2023020012,670,698,2,1,8474090,wrist,-32,-34,66.4,30.8,1,5v5,0,0,507,0.0006
2023020012,674,714,2,1,8476462,wrist,-69,14,24.4,35.0,0,5v5,0,0,506,0.1225
2023020012,678,731,2,17,8479992,wrist,85,13,13.6,72.9,0,5v5,0,0,506,0.0268
2023020012,679,734,2,17,8478466,deflected,79,1,10.0,5.7,1,5v5,0,1,505,0.1611
2023020012,684,756,2,1,8478414,snap,-74,34,37.2,66.2,0,5v5,-1,0,506,0.0024
2023020012,686,766,2,17,8474102,snap,57,-38,49.7,49.9,0,5v5,1,0,506,0.0034
2023020012,360,819,2,1,8481559,wrist,-88,-20,20.0,87.1,0,5v4,-1,1,505,0.0502
2023020012,361,916,2,1,8479407,backhand,-82,-8,10.6,48.8,0,5v4,0,0,507,0.0702
2023020012,770,947,2,1,8481559,wrist,-80,-2,9.2,12.5,0,5v4,0,0,506,0.0904
2023020012,161,947,2,1,8481559,snap,-83,3,6.7,26.6,1,5v4,0,0,507,0.1516
2023020012,776,979,2,1,8482110,wrist,-81,1,8.1,7.1,0,5v4,0,0,506,0.1786
2023020012,162,981,2,17,8477429,snap,-71,6,19.0,18.4,1,4v5,0,0,506,0.0981
2023020012,795,1077,2,17,8477946,wrist,8,-18,83.0,12.5,0,5v5,0,0,506,0.0026
2023020012,856,1123,2,1,8481559,wrist,-65,-3,24.2,7.1,0,5v5,0,1,505,0.1389
2023020012,873,32,3,17,8473507,slap,-30,32,67.1,28.5,0,5v5,-1,0,506,0.0017
2023020012,886,75,3,1,8476462,snap,64,-29,38.3,49.2,0,5v5,1,0,507,0.0063
2023020012,954,151,3,17,8478013,wrist,-61,-31,41.8,47.9,0,5v5,-1,0,507,0.0021
2023020012,958,170,3,1,8479415,backhand,74,14,20.5,43.0,0,5v5,1,0,506,0.0632
2023020012,962,178,3,1,8480002,wrist,53,41,54.6,48.7,0,5v5,1,0,507,0.0154
2023020012,969,237,3,17,8478013,wrist,-28,-38,71.9,31.9,0,5v5,-1,0,507,0.0138
2023020012,979,286,3,1,8478507,wrist,76,-38,40.2,71.1,0,5v5,1,0,507,0.0137
2023020012,991,333,3,1,8479415,wrist,63,10,27.9,21.0,0,5v5,1,0,507,0.1534
2023020012,993,348,3,1,8482684,wrist,41,-7,48.5,8.3,0,5v5,1,0,506,0.0085
2023020012,998,371,3,17,8478466,snap,-29,29,66.6,25.8,0,5v5,-1,0,507,0.0028
2023020012,999,374,3,17,8476906,wrist,-62,-37,45.8,53.9,1,5v5,-1,0,506,0.0009
2023020012,364,492,3,1,8476462,slap,74,-9,17.5,31.0,0,5v5,1,0,507,0.1185
2023020012,1028,515,3,17,8474102,snap,-95,23,23.8,104.6,0,5v5,-1,0,506,0.0066
2023020012,1029,516,3,17,8477429,snap,-71,3,18.2,9.5,1,5v5,-1,0,506,0.0931
2023020012,365,640,3,17,8481542,wrist,-43,-3,46.1,3.7,0,5v4,-1,0,506,0.0055
2023020012,366,643,3,17,8479337,wrist,-63,-13,29.1,26.6,1,5v4,-1,1,505,0.0233
2023020012,1060,670,3,1,8482110,snap,65,31,39.2,52.3,0,5v5,0,0,506,0.0105
2023020012,367,762,3,17,8475279,wrist,77,-25,27.7,64.4,0,4v5,0,0,507,0.0144
2023020012,368,784,3,1,8476462,wrist,29,-22,63.9,20.1,0,5v4,0,0,506,0.0099
2023020012,371,937,3,1,8476462,slap,32,2,57.0,2.0,0,5v5,0,1,505,0.0134
2023020012,1108,946,3,17,8479337,wrist,-43,21,50.6,24.5,0,5v5,-1,0,506,0.012
2023020012,1109,967,3,17,8477946,wrist,-54,-37,50.9,46.6,0,5v5,-1,0,507,0.0025
2023020012,1134,1048,3,17,8477456,wrist,-76,16,20.6,50.9,0,4v5,-1,0,506,0.0259
2023020012,1142,1065,3,17,8481542,wrist,-37,-3,52.1,3.3,0,5v4,-1,0,506,0.0084
2023020012,1145,1105,3,1,8478399,wrist,29,35,69.5,30.3,0,4v5,1,0,507,0.0013
2023020012,1146,1109,3,1,8475287,wrist,81,4,8.9,26.6,0,4v5,1,1,505,0.1815
2023020012,372,1166,3,17,8477952,wrist,-79,5,11.2,26.6,1,EmptyNet,-2,1,505,0.2784
2023020013,55,24,1,19,8476438,wrist,79,-3,10.4,16.7,0,5v5,0,0,507,0.256
2023020013,66,50,1,25,8475794,wrist,-44,-16,47.8,19.6,0,5v5,0,0,506,0.0061
2023020013,88,182,1,25,8480036,wrist,-59,24,38.4,38.7,0,5v5,0,0,506,0.0423
2023020013,451,216,1,25,8470600,wrist,-34,-36,65.7,33.2,0,5v5,0,0,506,0.04
2023020013,151,238,1,19,8477953,snap,70,-20,27.6,46.5,0,5v5,0,0,507,0.0647
2023020013,153,254,1,25,8474149,wrist,-86,-24,24.2,82.9,0,5v5,0,0,506,0.004
2023020013,160,272,1,25,8470600,wrist,-57,-20,37.7,32.0,0,5v5,0,0,506,0.0423
2023020013,184,398,1,25,8473994,wrist,-46,-34,54.8,38.3,0,5v5,0,0,506,0.0036
2023020013,186,403,1,25,8482740,wrist,-85,-23,23.3,80.1,0,5v5,0,0,506,0.0623
2023020013,301,408,1,25,8470600,wrist,-33,-37,67.1,33.5,0,5v5,0,0,506,0.0115
2023020013,196,456,1,19,8479385,wrist,69,-6,20.9,16.7,0,5v5,0,0,506,0.1942
2023020013,204,495,1,25,8470794,wrist,-69,16,25.6,38.7,0,5v5,0,0,506,0.0879
2023020013,216,562,1,19,8476792,wrist,43,34,57.2,36.5,0,5v5,0,0,506,0.127
2023020013,302,664,1,25,8476902,snap,83,-30,30.6,78.7,0,4v5,0,0,506,0.0085
2023020013,266,788,1,19,8476892,backhand,71,20,26.9,48.0,0,5v4,0,0,506,0.0143
2023020013,452,789,1,19,8476892,snap,84,7,8.6,54.5,1,5v5,0,0,506,0.2719
2023020013,303,810,1,19,8476897,wrist,82,-7,9.9,45.0,1,5v5,0,0,507,0.1354
2023020013,522,1059,1,19,8477953,snap,43,-32,56.0,34.8,0,5v5,0,0,507,0.0098
2023020013,534,1121,1,19,8475753,wrist,57,-9,33.2,15.7,0,4v5,0,0,506,0.0844
2023020013,538,1138,1,25,8482740,snap,-80,12,15.0,53.1,0,5v4,0,0,507,0.1754
2023020013,554,1180,1,19,8480023,snap,61,15,31.8,28.2,0,4v5,0,0,506,0.0544
2023020013,307,18,2,25,8473994,wrist,84,-6,7.8,50.2,0,5v5,0,1,505,0.1394
2023020013,564,41,2,19,8479385,wrist,-73,39,42.2,67.7,0,5v5,-1,0,507,0.0014
2023020013,571,78,2,25,8474149,wrist,62,-23,35.5,40.4,0,5v5,1,0,507,0.0652
2023020013,575,88,2,19,8477944,snap,-58,-2,31.1,3.7,0,5v5,-1,0,506,0.0486
2023020013,310,157,2,19,8481006,snap,-51,3,38.1,4.5,1,5v5,-1,1,505,0.0257
2023020013,592,210,2,25,8480036,slap,41,-29,56.1,31.1,0,5v5,0,0,506,0.0279
2023020013,596,252,2,25,8470794,deflected,79,-4,10.8,21.8,0,5v5,0,0,506,0.2266
2023020013,597,254,2,25,8470794,wrist,84,-10,11.2,63.4,1,5v5,0,0,506,0.2126
2023020013,609,328,2,25,8475794,slap,59,23,37.8,37.5,0,5v4,0,0,506,0.0835
2023020013,612,337,2,25,8473994,wrist,78,-24,26.4,65.4,0,5v4,0,0,506,0.0465
2023020013,624,416,2,19,8479385,deflected,-52,19,41.6,27.2,0,4v4,0,0,506,0.0067
2023020013,311,487,2,19,8481006,wrist,-42,7,47.5,8.5,0,5v4,0,0,506,0.0065
2023020013,639,489,2,19,8480023,snap,-83,15,16.2,68.2,1,5v5,0,0,506,0.1343
2023020013,649,547,2,19,8476897,wrist,-61,-14,31.3,26.6,0,5v5,0,0,506,0.0545
2023020013,667,636,2,19,8475170,snap,-54,29,45.5,39.6,0,5v5,0,0,506,0.0141
2023020013,312,657,2,25,8475794,deflected,81,2,8.2,14.0,0,5v5,0,0,506,0.0753
2023020013,315,830,2,19,8476792,wrist,-84,-23,23.5,77.7,0,5v5,0,0,506,0.0111
2023020013,709,904,2,19,8476897,wrap-around,-86,-5,5.8,59.0,0,5v5,0,0,506,0.0045
2023020013,717,950,2,19,8479385,wrist,-55,-21,40.0,31.7,0,5v5,0,0,506,0.0423
2023020013,721,973,2,19,8475753,tip-in,-71,-8,19.7,24.0,0,5v5,0,0,506,0.0546
2023020013,727,992,2,25,8475825,wrist,57,-15,35.3,25.1,0,5v5,0,0,507,0.0606
2023020013,742,1052,2,19,8477953,wrist,-82,35,35.7,78.7,0,5v5,0,0,507,0.0093
2023020013,316,1062,2,25,8475794,backhand,83,6,8.5,45.0,0,5v5,0,0,506,0.1162
2023020013,760,1169,2,19,8476897,wrist,-68,-12,24.2,29.7,0,4v5,0,0,506,0.0629
2023020013,767,1190,2,25,8482740,snap,79,0,10.0,0.0,0,5v4,0,0,506,0.1642
2023020013,453,1194,2,25,8480878,wrist,43,-38,59.7,39.6,0,5v5,0,0,506,0.01
2023020013,779,51,3,19,8479385,wrist,51,29,47.8,37.3,0,5v5,0,0,506,0.0054
2023020013,781,73,3,25,8480036,backhand,-88,18,18.0,86.8,0,5v5,0,0,506,0.0082
2023020013,783,74,3,25,8482740,snap,-86,6,6.7,63.4,1,5v5,0,0,506,0.1801
2023020013,786,107,3,25,8480036,slap,-37,3,52.1,3.3,0,5v5,0,0,507,0.008
2023020013,794,156,3,19,8479385,snap,58,10,32.6,17.9,0,5v5,0,0,506,0.0617
2023020013,956,201,3,25,8470794,slap,-31,-35,67.7,31.1,0,5v5,0,0,506,0.003
2023020013,959,208,3,25,8480036,snap,-84,-17,17.7,73.6,0,5v5,0,0,506,0.0467
2023020013,962,220,3,19,8475753,slap,38,-12,52.4,13.2,0,5v5,0,0,506,0.0126
2023020013,985,384,3,25,8474149,wrap-around,-88,6,6.1,80.5,0,5v5,0,0,507,0.0164
2023020013,997,438,3,25,8476889,wrist,-45,-38,58.1,40.8,0,5v5,0,0,507,0.0069
2023020013,999,450,3,25,8476889,tip-in,-65,7,25.0,16.3,0,5v5,0,0,507,0.0227
2023020013,1000,451,3,25,8479351,backhand,-79,20,22.4,63.4,1,5v5,0,0,506,0.007
2023020013,1004,460,3,25,8470794,wrist,-78,-19,22.0,59.9,0,5v5,0,0,506,0.0575
2023020013,1026,578,3,25,8473994,snap,-90,-29,29.0,92.0,0,5v5,0,0,506,0.0212
2023020013,1027,583,3,25,8474149,snap,-44,35,57.0,37.9,0,5v5,0,0,507,0.0142
2023020013,1029,591,3,25,8474149,wrist,-37,0,52.0,0.0,0,5v5,0,0,507,0.0136
2023020013,1040,642,3,19,8475170,snap,76,4,13.6,17.1,0,5v5,0,0,507,0.1395
2023020013,1058,744,3,25,8480878,wrist,-62,11,29.2,22.2,0,5v5,0,0,507,0.1494
2023020013,1059,753,3,25,8480878,slap,-32,27,63.1,25.3,0,5v5,0,0,507,0.0097
2023020013,1068,778,3,25,8473994,wrist,-73,-19,24.8,49.9,0,5v5,0,0,507,0.0386
2023020013,1070,803,3,25,8481581,tip-in,-80,-3,9.5,18.4,0,5v5,0,0,507,0.0777
2023020013,1083,880,3,25,8476902,wrist,-71,-25,30.8,54.2,0,5v5,0,0,506,0.0286
2023020013,1088,907,3,25,8480027,tip-in,-68,-16,26.4,37.3,0,5v5,0,0,507,0.0318
2023020013,1093,940,3,25,8480848,wrist,-50,6,39.5,8.7,0,5v5,0,0,506,0.0327
2023020013,1125,1104,3,25,8479351,wrist,-36,7,53.5,7.5,0,5v5,0,0,506,0.0126
2023020013,1126,1113,3,25,8476889,deflected,-76,-7,14.8,28.3,0,5v5,0,0,507,0.0565
2023020013,1146,7,4,19,8475753,deflected,-76,2,13.2,8.7,0,3v3,0,0,506,0.4371
2023020013,1148,23,4,19,8475753,snap,-58,-26,40.5,40.0,0,3v3,0,0,506,0.0577
2023020013,320,44,4,25,8482740,wrap-around,89,7,7.0,90.0,0,3v3,0,0,507,0.037
2023020013,1152,57,4,25,8480027,slap,61,14,31.3,26.6,0,3v3,0,0,506,0.2475
2023020013,1160,150,4,25,8480036,snap,58,-12,33.2,21.2,0,3v3,0,0,506,0.1343
2023020013,321,215,4,25,8482740,snap,60,-2,29.1,3.9,0,3v3,0,0,507,0.1724
2023020013,1172,246,4,19,8479385,snap,-73,12,20.0,36.9,0,3v3,0,0,506,0.3129
2023020013,1175,256,4,25,8480027,wrist,78,-6,12.5,28.6,0,3v3,0,0,506,0.2125
2023020013,1185,292,4,25,8480036,wrist,63,8,27.2,17.1,0,5v5,0,0,506,0.1276
2023020014,55,32,1,13,8475171,slap,53,-3,36.1,4.8,0,5v5,0,0,506,0.1546
2023020014,56,37,1,13,8478542,wrist,50,-3,39.1,4.4,0,5v5,0,0,506,0.0348
2023020014,62,52,1,13,8479314,backhand,37,0,52.0,0.0,0,5v5,0,0,507,0.0032
2023020014,63,61,1,13,8475179,slap,44,-11,46.3,13.7,0,5v5,0,0,506,0.0623
2023020014,65,64,1,13,8479314,wrist,55,-23,41.0,34.1,0,5v5,0,0,506,0.021
2023020014,251,120,1,30,8477451,backhand,-5,-13,85.0,8.8,0,5v5,0,0,506,0.0009
2023020014,80,162,1,13,8479066,snap,76,31,33.6,67.2,0,5v5,0,0,506,0.0089
2023020014,253,169,1,13,8478904,wrap-around,87,-5,5.4,68.2,0,5v5,0,0,506,0.0034
2023020014,88,203,1,13,8476393,wrist,58,21,37.4,34.1,0,5v5,0,0,506,0.0359
2023020014,96,246,1,30,8471274,wrist,-33,13,57.5,13.1,0,5v5,0,0,506,0.0308
2023020014,156,276,1,13,8477493,snap,76,-8,15.3,31.6,0,5v5,0,0,506,0.1097
2023020014,167,329,1,13,8479314,wrist,84,7,8.6,54.5,0,5v5,0,0,506,0.077
2023020014,702,331,1,13,8479314,backhand,87,6,6.3,71.6,1,5v5,0,0,506,0.0248
2023020014,178,363,1,13,8476393,wrist,20,38,78.8,28.8,0,5v5,0,0,506,0.0023
2023020014,255,390,1,30,8471274,wrist,-78,-12,16.3,47.5,0,5v5,0,0,507,0.0744
2023020014,257,474,1,30,8482122,snap,-32,16,59.2,15.7,0,5v5,0,1,505,0.0154
2023020014,258,615,1,13,8475171,wrist,63,31,40.5,50.0,0,5v5,-1,0,506,0.0022
2023020014,231,643,1,13,8482113,wrist,80,32,33.2,74.3,0,5v5,-1,0,507,0.01
2023020014,248,746,1,30,8478493,wrist,-52,37,52.3,45.0,0,5v5,1,0,507,0.007
2023020014,355,785,1,30,8478493,backhand,-18,21,74.0,16.5,0,5v5,1,0,506,0.0003
2023020014,377,930,1,13,8477409,wrist,83,11,12.5,61.4,0,5v5,-1,0,506,0.1061
2023020014,393,1033,1,30,8477919,wrist,-59,-16,34.0,28.1,0,5v5,1,0,506,0.0669
2023020014,456,1110,1,13,8478542,snap,68,-13,24.7,31.8,0,5v4,-1,0,506,0.1166
2023020014,462,1168,1,13,8475171,wrist,39,-9,50.8,10.2,0,5v4,-1,0,507,0.0144
2023020014,472,1192,1,13,8482713,wrist,85,-15,15.5,75.1,0,5v4,-1,0,507,0.0938
2023020014,479,23,2,30,8476463,wrist,50,34,51.7,41.1,0,5v5,1,0,506,0.0127
2023020014,483,50,2,13,8479314,wrist,-48,36,54.6,41.3,0,5v5,-1,0,506,0.0071
2023020014,262,54,2,13,8478859,wrist,-86,-10,10.4,73.3,0,5v5,-1,0,507,0.0634
2023020014,489,81,2,13,8482713,snap,-60,25,38.3,40.8,0,5v5,-1,0,506,0.0278
2023020014,492,90,2,30,8478864,wrist,39,-15,52.2,16.7,0,5v5,1,0,506,0.0121
2023020014,507,137,2,30,8475692,wrist,49,22,45.7,28.8,0,5v4,1,0,506,0.0126
2023020014,513,172,2,13,8478831,snap,-62,26,37.5,43.9,0,4v5,-1,0,506,0.007
2023020014,519,215,2,30,8477919,wrist,80,-32,33.2,74.3,0,5v4,1,0,506,0.05
2023020014,523,232,2,30,8482079,wrist,50,-1,39.0,1.5,0,5v4,1,0,506,0.0274
2023020014,536,325,2,13,8477493,snap,-40,-9,49.8,10.4,0,5v5,-1,0,506,0.0291
2023020014,264,448,2,13,8479314,deflected,-69,-6,20.9,16.7,0,5v5,-1,0,507,0.0685
2023020014,560,472,2,13,8484304,wrist,-44,5,45.3,6.3,0,5v5,-1,0,506,0.0126
2023020014,266,561,2,30,8474034,wrist,84,-10,11.2,63.4,0,5v5,1,0,507,0.102
2023020014,571,581,2,30,8476463,snap,51,-31,49.0,39.2,0,5v5,1,0,506,0.0134
2023020014,267,666,2,13,8484304,wrist,-78,-31,32.9,70.5,0,5v5,-1,0,506,0.0224
2023020014,596,699,2,30,8478864,slap,32,-33,65.9,30.1,0,4v4,1,0,506,0.0052
2023020014,598,718,2,13,8479314,wrist,-63,21,33.4,38.9,0,4v4,-1,0,506,0.0113
2023020014,602,751,2,30,8471274,snap,57,28,42.5,41.2,0,4v4,1,0,507,0.0025
2023020014,612,776,2,30,8478493,wrist,84,3,5.8,31.0,0,5v5,1,1,505,0.1322
2023020014,620,794,2,30,8480884,slap,38,-14,52.9,15.4,0,4v4,2,0,506,0.0043
2023020014,636,864,2,30,8480980,snap,74,21,25.8,54.5,0,5v5,2,0,506,0.0421
2023020014,647,944,2,30,8478493,snap,60,-32,43.2,47.8,0,5v5,2,0,507,0.008
2023020014,657,1010,2,13,8482113,wrist,-80,-9,12.7,45.0,0,5v5,-2,0,506,0.1426
2023020014,664,1033,2,13,8476393,snap,-59,-16,34.0,28.1,1,5v5,-2,0,506,0.0469
2023020014,668,1054,2,13,8479066,snap,-46,20,47.4,24.9,0,5v5,-2,0,506,0.0357
2023020014,671,1062,2,13,8479314,wrist,-69,2,20.1,5.7,0,5v5,-2,0,506,0.2178
2023020014,683,1138,2,30,8477451,bat,87,-8,8.2,76.0,0,4v5,2,0,507,0.1148
2023020014,687,1141,2,30,8479520,wrist,84,0,5.0,0.0,0,4v5,2,0,506,0.101
2023020014,691,1181,2,13,8482713,snap,-71,-4,18.4,12.5,0,5v4,-2,0,506,0.1531
2023020014,706,1182,2,13,8478055,wrist,-85,-14,14.6,74.1,1,5v4,-2,0,507,0.072
2023020014,694,1188,2,13,8482713,snap,-47,-2,42.0,2.7,0,5v4,-2,0,507,0.025
2023020014,761,84,3,30,8481557,wrist,-81,-18,19.7,66.0,0,5v4,2,0,506,0.0548
2023020014,707,85,3,30,8482079,wrist,-82,-4,8.1,29.7,1,5v4,2,0,506,0.1474
2023020014,764,104,3,30,8478864,wrist,-74,-26,30.0,60.0,0,5v4,2,0,506,0.0235
2023020014,774,166,3,13,8478542,wrist,12,-24,80.7,17.3,0,5v5,-2,0,507,0.0011
2023020014,781,189,3,30,8478136,snap,-54,-9,36.1,14.4,0,5v5,2,0,506,0.0369
2023020014,271,203,3,30,8480980,backhand,-81,7,10.6,41.2,0,5v5,2,0,507,0.0729
2023020014,793,284,3,13,8478542,slap,60,-6,29.6,11.7,0,5v5,-2,0,506,0.0705
2023020014,795,292,3,13,8477493,deflected,75,-2,14.1,8.1,0,5v5,-2,0,506,0.0939
2023020014,711,433,3,13,8479314,snap,56,4,33.2,6.9,0,5v5,-2,0,506,0.0836
2023020014,274,584,3,13,8478859,slap,36,33,62.4,31.9,0,5v5,-2,0,506,0.0155
2023020014,1027,721,3,13,8475171,snap,40,-10,50.0,11.5,0,4v4,-2,0,506,0.0109
2023020014,1030,744,3,13,8475171,snap,56,7,33.7,12.0,0,5v4,-2,0,506,0.0243
2023020014,1032,757,3,13,8479314,wrist,84,-8,9.4,58.0,0,5v4,-2,0,506,0.222
2023020014,1038,783,3,13,8477933,tip-in,82,-7,9.9,45.0,0,5v4,-2,0,506,0.1615
2023020014,1039,784,3,13,8477933,backhand,89,-8,8.0,90.0,1,5v4,-2,0,507,0.0031
2023020014,1044,815,3,13,8478542,wrist,55,18,38.5,27.9,0,5v4,-2,0,506,0.0316
2023020014,1052,854,3,13,8478055,wrist,32,39,69.1,34.4,0,5v5,-2,0,507,0.0141
2023020014,275,866,3,13,8475179,wrist,56,35,48.1,46.7,0,5v5,-2,0,506,0.0019
2023020014,1060,899,3,30,8478864,snap,-58,-24,39.2,37.7,0,5v5,2,0,506,0.0245
2023020014,1064,920,3,13,8477493,wrist,51,0,38.0,0.0,0,5v5,-2,0,507,0.0733
2023020014,1071,957,3,13,8477933,wrist,72,-21,27.0,51.0,0,5v5,-2,0,506,0.0287
2023020014,1103,1131,3,13,8479314,tip-in,82,-3,7.6,23.2,0,EmptyNet,-2,0,506,0.0494
2023020014,1104,1134,3,13,8477409,tip-in,71,-11,21.1,31.4,1,EmptyNet,-2,0,506,0.0701
2023020014,278,1145,3,13,8479314,wrist,79,-6,11.7,31.0,0,EmptyNet,-2,0,506,0.2255
2023020014,1108,1171,3,13,8477409,snap,81,11,13.6,54.0,0,EmptyNet,-2,0,506,0.1033
2023020015,77,99,1,18,8479996,wrist,47,-14,44.3,18.4,0,4v4,0,0,506,0.0123
2023020015,90,173,1,55,8477505,backhand,-83,-6,8.5,45.0,1,4v4,0,0,506,0.0673
2023020015,451,193,1,55,8477416,backhand,-85,2,4.5,26.6,0,4v4,0,0,506,0.402
2023020015,152,220,1,18,8478468,wrist,42,24,52.8,27.1,0,5v5,0,0,507,0.006
2023020015,153,222,1,18,8474679,wrist,82,-12,13.9,59.7,1,5v5,0,0,507,0.107
2023020015,156,247,1,18,8479996,backhand,79,19,21.5,62.2,0,5v5,0,0,506,0.0083
2023020015,160,265,1,18,8482146,wrist,31,-35,67.7,31.1,0,5v5,0,0,506,0.0024
2023020015,167,294,1,55,8477930,wrist,-48,31,51.4,37.1,0,5v5,0,0,507,0.0112
2023020015,452,297,1,55,8478407,snap,-69,-38,42.9,62.2,1,5v5,0,0,507,0.0026
2023020015,168,303,1,55,8481789,wrist,-79,-4,10.8,21.8,0,5v5,0,0,506,0.3847
2023020015,202,328,1,18,8474151,slap,33,-13,57.5,13.1,0,5v5,0,0,506,0.0347
2023020015,175,336,1,18,8474600,wrist,33,38,67.7,34.2,0,5v5,0,0,507,0.0068
2023020015,189,389,1,55,8477444,wrist,-38,-2,51.0,2.2,0,5v5,0,0,506,0.0215
2023020015,192,407,1,18,8482062,wrist,63,-22,34.1,40.2,0,5v5,0,0,506,0.0698
2023020015,259,517,1,18,8474600,slap,39,-12,51.4,13.5,0,5v5,0,0,506,0.0127
2023020015,274,623,1,18,8474600,wrist,67,34,40.5,57.1,0,5v5,0,0,506,0.0076
2023020015,276,635,1,55,8475768,snap,-53,-20,41.2,29.1,0,5v5,0,0,506,0.0442
2023020015,279,657,1,55,8477444,wrist,-73,10,18.9,32.0,0,5v5,0,0,506,0.1297
2023020015,204,665,1,55,8475208,wrist,-42,8,47.7,9.7,0,5v5,0,0,507,0.0097
2023020015,284,672,1,55,8477955,snap,-79,-23,25.1,66.5,0,5v5,0,0,506,0.036
2023020015,288,701,1,18,8481704,backhand,68,12,24.2,29.7,0,5v5,0,0,506,0.0085
2023020015,205,713,1,55,8477416,wrist,-73,18,24.1,48.4,0,5v5,0,0,506,0.0908
2023020015,298,784,1,55,8477930,wrist,-64,30,39.1,50.2,0,5v5,0,0,507,0.0165
2023020015,300,806,1,55,8474602,snap,-69,22,29.7,47.7,0,5v5,0,0,506,0.0391
2023020015,360,829,1,18,8479996,backhand,71,0,18.0,0.0,0,5v5,0,0,506,0.2191
2023020015,361,844,1,55,8474586,deflected,-69,22,29.7,47.7,0,5v5,0,0,506,0.0115
2023020015,362,845,1,55,8478407,backhand,-80,3,9.5,18.4,1,5v5,0,0,506,0.0974
2023020015,208,868,1,18,8481704,wrist,50,-2,39.1,2.9,0,5v5,0,0,506,0.0188
2023020015,367,872,1,18,8475158,wrist,79,1,10.0,5.7,0,5v5,0,0,506,0.1548
2023020015,390,1007,1,55,8474602,wrist,-58,32,44.6,45.9,0,5v5,0,0,506,0.0211
2023020015,397,1054,1,18,8482146,wrist,54,20,40.3,29.7,0,5v5,0,0,506,0.0605
2023020015,505,1071,1,18,8482062,backhand,84,14,14.9,70.3,0,5v5,0,0,506,0.0214
2023020015,518,1135,1,55,8477955,deflected,-81,3,8.5,20.6,0,5v5,0,0,507,0.1047
2023020015,209,1170,1,18,8480748,deflected,75,9,16.6,32.7,0,5v5,0,0,506,0.0265
2023020015,525,1174,1,18,8478508,wrist,63,22,34.1,40.2,0,5v5,0,0,506,0.0698
2023020015,543,10,2,18,8474600,slap,-49,13,42.1,18.0,0,5v3,0,0,507,0.0376
2023020015,453,30,2,18,8476887,slap,-48,12,42.7,16.3,0,5v3,0,0,506,0.019
2023020015,545,45,2,18,8479996,wrist,-86,2,3.6,33.7,1,5v3,0,0,507,0.1423
2023020015,546,63,2,18,8475197,slap,-58,1,31.0,1.8,0,5v3,0,0,506,0.1429
2023020015,547,64,2,18,8479996,wrist,-84,8,9.4,58.0,1,5v3,0,0,507,0.0816
2023020015,550,82,2,18,8476887,snap,-71,-19,26.2,46.5,0,5v3,0,0,507,0.1082
2023020015,554,104,2,18,8475158,snap,-69,16,25.6,38.7,0,5v3,0,0,506,0.1774
2023020015,212,156,2,18,8476925,wrist,-59,-28,41.0,43.0,0,5v5,0,0,507,0.0104
2023020015,213,207,2,18,8479371,slap,-79,-12,15.6,50.2,0,5v5,0,0,507,0.064
2023020015,585,289,2,55,8475768,deflected,67,2,22.1,5.2,0,5v5,0,0,506,0.1481
2023020015,596,359,2,55,8481789,snap,52,23,43.6,31.9,0,5v5,0,0,506,0.0269
2023020015,603,380,2,55,8477955,slap,63,30,39.7,49.1,0,5v5,0,0,506,0.0094
2023020015,606,397,2,18,8478508,wrist,-68,-37,42.5,60.4,0,5v5,0,0,507,0.0018
2023020015,214,547,2,55,8477444,wrist,66,26,34.7,48.5,0,5v4,0,0,506,0.1095
2023020015,632,549,2,55,8474586,backhand,78,10,14.9,42.3,1,5v4,0,0,507,0.0568
2023020015,637,577,2,18,8478468,wrist,-38,-28,58.2,28.8,0,4v5,0,0,506,0.0229
2023020015,640,581,2,18,8475158,wrist,-69,-21,29.0,46.4,0,4v5,0,0,506,0.0207
2023020015,647,623,2,18,8476925,wrist,-79,2,10.2,11.3,0,4v5,0,0,507,0.0887
2023020015,215,624,2,18,8476925,backhand,-81,1,8.1,7.1,1,4v5,0,1,505,0.2189
2023020015,648,630,2,55,8477955,snap,58,21,37.4,34.1,0,5v4,-1,0,507,0.1207
2023020015,653,666,2,18,8478508,wrist,-69,-23,30.5,49.0,0,4v5,1,0,507,0.0109
2023020015,656,674,2,18,8474600,wrist,-77,-19,22.5,57.7,0,5v5,1,0,506,0.0461
2023020015,659,701,2,18,8476887,snap,-62,-1,27.0,2.1,0,5v5,1,0,506,0.1754
2023020015,676,803,2,18,8474679,wrist,-58,5,31.4,9.2,0,5v4,1,0,507,0.1657
2023020015,216,806,2,18,8482146,wrap-around,-88,-5,5.1,78.7,1,5v4,1,0,506,0.0306
2023020015,687,871,2,18,8474151,wrist,-67,-37,43.0,59.3,0,5v5,1,0,506,0.0029
2023020015,217,886,2,18,8478508,wrist,-74,-3,15.3,11.3,0,5v5,1,0,506,0.1151
2023020015,762,1027,2,18,8476887,slap,-59,-26,39.7,40.9,0,5v5,1,0,507,0.0541
2023020015,764,1045,2,18,8479371,snap,-63,24,35.4,42.7,0,5v5,1,0,506,0.0889
2023020015,454,1052,2,55,8474586,wrist,30,-26,64.5,23.8,0,5v5,-1,0,507,0.0091
2023020015,774,1089,2,18,8478508,wrist,-37,31,60.5,30.8,0,5v5,1,0,507,0.0059
2023020015,775,1103,2,18,8478508,wrist,-83,5,7.8,39.8,0,5v5,1,0,506,0.3188
2023020015,784,1144,2,55,8481789,snap,61,19,33.8,34.2,0,5v5,-1,0,507,0.0699
2023020015,799,22,3,55,8477444,wrist,-71,5,18.7,15.5,0,5v5,-1,0,507,0.2088
2023020015,806,51,3,55,8477444,snap,-51,12,39.8,17.5,0,5v5,-1,0,507,0.0261
2023020015,821,137,3,55,8477416,wrist,-54,24,42.4,34.4,0,5v5,-1,0,507,0.0175
2023020015,836,243,3,55,8475768,tip-in,-81,-8,11.3,45.0,0,5v5,-1,0,506,0.103
2023020015,219,269,3,55,8476826,wrist,-74,-5,15.8,18.4,0,5v4,-1,0,507,0.1636
2023020015,845,317,3,55,8480009,snap,-48,-18,44.8,23.7,0,5v4,-1,0,506,0.0398
2023020015,846,321,3,55,8477416,wrist,-58,19,36.4,31.5,0,5v4,-1,0,507,0.0229
2023020015,923,478,3,55,8478840,slap,-41,-10,49.0,11.8,0,5v5,-1,0,507,0.0185
2023020015,934,521,3,18,8475197,wrist,72,-37,40.7,65.3,0,5v5,1,0,507,0.0037
2023020015,941,550,3,18,8476887,backhand,76,6,14.3,24.8,0,5v5,1,0,506,0.0677
2023020015,457,565,3,18,8476887,slap,64,19,31.4,37.2,0,5v5,1,0,507,0.0899
2023020015,944,586,3,18,8476887,wrist,68,-37,42.5,60.4,0,5v5,1,0,506,0.0018
2023020015,223,603,3,18,8474679,deflected,86,-32,32.1,84.6,0,EmptyNet,1,1,505,0.0388
2023020015,949,634,3,55,8477416,wrist,-87,18,18.1,83.7,0,5v5,-2,0,506,0.0058
2023020015,1056,664,3,55,8478840,wrist,-20,39,79.3,29.5,0,5v5,-2,0,506,0.0032
2023020015,1075,768,3,18,8476887,backhand,0,35,95.6,21.5,0,5v5,2,0,506,0.0048
2023020015,1077,795,3,18,8482146,wrist,79,-5,11.2,26.6,0,5v5,2,0,506,0.1178
2023020015,1080,813,3,18,8474600,slap,35,37,65.5,34.4,1,5v5,2,0,507,0.0021
2023020015,1086,841,3,18,8478468,slap,31,9,58.7,8.8,0,5v5,2,0,506,0.0416
2023020015,1111,985,3,55,8476826,wrist,-10,10,79.6,7.2,0,5v5,-2,0,506,0.0058
2023020015,1118,1040,3,55,8474586,snap,-81,1,8.1,7.1,0,EmptyNet,-2,0,507,0.2615
2023020015,1119,1041,3,55,8482665,wrist,-79,-1,10.0,5.7,1,EmptyNet,-2,0,507,0.1173
2023020015,227,1095,3,18,8478508,backhand,48,6,41.4,8.3,0,EmptyNet,2,0,507,0.3351
2023020015,228,1099,3,18,8481704,wrist,-44,30,54.1,33.7,0,EmptyNet,2,1,505,0.6403
2023020015,1133,1112,3,55,8481789,wrist,-37,-40,65.6,37.6,0,5v5,-3,0,506,0.0165
2023020015,1144,1164,3,55,8475208,slap,-57,-14,34.9,23.6,0,5v5,-3,0,506,0.1147
2023020016,108,41,1,54,8478403,wrist,-73,26,30.5,58.4,0,5v5,0,0,506,0.0288
2023020016,150,250,1,28,8479316,tip-in,89,6,6.0,90.0,0,5v5,0,0,506,0.0561
2023020016,251,285,1,54,8475188,snap,-35,-23,58.7,23.1,0,5v5,0,0,506,0.0164
2023020016,252,391,1,28,8476881,tip-in,71,7,19.3,21.3,0,5v4,0,0,507,0.0641
2023020016,401,396,1,28,8474884,backhand,86,-12,12.4,76.0,0,5v4,0,0,507,0.0113
2023020016,253,425,1,28,8479316,snap,61,3,28.2,6.1,0,5v4,0,0,507,0.2483
2023020016,232,436,1,28,8480821,tip-in,68,1,21.0,2.7,0,5v4,0,0,507,0.1088
2023020016,233,447,1,28,8479316,wrist,87,14,14.1,81.9,0,5v4,0,0,506,0.0122
2023020016,254,449,1,28,8480821,wrist,82,0,7.0,0.0,1,5v4,0,0,506,0.0986
2023020016,247,552,1,54,8476539,wrist,-77,25,27.7,64.4,0,5v5,0,0,506,0.0281
2023020016,316,675,1,28,8479983,wrist,26,39,74.1,31.8,0,5v5,0,0,506,0.0161
2023020016,340,788,1,54,8478403,wrist,-62,29,39.6,47.0,0,5v5,0,0,506,0.0205
2023020016,350,805,1,54,8476448,wrist,33,-37,67.1,33.5,0,4v5,0,0,506,0.0059
2023020016,351,823,1,54,8476448,wrist,-69,-24,31.2,50.2,0,4v5,0,0,506,0.032
2023020016,357,851,1,54,8476905,wrist,-66,-19,29.8,39.6,0,4v5,0,0,506,0.0739
2023020016,359,860,1,54,8475913,wrist,-59,-10,31.6,18.4,0,4v5,0,0,507,0.1138
2023020016,370,925,1,54,8478020,wrist,-76,-11,17.0,40.2,0,4v5,0,1,505,0.0753
2023020016,382,976,1,28,8479379,wrist,41,-26,54.6,28.4,0,5v5,-1,0,506,0.0095
2023020016,384,978,1,28,8479316,wrist,61,-6,28.6,12.1,1,5v5,-1,0,507,0.0383
2023020016,388,992,1,54,8478403,wrist,-60,3,29.2,5.9,0,5v5,1,0,506,0.1307
2023020016,402,994,1,54,8478403,backhand,-84,7,8.6,54.5,1,5v5,1,0,506,0.0811
2023020016,389,994,1,54,8478403,backhand,-82,4,8.1,29.7,1,5v5,1,0,506,0.1032
2023020016,255,1012,1,54,8478403,wrist,48,-11,42.4,15.0,0,5v5,1,0,507,0.053
2023020016,403,1019,1,54,8477964,tip-in,-83,-6,8.5,45.0,0,5v5,1,0,506,0.0755
2023020016,256,1045,1,54,8478403,tip-in,-74,0,15.0,0.0,0,5v5,1,0,507,0.093
2023020016,257,1068,1,28,8480821,wrist,75,-12,18.4,40.6,0,5v5,-1,1,505,0.0937
2023020016,617,1189,1,54,8476539,backhand,-67,12,25.1,28.6,0,5v5,0,0,506,0.0091
2023020016,623,1196,1,54,8478403,tip-in,-79,14,17.2,54.5,0,5v5,0,0,507,0.0205
2023020016,260,30,2,28,8480821,tip-in,-77,5,13.0,22.6,0,5v5,0,0,506,0.0616
2023020016,628,35,2,28,8474884,wrist,-86,15,15.3,78.7,0,5v5,0,0,506,0.0225
2023020016,261,93,2,28,8481567,wrist,-33,-26,61.7,24.9,0,5v5,0,0,506,0.0063
2023020016,404,108,2,28,8482222,deflected,-70,-7,20.2,20.2,0,5v5,0,0,507,0.1085
2023020016,262,156,2,28,8480188,wrist,-57,-23,39.4,35.7,0,5v5,0,0,506,0.0458
2023020016,680,347,2,28,8471709,slap,-39,1,50.0,1.1,0,5v5,0,0,506,0.0125
2023020016,406,395,2,28,8480188,tip-in,-86,4,5.0,53.1,0,5v5,0,0,506,0.0655
2023020016,698,453,2,54,8477964,tip-in,82,6,9.2,40.6,0,5v5,0,0,506,0.1043
2023020016,758,505,2,54,8476539,wrist,68,-11,23.7,27.6,0,5v5,0,0,506,0.1392
2023020016,264,594,2,28,8479983,slap,-35,-38,66.0,35.1,0,5v5,0,0,507,0.0319
2023020016,266,670,2,28,8480821,wrist,-6,-1,83.0,0.7,0,5v5,0,0,506,0.0007
2023020016,786,677,2,28,8476988,wrist,-51,41,55.9,47.2,0,5v5,0,0,506,0.0036
2023020016,795,752,2,54,8476905,wrist,92,10,10.4,106.7,0,5v4,0,0,506,0.0169
2023020016,268,796,2,28,8479316,wrist,70,38,42.5,63.4,0,4v5,0,0,506,0.0022
2023020016,818,895,2,54,8481167,snap,25,-36,73.4,29.4,0,5v5,0,0,507,0.004
2023020016,822,928,2,54,8479980,slap,55,26,42.8,37.4,0,5v5,0,0,507,0.0215
2023020016,842,1054,2,54,8477018,wrist,30,16,61.1,15.2,0,5v5,0,0,506,0.0049
2023020016,847,1073,2,54,8479980,snap,30,33,67.6,29.2,0,5v5,0,0,506,0.0033
2023020016,849,1083,2,54,8479980,wrist,36,34,63.0,32.7,0,5v5,0,0,506,0.0037
2023020016,270,1111,2,54,8479980,slap,56,-24,40.8,36.0,0,5v5,0,1,505,0.187
2023020016,271,1164,2,54,8478462,wrist,66,-17,28.6,36.5,0,5v5,1,1,505,0.0894
2023020016,865,1193,2,54,8477447,wrist,65,-16,28.8,33.7,0,5v5,2,0,506,0.0782
2023020016,869,11,3,54,8478403,wrist,-55,16,37.6,25.2,0,5v5,2,0,506,0.0232
2023020016,412,53,3,54,8477964,deflected,-82,-7,9.9,45.0,0,5v5,2,0,506,0.0878
2023020016,878,54,3,54,8476539,wrist,-87,-2,2.8,45.0,1,5v5,2,0,506,0.5144
2023020016,880,69,3,54,8481032,wrist,-63,-16,30.5,31.6,0,5v5,2,0,506,0.0878
2023020016,889,115,3,54,8475913,wrist,-84,14,14.9,70.3,0,5v5,2,0,507,0.0367
2023020016,272,131,3,54,8481167,wrist,-64,14,28.7,29.2,0,5v5,2,1,505,0.1014
2023020016,896,133,3,54,8477018,wrist,0,-14,90.1,8.9,0,5v5,3,0,506,0.0312
2023020016,899,157,3,28,8479379,snap,71,-26,31.6,55.3,0,5v5,-3,0,506,0.0539
2023020016,984,372,3,28,8479379,wrist,95,-8,10.0,126.9,0,5v5,-3,0,506,0.1359
2023020016,992,391,3,54,8481032,slap,-61,-13,30.9,24.9,0,5v5,3,0,506,0.0971
2023020016,1052,433,3,28,8479983,wrist,83,-7,9.2,49.4,0,5v5,-3,0,506,0.1066
2023020016,1072,536,3,28,8480188,wrist,77,-33,35.1,70.0,0,5v5,-3,0,506,0.0245
2023020016,1096,649,3,28,8480821,backhand,75,0,14.0,0.0,0,5v5,-3,0,507,0.1804
2023020016,1106,719,3,54,8481604,wrist,-86,-8,8.5,69.4,0,5v5,3,0,506,0.0826
2023020016,1110,729,3,28,8482222,wrist,85,28,28.3,81.9,0,5v5,-3,0,507,0.0026
2023020016,1116,745,3,28,8476881,wrist,51,-29,47.8,37.3,0,5v5,-3,0,506,0.0029
2023020016,1120,750,3,28,8476881,tip-in,71,-11,21.1,31.4,0,5v5,-3,0,507,0.042
2023020016,407,780,3,28,8476881,backhand,86,-4,5.0,53.1,0,5v5,-3,0,507,0.1123
2023020016,1124,781,3,28,8480188,wrist,89,-6,6.0,90.0,1,5v5,-3,0,506,0.0316
2023020016,1131,811,3,28,8482667,tip-in,67,2,22.1,5.2,0,5v5,-3,0,506,0.0495
2023020016,1139,838,3,28,8476988,wrist,55,-39,51.7,48.9,0,5v5,-3,0,507,0.0047
2023020016,1152,944,3,54,8481167,wrist,-34,14,56.8,14.3,0,5v5,3,0,506,0.0534
2023020016,1164,1006,3,28,8479316,wrist,53,-32,48.2,41.6,0,5v5,-3,0,506,0.0033
2023020016,1169,1042,3,54,8479980,wrist,-45,-23,49.6,27.6,1,5v5,3,0,507,0.0005
2023020016,413,1087,3,28,8481477,deflected,72,-2,17.1,6.7,0,5v5,-3,0,507,0.0625
2023020016,277,1117,3,54,8477018,wrist,-40,-1,49.0,1.2,0,5v5,3,0,506,0.0246
