game_id,date,season,home_team,away_team,home_score,away_score,outcome_type,winner
2022020001,2022-10-07,20222023,NSH,SJS,4,1,REG,HOME
2022020002,2022-10-08,20222023,SJS,NSH,2,3,REG,AWAY
2022020003,2022-10-11,20222023,NYR,TBL,3,1,REG,HOME
2022020004,2022-10-11,20222023,LAK,VGK,3,4,REG,AWAY
2022020005,2022-10-12,20222023,WSH,BOS,2,5,REG,AWAY
2022020006,2022-10-12,20222023,CAR,CBJ,4,1,REG,HOME
2022020007,2022-10-12,20222023,MTL,TOR,4,3,REG,HOME
2022020008,2022-10-12,20222023,COL,CHI,5,2,REG,HOME
2022020009,2022-10-12,20222023,ANA,SEA,5,4,OT,HOME
2022020010,2022-10-12,20222023,EDM,VAN,5,3,REG,HOME
2022020011,2022-10-13,20222023,PIT,ARI,6,2,REG,HOME
2022020012,2022-10-13,20222023,PHI,NJD,5,2,REG,HOME
2022020013,2022-10-13,20222023,BUF,OTT,4,1,REG,HOME
2022020014,2022-10-13,20222023,NYI,FLA,1,3,REG,AWAY
2022020015,2022-10-13,20222023,TOR,WSH,3,2,REG,HOME
2022020017,2022-10-13,20222023,MIN,NYR,3,7,REG,AWAY
2022020016,2022-10-13,20222023,NSH,DAL,1,4,REG,AWAY
2022020018,2022-10-13,20222023,CGY,COL,5,3,REG,HOME
2022020019,2022-10-13,20222023,VGK,CHI,1,0,REG,HOME
2022020020,2022-10-13,20222023,LAK,SEA,1,4,REG,AWAY
2022020021,2022-10-14,20222023,CBJ,TBL,2,5,REG,AWAY
2022020022,2022-10-14,20222023,DET,MTL,3,0,REG,HOME
2022020023,2022-10-14,20222023,WPG,NYR,4,1,REG,HOME
2022020024,2022-10-14,20222023,SJS,CAR,1,2,REG,AWAY
2022020025,2022-10-15,20222023,BUF,FLA,3,4,REG,AWAY
2022020026,2022-10-15,20222023,PHI,VAN,3,2,REG,HOME
2022020027,2022-10-15,20222023,BOS,ARI,6,3,REG,HOME
2022020028,2022-10-15,20222023,NJD,DET,2,5,REG,AWAY
2022020029,2022-10-15,20222023,WSH,MTL,3,1,REG,HOME
2022020030,2022-10-15,20222023,TOR,OTT,3,2,REG,HOME
2022020031,2022-10-15,20222023,PIT,TBL,6,2,REG,HOME
2022020032,2022-10-15,20222023,NYI,ANA,7,1,REG,HOME
2022020033,2022-10-15,20222023,STL,CBJ,5,2,REG,HOME
2022020034,2022-10-15,20222023,MIN,LAK,6,7,REG,AWAY
2022020035,2022-10-15,20222023,DAL,NSH,5,1,REG,HOME
2022020036,2022-10-15,20222023,EDM,CGY,3,4,REG,AWAY
2022020037,2022-10-15,20222023,SEA,VGK,2,5,REG,AWAY
2022020038,2022-10-15,20222023,SJS,CHI,2,5,REG,AWAY
2022020039,2022-10-17,20222023,NYR,ANA,6,4,REG,HOME
2022020040,2022-10-17,20222023,TOR,ARI,2,4,REG,AWAY
2022020041,2022-10-17,20222023,BOS,FLA,5,3,REG,HOME
2022020042,2022-10-17,20222023,MTL,PIT,3,2,OT,HOME
2022020043,2022-10-17,20222023,WSH,VAN,6,4,REG,HOME
2022020044,2022-10-17,20222023,DET,LAK,4,5,OT,AWAY
2022020045,2022-10-17,20222023,MIN,COL,3,6,REG,AWAY
2022020046,2022-10-17,20222023,DAL,WPG,4,1,REG,HOME
2022020047,2022-10-17,20222023,SEA,CAR,1,5,REG,AWAY
2022020048,2022-10-18,20222023,NJD,ANA,4,2,REG,HOME
2022020049,2022-10-18,20222023,OTT,BOS,7,5,REG,HOME
2022020050,2022-10-18,20222023,CBJ,VAN,4,3,OT,HOME
2022020053,2022-10-18,20222023,TBL,PHI,2,3,REG,AWAY
2022020051,2022-10-18,20222023,NYI,SJS,5,2,REG,HOME
2022020054,2022-10-18,20222023,EDM,BUF,2,4,REG,AWAY
2022020055,2022-10-18,20222023,CGY,VGK,3,2,REG,HOME
2022020052,2022-10-18,20222023,NSH,LAK,3,4,SO,AWAY
2022020056,2022-10-19,20222023,FLA,PHI,4,3,REG,HOME
2022020057,2022-10-19,20222023,COL,WPG,3,4,OT,AWAY
2022020058,2022-10-19,20222023,SEA,STL,3,4,OT,AWAY
2022020059,2022-10-20,20222023,BOS,ANA,2,1,SO,HOME
2022020060,2022-10-20,20222023,MTL,ARI,6,2,REG,HOME
2022020061,2022-10-20,20222023,TOR,DAL,3,2,OT,HOME
2022020062,2022-10-20,20222023,PIT,LAK,6,1,REG,HOME
2022020063,2022-10-20,20222023,CBJ,NSH,5,3,REG,HOME
2022020064,2022-10-20,20222023,NYR,SJS,2,3,OT,AWAY
2022020065,2022-10-20,20222023,OTT,WSH,5,2,REG,HOME
2022020066,2022-10-20,20222023,NYI,NJD,1,4,REG,AWAY
2022020067,2022-10-20,20222023,MIN,VAN,4,3,OT,HOME
2022020069,2022-10-20,20222023,EDM,CAR,6,4,REG,HOME
2022020068,2022-10-20,20222023,CGY,BUF,3,6,REG,AWAY
2022020070,2022-10-20,20222023,VGK,WPG,5,2,REG,HOME
2022020071,2022-10-21,20222023,FLA,TBL,2,3,OT,AWAY
2022020072,2022-10-21,20222023,CHI,DET,4,3,OT,HOME
2022020073,2022-10-21,20222023,COL,SEA,2,3,REG,AWAY
2022020074,2022-10-22,20222023,BOS,MIN,4,3,OT,HOME
2022020075,2022-10-22,20222023,NJD,SJS,2,1,REG,HOME
2022020076,2022-10-22,20222023,OTT,ARI,6,2,REG,HOME
2022020077,2022-10-22,20222023,EDM,STL,0,2,REG,AWAY
2022020078,2022-10-22,20222023,MTL,DAL,2,5,REG,AWAY
2022020079,2022-10-22,20222023,WSH,LAK,4,3,REG,HOME
2022020080,2022-10-22,20222023,TBL,NYI,5,3,REG,HOME
2022020081,2022-10-22,20222023,CBJ,PIT,3,6,REG,AWAY
2022020082,2022-10-22,20222023,WPG,TOR,1,4,REG,AWAY
2022020083,2022-10-22,20222023,NSH,PHI,1,3,REG,AWAY
2022020084,2022-10-22,20222023,VAN,BUF,1,5,REG,AWAY
2022020085,2022-10-22,20222023,CGY,CAR,3,2,OT,HOME
2022020086,2022-10-22,20222023,VGK,COL,2,3,REG,AWAY
2022020087,2022-10-23,20222023,CHI,SEA,5,4,REG,HOME
2022020088,2022-10-23,20222023,DET,ANA,5,1,REG,HOME
2022020089,2022-10-23,20222023,NYR,CBJ,1,5,REG,AWAY
2022020090,2022-10-23,20222023,FLA,NYI,3,2,REG,HOME
2022020091,2022-10-23,20222023,PHI,SJS,0,3,REG,AWAY
2022020092,2022-10-24,20222023,OTT,DAL,4,2,REG,HOME
2022020093,2022-10-24,20222023,NJD,WSH,3,6,REG,AWAY
2022020094,2022-10-24,20222023,EDM,PIT,6,3,REG,HOME
2022020095,2022-10-24,20222023,WPG,STL,4,0,REG,HOME
2022020096,2022-10-24,20222023,VGK,TOR,3,1,REG,HOME
2022020097,2022-10-24,20222023,VAN,CAR,2,3,REG,AWAY
2022020098,2022-10-25,20222023,CBJ,ARI,3,6,REG,AWAY
2022020100,2022-10-25,20222023,BOS,DAL,3,1,REG,HOME
2022020101,2022-10-25,20222023,MTL,MIN,1,3,REG,AWAY
2022020102,2022-10-25,20222023,DET,NJD,2,6,REG,AWAY
2022020099,2022-10-25,20222023,NYR,COL,2,3,SO,AWAY
2022020103,2022-10-25,20222023,CHI,FLA,4,2,REG,HOME
2022020104,2022-10-25,20222023,CGY,PIT,4,1,REG,HOME
2022020105,2022-10-25,20222023,SEA,BUF,5,1,REG,HOME
2022020106,2022-10-25,20222023,LAK,TBL,4,2,REG,HOME
2022020107,2022-10-25,20222023,SJS,VGK,2,4,REG,AWAY
2022020108,2022-10-26,20222023,NYI,NYR,3,0,REG,HOME
2022020109,2022-10-26,20222023,STL,EDM,1,3,REG,AWAY
2022020110,2022-10-26,20222023,ANA,TBL,2,4,REG,AWAY
2022020111,2022-10-27,20222023,BOS,DET,5,1,REG,HOME
2022020112,2022-10-27,20222023,PHI,FLA,4,3,REG,HOME
2022020113,2022-10-27,20222023,OTT,MIN,2,4,REG,AWAY
2022020114,2022-10-27,20222023,BUF,MTL,2,3,REG,AWAY
2022020115,2022-10-27,20222023,NSH,STL,6,2,REG,HOME
2022020116,2022-10-27,20222023,CHI,EDM,5,6,REG,AWAY
2022020117,2022-10-27,20222023,DAL,WSH,2,0,REG,HOME
2022020118,2022-10-27,20222023,SEA,VAN,4,5,REG,AWAY
2022020119,2022-10-27,20222023,SJS,TOR,4,3,OT,HOME
2022020120,2022-10-27,20222023,LAK,WPG,4,6,REG,AWAY
2022020121,2022-10-28,20222023,VGK,ANA,4,0,REG,HOME
2022020122,2022-10-28,20222023,CBJ,BOS,0,4,REG,AWAY
2022020123,2022-10-28,20222023,NJD,COL,1,0,REG,HOME
2022020124,2022-10-28,20222023,CAR,NYI,2,6,REG,AWAY
2022020125,2022-10-28,20222023,VAN,PIT,5,1,REG,HOME
2022020126,2022-10-28,20222023,ARI,WPG,2,3,OT,AWAY
2022020127,2022-10-29,20222023,DAL,NYR,3,6,REG,AWAY
2022020128,2022-10-29,20222023,FLA,OTT,5,3,REG,HOME
2022020129,2022-10-29,20222023,SJS,TBL,3,4,REG,AWAY
2022020130,2022-10-29,20222023,PHI,CAR,3,4,OT,AWAY
2022020131,2022-10-29,20222023,BUF,CHI,4,3,OT,HOME
2022020132,2022-10-29,20222023,DET,MIN,2,1,REG,HOME
2022020133,2022-10-29,20222023,STL,MTL,4,7,REG,AWAY
2022020134,2022-10-29,20222023,LAK,TOR,4,2,REG,HOME
2022020135,2022-10-29,20222023,NYI,COL,5,4,REG,HOME
2022020136,2022-10-29,20222023,NSH,WSH,0,3,REG,AWAY
2022020137,2022-10-29,20222023,CGY,EDM,2,3,REG,AWAY
2022020138,2022-10-29,20222023,SEA,PIT,3,1,REG,HOME
2022020139,2022-10-30,20222023,NJD,CBJ,7,1,REG,HOME
2022020140,2022-10-30,20222023,CHI,MIN,3,4,SO,AWAY
2022020141,2022-10-30,20222023,ARI,NYR,2,3,REG,AWAY
2022020142,2022-10-30,20222023,ANA,TOR,4,3,OT,HOME
2022020143,2022-10-30,20222023,VGK,WPG,2,1,OT,HOME
2022020144,2022-10-31,20222023,BUF,DET,8,3,REG,HOME
2022020145,2022-10-31,20222023,CAR,WSH,3,2,SO,HOME
2022020146,2022-10-31,20222023,STL,LAK,1,5,REG,AWAY
2022020148,2022-11-01,20222023,TBL,OTT,4,3,REG,HOME
2022020149,2022-11-01,20222023,NYR,PHI,1,0,OT,HOME
2022020150,2022-11-01,20222023,WSH,VGK,2,3,OT,AWAY
2022020147,2022-11-01,20222023,PIT,BOS,5,6,OT,AWAY
2022020151,2022-11-01,20222023,MIN,MTL,4,1,REG,HOME
2022020152,2022-11-01,20222023,CHI,NYI,1,3,REG,AWAY
2022020153,2022-11-01,20222023,DAL,LAK,5,2,REG,HOME
2022020154,2022-11-01,20222023,EDM,NSH,7,4,REG,HOME
2022020155,2022-11-01,20222023,CGY,SEA,4,5,REG,AWAY
2022020156,2022-11-01,20222023,ARI,FLA,3,1,REG,HOME
2022020157,2022-11-01,20222023,VAN,NJD,2,5,REG,AWAY
2022020158,2022-11-01,20222023,SJS,ANA,5,6,SO,AWAY
2022020159,2022-11-02,20222023,TOR,PHI,5,2,REG,HOME
2022020160,2022-11-02,20222023,BUF,PIT,6,3,REG,HOME
2022020162,2022-11-03,20222023,TBL,CAR,3,4,SO,AWAY
2022020163,2022-11-03,20222023,OTT,VGK,4,5,REG,AWAY
2022020164,2022-11-03,20222023,DET,WSH,3,1,REG,HOME
2022020161,2022-11-03,20222023,NYR,BOS,2,5,REG,AWAY
2022020165,2022-11-03,20222023,WPG,MTL,3,2,OT,HOME
2022020166,2022-11-03,20222023,STL,NYI,2,5,REG,AWAY
2022020167,2022-11-03,20222023,MIN,SEA,0,4,REG,AWAY
2022020168,2022-11-03,20222023,CHI,LAK,2,1,OT,HOME
2022020169,2022-11-03,20222023,CGY,NSH,1,4,REG,AWAY
2022020170,2022-11-03,20222023,EDM,NJD,3,4,REG,AWAY
2022020171,2022-11-03,20222023,VAN,ANA,8,5,REG,HOME
2022020172,2022-11-03,20222023,ARI,DAL,2,7,REG,AWAY
2022020173,2022-11-03,20222023,SJS,FLA,3,4,SO,AWAY
2022020175,2022-11-04,20222023,COL,CBJ,6,3,REG,HOME
2022020174,2022-11-04,20222023,CAR,BUF,5,3,REG,HOME
2022020181,2022-11-05,20222023,DET,NYI,3,0,REG,HOME
2022020185,2022-11-05,20222023,CBJ,COL,1,5,REG,AWAY
2022020176,2022-11-05,20222023,WPG,CHI,4,0,REG,HOME
2022020177,2022-11-05,20222023,EDM,DAL,2,6,REG,AWAY
2022020178,2022-11-05,20222023,WSH,ARI,2,3,REG,AWAY
2022020179,2022-11-05,20222023,TOR,BOS,2,1,REG,HOME
2022020180,2022-11-05,20222023,TBL,BUF,5,3,REG,HOME
2022020182,2022-11-05,20222023,OTT,PHI,1,2,REG,AWAY
2022020183,2022-11-05,20222023,PIT,SEA,2,3,REG,AWAY
2022020184,2022-11-05,20222023,MTL,VGK,4,6,REG,AWAY
2022020186,2022-11-05,20222023,VAN,NSH,3,4,SO,AWAY
2022020187,2022-11-05,20222023,CGY,NJD,3,4,OT,AWAY
2022020188,2022-11-05,20222023,SJS,ANA,4,5,SO,AWAY
2022020189,2022-11-05,20222023,LAK,FLA,5,4,REG,HOME
2022020190,2022-11-06,20222023,NYR,DET,2,3,OT,AWAY
2022020191,2022-11-06,20222023,CAR,TOR,1,3,REG,AWAY
2022020192,2022-11-06,20222023,ANA,FLA,3,5,REG,AWAY
2022020193,2022-11-07,20222023,NYI,CGY,4,3,OT,HOME
2022020194,2022-11-07,20222023,BOS,STL,3,1,REG,HOME
2022020195,2022-11-07,20222023,WSH,EDM,5,4,REG,HOME
2022020196,2022-11-08,20222023,BUF,ARI,1,4,REG,AWAY
2022020197,2022-11-08,20222023,NJD,CGY,3,2,REG,HOME
2022020198,2022-11-08,20222023,NYR,NYI,3,4,REG,AWAY
2022020199,2022-11-08,20222023,PHI,STL,5,1,REG,HOME
2022020200,2022-11-08,20222023,OTT,VAN,4,6,REG,AWAY
2022020201,2022-11-08,20222023,TOR,VGK,3,4,OT,AWAY
2022020203,2022-11-08,20222023,DET,MTL,2,3,SO,AWAY
2022020202,2022-11-08,20222023,TBL,EDM,2,3,REG,AWAY
2022020204,2022-11-08,20222023,WPG,DAL,5,1,REG,HOME
2022020205,2022-11-08,20222023,SEA,NSH,5,1,REG,HOME
2022020206,2022-11-08,20222023,LAK,MIN,1,0,REG,HOME
2022020207,2022-11-09,20222023,FLA,CAR,3,0,REG,HOME
2022020208,2022-11-09,20222023,WSH,PIT,1,4,REG,AWAY
2022020209,2022-11-09,20222023,MTL,VAN,5,2,REG,HOME
2022020210,2022-11-09,20222023,ANA,MIN,1,4,REG,AWAY
2022020211,2022-11-10,20222023,BOS,CGY,3,1,REG,HOME
2022020212,2022-11-10,20222023,CAR,EDM,7,2,REG,HOME
2022020213,2022-11-10,20222023,NJD,OTT,4,3,OT,HOME
2022020214,2022-11-10,20222023,CBJ,PHI,5,2,REG,HOME
2022020215,2022-11-10,20222023,BUF,VGK,4,7,REG,AWAY
2022020217,2022-11-10,20222023,DET,NYR,2,8,REG,AWAY
2022020216,2022-11-10,20222023,NYI,ARI,0,2,REG,AWAY
2022020218,2022-11-10,20222023,STL,SJS,5,3,REG,HOME
2022020219,2022-11-10,20222023,COL,NSH,5,3,REG,HOME
2022020220,2022-11-10,20222023,LAK,CHI,2,1,OT,HOME
2022020221,2022-11-11,20222023,TOR,PIT,2,4,REG,AWAY
2022020222,2022-11-11,20222023,WSH,TBL,5,1,REG,HOME
2022020223,2022-11-11,20222023,DAL,SJS,4,5,REG,AWAY
2022020224,2022-11-11,20222023,SEA,MIN,0,1,REG,AWAY
2022020225,2022-11-12,20222023,PHI,OTT,1,4,REG,AWAY
2022020226,2022-11-12,20222023,FLA,EDM,2,4,REG,AWAY
2022020227,2022-11-12,20222023,NJD,ARI,4,2,REG,HOME
2022020228,2022-11-12,20222023,BUF,BOS,1,3,REG,AWAY
2022020229,2022-11-12,20222023,MTL,PIT,5,4,OT,HOME
2022020230,2022-11-12,20222023,TOR,VAN,3,2,REG,HOME
2022020231,2022-11-12,20222023,NYI,CBJ,4,3,OT,HOME
2022020232,2022-11-12,20222023,NSH,NYR,2,1,REG,HOME
2022020233,2022-11-12,20222023,COL,CAR,4,1,REG,HOME
2022020234,2022-11-12,20222023,ANA,CHI,2,3,REG,AWAY
2022020235,2022-11-12,20222023,VGK,STL,2,3,REG,AWAY
2022020236,2022-11-12,20222023,CGY,WPG,3,2,REG,HOME
2022020237,2022-11-12,20222023,LAK,DET,4,3,REG,HOME
2022020238,2022-11-13,20222023,PHI,DAL,1,5,REG,AWAY
2022020240,2022-11-13,20222023,MIN,SJS,2,3,SO,AWAY
2022020241,2022-11-13,20222023,BOS,VAN,5,2,REG,HOME
2022020239,2022-11-13,20222023,NYR,ARI,4,1,REG,HOME
2022020242,2022-11-13,20222023,TBL,WSH,6,3,REG,HOME
2022020243,2022-11-13,20222023,SEA,WPG,2,3,OT,AWAY
2022020244,2022-11-14,20222023,OTT,NYI,2,4,REG,AWAY
2022020245,2022-11-14,20222023,CHI,CAR,0,3,REG,AWAY
2022020246,2022-11-14,20222023,CGY,LAK,6,5,REG,HOME
2022020247,2022-11-14,20222023,COL,STL,2,3,REG,AWAY
2022020248,2022-11-15,20222023,TBL,DAL,5,4,OT,HOME
2022020249,2022-11-15,20222023,MTL,NJD,1,5,REG,AWAY
2022020251,2022-11-15,20222023,PIT,TOR,2,5,REG,AWAY
2022020252,2022-11-15,20222023,BUF,VAN,4,5,REG,AWAY
2022020253,2022-11-15,20222023,FLA,WSH,5,2,REG,HOME
2022020250,2022-11-15,20222023,CBJ,PHI,5,4,OT,HOME
2022020254,2022-11-15,20222023,NSH,MIN,2,1,REG,HOME
2022020255,2022-11-15,20222023,ANA,DET,3,2,OT,HOME
2022020256,2022-11-15,20222023,VGK,SJS,2,5,REG,AWAY
2022020257,2022-11-16,20222023,OTT,BUF,4,1,REG,HOME
2022020258,2022-11-16,20222023,CHI,STL,2,5,REG,AWAY
2022020259,2022-11-16,20222023,EDM,LAK,1,3,REG,AWAY
2022020260,2022-11-17,20222023,TBL,CGY,4,1,REG,HOME
2022020261,2022-11-17,20222023,CAR,COL,2,3,OT,AWAY
2022020262,2022-11-17,20222023,FLA,DAL,4,6,REG,AWAY
2022020263,2022-11-17,20222023,CBJ,MTL,6,4,REG,HOME
2022020264,2022-11-17,20222023,TOR,NJD,2,3,OT,AWAY
2022020265,2022-11-17,20222023,BOS,PHI,4,1,REG,HOME
2022020266,2022-11-17,20222023,WPG,ANA,3,2,REG,HOME
2022020267,2022-11-17,20222023,NSH,NYI,5,4,REG,HOME
2022020268,2022-11-17,20222023,MIN,PIT,4,6,REG,AWAY
2022020269,2022-11-17,20222023,STL,WSH,5,4,SO,HOME
2022020270,2022-11-17,20222023,VGK,ARI,4,1,REG,HOME
2022020271,2022-11-17,20222023,SEA,NYR,3,2,OT,HOME
2022020272,2022-11-17,20222023,SJS,DET,4,7,REG,AWAY
2022020273,2022-11-18,20222023,VAN,LAK,4,1,REG,HOME
2022020274,2022-11-19,20222023,OTT,NJD,1,5,REG,AWAY
2022020275,2022-11-19,20222023,FLA,CGY,4,5,SO,AWAY
2022020276,2022-11-19,20222023,TOR,BUF,5,2,REG,HOME
2022020277,2022-11-19,20222023,BOS,CHI,6,1,REG,HOME
2022020278,2022-11-19,20222023,WSH,COL,0,4,REG,AWAY
2022020279,2022-11-19,20222023,CBJ,DET,1,6,REG,AWAY
2022020280,2022-11-19,20222023,MTL,PHI,5,4,SO,HOME
2022020281,2022-11-19,20222023,WPG,PIT,0,3,REG,AWAY
2022020282,2022-11-19,20222023,STL,ANA,6,2,REG,HOME
2022020283,2022-11-19,20222023,MIN,CAR,2,1,OT,HOME
2022020284,2022-11-19,20222023,DAL,NYI,5,2,REG,HOME
2022020285,2022-11-19,20222023,NSH,TBL,2,3,OT,AWAY
2022020286,2022-11-19,20222023,SEA,LAK,3,2,OT,HOME
2022020287,2022-11-19,20222023,EDM,VGK,4,3,OT,HOME
2022020288,2022-11-19,20222023,SJS,NYR,1,2,REG,AWAY
2022020289,2022-11-20,20222023,CBJ,FLA,5,3,REG,HOME
2022020290,2022-11-20,20222023,CHI,PIT,3,5,REG,AWAY
2022020291,2022-11-21,20222023,TBL,BOS,3,5,REG,AWAY
2022020292,2022-11-21,20222023,PHI,CGY,2,5,REG,AWAY
2022020293,2022-11-21,20222023,NJD,EDM,5,2,REG,HOME
2022020294,2022-11-21,20222023,WPG,CAR,4,3,OT,HOME
2022020295,2022-11-21,20222023,TOR,NYI,2,3,OT,AWAY
2022020296,2022-11-21,20222023,STL,ANA,3,1,REG,HOME
2022020297,2022-11-21,20222023,NSH,ARI,4,3,SO,HOME
2022020298,2022-11-21,20222023,DAL,COL,2,3,SO,AWAY
2022020299,2022-11-21,20222023,SJS,OTT,5,1,REG,HOME
2022020300,2022-11-21,20222023,VAN,VGK,4,5,REG,AWAY
2022020301,2022-11-22,20222023,MTL,BUF,2,7,REG,AWAY
2022020302,2022-11-22,20222023,LAK,NYR,3,5,REG,AWAY
2022020303,2022-11-23,20222023,CAR,ARI,0,4,REG,AWAY
2022020304,2022-11-23,20222023,FLA,BOS,5,2,REG,HOME
2022020305,2022-11-23,20222023,PIT,CGY,2,1,SO,HOME
2022020306,2022-11-23,20222023,CBJ,MTL,1,3,REG,AWAY
2022020307,2022-11-23,20222023,BUF,STL,6,2,REG,HOME
2022020308,2022-11-23,20222023,NJD,TOR,1,2,REG,AWAY
2022020309,2022-11-23,20222023,MIN,WPG,6,1,REG,HOME
2022020311,2022-11-23,20222023,DET,NSH,3,0,REG,HOME
2022020310,2022-11-23,20222023,NYI,EDM,3,0,REG,HOME
2022020312,2022-11-23,20222023,WSH,PHI,3,2,OT,HOME
2022020313,2022-11-23,20222023,DAL,CHI,6,4,REG,HOME
2022020314,2022-11-23,20222023,ANA,NYR,3,2,REG,HOME
2022020315,2022-11-23,20222023,VGK,OTT,4,1,REG,HOME
2022020316,2022-11-23,20222023,SEA,SJS,8,5,REG,HOME
2022020317,2022-11-23,20222023,COL,VAN,3,4,REG,AWAY
2022020318,2022-11-25,20222023,BOS,CAR,3,2,OT,HOME
2022020319,2022-11-25,20222023,WSH,CGY,3,0,REG,HOME
2022020321,2022-11-25,20222023,CHI,MTL,2,3,SO,AWAY
2022020322,2022-11-25,20222023,MIN,TOR,3,4,REG,AWAY
2022020323,2022-11-25,20222023,ANA,OTT,1,5,REG,AWAY
2022020324,2022-11-25,20222023,PHI,PIT,1,4,REG,AWAY
2022020325,2022-11-25,20222023,DET,ARI,4,3,SO,HOME
2022020326,2022-11-25,20222023,CBJ,NYI,2,3,REG,AWAY
2022020327,2022-11-25,20222023,BUF,NJD,1,3,REG,AWAY
2022020328,2022-11-25,20222023,TBL,STL,5,2,REG,HOME
2022020329,2022-11-25,20222023,VGK,SEA,2,4,REG,AWAY
2022020330,2022-11-25,20222023,DAL,WPG,4,5,OT,AWAY
2022020331,2022-11-25,20222023,SJS,LAK,2,5,REG,AWAY
2022020332,2022-11-26,20222023,NYR,EDM,3,4,REG,AWAY
2022020333,2022-11-26,20222023,CAR,CGY,3,2,REG,HOME
2022020334,2022-11-26,20222023,FLA,STL,4,5,OT,AWAY
2022020335,2022-11-26,20222023,PIT,TOR,1,4,REG,AWAY
2022020336,2022-11-26,20222023,NJD,WSH,5,1,REG,HOME
2022020337,2022-11-26,20222023,NYI,PHI,5,2,REG,HOME
2022020339,2022-11-26,20222023,COL,DAL,4,1,REG,HOME
2022020340,2022-11-26,20222023,VGK,VAN,1,5,REG,AWAY
2022020341,2022-11-27,20222023,MIN,ARI,4,3,REG,HOME
2022020342,2022-11-27,20222023,CHI,WPG,2,7,REG,AWAY
2022020343,2022-11-27,20222023,ANA,SEA,4,5,REG,AWAY
2022020344,2022-11-27,20222023,SJS,VAN,3,4,OT,AWAY
2022020345,2022-11-27,20222023,LAK,OTT,2,3,OT,AWAY
2022020346,2022-11-28,20222023,NYR,NJD,3,5,REG,AWAY
2022020347,2022-11-28,20222023,BUF,TBL,5,6,OT,AWAY
2022020348,2022-11-28,20222023,DET,TOR,2,4,REG,AWAY
2022020349,2022-11-28,20222023,CBJ,VGK,2,3,SO,AWAY
2022020350,2022-11-28,20222023,STL,DAL,1,4,REG,AWAY
2022020351,2022-11-28,20222023,EDM,FLA,4,3,OT,HOME
2022020352,2022-11-29,20222023,PIT,CAR,2,3,OT,AWAY
2022020354,2022-11-29,20222023,MTL,SJS,0,4,REG,AWAY
2022020355,2022-11-29,20222023,BOS,TBL,3,1,REG,HOME
2022020353,2022-11-29,20222023,PHI,NYI,3,1,REG,HOME
2022020356,2022-11-29,20222023,NSH,ANA,2,1,OT,HOME
2022020357,2022-11-29,20222023,WPG,COL,5,0,REG,HOME
2022020358,2022-11-29,20222023,CGY,FLA,6,2,REG,HOME
2022020359,2022-11-29,20222023,VAN,WSH,1,5,REG,AWAY
2022020360,2022-11-29,20222023,LAK,SEA,8,9,OT,AWAY
2022020361,2022-11-30,20222023,DET,BUF,4,5,SO,AWAY
2022020362,2022-11-30,20222023,OTT,NYR,1,3,REG,AWAY
2022020363,2022-11-30,20222023,TOR,SJS,3,1,REG,HOME
2022020364,2022-11-30,20222023,CHI,EDM,4,5,REG,AWAY
2022020365,2022-12-01,20222023,BUF,COL,4,6,REG,AWAY
2022020366,2022-12-01,20222023,NJD,NSH,3,4,OT,AWAY
2022020367,2022-12-01,20222023,PHI,TBL,1,4,REG,AWAY
2022020368,2022-12-01,20222023,PIT,VGK,4,3,REG,HOME
2022020369,2022-12-01,20222023,STL,CAR,4,6,REG,AWAY
2022020370,2022-12-01,20222023,MIN,EDM,5,3,REG,HOME
2022020371,2022-12-01,20222023,DAL,ANA,5,0,REG,HOME
2022020372,2022-12-01,20222023,CGY,MTL,1,2,REG,AWAY
2022020373,2022-12-01,20222023,VAN,FLA,1,5,REG,AWAY
2022020374,2022-12-01,20222023,SEA,WSH,3,2,OT,HOME
2022020375,2022-12-01,20222023,LAK,ARI,5,3,REG,HOME
2022020376,2022-12-02,20222023,NYR,OTT,2,3,OT,AWAY
2022020377,2022-12-02,20222023,NYI,NSH,1,4,REG,AWAY
2022020378,2022-12-02,20222023,WPG,CBJ,1,4,REG,AWAY
2022020379,2022-12-03,20222023,MIN,ANA,5,4,SO,HOME
2022020380,2022-12-03,20222023,BOS,COL,5,1,REG,HOME
2022020381,2022-12-03,20222023,EDM,MTL,5,3,REG,HOME
2022020382,2022-12-03,20222023,PHI,NJD,2,3,REG,AWAY
2022020383,2022-12-03,20222023,OTT,SJS,5,2,REG,HOME
2022020384,2022-12-03,20222023,PIT,STL,6,2,REG,HOME
2022020385,2022-12-03,20222023,TBL,TOR,4,3,OT,HOME
2022020386,2022-12-03,20222023,DET,VGK,1,4,REG,AWAY
2022020387,2022-12-03,20222023,NYR,CHI,2,5,REG,AWAY
2022020388,2022-12-03,20222023,VAN,ARI,3,2,OT,HOME
2022020389,2022-12-03,20222023,SEA,FLA,1,5,REG,AWAY
2022020390,2022-12-03,20222023,CGY,WSH,5,2,REG,HOME
2022020391,2022-12-03,20222023,LAK,CAR,2,4,REG,AWAY
2022020392,2022-12-04,20222023,WPG,ANA,5,2,REG,HOME
2022020393,2022-12-04,20222023,DAL,MIN,5,6,SO,AWAY
2022020394,2022-12-04,20222023,CBJ,DET,2,4,REG,AWAY
2022020395,2022-12-04,20222023,BUF,SJS,6,3,REG,HOME
2022020396,2022-12-04,20222023,NYI,CHI,3,0,REG,HOME
2022020397,2022-12-05,20222023,PHI,COL,5,3,REG,HOME
2022020398,2022-12-05,20222023,NYR,STL,6,4,REG,HOME
2022020399,2022-12-05,20222023,BOS,VGK,3,4,SO,AWAY
2022020400,2022-12-05,20222023,EDM,WSH,2,3,REG,AWAY
2022020401,2022-12-05,20222023,CGY,ARI,3,2,REG,HOME
2022020402,2022-12-05,20222023,VAN,MTL,7,6,OT,HOME
2022020403,2022-12-06,20222023,NJD,CHI,3,0,REG,HOME
2022020404,2022-12-06,20222023,PIT,CBJ,4,1,REG,HOME
2022020405,2022-12-06,20222023,TBL,DET,2,4,REG,AWAY
2022020406,2022-12-06,20222023,OTT,LAK,2,5,REG,AWAY
2022020407,2022-12-06,20222023,NYI,STL,4,7,REG,AWAY
2022020408,2022-12-06,20222023,WPG,FLA,5,2,REG,HOME
2022020409,2022-12-06,20222023,DAL,TOR,0,4,REG,AWAY
2022020410,2022-12-06,20222023,ANA,CAR,4,3,OT,HOME
2022020411,2022-12-06,20222023,SEA,MTL,2,4,REG,AWAY
2022020413,2022-12-07,20222023,PHI,WSH,1,4,REG,AWAY
2022020412,2022-12-07,20222023,CBJ,BUF,4,9,REG,AWAY
2022020414,2022-12-07,20222023,CGY,MIN,5,3,REG,HOME
2022020415,2022-12-07,20222023,COL,BOS,0,4,REG,AWAY
2022020416,2022-12-07,20222023,EDM,ARI,8,2,REG,HOME
2022020417,2022-12-07,20222023,VGK,NYR,1,5,REG,AWAY
2022020418,2022-12-07,20222023,SJS,VAN,5,6,OT,AWAY
2022020420,2022-12-08,20222023,TOR,LAK,5,0,REG,HOME
2022020421,2022-12-08,20222023,TBL,NSH,5,2,REG,HOME
2022020419,2022-12-08,20222023,FLA,DET,5,1,REG,HOME
2022020422,2022-12-08,20222023,STL,WPG,2,5,REG,AWAY
2022020423,2022-12-08,20222023,DAL,OTT,4,3,OT,HOME
2022020424,2022-12-09,20222023,CBJ,CGY,3,1,REG,HOME
2022020425,2022-12-09,20222023,NJD,NYI,4,6,REG,AWAY
2022020426,2022-12-09,20222023,BUF,PIT,3,4,OT,AWAY
2022020427,2022-12-09,20222023,WSH,SEA,4,1,REG,HOME
2022020428,2022-12-09,20222023,CHI,WPG,1,3,REG,AWAY
2022020429,2022-12-09,20222023,EDM,MIN,5,2,REG,HOME
2022020430,2022-12-09,20222023,COL,NYR,1,2,SO,AWAY
2022020431,2022-12-09,20222023,ARI,BOS,4,3,REG,HOME
2022020432,2022-12-09,20222023,VGK,PHI,2,1,OT,HOME
2022020433,2022-12-09,20222023,ANA,SJS,1,6,REG,AWAY
2022020434,2022-12-10,20222023,NSH,OTT,2,3,REG,AWAY
2022020435,2022-12-10,20222023,DAL,DET,3,2,OT,HOME
2022020436,2022-12-10,20222023,TBL,FLA,4,1,REG,HOME
2022020437,2022-12-10,20222023,PIT,BUF,3,1,REG,HOME
2022020438,2022-12-10,20222023,TOR,CGY,5,4,OT,HOME
2022020439,2022-12-10,20222023,MTL,LAK,2,4,REG,AWAY
2022020440,2022-12-10,20222023,NYI,CAR,0,3,REG,AWAY
2022020441,2022-12-10,20222023,VAN,MIN,0,3,REG,AWAY
2022020442,2022-12-11,20222023,STL,COL,2,3,OT,AWAY
2022020443,2022-12-11,20222023,CBJ,LAK,6,5,OT,HOME
2022020444,2022-12-11,20222023,FLA,SEA,2,5,REG,AWAY
2022020445,2022-12-11,20222023,ARI,PHI,5,4,OT,HOME
2022020446,2022-12-11,20222023,WPG,WSH,2,5,REG,AWAY
2022020447,2022-12-11,20222023,VGK,BOS,1,3,REG,AWAY
2022020448,2022-12-12,20222023,MTL,CGY,2,1,SO,HOME
2022020449,2022-12-12,20222023,PIT,DAL,2,1,REG,HOME
2022020450,2022-12-12,20222023,NYR,NJD,4,3,OT,HOME
2022020451,2022-12-12,20222023,OTT,ANA,3,0,REG,HOME
2022020452,2022-12-12,20222023,MIN,EDM,2,1,REG,HOME
2022020453,2022-12-12,20222023,STL,NSH,1,0,OT,HOME
2022020454,2022-12-13,20222023,TOR,ANA,7,0,REG,HOME
2022020455,2022-12-13,20222023,FLA,CBJ,4,0,REG,HOME
2022020456,2022-12-13,20222023,NJD,DAL,1,4,REG,AWAY
2022020457,2022-12-13,20222023,BUF,LAK,6,0,REG,HOME
2022020458,2022-12-13,20222023,BOS,NYI,4,3,SO,HOME
2022020459,2022-12-13,20222023,TBL,SEA,6,2,REG,HOME
2022020460,2022-12-13,20222023,DET,CAR,0,1,REG,AWAY
2022020461,2022-12-13,20222023,NSH,EDM,3,6,REG,AWAY
2022020462,2022-12-13,20222023,WPG,VGK,5,6,REG,AWAY
2022020463,2022-12-13,20222023,CHI,WSH,3,7,REG,AWAY
2022020464,2022-12-13,20222023,COL,PHI,3,2,REG,HOME
2022020465,2022-12-13,20222023,SJS,ARI,3,2,REG,HOME
2022020466,2022-12-14,20222023,OTT,MTL,3,2,REG,HOME
2022020467,2022-12-14,20222023,MIN,DET,4,1,REG,HOME
2022020468,2022-12-14,20222023,CGY,VAN,3,4,SO,AWAY
2022020469,2022-12-15,20222023,MTL,ANA,2,5,REG,AWAY
2022020470,2022-12-15,20222023,TBL,CBJ,4,1,REG,HOME
2022020471,2022-12-15,20222023,WSH,DAL,1,2,REG,AWAY
2022020472,2022-12-15,20222023,BOS,LAK,2,3,SO,AWAY
2022020473,2022-12-15,20222023,NJD,PHI,1,2,REG,AWAY
2022020474,2022-12-15,20222023,FLA,PIT,2,4,REG,AWAY
2022020475,2022-12-15,20222023,CAR,SEA,3,2,REG,HOME
2022020476,2022-12-15,20222023,NYR,TOR,3,1,REG,HOME
2022020477,2022-12-15,20222023,WPG,NSH,2,1,OT,HOME
2022020478,2022-12-15,20222023,CHI,VGK,1,4,REG,AWAY
2022020479,2022-12-15,20222023,COL,BUF,2,4,REG,AWAY
2022020480,2022-12-15,20222023,EDM,STL,3,4,SO,AWAY
2022020481,2022-12-16,20222023,MIN,CHI,4,1,REG,HOME
2022020482,2022-12-16,20222023,CGY,STL,2,5,REG,AWAY
2022020483,2022-12-16,20222023,ARI,NYI,5,4,REG,HOME
2022020484,2022-12-17,20222023,BOS,CBJ,4,2,REG,HOME
2022020485,2022-12-17,20222023,DET,OTT,3,6,REG,AWAY
2022020486,2022-12-17,20222023,EDM,ANA,3,4,REG,AWAY
2022020487,2022-12-17,20222023,CAR,DAL,5,4,OT,HOME
2022020489,2022-12-17,20222023,PHI,NYR,3,6,REG,AWAY
2022020490,2022-12-17,20222023,MTL,TBL,1,5,REG,AWAY
2022020491,2022-12-17,20222023,WSH,TOR,5,2,REG,HOME
2022020488,2022-12-17,20222023,NJD,FLA,2,4,REG,AWAY
2022020492,2022-12-17,20222023,ARI,BUF,2,5,REG,AWAY
2022020493,2022-12-17,20222023,COL,NSH,3,1,REG,HOME
2022020494,2022-12-17,20222023,VGK,NYI,2,5,REG,AWAY
2022020495,2022-12-17,20222023,VAN,WPG,1,5,REG,AWAY
2022020496,2022-12-17,20222023,LAK,SJS,3,2,SO,HOME
2022020497,2022-12-18,20222023,MIN,OTT,4,2,REG,HOME
2022020498,2022-12-18,20222023,CAR,PIT,3,2,REG,HOME
2022020499,2022-12-18,20222023,CHI,NYR,1,7,REG,AWAY
2022020500,2022-12-18,20222023,SEA,WPG,3,2,REG,HOME
2022020501,2022-12-18,20222023,SJS,CGY,2,5,REG,AWAY
2022020502,2022-12-19,20222023,CBJ,DAL,1,2,REG,AWAY
2022020503,2022-12-19,20222023,WSH,DET,4,3,OT,HOME
2022020504,2022-12-19,20222023,BOS,FLA,7,3,REG,HOME
2022020505,2022-12-19,20222023,NSH,EDM,4,3,OT,HOME
2022020506,2022-12-19,20222023,COL,NYI,1,0,SO,HOME
2022020507,2022-12-19,20222023,VGK,BUF,2,3,REG,AWAY
2022020508,2022-12-19,20222023,ARI,MTL,2,3,OT,AWAY
2022020509,2022-12-19,20222023,VAN,STL,1,5,REG,AWAY
2022020510,2022-12-20,20222023,PHI,CBJ,5,3,REG,HOME
2022020511,2022-12-20,20222023,PIT,NYR,3,2,REG,HOME
2022020512,2022-12-20,20222023,CAR,NJD,4,1,REG,HOME
2022020513,2022-12-20,20222023,TOR,TBL,4,1,REG,HOME
2022020514,2022-12-20,20222023,WPG,OTT,5,1,REG,HOME
2022020515,2022-12-20,20222023,SEA,STL,5,2,REG,HOME
2022020516,2022-12-20,20222023,LAK,ANA,4,1,REG,HOME
2022020517,2022-12-20,20222023,SJS,CGY,3,7,REG,AWAY
2022020518,2022-12-21,20222023,FLA,NJD,2,4,REG,AWAY
2022020519,2022-12-21,20222023,DET,TBL,7,4,REG,HOME
2022020520,2022-12-21,20222023,COL,MTL,2,1,OT,HOME
2022020521,2022-12-21,20222023,CHI,NSH,2,4,REG,AWAY
2022020522,2022-12-21,20222023,DAL,EDM,3,6,REG,AWAY
2022020523,2022-12-21,20222023,VGK,ARI,5,2,REG,HOME
2022020524,2022-12-21,20222023,ANA,MIN,1,4,REG,AWAY
2022020525,2022-12-22,20222023,TOR,PHI,4,3,REG,HOME
2022020526,2022-12-22,20222023,PIT,CAR,3,4,OT,AWAY
2022020527,2022-12-22,20222023,NYR,NYI,5,3,REG,HOME
2022020528,2022-12-22,20222023,OTT,WSH,2,3,OT,AWAY
2022020529,2022-12-22,20222023,BOS,WPG,3,2,REG,HOME
2022020530,2022-12-22,20222023,VAN,SEA,6,5,SO,HOME
2022020531,2022-12-22,20222023,LAK,CGY,4,3,OT,HOME
2022020532,2022-12-22,20222023,SJS,MIN,5,2,REG,HOME
2022020533,2022-12-23,20222023,NJD,BOS,3,4,REG,AWAY
2022020535,2022-12-23,20222023,CAR,PHI,6,5,REG,HOME
2022020537,2022-12-23,20222023,WSH,WPG,4,1,REG,HOME
2022020538,2022-12-23,20222023,NYI,FLA,5,1,REG,HOME
2022020539,2022-12-23,20222023,NSH,COL,2,3,OT,AWAY
2022020541,2022-12-23,20222023,DAL,MTL,4,2,REG,HOME
2022020540,2022-12-23,20222023,CHI,CBJ,5,2,REG,HOME
2022020542,2022-12-23,20222023,EDM,VAN,2,5,REG,AWAY
2022020543,2022-12-23,20222023,ARI,LAK,2,1,SO,HOME
2022020545,2022-12-23,20222023,VGK,STL,5,4,SO,HOME
2022020544,2022-12-23,20222023,ANA,CGY,2,3,OT,AWAY
2022020546,2022-12-27,20222023,OTT,BOS,3,2,SO,HOME
2022020548,2022-12-27,20222023,CAR,CHI,3,0,REG,HOME
2022020549,2022-12-27,20222023,NYR,WSH,0,4,REG,AWAY
2022020550,2022-12-27,20222023,NYI,PIT,5,1,REG,HOME
2022020551,2022-12-27,20222023,NSH,DAL,2,3,REG,AWAY
2022020552,2022-12-27,20222023,WPG,MIN,1,4,REG,AWAY
2022020553,2022-12-27,20222023,STL,TOR,4,5,OT,AWAY
2022020554,2022-12-27,20222023,ARI,COL,6,3,REG,HOME
2022020555,2022-12-27,20222023,CGY,EDM,1,2,REG,AWAY
2022020556,2022-12-27,20222023,VAN,SJS,6,2,REG,HOME
2022020557,2022-12-27,20222023,LAK,VGK,4,2,REG,HOME
2022020559,2022-12-28,20222023,TBL,MTL,4,1,REG,HOME
2022020558,2022-12-28,20222023,NJD,BOS,1,3,REG,AWAY
2022020560,2022-12-28,20222023,PIT,DET,4,5,OT,AWAY
2022020561,2022-12-28,20222023,SEA,CGY,2,3,REG,AWAY
2022020562,2022-12-28,20222023,ANA,VGK,3,2,SO,HOME
2022020563,2022-12-29,20222023,BUF,DET,6,3,REG,HOME
2022020564,2022-12-29,20222023,FLA,MTL,7,2,REG,HOME
2022020565,2022-12-29,20222023,TBL,NYR,2,1,SO,HOME
2022020566,2022-12-29,20222023,WSH,OTT,3,4,OT,AWAY
2022020567,2022-12-29,20222023,NYI,CBJ,2,1,REG,HOME
2022020568,2022-12-29,20222023,STL,CHI,3,1,REG,HOME
2022020569,2022-12-29,20222023,MIN,DAL,1,4,REG,AWAY
2022020570,2022-12-29,20222023,WPG,VAN,4,2,REG,HOME
2022020571,2022-12-29,20222023,COL,LAK,4,5,SO,AWAY
2022020572,2022-12-29,20222023,ARI,TOR,6,3,REG,HOME
2022020573,2022-12-29,20222023,SJS,PHI,3,4,OT,AWAY
2022020574,2022-12-30,20222023,ANA,NSH,1,6,REG,AWAY
2022020576,2022-12-30,20222023,PIT,NJD,2,4,REG,AWAY
2022020575,2022-12-30,20222023,CAR,FLA,4,0,REG,HOME
2022020577,2022-12-30,20222023,SEA,EDM,2,7,REG,AWAY
2022020578,2022-12-31,20222023,BOS,BUF,3,4,OT,AWAY
2022020583,2022-12-31,20222023,CBJ,CHI,4,1,REG,HOME
2022020579,2022-12-31,20222023,VGK,NSH,5,4,OT,HOME
2022020580,2022-12-31,20222023,WSH,MTL,9,2,REG,HOME
2022020581,2022-12-31,20222023,LAK,PHI,2,4,REG,AWAY
2022020582,2022-12-31,20222023,TBL,ARI,5,3,REG,HOME
2022020589,2022-12-31,20222023,STL,MIN,2,5,REG,AWAY
2022020584,2022-12-31,20222023,DET,OTT,4,2,REG,HOME
2022020585,2022-12-31,20222023,COL,TOR,2,6,REG,AWAY
2022020586,2022-12-31,20222023,DAL,SJS,5,2,REG,HOME
2022020587,2022-12-31,20222023,CGY,VAN,3,2,REG,HOME
2022020588,2022-12-31,20222023,EDM,WPG,1,2,REG,AWAY
2022020590,2023-01-01,20222023,NJD,CAR,4,5,SO,AWAY
2022020591,2023-01-01,20222023,FLA,NYR,3,5,REG,AWAY
2022020592,2023-01-01,20222023,OTT,BUF,3,1,REG,HOME
2022020593,2023-01-01,20222023,CHI,SJS,2,5,REG,AWAY
2022020594,2023-01-01,20222023,SEA,NYI,4,1,REG,HOME
2022020595,2023-01-02,20222023,BOS,PIT,2,1,REG,HOME
2022020596,2023-01-02,20222023,COL,VGK,2,3,REG,AWAY
2022020597,2023-01-02,20222023,ANA,PHI,1,4,REG,AWAY
2022020598,2023-01-03,20222023,FLA,ARI,5,3,REG,HOME
2022020599,2023-01-03,20222023,WSH,BUF,4,5,OT,AWAY
2022020600,2023-01-03,20222023,NYR,CAR,5,3,REG,HOME
2022020601,2023-01-03,20222023,OTT,CBJ,4,0,REG,HOME
2022020602,2023-01-03,20222023,TOR,STL,5,6,SO,AWAY
2022020603,2023-01-03,20222023,WPG,CGY,3,2,REG,HOME
2022020604,2023-01-03,20222023,NSH,MTL,6,3,REG,HOME
2022020605,2023-01-03,20222023,CHI,TBL,1,4,REG,AWAY
2022020606,2023-01-03,20222023,EDM,SEA,2,5,REG,AWAY
2022020607,2023-01-03,20222023,VAN,NYI,2,6,REG,AWAY
2022020608,2023-01-03,20222023,LAK,DAL,3,2,REG,HOME
2022020609,2023-01-04,20222023,DET,NJD,1,5,REG,AWAY
2022020610,2023-01-04,20222023,MIN,TBL,5,1,REG,HOME
2022020611,2023-01-04,20222023,ANA,DAL,2,0,REG,HOME
2022020612,2023-01-05,20222023,PHI,ARI,6,2,REG,HOME
2022020613,2023-01-05,20222023,MTL,NYR,1,4,REG,AWAY
2022020614,2023-01-05,20222023,CAR,NSH,3,5,REG,AWAY
2022020615,2023-01-05,20222023,TOR,SEA,1,5,REG,AWAY
2022020616,2023-01-05,20222023,NJD,STL,3,5,REG,AWAY
2022020617,2023-01-05,20222023,CBJ,WSH,2,6,REG,AWAY
2022020618,2023-01-05,20222023,EDM,NYI,4,2,REG,HOME
2022020619,2023-01-05,20222023,VAN,COL,4,2,REG,HOME
2022020620,2023-01-05,20222023,VGK,PIT,5,2,REG,HOME
2022020621,2023-01-05,20222023,LAK,BOS,2,5,REG,AWAY
2022020622,2023-01-06,20222023,WSH,NSH,2,3,REG,AWAY
2022020623,2023-01-06,20222023,DET,FLA,2,3,REG,AWAY
2022020624,2023-01-06,20222023,WPG,TBL,4,2,REG,HOME
2022020625,2023-01-06,20222023,CHI,ARI,2,0,REG,HOME
2022020626,2023-01-06,20222023,CGY,NYI,4,1,REG,HOME
2022020627,2023-01-06,20222023,ANA,SJS,5,4,OT,HOME
2022020628,2023-01-07,20222023,NJD,NYR,4,3,OT,HOME
2022020629,2023-01-07,20222023,CBJ,CAR,4,3,SO,HOME
2022020630,2023-01-07,20222023,TOR,DET,4,1,REG,HOME
2022020631,2023-01-07,20222023,BUF,MIN,6,5,OT,HOME
2022020632,2023-01-07,20222023,OTT,SEA,4,8,REG,AWAY
2022020633,2023-01-07,20222023,MTL,STL,5,4,REG,HOME
2022020634,2023-01-07,20222023,EDM,COL,2,3,OT,AWAY
2022020635,2023-01-07,20222023,VGK,LAK,1,5,REG,AWAY
2022020636,2023-01-07,20222023,SJS,BOS,2,4,REG,AWAY
2022020638,2023-01-08,20222023,WPG,VAN,7,4,REG,HOME
2022020637,2023-01-08,20222023,DAL,FLA,5,1,REG,HOME
2022020639,2023-01-08,20222023,WSH,CBJ,1,0,REG,HOME
2022020640,2023-01-08,20222023,CHI,CGY,4,3,OT,HOME
2022020641,2023-01-08,20222023,ARI,PIT,1,4,REG,AWAY
2022020642,2023-01-08,20222023,MIN,STL,0,3,REG,AWAY
2022020643,2023-01-08,20222023,PHI,TOR,2,6,REG,AWAY
2022020644,2023-01-08,20222023,ANA,BOS,1,7,REG,AWAY
2022020990,2023-01-09,20222023,BUF,PHI,0,4,REG,AWAY
2022020645,2023-01-09,20222023,OTT,NSH,0,3,REG,AWAY
2022020646,2023-01-09,20222023,MTL,SEA,0,4,REG,AWAY
2022020647,2023-01-09,20222023,LAK,EDM,6,3,REG,HOME
2022020648,2023-01-10,20222023,TBL,CBJ,6,3,REG,HOME
2022020649,2023-01-10,20222023,NYR,MIN,4,3,SO,HOME
2022020650,2023-01-10,20222023,CAR,NJD,3,5,REG,AWAY
2022020651,2023-01-10,20222023,BUF,SEA,3,4,REG,AWAY
2022020652,2023-01-10,20222023,PIT,VAN,5,4,REG,HOME
2022020654,2023-01-10,20222023,DET,WPG,7,5,REG,HOME
2022020653,2023-01-10,20222023,NYI,DAL,1,2,SO,AWAY
2022020655,2023-01-10,20222023,STL,CGY,4,3,OT,HOME
2022020657,2023-01-10,20222023,ARI,SJS,2,4,REG,AWAY
2022020656,2023-01-10,20222023,COL,FLA,4,5,REG,AWAY
2022020659,2023-01-11,20222023,PHI,WSH,5,3,REG,HOME
2022020658,2023-01-11,20222023,TOR,NSH,2,1,REG,HOME
2022020660,2023-01-11,20222023,ANA,EDM,2,6,REG,AWAY
2022020661,2023-01-11,20222023,LAK,SJS,4,3,REG,HOME
2022020662,2023-01-12,20222023,CBJ,CAR,2,6,REG,AWAY
2022020663,2023-01-12,20222023,NYR,DAL,2,1,OT,HOME
2022020664,2023-01-12,20222023,MTL,NSH,4,3,REG,HOME
2022020665,2023-01-12,20222023,BOS,SEA,0,3,REG,AWAY
2022020666,2023-01-12,20222023,DET,TOR,4,1,REG,HOME
2022020667,2023-01-12,20222023,TBL,VAN,5,4,REG,HOME
2022020668,2023-01-12,20222023,BUF,WPG,2,4,REG,AWAY
2022020669,2023-01-12,20222023,NYI,MIN,1,3,REG,AWAY
2022020670,2023-01-12,20222023,STL,CGY,1,4,REG,AWAY
2022020671,2023-01-12,20222023,CHI,COL,3,2,REG,HOME
2022020672,2023-01-12,20222023,ARI,OTT,3,5,REG,AWAY
2022020673,2023-01-12,20222023,VGK,FLA,4,2,REG,HOME
2022020674,2023-01-13,20222023,PIT,WPG,1,4,REG,AWAY
2022020675,2023-01-13,20222023,ANA,NJD,2,6,REG,AWAY
2022020676,2023-01-13,20222023,SJS,EDM,1,7,REG,AWAY
2022020677,2023-01-14,20222023,DAL,CGY,5,6,REG,AWAY
2022020678,2023-01-14,20222023,DET,CBJ,3,4,REG,AWAY
2022020679,2023-01-14,20222023,NYI,MTL,2,1,REG,HOME
2022020680,2023-01-14,20222023,COL,OTT,7,0,REG,HOME
2022020681,2023-01-14,20222023,WSH,PHI,1,3,REG,AWAY
2022020682,2023-01-14,20222023,CAR,PIT,2,1,REG,HOME
2022020683,2023-01-14,20222023,BOS,TOR,4,3,REG,HOME
2022020684,2023-01-14,20222023,FLA,VAN,4,3,REG,HOME
2022020685,2023-01-14,20222023,MIN,ARI,2,1,REG,HOME
2022020686,2023-01-14,20222023,NSH,BUF,3,5,REG,AWAY
2022020687,2023-01-14,20222023,CHI,SEA,5,8,REG,AWAY
2022020688,2023-01-14,20222023,STL,TBL,2,4,REG,AWAY
2022020689,2023-01-14,20222023,VGK,EDM,3,4,REG,AWAY
2022020690,2023-01-14,20222023,LAK,NJD,2,5,REG,AWAY
2022020691,2023-01-15,20222023,NYR,MTL,1,2,REG,AWAY
2022020692,2023-01-15,20222023,CAR,VAN,3,4,SO,AWAY
2022020693,2023-01-15,20222023,WPG,ARI,2,1,REG,HOME
2022020694,2023-01-16,20222023,BUF,FLA,1,4,REG,AWAY
2022020695,2023-01-16,20222023,BOS,PHI,6,0,REG,HOME
2022020696,2023-01-16,20222023,COL,DET,6,3,REG,HOME
2022020697,2023-01-16,20222023,SJS,NJD,3,4,SO,AWAY
2022020698,2023-01-16,20222023,SEA,TBL,1,4,REG,AWAY
2022020699,2023-01-16,20222023,VGK,DAL,0,4,REG,AWAY
2022020700,2023-01-16,20222023,PIT,ANA,4,3,OT,HOME
2022020701,2023-01-16,20222023,CBJ,NYR,1,3,REG,AWAY
2022020702,2023-01-16,20222023,NYI,WSH,3,4,OT,AWAY
2022020703,2023-01-16,20222023,NSH,CGY,2,1,REG,HOME
2022020704,2023-01-16,20222023,STL,OTT,2,1,REG,HOME
2022020705,2023-01-17,20222023,PHI,ANA,5,2,REG,HOME
2022020706,2023-01-17,20222023,TOR,FLA,5,4,OT,HOME
2022020707,2023-01-17,20222023,WSH,MIN,2,4,REG,AWAY
2022020708,2023-01-17,20222023,MTL,WPG,4,1,REG,HOME
2022020338,2023-01-17,20222023,NSH,CBJ,2,1,REG,HOME
2022020709,2023-01-17,20222023,CHI,BUF,4,3,OT,HOME
2022020710,2023-01-17,20222023,ARI,DET,4,3,SO,HOME
2022020711,2023-01-17,20222023,EDM,SEA,5,2,REG,HOME
2022020712,2023-01-18,20222023,OTT,PIT,5,4,OT,HOME
2022020713,2023-01-18,20222023,NYI,BOS,1,4,REG,AWAY
2022020714,2023-01-18,20222023,CGY,COL,1,4,REG,AWAY
2022020715,2023-01-18,20222023,VAN,TBL,2,5,REG,AWAY
2022020716,2023-01-18,20222023,SJS,DAL,5,3,REG,HOME
2022020717,2023-01-19,20222023,CBJ,ANA,3,5,REG,AWAY
2022020718,2023-01-19,20222023,NYR,BOS,1,3,REG,AWAY
2022020719,2023-01-19,20222023,PHI,CHI,1,4,REG,AWAY
2022020720,2023-01-19,20222023,MTL,FLA,2,6,REG,AWAY
2022020721,2023-01-19,20222023,CAR,MIN,5,2,REG,HOME
2022020723,2023-01-19,20222023,TOR,WPG,4,1,REG,HOME
2022020722,2023-01-19,20222023,BUF,NYI,3,2,OT,HOME
2022020724,2023-01-19,20222023,STL,NSH,5,2,REG,HOME
2022020725,2023-01-19,20222023,EDM,TBL,5,3,REG,HOME
2022020726,2023-01-19,20222023,ARI,WSH,0,4,REG,AWAY
2022020727,2023-01-19,20222023,VGK,DET,2,3,REG,AWAY
2022020728,2023-01-19,20222023,SEA,NJD,4,3,OT,HOME
2022020729,2023-01-19,20222023,LAK,DAL,0,4,REG,AWAY
2022020730,2023-01-20,20222023,PIT,OTT,4,1,REG,HOME
2022020731,2023-01-20,20222023,VAN,COL,1,4,REG,AWAY
2022020732,2023-01-21,20222023,BUF,ANA,6,3,REG,HOME
2022020733,2023-01-21,20222023,CGY,TBL,6,3,REG,HOME
2022020734,2023-01-21,20222023,FLA,MIN,5,3,REG,HOME
2022020735,2023-01-21,20222023,DET,PHI,1,2,REG,AWAY
2022020736,2023-01-21,20222023,CBJ,SJS,5,3,REG,HOME
2022020737,2023-01-21,20222023,MTL,TOR,3,2,OT,HOME
2022020738,2023-01-21,20222023,OTT,WPG,1,5,REG,AWAY
2022020739,2023-01-21,20222023,NYI,CAR,2,5,REG,AWAY
2022020740,2023-01-21,20222023,DAL,ARI,4,0,REG,HOME
2022020741,2023-01-21,20222023,STL,CHI,3,5,REG,AWAY
2022020742,2023-01-21,20222023,NSH,LAK,5,3,REG,HOME
2022020743,2023-01-21,20222023,SEA,COL,1,2,SO,AWAY
2022020744,2023-01-21,20222023,VAN,EDM,2,4,REG,AWAY
2022020745,2023-01-21,20222023,VGK,WSH,6,2,REG,HOME
2022020746,2023-01-22,20222023,NJD,PIT,2,1,OT,HOME
2022020747,2023-01-22,20222023,CHI,LAK,1,2,REG,AWAY
2022020748,2023-01-22,20222023,BOS,SJS,4,0,REG,HOME
2022020749,2023-01-22,20222023,PHI,WPG,3,5,REG,AWAY
2022020750,2023-01-22,20222023,ARI,VGK,4,1,REG,HOME
2022020751,2023-01-23,20222023,NYR,FLA,6,2,REG,HOME
2022020752,2023-01-23,20222023,TOR,NYI,5,2,REG,HOME
2022020753,2023-01-23,20222023,DAL,BUF,2,3,OT,AWAY
2022020754,2023-01-23,20222023,CGY,CBJ,4,3,OT,HOME
2022020755,2023-01-24,20222023,MTL,BOS,2,4,REG,AWAY
2022020756,2023-01-24,20222023,PIT,FLA,7,6,OT,HOME
2022020757,2023-01-24,20222023,PHI,LAK,3,4,OT,AWAY
2022020758,2023-01-24,20222023,TBL,MIN,4,2,REG,HOME
2022020760,2023-01-24,20222023,DET,SJS,3,2,OT,HOME
2022020759,2023-01-24,20222023,NJD,VGK,3,2,OT,HOME
2022020761,2023-01-24,20222023,STL,BUF,3,5,REG,AWAY
2022020762,2023-01-24,20222023,NSH,WPG,2,1,REG,HOME
2022020763,2023-01-24,20222023,ARI,ANA,2,5,REG,AWAY
2022020764,2023-01-24,20222023,COL,WSH,3,2,REG,HOME
2022020765,2023-01-24,20222023,VAN,CHI,5,2,REG,HOME
2022020766,2023-01-25,20222023,OTT,NYI,2,1,REG,HOME
2022020767,2023-01-25,20222023,TOR,NYR,3,2,OT,HOME
2022020768,2023-01-25,20222023,DAL,CAR,2,3,OT,AWAY
2022020769,2023-01-25,20222023,EDM,CBJ,2,3,OT,AWAY
2022020770,2023-01-25,20222023,SEA,VAN,6,1,REG,HOME
2022020771,2023-01-26,20222023,TBL,BOS,3,2,REG,HOME
2022020772,2023-01-26,20222023,MTL,DET,3,4,OT,AWAY
2022020773,2023-01-26,20222023,WSH,PIT,3,2,SO,HOME
2022020774,2023-01-26,20222023,WPG,BUF,2,3,REG,AWAY
2022020775,2023-01-26,20222023,NSH,NJD,6,4,REG,HOME
2022020778,2023-01-26,20222023,MIN,PHI,3,2,OT,HOME
2022020776,2023-01-26,20222023,COL,ANA,3,5,REG,AWAY
2022020777,2023-01-26,20222023,CGY,CHI,1,5,REG,AWAY
2022020779,2023-01-26,20222023,ARI,STL,5,0,REG,HOME
2022020780,2023-01-27,20222023,NYI,DET,2,0,REG,HOME
2022020781,2023-01-27,20222023,FLA,LAK,3,4,REG,AWAY
2022020782,2023-01-27,20222023,TOR,OTT,2,6,REG,AWAY
2022020783,2023-01-27,20222023,CAR,SJS,5,4,OT,HOME
2022020784,2023-01-27,20222023,NYR,VGK,4,1,REG,HOME
2022020785,2023-01-27,20222023,DAL,NJD,2,3,OT,AWAY
2022020786,2023-01-27,20222023,SEA,CGY,2,5,REG,AWAY
2022020787,2023-01-27,20222023,VAN,CBJ,5,2,REG,HOME
2022020788,2023-01-28,20222023,COL,STL,4,2,REG,HOME
2022020789,2023-01-28,20222023,FLA,BOS,4,3,OT,HOME
2022020790,2023-01-28,20222023,TBL,LAK,5,2,REG,HOME
2022020791,2023-01-28,20222023,OTT,MTL,5,0,REG,HOME
2022020792,2023-01-28,20222023,WPG,PHI,0,4,REG,AWAY
2022020793,2023-01-28,20222023,PIT,SJS,4,6,REG,AWAY
2022020794,2023-01-28,20222023,NYI,VGK,2,1,OT,HOME
2022020795,2023-01-28,20222023,MIN,BUF,3,2,SO,HOME
2022020797,2023-01-28,20222023,EDM,CHI,7,3,REG,HOME
2022020798,2023-01-28,20222023,SEA,CBJ,3,1,REG,HOME
2022020796,2023-01-28,20222023,ANA,ARI,2,1,OT,HOME
2022020799,2023-01-29,20222023,CAR,BOS,4,1,REG,HOME
2022020800,2023-01-29,20222023,TOR,WSH,5,1,REG,HOME
2022020801,2023-01-30,20222023,WPG,STL,4,2,REG,HOME
2022020802,2023-01-31,20222023,CAR,LAK,5,4,OT,HOME
2022020803,2023-01-31,20222023,MTL,OTT,4,5,REG,AWAY
2022020804,2023-01-31,20222023,CBJ,WSH,3,4,OT,AWAY
2022020805,2023-02-01,20222023,BUF,CAR,1,5,REG,AWAY
2022020806,2023-02-01,20222023,TOR,BOS,2,5,REG,AWAY
2022020807,2023-02-06,20222023,PHI,NYI,1,2,REG,AWAY
2022020808,2023-02-06,20222023,FLA,TBL,7,1,REG,HOME
2022020809,2023-02-06,20222023,NYR,CGY,5,4,OT,HOME
2022020810,2023-02-06,20222023,NJD,VAN,5,4,OT,HOME
2022020811,2023-02-06,20222023,DAL,ANA,3,2,SO,HOME
2022020812,2023-02-06,20222023,ARI,MIN,3,2,REG,HOME
2022020813,2023-02-07,20222023,PIT,COL,2,1,OT,HOME
2022020814,2023-02-07,20222023,TBL,SJS,3,4,OT,AWAY
2022020815,2023-02-07,20222023,DET,EDM,2,5,REG,AWAY
2022020816,2023-02-07,20222023,NYI,SEA,4,0,REG,HOME
2022020817,2023-02-07,20222023,NSH,VGK,1,5,REG,AWAY
2022020818,2023-02-07,20222023,CHI,ANA,2,3,OT,AWAY
2022020819,2023-02-08,20222023,NYR,VAN,4,3,REG,HOME
2022020820,2023-02-08,20222023,DAL,MIN,4,1,REG,HOME
2022020821,2023-02-09,20222023,TBL,COL,5,0,REG,HOME
2022020822,2023-02-09,20222023,PHI,EDM,2,1,SO,HOME
2022020823,2023-02-09,20222023,FLA,SJS,4,1,REG,HOME
2022020824,2023-02-09,20222023,NJD,SEA,3,1,REG,HOME
2022020825,2023-02-09,20222023,DET,CGY,2,1,REG,HOME
2022020826,2023-02-09,20222023,NYI,VAN,5,6,REG,AWAY
2022020827,2023-02-09,20222023,MIN,VGK,1,5,REG,AWAY
2022020828,2023-02-10,20222023,NYR,SEA,6,3,REG,HOME
2022020829,2023-02-10,20222023,CBJ,TOR,0,3,REG,AWAY
2022020830,2023-02-10,20222023,CHI,ARI,4,3,OT,HOME
2022020831,2023-02-10,20222023,ANA,PIT,3,6,REG,AWAY
2022020832,2023-02-11,20222023,DET,VAN,5,2,REG,HOME
2022020833,2023-02-11,20222023,BUF,CGY,2,7,REG,AWAY
2022020834,2023-02-11,20222023,OTT,EDM,3,6,REG,AWAY
2022020835,2023-02-11,20222023,MTL,NYI,4,3,OT,HOME
2022020836,2023-02-11,20222023,PHI,NSH,1,2,OT,AWAY
2022020837,2023-02-11,20222023,DAL,TBL,1,3,REG,AWAY
2022020838,2023-02-11,20222023,BOS,WSH,1,2,REG,AWAY
2022020839,2023-02-11,20222023,FLA,COL,3,5,REG,AWAY
2022020840,2023-02-11,20222023,TOR,CBJ,3,4,REG,AWAY
2022020841,2023-02-11,20222023,CAR,NYR,2,6,REG,AWAY
2022020842,2023-02-11,20222023,STL,ARI,6,5,OT,HOME
2022020843,2023-02-11,20222023,MIN,NJD,3,2,SO,HOME
2022020844,2023-02-11,20222023,WPG,CHI,4,1,REG,HOME
2022020845,2023-02-11,20222023,LAK,PIT,6,0,REG,HOME
2022020846,2023-02-12,20222023,MTL,EDM,6,2,REG,HOME
2022020848,2023-02-12,20222023,PHI,SEA,3,4,REG,AWAY
2022020847,2023-02-12,20222023,WSH,SJS,1,4,REG,AWAY
2022020849,2023-02-12,20222023,VGK,ANA,7,2,REG,HOME
2022020850,2023-02-13,20222023,OTT,CGY,4,3,OT,HOME
2022020851,2023-02-13,20222023,NSH,ARI,2,4,REG,AWAY
2022020852,2023-02-13,20222023,MIN,FLA,1,2,SO,AWAY
2022020853,2023-02-13,20222023,VAN,DET,1,6,REG,AWAY
2022020854,2023-02-13,20222023,LAK,BUF,5,2,REG,HOME
2022020855,2023-02-14,20222023,WSH,CAR,2,3,REG,AWAY
2022020856,2023-02-14,20222023,MTL,CHI,4,0,REG,HOME
2022020857,2023-02-14,20222023,CBJ,NJD,2,3,REG,AWAY
2022020858,2023-02-14,20222023,NYI,OTT,2,3,SO,AWAY
2022020859,2023-02-14,20222023,STL,FLA,6,2,REG,HOME
2022020860,2023-02-14,20222023,WPG,SEA,3,2,SO,HOME
2022020861,2023-02-14,20222023,DAL,BOS,2,3,OT,AWAY
2022020862,2023-02-14,20222023,COL,TBL,3,4,SO,AWAY
2022020863,2023-02-14,20222023,SJS,PIT,1,3,REG,AWAY
2022020864,2023-02-15,20222023,TOR,CHI,5,2,REG,HOME
2022020865,2023-02-15,20222023,ARI,TBL,1,0,SO,HOME
2022020866,2023-02-15,20222023,MIN,COL,2,3,REG,AWAY
2022020867,2023-02-15,20222023,EDM,DET,4,5,SO,AWAY
2022020868,2023-02-15,20222023,ANA,BUF,3,7,REG,AWAY
2022020869,2023-02-15,20222023,VAN,NYR,4,6,REG,AWAY
2022020870,2023-02-16,20222023,WSH,FLA,3,6,REG,AWAY
2022020871,2023-02-16,20222023,CAR,MTL,6,2,REG,HOME
2022020872,2023-02-16,20222023,CBJ,WPG,3,1,REG,HOME
2022020873,2023-02-16,20222023,NSH,BOS,0,5,REG,AWAY
2022020874,2023-02-16,20222023,STL,NJD,4,2,REG,HOME
2022020875,2023-02-16,20222023,CGY,DET,2,5,REG,AWAY
2022020876,2023-02-16,20222023,SEA,PHI,6,2,REG,HOME
2022020877,2023-02-16,20222023,VGK,SJS,2,1,REG,HOME
2022020878,2023-02-17,20222023,OTT,CHI,3,4,OT,AWAY
2022020879,2023-02-17,20222023,NYI,PIT,5,4,REG,HOME
2022020880,2023-02-17,20222023,MIN,DAL,2,1,SO,HOME
2022020881,2023-02-17,20222023,EDM,NYR,4,5,SO,AWAY
2022020882,2023-02-17,20222023,ANA,LAK,3,6,REG,AWAY
2022020883,2023-02-18,20222023,STL,COL,1,4,REG,AWAY
2022020884,2023-02-18,20222023,NSH,FLA,7,3,REG,HOME
2022020885,2023-02-18,20222023,BOS,NYI,6,2,REG,HOME
2022020886,2023-02-18,20222023,PIT,NJD,2,5,REG,AWAY
2022020887,2023-02-18,20222023,DAL,CBJ,1,4,REG,AWAY
2022020888,2023-02-18,20222023,TOR,MTL,5,1,REG,HOME
2022020889,2023-02-18,20222023,CAR,WSH,4,1,REG,HOME
2022020890,2023-02-18,20222023,CGY,NYR,3,2,OT,HOME
2022020891,2023-02-18,20222023,VAN,PHI,6,2,REG,HOME
2022020892,2023-02-18,20222023,LAK,ARI,6,5,SO,HOME
2022020893,2023-02-18,20222023,SJS,BUF,2,4,REG,AWAY
2022020894,2023-02-18,20222023,SEA,DET,4,2,REG,HOME
2022020895,2023-02-18,20222023,VGK,TBL,5,4,REG,HOME
2022020896,2023-02-19,20222023,MIN,NSH,4,3,REG,HOME
2022020897,2023-02-19,20222023,OTT,STL,7,2,REG,HOME
2022020898,2023-02-19,20222023,COL,EDM,6,5,OT,HOME
2022020899,2023-02-19,20222023,CHI,TOR,5,3,REG,HOME
2022020900,2023-02-19,20222023,NJD,WPG,4,2,REG,HOME
2022020901,2023-02-19,20222023,ARI,CBJ,3,2,OT,HOME
2022020902,2023-02-20,20222023,FLA,ANA,4,3,OT,HOME
2022020903,2023-02-20,20222023,BOS,OTT,3,1,REG,HOME
2022020904,2023-02-20,20222023,CGY,PHI,3,4,REG,AWAY
2022020905,2023-02-20,20222023,SJS,SEA,4,0,REG,HOME
2022020906,2023-02-20,20222023,PIT,NYI,2,4,REG,AWAY
2022020907,2023-02-20,20222023,NYR,WPG,1,4,REG,AWAY
2022020908,2023-02-21,20222023,TBL,ANA,6,1,REG,HOME
2022020909,2023-02-21,20222023,WSH,DET,1,3,REG,AWAY
2022020910,2023-02-21,20222023,NJD,MTL,2,5,REG,AWAY
2022020911,2023-02-21,20222023,CAR,STL,4,1,REG,HOME
2022020912,2023-02-21,20222023,BUF,TOR,3,6,REG,AWAY
2022020913,2023-02-21,20222023,MIN,LAK,2,1,REG,HOME
2022020914,2023-02-21,20222023,NSH,VAN,5,4,SO,HOME
2022020915,2023-02-21,20222023,CHI,VGK,3,2,SO,HOME
2022020916,2023-02-21,20222023,EDM,PHI,4,2,REG,HOME
2022020917,2023-02-22,20222023,NYI,WPG,2,1,REG,HOME
2022020918,2023-02-22,20222023,DAL,CHI,3,4,REG,AWAY
2022020919,2023-02-22,20222023,ARI,CGY,3,6,REG,AWAY
2022020920,2023-02-23,20222023,WSH,ANA,2,4,REG,AWAY
2022020921,2023-02-23,20222023,TBL,BUF,5,6,OT,AWAY
2022020922,2023-02-23,20222023,PIT,EDM,2,7,REG,AWAY
2022020923,2023-02-23,20222023,NJD,LAK,4,3,OT,HOME
2022020924,2023-02-23,20222023,CBJ,MIN,0,2,REG,AWAY
2022020925,2023-02-23,20222023,DET,NYR,4,1,REG,HOME
2022020926,2023-02-23,20222023,STL,VAN,2,3,OT,AWAY
2022020928,2023-02-23,20222023,VGK,CGY,4,3,OT,HOME
2022020927,2023-02-23,20222023,SEA,BOS,5,6,REG,AWAY
2022020929,2023-02-23,20222023,SJS,NSH,2,6,REG,AWAY
2022020930,2023-02-24,20222023,FLA,BUF,1,3,REG,AWAY
2022020931,2023-02-24,20222023,TOR,MIN,2,1,OT,HOME
2022020932,2023-02-24,20222023,PHI,MTL,2,5,REG,AWAY
2022020933,2023-02-24,20222023,CAR,OTT,4,0,REG,HOME
2022020934,2023-02-24,20222023,NYI,LAK,2,3,REG,AWAY
2022020935,2023-02-24,20222023,WPG,COL,1,5,REG,AWAY
2022020936,2023-02-25,20222023,CBJ,EDM,6,5,REG,HOME
2022020937,2023-02-25,20222023,WSH,NYR,6,3,REG,HOME
2022020943,2023-02-25,20222023,STL,PIT,2,3,OT,AWAY
2022020938,2023-02-25,20222023,CAR,ANA,2,3,REG,AWAY
2022020939,2023-02-25,20222023,VAN,BOS,1,3,REG,AWAY
2022020940,2023-02-25,20222023,MTL,OTT,2,5,REG,AWAY
2022020941,2023-02-25,20222023,NJD,PHI,7,0,REG,HOME
2022020942,2023-02-25,20222023,DET,TBL,0,3,REG,AWAY
2022020944,2023-02-25,20222023,COL,CGY,4,1,REG,HOME
2022020945,2023-02-25,20222023,VGK,DAL,2,3,SO,AWAY
2022020946,2023-02-25,20222023,SJS,CHI,3,4,SO,AWAY
2022020947,2023-02-26,20222023,BUF,WSH,7,4,REG,HOME
2022020948,2023-02-26,20222023,MIN,CBJ,3,2,OT,HOME
2022020949,2023-02-26,20222023,WPG,NYI,0,4,REG,AWAY
2022020950,2023-02-26,20222023,NYR,LAK,5,2,REG,HOME
2022020951,2023-02-26,20222023,PIT,TBL,7,3,REG,HOME
2022020952,2023-02-26,20222023,ARI,NSH,2,6,REG,AWAY
2022020953,2023-02-26,20222023,SEA,TOR,1,5,REG,AWAY
2022020534,2023-02-27,20222023,OTT,DET,6,2,REG,HOME
2022020954,2023-02-27,20222023,EDM,BOS,2,3,REG,AWAY
2022020955,2023-02-27,20222023,DAL,VAN,4,5,OT,AWAY
2022020956,2023-02-27,20222023,COL,VGK,3,0,REG,HOME
2022020957,2023-02-27,20222023,ANA,CHI,4,2,REG,HOME
2022020959,2023-02-28,20222023,OTT,DET,6,1,REG,HOME
2022020960,2023-02-28,20222023,TBL,FLA,1,4,REG,AWAY
2022020958,2023-02-28,20222023,BUF,CBJ,3,5,REG,AWAY
2022020961,2023-02-28,20222023,WPG,LAK,5,6,SO,AWAY
2022020962,2023-02-28,20222023,MIN,NYI,2,1,SO,HOME
2022020963,2023-02-28,20222023,NSH,PIT,1,3,REG,AWAY
2022020964,2023-02-28,20222023,STL,SEA,3,5,REG,AWAY
2022020965,2023-02-28,20222023,CGY,BOS,3,4,OT,AWAY
2022020966,2023-02-28,20222023,ARI,CHI,4,1,REG,HOME
2022020967,2023-02-28,20222023,SJS,MTL,1,3,REG,AWAY
2022020968,2023-03-01,20222023,PHI,NYR,2,3,OT,AWAY
2022020969,2023-03-01,20222023,EDM,TOR,5,2,REG,HOME
2022020970,2023-03-01,20222023,DAL,ARI,4,2,REG,HOME
2022020971,2023-03-01,20222023,COL,NJD,5,7,REG,AWAY
2022020972,2023-03-01,20222023,VGK,CAR,3,2,REG,HOME
2022020973,2023-03-01,20222023,ANA,WSH,2,3,OT,AWAY
2022020974,2023-03-02,20222023,BOS,BUF,7,1,REG,HOME
2022020975,2023-03-02,20222023,FLA,NSH,1,2,REG,AWAY
2022020976,2023-03-02,20222023,NYR,OTT,3,5,REG,AWAY
2022020977,2023-03-02,20222023,TBL,PIT,4,5,OT,AWAY
2022020978,2023-03-02,20222023,DET,SEA,4,5,OT,AWAY
2022020979,2023-03-02,20222023,CHI,DAL,2,5,REG,AWAY
2022020980,2023-03-02,20222023,CGY,TOR,1,2,REG,AWAY
2022020981,2023-03-02,20222023,VAN,MIN,1,2,REG,AWAY
2022020982,2023-03-02,20222023,LAK,MTL,3,2,REG,HOME
2022020983,2023-03-02,20222023,SJS,STL,3,6,REG,AWAY
2022020984,2023-03-03,20222023,CBJ,SEA,2,4,REG,AWAY
2022020985,2023-03-03,20222023,EDM,WPG,6,3,REG,HOME
2022020986,2023-03-03,20222023,ARI,CAR,1,6,REG,AWAY
2022020987,2023-03-03,20222023,ANA,MTL,3,2,REG,HOME
2022020988,2023-03-03,20222023,VGK,NJD,4,3,SO,HOME
2022020536,2023-03-04,20222023,BUF,TBL,5,3,REG,HOME
2022020989,2023-03-04,20222023,NYI,DET,4,1,REG,HOME
2022020991,2023-03-04,20222023,BOS,NYR,4,2,REG,HOME
2022020997,2023-03-04,20222023,DAL,COL,7,3,REG,HOME
2022020992,2023-03-04,20222023,FLA,PIT,4,1,REG,HOME
2022020993,2023-03-04,20222023,SJS,WSH,3,8,REG,AWAY
2022020994,2023-03-04,20222023,OTT,CBJ,5,2,REG,HOME
2022020995,2023-03-04,20222023,WPG,EDM,7,5,REG,HOME
2022020996,2023-03-04,20222023,VAN,TOR,4,1,REG,HOME
2022020998,2023-03-04,20222023,CHI,NSH,1,3,REG,AWAY
2022020999,2023-03-04,20222023,CGY,MIN,0,3,REG,AWAY
2022021000,2023-03-04,20222023,LAK,STL,4,2,REG,HOME
2022021001,2023-03-05,20222023,CAR,TBL,6,0,REG,HOME
2022021002,2023-03-05,20222023,PHI,DET,3,1,REG,HOME
2022021003,2023-03-05,20222023,VGK,MTL,4,3,REG,HOME
2022021004,2023-03-05,20222023,ARI,NJD,4,5,OT,AWAY
2022021005,2023-03-05,20222023,COL,SEA,2,3,OT,AWAY
2022021006,2023-03-06,20222023,BUF,EDM,2,3,REG,AWAY
2022021007,2023-03-06,20222023,WPG,SJS,2,3,OT,AWAY
2022021008,2023-03-06,20222023,DAL,CGY,4,5,REG,AWAY
2022021009,2023-03-06,20222023,CHI,OTT,5,0,REG,HOME
2022021010,2023-03-06,20222023,VAN,NSH,4,3,SO,HOME
2022021011,2023-03-06,20222023,LAK,WSH,4,2,REG,HOME
2022021012,2023-03-07,20222023,MTL,CAR,3,4,SO,AWAY
2022021013,2023-03-07,20222023,PIT,CBJ,5,4,OT,HOME
2022021014,2023-03-07,20222023,TBL,PHI,5,2,REG,HOME
2022021015,2023-03-07,20222023,NJD,TOR,3,4,REG,AWAY
2022021016,2023-03-07,20222023,FLA,VGK,2,1,REG,HOME
2022021017,2023-03-07,20222023,NYI,BUF,3,2,REG,HOME
2022021018,2023-03-07,20222023,MIN,CGY,0,1,SO,AWAY
2022021019,2023-03-07,20222023,COL,SJS,6,0,REG,HOME
2022021020,2023-03-07,20222023,ARI,STL,6,2,REG,HOME
2022021021,2023-03-07,20222023,SEA,ANA,5,2,REG,HOME
2022021022,2023-03-08,20222023,DET,CHI,4,3,REG,HOME
2022021023,2023-03-08,20222023,WPG,MIN,2,4,REG,AWAY
2022021024,2023-03-08,20222023,VAN,ANA,3,2,OT,HOME
2022021025,2023-03-09,20222023,BUF,DAL,4,10,REG,AWAY
2022021027,2023-03-09,20222023,PIT,NYI,3,4,OT,AWAY
2022021028,2023-03-09,20222023,MTL,NYR,3,4,SO,AWAY
2022021029,2023-03-09,20222023,WSH,NJD,2,3,SO,AWAY
2022021030,2023-03-09,20222023,CAR,PHI,1,0,REG,HOME
2022021031,2023-03-09,20222023,TBL,VGK,3,4,OT,AWAY
2022021026,2023-03-09,20222023,BOS,EDM,2,3,REG,AWAY
2022021032,2023-03-09,20222023,STL,SJS,4,2,REG,HOME
2022021033,2023-03-09,20222023,COL,LAK,2,5,REG,AWAY
2022021034,2023-03-09,20222023,ARI,NSH,4,1,REG,HOME
2022021035,2023-03-09,20222023,SEA,OTT,4,5,REG,AWAY
2022021036,2023-03-10,20222023,FLA,CHI,4,3,OT,HOME
2022021037,2023-03-10,20222023,CGY,ANA,1,3,REG,AWAY
2022021038,2023-03-11,20222023,BOS,DET,3,2,REG,HOME
2022021039,2023-03-11,20222023,PIT,PHI,5,1,REG,HOME
2022021040,2023-03-11,20222023,BUF,NYR,1,2,OT,AWAY
2022021041,2023-03-11,20222023,COL,ARI,3,2,OT,HOME
2022021042,2023-03-11,20222023,TBL,CHI,3,1,REG,HOME
2022021043,2023-03-11,20222023,TOR,EDM,7,4,REG,HOME
2022021044,2023-03-11,20222023,MTL,NJD,1,3,REG,AWAY
2022021045,2023-03-11,20222023,CBJ,STL,2,5,REG,AWAY
2022021046,2023-03-11,20222023,CAR,VGK,0,4,REG,AWAY
2022021047,2023-03-11,20222023,FLA,WPG,4,5,OT,AWAY
2022021048,2023-03-11,20222023,NYI,WSH,1,5,REG,AWAY
2022021049,2023-03-11,20222023,SEA,DAL,3,4,OT,AWAY
2022021050,2023-03-11,20222023,VAN,OTT,5,2,REG,HOME
2022021051,2023-03-11,20222023,SJS,MIN,2,5,REG,AWAY
2022021052,2023-03-11,20222023,LAK,NSH,1,2,SO,AWAY
2022021053,2023-03-12,20222023,DET,BOS,5,3,REG,HOME
2022021054,2023-03-12,20222023,PIT,NYR,3,2,OT,HOME
2022021055,2023-03-12,20222023,NJD,CAR,3,0,REG,HOME
2022021056,2023-03-12,20222023,STL,VGK,3,5,REG,AWAY
2022021057,2023-03-12,20222023,TBL,WPG,2,3,REG,AWAY
2022021059,2023-03-12,20222023,CGY,OTT,5,1,REG,HOME
2022021058,2023-03-12,20222023,ARI,MIN,5,4,OT,HOME
2022021060,2023-03-12,20222023,ANA,NSH,4,5,OT,AWAY
2022021061,2023-03-13,20222023,TOR,BUF,3,4,REG,AWAY
2022021062,2023-03-13,20222023,MTL,COL,4,8,REG,AWAY
2022021063,2023-03-13,20222023,SEA,DAL,2,5,REG,AWAY
2022021064,2023-03-14,20222023,PIT,MTL,4,6,REG,AWAY
2022021065,2023-03-14,20222023,NJD,TBL,1,4,REG,AWAY
2022021066,2023-03-14,20222023,PHI,VGK,3,5,REG,AWAY
2022021067,2023-03-14,20222023,NYR,WSH,5,3,REG,HOME
2022021068,2023-03-14,20222023,CAR,WPG,5,3,REG,HOME
2022021069,2023-03-14,20222023,NSH,DET,2,1,REG,HOME
2022021070,2023-03-14,20222023,CHI,BOS,6,3,REG,HOME
2022021071,2023-03-14,20222023,EDM,OTT,6,3,REG,HOME
2022021072,2023-03-14,20222023,ARI,CGY,4,3,OT,HOME
2022021073,2023-03-14,20222023,VAN,DAL,5,2,REG,HOME
2022021074,2023-03-14,20222023,SJS,CBJ,5,6,OT,AWAY
2022021075,2023-03-14,20222023,LAK,NYI,5,2,REG,HOME
2022021076,2023-03-15,20222023,WSH,BUF,5,4,SO,HOME
2022021077,2023-03-15,20222023,TOR,COL,1,2,SO,AWAY
2022021078,2023-03-15,20222023,STL,MIN,5,8,REG,AWAY
2022021079,2023-03-15,20222023,ANA,NYI,3,6,REG,AWAY
2022021080,2023-03-16,20222023,OTT,COL,4,5,REG,AWAY
2022021081,2023-03-16,20222023,FLA,MTL,9,5,REG,HOME
2022021082,2023-03-16,20222023,NYR,PIT,4,2,REG,HOME
2022021083,2023-03-16,20222023,NJD,TBL,3,4,SO,AWAY
2022021084,2023-03-16,20222023,WPG,BOS,0,3,REG,AWAY
2022021085,2023-03-16,20222023,NSH,CHI,1,2,REG,AWAY
2022021086,2023-03-16,20222023,EDM,DAL,4,1,REG,HOME
2022021087,2023-03-16,20222023,VGK,CGY,2,7,REG,AWAY
2022021088,2023-03-16,20222023,ARI,VAN,3,2,REG,HOME
2022021089,2023-03-16,20222023,LAK,CBJ,4,1,REG,HOME
2022021090,2023-03-16,20222023,SJS,SEA,1,2,OT,AWAY
2022021091,2023-03-17,20222023,PHI,BUF,5,2,REG,HOME
2022021092,2023-03-17,20222023,TOR,CAR,5,2,REG,HOME
2022021093,2023-03-17,20222023,WSH,STL,2,5,REG,AWAY
2022021094,2023-03-17,20222023,ANA,CBJ,7,4,REG,HOME
2022021095,2023-03-18,20222023,DET,COL,1,5,REG,AWAY
2022021096,2023-03-18,20222023,MIN,BOS,2,5,REG,AWAY
2022021097,2023-03-18,20222023,NSH,WPG,2,3,OT,AWAY
2022021098,2023-03-18,20222023,SEA,EDM,4,6,REG,AWAY
2022021099,2023-03-18,20222023,PHI,CAR,4,5,OT,AWAY
2022021100,2023-03-18,20222023,FLA,NJD,4,2,REG,HOME
2022021101,2023-03-18,20222023,TBL,MTL,5,3,REG,HOME
2022021102,2023-03-18,20222023,OTT,TOR,4,5,SO,AWAY
2022021103,2023-03-18,20222023,NYR,PIT,6,0,REG,HOME
2022021104,2023-03-18,20222023,CGY,DAL,5,6,OT,AWAY
2022021105,2023-03-18,20222023,LAK,VAN,2,3,SO,AWAY
2022021106,2023-03-18,20222023,ARI,CHI,4,2,REG,HOME
2022021107,2023-03-18,20222023,SJS,NYI,1,4,REG,AWAY
2022021108,2023-03-19,20222023,BUF,BOS,0,7,REG,AWAY
2022021109,2023-03-19,20222023,MIN,WSH,5,3,REG,HOME
2022021110,2023-03-19,20222023,VGK,CBJ,7,2,REG,HOME
2022021111,2023-03-19,20222023,NYR,NSH,7,0,REG,HOME
2022021112,2023-03-19,20222023,TBL,NJD,2,5,REG,AWAY
2022021113,2023-03-19,20222023,STL,WPG,3,0,REG,HOME
2022021114,2023-03-19,20222023,ANA,VAN,1,2,REG,AWAY
2022021115,2023-03-20,20222023,PIT,OTT,1,2,REG,AWAY
2022021116,2023-03-20,20222023,DET,FLA,2,5,REG,AWAY
2022021117,2023-03-20,20222023,COL,CHI,5,0,REG,HOME
2022021118,2023-03-20,20222023,EDM,SJS,5,4,OT,HOME
2022021119,2023-03-20,20222023,LAK,CGY,8,2,REG,HOME
2022021120,2023-03-21,20222023,NYR,CAR,2,3,REG,AWAY
2022021121,2023-03-21,20222023,WSH,CBJ,6,7,OT,AWAY
2022021122,2023-03-21,20222023,PHI,FLA,6,3,REG,HOME
2022021123,2023-03-21,20222023,NJD,MIN,1,2,OT,AWAY
2022021124,2023-03-21,20222023,BUF,NSH,3,7,REG,AWAY
2022021125,2023-03-21,20222023,BOS,OTT,2,1,REG,HOME
2022021126,2023-03-21,20222023,MTL,TBL,3,2,REG,HOME
2022021127,2023-03-21,20222023,NYI,TOR,7,2,REG,HOME
2022021128,2023-03-21,20222023,WPG,ARI,2,1,REG,HOME
2022021129,2023-03-21,20222023,STL,DET,2,3,SO,AWAY
2022021130,2023-03-21,20222023,DAL,SEA,4,5,OT,AWAY
2022021131,2023-03-21,20222023,ANA,CGY,1,5,REG,AWAY
2022021132,2023-03-21,20222023,VAN,VGK,3,4,REG,AWAY
2022021133,2023-03-22,20222023,COL,PIT,2,5,REG,AWAY
2022021134,2023-03-22,20222023,EDM,ARI,4,3,OT,HOME
2022021136,2023-03-23,20222023,PHI,MIN,5,4,SO,HOME
2022021135,2023-03-23,20222023,WSH,CHI,6,1,REG,HOME
2022021137,2023-03-23,20222023,BOS,MTL,4,2,REG,HOME
2022021138,2023-03-23,20222023,CAR,NYR,1,2,REG,AWAY
2022021139,2023-03-23,20222023,OTT,TBL,7,2,REG,HOME
2022021140,2023-03-23,20222023,FLA,TOR,2,6,REG,AWAY
2022021141,2023-03-23,20222023,DET,STL,3,4,REG,AWAY
2022021142,2023-03-23,20222023,NSH,SEA,2,1,SO,HOME
2022021143,2023-03-23,20222023,DAL,PIT,3,2,REG,HOME
2022021144,2023-03-23,20222023,CGY,VGK,2,3,REG,AWAY
2022021145,2023-03-23,20222023,VAN,SJS,7,2,REG,HOME
2022021146,2023-03-23,20222023,ANA,WPG,2,3,REG,AWAY
2022021147,2023-03-24,20222023,CBJ,NYI,5,4,OT,HOME
2022021148,2023-03-24,20222023,BUF,NJD,5,4,REG,HOME
2022021149,2023-03-24,20222023,COL,ARI,3,1,REG,HOME
2022021150,2023-03-25,20222023,PHI,DET,3,0,REG,HOME
2022021151,2023-03-25,20222023,BOS,TBL,2,1,REG,HOME
2022021152,2023-03-25,20222023,NSH,SEA,2,7,REG,AWAY
2022021153,2023-03-25,20222023,CGY,SJS,5,3,REG,HOME
2022021154,2023-03-25,20222023,LAK,WPG,4,1,REG,HOME
2022021155,2023-03-25,20222023,MIN,CHI,3,1,REG,HOME
2022021156,2023-03-25,20222023,FLA,NYR,3,4,REG,AWAY
2022021157,2023-03-25,20222023,NYI,BUF,0,2,REG,AWAY
2022021158,2023-03-25,20222023,MTL,CBJ,8,2,REG,HOME
2022021159,2023-03-25,20222023,NJD,OTT,5,3,REG,HOME
2022021160,2023-03-25,20222023,CAR,TOR,5,3,REG,HOME
2022021161,2023-03-25,20222023,DAL,VAN,1,3,REG,AWAY
2022021162,2023-03-25,20222023,PIT,WSH,4,3,REG,HOME
2022021163,2023-03-25,20222023,EDM,VGK,3,4,OT,AWAY
2022021164,2023-03-25,20222023,ANA,STL,3,6,REG,AWAY
2022021165,2023-03-26,20222023,ARI,COL,3,4,SO,AWAY
2022021166,2023-03-26,20222023,CAR,BOS,3,4,SO,AWAY
2022021167,2023-03-26,20222023,NSH,TOR,2,3,REG,AWAY
2022021168,2023-03-26,20222023,CHI,VAN,2,4,REG,AWAY
2022021169,2023-03-26,20222023,LAK,STL,7,6,REG,HOME
2022021170,2023-03-27,20222023,OTT,FLA,5,2,REG,HOME
2022021171,2023-03-27,20222023,BUF,MTL,3,4,SO,AWAY
2022021172,2023-03-27,20222023,NYI,NJD,5,1,REG,HOME
2022021173,2023-03-27,20222023,MIN,SEA,5,1,REG,HOME
2022021174,2023-03-27,20222023,ANA,COL,1,5,REG,AWAY
2022021175,2023-03-27,20222023,ARI,EDM,4,5,REG,AWAY
2022021176,2023-03-28,20222023,NYR,CBJ,6,2,REG,HOME
2022021177,2023-03-28,20222023,PHI,MTL,3,2,REG,HOME
2022021178,2023-03-28,20222023,BOS,NSH,1,2,REG,AWAY
2022021179,2023-03-28,20222023,CAR,TBL,0,4,REG,AWAY
2022021180,2023-03-28,20222023,DET,PIT,7,4,REG,HOME
2022021181,2023-03-28,20222023,STL,VAN,6,5,OT,HOME
2022021182,2023-03-28,20222023,CHI,DAL,1,4,REG,AWAY
2022021183,2023-03-28,20222023,CGY,LAK,2,1,REG,HOME
2022021184,2023-03-28,20222023,VGK,EDM,4,7,REG,AWAY
2022021185,2023-03-28,20222023,SJS,WPG,3,0,REG,HOME
2022021186,2023-03-29,20222023,TOR,FLA,2,3,OT,AWAY
2022021187,2023-03-29,20222023,WSH,NYI,1,2,SO,AWAY
2022021188,2023-03-29,20222023,COL,MIN,2,4,REG,AWAY
2022021189,2023-03-30,20222023,BOS,CBJ,2,1,OT,HOME
2022021190,2023-03-30,20222023,MTL,FLA,2,5,REG,AWAY
2022021191,2023-03-30,20222023,NJD,NYR,2,1,REG,HOME
2022021192,2023-03-30,20222023,PIT,NSH,2,0,REG,HOME
2022021193,2023-03-30,20222023,OTT,PHI,5,4,OT,HOME
2022021194,2023-03-30,20222023,TBL,WSH,5,1,REG,HOME
2022021195,2023-03-30,20222023,DET,CAR,3,2,REG,HOME
2022021196,2023-03-30,20222023,CHI,STL,3,5,REG,AWAY
2022021197,2023-03-30,20222023,EDM,LAK,2,0,REG,HOME
2022021198,2023-03-30,20222023,SEA,ANA,4,1,REG,HOME
2022021199,2023-03-30,20222023,SJS,VGK,4,3,OT,HOME
2022021200,2023-03-31,20222023,BUF,NYR,3,2,OT,HOME
2022021201,2023-03-31,20222023,WPG,DET,6,2,REG,HOME
2022021202,2023-03-31,20222023,VAN,CGY,4,5,OT,AWAY
2022021203,2023-03-31,20222023,ARI,DAL,2,5,REG,AWAY
2022021204,2023-04-01,20222023,NSH,STL,6,1,REG,HOME
2022021205,2023-04-01,20222023,PIT,BOS,3,4,REG,AWAY
2022021206,2023-04-01,20222023,PHI,BUF,3,6,REG,AWAY
2022021207,2023-04-01,20222023,MTL,CAR,0,3,REG,AWAY
2022021208,2023-04-01,20222023,CBJ,FLA,0,7,REG,AWAY
2022021209,2023-04-01,20222023,TBL,NYI,5,0,REG,HOME
2022021210,2023-04-01,20222023,OTT,TOR,0,3,REG,AWAY
2022021211,2023-04-01,20222023,CHI,NJD,3,6,REG,AWAY
2022021212,2023-04-01,20222023,COL,DAL,5,2,REG,HOME
2022021213,2023-04-01,20222023,EDM,ANA,6,0,REG,HOME
2022021214,2023-04-01,20222023,SEA,LAK,1,3,REG,AWAY
2022021215,2023-04-01,20222023,VGK,MIN,4,1,REG,HOME
2022021216,2023-04-01,20222023,ARI,SJS,2,7,REG,AWAY
2022021217,2023-04-02,20222023,WSH,NYR,2,5,REG,AWAY
2022021218,2023-04-02,20222023,STL,BOS,3,4,SO,AWAY
2022021219,2023-04-02,20222023,CAR,NYI,2,1,REG,HOME
2022021220,2023-04-02,20222023,CBJ,OTT,4,3,OT,HOME
2022021221,2023-04-02,20222023,PIT,PHI,4,2,REG,HOME
2022021222,2023-04-02,20222023,TOR,DET,2,5,REG,AWAY
2022021223,2023-04-02,20222023,WPG,NJD,6,1,REG,HOME
2022021224,2023-04-02,20222023,CGY,ANA,5,4,REG,HOME
2022021225,2023-04-02,20222023,VAN,LAK,1,4,REG,AWAY
2022021226,2023-04-03,20222023,MIN,VGK,3,4,SO,AWAY
2022021227,2023-04-03,20222023,DAL,NSH,5,1,REG,HOME
2022021228,2023-04-03,20222023,SEA,ARI,8,1,REG,HOME
2022021229,2023-04-04,20222023,FLA,BUF,2,1,REG,HOME
2022021230,2023-04-04,20222023,TOR,CBJ,4,2,REG,HOME
2022021231,2023-04-04,20222023,MTL,DET,0,5,REG,AWAY
2022021232,2023-04-04,20222023,CAR,OTT,3,2,OT,HOME
2022021233,2023-04-04,20222023,NJD,PIT,5,1,REG,HOME
2022021234,2023-04-04,20222023,STL,PHI,4,2,REG,HOME
2022021235,2023-04-04,20222023,NSH,VGK,3,2,OT,HOME
2022021236,2023-04-04,20222023,CGY,CHI,3,4,REG,AWAY
2022021238,2023-04-04,20222023,VAN,SEA,2,5,REG,AWAY
2022021237,2023-04-04,20222023,LAK,EDM,1,3,REG,AWAY
2022021239,2023-04-04,20222023,SJS,COL,3,4,OT,AWAY
2022021240,2023-04-05,20222023,WPG,CGY,1,3,REG,AWAY
2022021241,2023-04-05,20222023,NYR,TBL,6,3,REG,HOME
2022021242,2023-04-05,20222023,ANA,EDM,1,3,REG,AWAY
2022021243,2023-04-06,20222023,NJD,CBJ,8,1,REG,HOME
2022021244,2023-04-06,20222023,PIT,MIN,4,1,REG,HOME
2022021245,2023-04-06,20222023,FLA,OTT,7,2,REG,HOME
2022021246,2023-04-06,20222023,BOS,TOR,2,1,OT,HOME
2022021247,2023-04-06,20222023,MTL,WSH,6,2,REG,HOME
2022021248,2023-04-06,20222023,DET,BUF,6,7,SO,AWAY
2022021249,2023-04-06,20222023,NYI,TBL,6,1,REG,HOME
2022021250,2023-04-06,20222023,NSH,CAR,3,0,REG,HOME
2022021251,2023-04-06,20222023,STL,NYR,3,2,OT,HOME
2022021252,2023-04-06,20222023,DAL,PHI,4,1,REG,HOME
2022021254,2023-04-06,20222023,VAN,CHI,3,0,REG,HOME
2022021255,2023-04-06,20222023,VGK,LAK,5,2,REG,HOME
2022021253,2023-04-06,20222023,SEA,ARI,4,2,REG,HOME
2022021256,2023-04-06,20222023,SJS,COL,2,6,REG,AWAY
2022021257,2023-04-08,20222023,BUF,CAR,4,3,REG,HOME
2022021266,2023-04-08,20222023,DET,PIT,1,5,REG,AWAY
2022021269,2023-04-08,20222023,DAL,VGK,2,1,SO,HOME
2022021259,2023-04-08,20222023,SJS,EDM,1,6,REG,AWAY
2022021260,2023-04-08,20222023,ARI,ANA,5,4,OT,HOME
2022021261,2023-04-08,20222023,WSH,FLA,2,4,REG,AWAY
2022021262,2023-04-08,20222023,TOR,MTL,7,1,REG,HOME
2022021263,2023-04-08,20222023,CBJ,NYR,0,4,REG,AWAY
2022021264,2023-04-08,20222023,WPG,NSH,2,0,REG,HOME
2022021267,2023-04-08,20222023,OTT,TBL,7,4,REG,HOME
2022021268,2023-04-08,20222023,NYI,PHI,4,0,REG,HOME
2022021258,2023-04-08,20222023,MIN,STL,5,3,REG,HOME
2022021265,2023-04-08,20222023,BOS,NJD,2,1,REG,HOME
2022021270,2023-04-08,20222023,VAN,CGY,3,2,SO,HOME
2022021271,2023-04-08,20222023,SEA,CHI,7,3,REG,HOME
2022021272,2023-04-08,20222023,LAK,COL,3,4,REG,AWAY
2022021273,2023-04-09,20222023,PHI,BOS,3,5,REG,AWAY
2022021274,2023-04-09,20222023,ANA,COL,4,5,OT,AWAY
2022021275,2023-04-10,20222023,NYR,BUF,2,3,SO,AWAY
2022021276,2023-04-10,20222023,OTT,CAR,3,2,REG,HOME
2022021277,2023-04-10,20222023,WSH,NYI,5,2,REG,HOME
2022021278,2023-04-10,20222023,WPG,SJS,6,2,REG,HOME
2022021279,2023-04-10,20222023,FLA,TOR,1,2,OT,AWAY
2022021280,2023-04-10,20222023,DET,DAL,1,6,REG,AWAY
2022021281,2023-04-10,20222023,CHI,MIN,2,4,REG,AWAY
2022021282,2023-04-10,20222023,CGY,NSH,2,3,SO,AWAY
2022021283,2023-04-10,20222023,ARI,SEA,1,4,REG,AWAY
2022021284,2023-04-10,20222023,LAK,VAN,3,0,REG,HOME
2022021285,2023-04-11,20222023,NJD,BUF,6,2,REG,HOME
2022021287,2023-04-11,20222023,PHI,CBJ,4,3,OT,HOME
2022021288,2023-04-11,20222023,CAR,DET,4,1,REG,HOME
2022021289,2023-04-11,20222023,TBL,TOR,3,4,REG,AWAY
2022021290,2023-04-11,20222023,BOS,WSH,5,2,REG,HOME
2022021286,2023-04-11,20222023,PIT,CHI,2,5,REG,AWAY
2022021291,2023-04-11,20222023,MIN,WPG,1,3,REG,AWAY
2022021292,2023-04-11,20222023,COL,EDM,1,2,OT,AWAY
2022021293,2023-04-11,20222023,VGK,SEA,4,1,REG,HOME
2022021294,2023-04-11,20222023,ANA,VAN,2,3,REG,AWAY
2022021295,2023-04-12,20222023,NYI,MTL,4,2,REG,HOME
2022021296,2023-04-12,20222023,STL,DAL,2,5,REG,AWAY
2022021297,2023-04-12,20222023,CGY,SJS,3,1,REG,HOME
2022021298,2023-04-13,20222023,MTL,BOS,4,5,REG,AWAY
2022021299,2023-04-13,20222023,FLA,CAR,4,6,REG,AWAY
2022021300,2023-04-13,20222023,TBL,DET,5,0,REG,HOME
2022021301,2023-04-13,20222023,WSH,NJD,4,5,OT,AWAY
2022021302,2023-04-13,20222023,BUF,OTT,4,3,OT,HOME
2022021303,2023-04-13,20222023,CBJ,PIT,3,2,OT,HOME
2022021304,2023-04-13,20222023,NYR,TOR,2,3,REG,AWAY
2022021305,2023-04-13,20222023,NSH,MIN,4,3,OT,HOME
2022021307,2023-04-13,20222023,DAL,STL,1,0,REG,HOME
2022021309,2023-04-13,20222023,COL,WPG,4,2,REG,HOME
2022021306,2023-04-13,20222023,CHI,PHI,4,5,OT,AWAY
2022021308,2023-04-13,20222023,EDM,SJS,5,2,REG,HOME
2022021310,2023-04-13,20222023,ANA,LAK,3,5,REG,AWAY
2022021311,2023-04-13,20222023,ARI,VAN,4,5,OT,AWAY
2022021312,2023-04-13,20222023,SEA,VGK,1,3,REG,AWAY
2022020547,2023-04-14,20222023,CBJ,BUF,2,5,REG,AWAY
2022020320,2023-04-14,20222023,NSH,COL,3,4,REG,AWAY
2023020001,2023-10-10,20232024,TBL,NSH,5,3,REG,HOME
2023020002,2023-10-10,20232024,PIT,CHI,2,4,REG,AWAY
2023020003,2023-10-10,20232024,VGK,SEA,4,1,REG,HOME
2023020004,2023-10-11,20232024,CAR,OTT,5,3,REG,HOME
2023020005,2023-10-11,20232024,TOR,MTL,6,5,SO,HOME
2023020006,2023-10-11,20232024,BOS,CHI,3,1,REG,HOME
2023020007,2023-10-11,20232024,CGY,WPG,5,3,REG,HOME
2023020008,2023-10-11,20232024,LAK,COL,2,5,REG,AWAY
2023020009,2023-10-11,20232024,VAN,EDM,8,1,REG,HOME
2023020010,2023-10-12,20232024,BUF,NYR,1,5,REG,AWAY
2023020011,2023-10-12,20232024,CBJ,PHI,2,4,REG,AWAY
2023020012,2023-10-12,20232024,NJD,DET,4,3,REG,HOME
2023020013,2023-10-12,20232024,DAL,STL,2,1,SO,HOME
2023020014,2023-10-12,20232024,MIN,FLA,2,0,REG,HOME
2023020015,2023-10-12,20232024,NSH,SEA,3,0,REG,HOME
2023020016,2023-10-12,20232024,SJS,VGK,1,4,REG,AWAY
2023020017,2023-10-13,20232024,NJD,ARI,3,4,SO,AWAY
2023020018,2023-10-13,20232024,WSH,PIT,0,4,REG,AWAY
2023020019,2023-10-14,20232024,OTT,PHI,5,2,REG,HOME
2023020020,2023-10-14,20232024,WPG,FLA,6,4,REG,HOME
2023020021,2023-10-14,20232024,BOS,NSH,3,2,REG,HOME
2023020022,2023-10-14,20232024,CBJ,NYR,5,3,REG,HOME
2023020023,2023-10-14,20232024,DET,TBL,6,4,REG,HOME
2023020024,2023-10-14,20232024,MTL,CHI,3,2,REG,HOME
2023020025,2023-10-14,20232024,PIT,CGY,5,2,REG,HOME
2023020026,2023-10-14,20232024,TOR,MIN,7,4,REG,HOME
2023020027,2023-10-14,20232024,NYI,BUF,3,2,REG,HOME
2023020028,2023-10-14,20232024,STL,SEA,2,1,SO,HOME
2023020029,2023-10-14,20232024,EDM,VAN,3,4,REG,AWAY
2023020030,2023-10-14,20232024,SJS,COL,1,2,SO,AWAY
2023020031,2023-10-14,20232024,VGK,ANA,4,1,REG,HOME
2023020032,2023-10-14,20232024,LAK,CAR,5,6,SO,AWAY
2023020033,2023-10-15,20232024,OTT,TBL,5,2,REG,HOME
2023020034,2023-10-15,20232024,ANA,CAR,6,3,REG,HOME
2023020035,2023-10-16,20232024,CBJ,DET,0,4,REG,AWAY
2023020036,2023-10-16,20232024,NJD,FLA,3,4,REG,AWAY
2023020037,2023-10-16,20232024,NYR,ARI,2,1,REG,HOME
2023020038,2023-10-16,20232024,TOR,CHI,1,4,REG,AWAY
2023020039,2023-10-16,20232024,WSH,CGY,3,2,SO,HOME
2023020042,2023-10-17,20232024,PHI,VAN,2,0,REG,HOME
2023020041,2023-10-17,20232024,MTL,MIN,2,5,REG,AWAY
2023020040,2023-10-17,20232024,BUF,TBL,3,2,OT,HOME
2023020043,2023-10-17,20232024,NYI,ARI,1,0,REG,HOME
2023020044,2023-10-17,20232024,NSH,EDM,1,6,REG,AWAY
2023020045,2023-10-17,20232024,WPG,LAK,1,5,REG,AWAY
2023020046,2023-10-17,20232024,SEA,COL,1,4,REG,AWAY
2023020047,2023-10-17,20232024,SJS,CAR,3,6,REG,AWAY
2023020048,2023-10-17,20232024,VGK,DAL,3,2,SO,HOME
2023020049,2023-10-18,20232024,OTT,WSH,6,1,REG,HOME
2023020050,2023-10-18,20232024,DET,PIT,6,3,REG,HOME
2023020051,2023-10-19,20232024,BUF,CGY,3,4,REG,AWAY
2023020052,2023-10-19,20232024,FLA,TOR,3,1,REG,HOME
2023020053,2023-10-19,20232024,NYR,NSH,1,4,REG,AWAY
2023020055,2023-10-19,20232024,TBL,VAN,4,3,REG,HOME
2023020054,2023-10-19,20232024,PHI,EDM,4,1,REG,HOME
2023020056,2023-10-19,20232024,MIN,LAK,3,7,REG,AWAY
2023020057,2023-10-19,20232024,STL,ARI,2,6,REG,AWAY
2023020058,2023-10-19,20232024,WPG,VGK,3,5,REG,AWAY
2023020059,2023-10-19,20232024,ANA,DAL,2,3,REG,AWAY
2023020060,2023-10-19,20232024,SEA,CAR,7,4,REG,HOME
2023020061,2023-10-19,20232024,COL,CHI,4,0,REG,HOME
2023020062,2023-10-19,20232024,SJS,BOS,1,3,REG,AWAY
2023020063,2023-10-20,20232024,CBJ,CGY,3,1,REG,HOME
2023020064,2023-10-20,20232024,NYI,NJD,4,5,OT,AWAY
2023020065,2023-10-21,20232024,OTT,DET,2,5,REG,AWAY
2023020066,2023-10-21,20232024,ARI,ANA,2,1,REG,HOME
2023020067,2023-10-21,20232024,BUF,NYI,3,1,REG,HOME
2023020068,2023-10-21,20232024,FLA,VAN,3,5,REG,AWAY
2023020069,2023-10-21,20232024,MTL,WSH,3,2,OT,HOME
2023020070,2023-10-21,20232024,TBL,TOR,3,4,OT,AWAY
2023020071,2023-10-21,20232024,CHI,VGK,3,5,REG,AWAY
2023020072,2023-10-21,20232024,DAL,PHI,5,4,OT,HOME
2023020073,2023-10-21,20232024,MIN,CBJ,4,5,OT,AWAY
2023020074,2023-10-21,20232024,NSH,SJS,5,1,REG,HOME
2023020075,2023-10-21,20232024,STL,PIT,4,2,REG,HOME
2023020076,2023-10-21,20232024,COL,CAR,6,4,REG,HOME
2023020077,2023-10-21,20232024,EDM,WPG,2,3,OT,AWAY
2023020078,2023-10-21,20232024,SEA,NYR,1,4,REG,AWAY
2023020079,2023-10-21,20232024,LAK,BOS,2,4,REG,AWAY
2023020080,2023-10-22,20232024,DET,CGY,6,2,REG,HOME
2023020081,2023-10-22,20232024,ANA,BOS,1,3,REG,AWAY
2023020082,2023-10-23,20232024,BUF,MTL,1,3,REG,AWAY
2023020083,2023-10-24,20232024,WSH,TOR,1,4,REG,AWAY
2023020085,2023-10-24,20232024,OTT,BUF,4,6,REG,AWAY
2023020086,2023-10-24,20232024,TBL,CAR,3,0,REG,HOME
2023020087,2023-10-24,20232024,MTL,NJD,2,5,REG,AWAY
2023020088,2023-10-24,20232024,PIT,DAL,1,4,REG,AWAY
2023020089,2023-10-24,20232024,FLA,SJS,3,1,REG,HOME
2023020090,2023-10-24,20232024,NYI,COL,4,7,REG,AWAY
2023020091,2023-10-24,20232024,DET,SEA,4,5,OT,AWAY
2023020084,2023-10-24,20232024,CBJ,ANA,2,3,OT,AWAY
2023020092,2023-10-24,20232024,CHI,BOS,0,3,REG,AWAY
2023020093,2023-10-24,20232024,WPG,STL,4,2,REG,HOME
2023020094,2023-10-24,20232024,MIN,EDM,7,4,REG,HOME
2023020095,2023-10-24,20232024,NSH,VAN,2,3,REG,AWAY
2023020096,2023-10-24,20232024,CGY,NYR,1,3,REG,AWAY
2023020097,2023-10-24,20232024,LAK,ARI,6,3,REG,HOME
2023020098,2023-10-24,20232024,VGK,PHI,3,2,REG,HOME
2023020099,2023-10-25,20232024,NJD,WSH,4,6,REG,AWAY
2023020100,2023-10-26,20232024,BOS,ANA,3,4,OT,AWAY
2023020101,2023-10-26,20232024,CAR,SEA,3,2,OT,HOME
2023020102,2023-10-26,20232024,DET,WPG,1,4,REG,AWAY
2023020103,2023-10-26,20232024,MTL,CBJ,4,3,OT,HOME
2023020105,2023-10-26,20232024,PIT,COL,4,0,REG,HOME
2023020106,2023-10-26,20232024,TBL,SJS,6,0,REG,HOME
2023020104,2023-10-26,20232024,PHI,MIN,6,2,REG,HOME
2023020107,2023-10-26,20232024,NYI,OTT,3,2,REG,HOME
2023020108,2023-10-26,20232024,DAL,TOR,1,4,REG,AWAY
2023020109,2023-10-26,20232024,CGY,STL,0,3,REG,AWAY
2023020110,2023-10-26,20232024,EDM,NYR,0,3,REG,AWAY
2023020111,2023-10-27,20232024,VGK,CHI,3,4,OT,AWAY
2023020112,2023-10-27,20232024,CAR,SJS,3,0,REG,HOME
2023020113,2023-10-27,20232024,NJD,BUF,5,4,REG,HOME
2023020114,2023-10-27,20232024,WSH,MIN,3,2,SO,HOME
2023020115,2023-10-27,20232024,ARI,LAK,4,5,REG,AWAY
2023020116,2023-10-27,20232024,VAN,STL,5,0,REG,HOME
2023020117,2023-10-28,20232024,PHI,ANA,4,7,REG,AWAY
2023020118,2023-10-28,20232024,FLA,SEA,3,2,REG,HOME
2023020119,2023-10-28,20232024,BOS,DET,4,1,REG,HOME
2023020120,2023-10-28,20232024,CBJ,NYI,0,2,REG,AWAY
2023020121,2023-10-28,20232024,MTL,WPG,4,3,SO,HOME
2023020122,2023-10-28,20232024,NSH,TOR,3,2,OT,HOME
2023020123,2023-10-28,20232024,PIT,OTT,2,5,REG,AWAY
2023020124,2023-10-28,20232024,VAN,NYR,3,4,OT,AWAY
2023020125,2023-10-28,20232024,LAK,VGK,3,4,SO,AWAY
2023020126,2023-10-29,20232024,BUF,COL,4,0,REG,HOME
2023020127,2023-10-29,20232024,NJD,MIN,4,3,REG,HOME
2023020128,2023-10-29,20232024,WSH,SJS,3,1,REG,HOME
2023020129,2023-10-29,20232024,EDM,CGY,5,2,REG,HOME
2023020130,2023-10-30,20232024,BOS,FLA,3,2,OT,HOME
2023020131,2023-10-30,20232024,PHI,CAR,2,3,REG,AWAY
2023020132,2023-10-30,20232024,PIT,ANA,3,4,REG,AWAY
2023020133,2023-10-30,20232024,TBL,SEA,3,4,OT,AWAY
2023020134,2023-10-30,20232024,NYI,DET,3,4,OT,AWAY
2023020135,2023-10-30,20232024,WPG,NYR,2,3,OT,AWAY
2023020136,2023-10-30,20232024,DAL,CBJ,5,3,REG,HOME
2023020137,2023-10-30,20232024,ARI,CHI,8,1,REG,HOME
2023020138,2023-10-30,20232024,VGK,MTL,3,2,SO,HOME
2023020139,2023-10-31,20232024,TOR,LAK,1,4,REG,AWAY
2023020140,2023-10-31,20232024,VAN,NSH,5,2,REG,HOME
2023020141,2023-11-01,20232024,PHI,BUF,2,5,REG,AWAY
2023020142,2023-11-01,20232024,CGY,DAL,3,4,REG,AWAY
2023020143,2023-11-01,20232024,COL,STL,4,1,REG,HOME
2023020144,2023-11-01,20232024,ANA,ARI,4,3,OT,HOME
2023020146,2023-11-02,20232024,CBJ,TBL,4,2,REG,HOME
2023020147,2023-11-02,20232024,DET,FLA,0,2,REG,AWAY
2023020148,2023-11-02,20232024,NYR,CAR,2,1,REG,HOME
2023020149,2023-11-02,20232024,OTT,LAK,2,3,REG,AWAY
2023020150,2023-11-02,20232024,WSH,NYI,0,3,REG,AWAY
2023020145,2023-11-02,20232024,BOS,TOR,3,2,SO,HOME
2023020151,2023-11-02,20232024,MIN,NJD,3,5,REG,AWAY
2023020152,2023-11-02,20232024,EDM,DAL,3,4,REG,AWAY
2023020153,2023-11-02,20232024,ARI,MTL,3,2,REG,HOME
2023020154,2023-11-02,20232024,SEA,NSH,4,2,REG,HOME
2023020155,2023-11-02,20232024,VGK,WPG,5,2,REG,HOME
2023020156,2023-11-02,20232024,SJS,VAN,1,10,REG,AWAY
2023020157,2023-11-03,20232024,BUF,PHI,1,5,REG,AWAY
2023020158,2023-11-03,20232024,STL,NJD,4,1,REG,HOME
2023020159,2023-11-04,20232024,EDM,NSH,2,5,REG,AWAY
2023020160,2023-11-04,20232024,ARI,WPG,3,5,REG,AWAY
2023020161,2023-11-04,20232024,DET,BOS,5,4,REG,HOME
2023020162,2023-11-04,20232024,OTT,TBL,4,6,REG,AWAY
2023020164,2023-11-04,20232024,STL,MTL,6,3,REG,HOME
2023020165,2023-11-04,20232024,TOR,BUF,4,6,REG,AWAY
2023020166,2023-11-04,20232024,WSH,CBJ,2,1,REG,HOME
2023020163,2023-11-04,20232024,PHI,LAK,0,5,REG,AWAY
2023020167,2023-11-04,20232024,NYI,CAR,3,4,OT,AWAY
2023020168,2023-11-04,20232024,CHI,FLA,5,2,REG,HOME
2023020169,2023-11-04,20232024,MIN,NYR,5,4,SO,HOME
2023020170,2023-11-04,20232024,SEA,CGY,3,6,REG,AWAY
2023020171,2023-11-04,20232024,SJS,PIT,2,10,REG,AWAY
2023020172,2023-11-04,20232024,VAN,DAL,2,0,REG,HOME
2023020173,2023-11-04,20232024,VGK,COL,7,0,REG,HOME
2023020174,2023-11-05,20232024,CHI,NJD,2,4,REG,AWAY
2023020175,2023-11-05,20232024,ANA,VGK,4,2,REG,HOME
2023020176,2023-11-06,20232024,FLA,CBJ,5,4,OT,HOME
2023020177,2023-11-06,20232024,TOR,TBL,6,5,OT,HOME
2023020178,2023-11-06,20232024,DAL,BOS,2,3,REG,AWAY
2023020179,2023-11-06,20232024,VAN,EDM,6,2,REG,HOME
2023020180,2023-11-07,20232024,CAR,BUF,3,2,OT,HOME
2023020181,2023-11-07,20232024,MTL,TBL,3,5,REG,AWAY
2023020182,2023-11-07,20232024,NYI,MIN,2,4,REG,AWAY
2023020183,2023-11-07,20232024,NYR,DET,5,3,REG,HOME
2023020184,2023-11-07,20232024,STL,WPG,2,5,REG,AWAY
2023020185,2023-11-07,20232024,ARI,SEA,4,3,SO,HOME
2023020186,2023-11-07,20232024,CGY,NSH,4,2,REG,HOME
2023020187,2023-11-07,20232024,ANA,PIT,0,2,REG,AWAY
2023020188,2023-11-07,20232024,COL,NJD,6,3,REG,HOME
2023020189,2023-11-07,20232024,SJS,PHI,2,1,REG,HOME
2023020190,2023-11-08,20232024,TOR,OTT,3,6,REG,AWAY
2023020191,2023-11-08,20232024,WSH,FLA,3,4,OT,AWAY
2023020192,2023-11-08,20232024,VGK,LAK,1,4,REG,AWAY
2023020193,2023-11-09,20232024,BOS,NYI,5,2,REG,HOME
2023020195,2023-11-09,20232024,DET,MTL,2,3,OT,AWAY
2023020196,2023-11-09,20232024,NYR,MIN,4,1,REG,HOME
2023020197,2023-11-09,20232024,OTT,VAN,2,5,REG,AWAY
2023020198,2023-11-09,20232024,TBL,CHI,3,5,REG,AWAY
2023020194,2023-11-09,20232024,CBJ,DAL,2,5,REG,AWAY
2023020199,2023-11-09,20232024,STL,ARI,2,1,REG,HOME
2023020200,2023-11-09,20232024,WPG,NSH,6,3,REG,HOME
2023020201,2023-11-09,20232024,COL,SEA,3,4,REG,AWAY
2023020202,2023-11-09,20232024,LAK,PIT,3,4,OT,AWAY
2023020203,2023-11-09,20232024,SJS,EDM,3,2,REG,HOME
2023020204,2023-11-10,20232024,BUF,MIN,3,2,REG,HOME
2023020205,2023-11-10,20232024,FLA,CAR,5,2,REG,HOME
2023020206,2023-11-10,20232024,NJD,WSH,2,4,REG,AWAY
2023020207,2023-11-10,20232024,TOR,CGY,5,4,SO,HOME
2023020208,2023-11-10,20232024,ANA,PHI,3,6,REG,AWAY
2023020209,2023-11-10,20232024,VGK,SJS,5,0,REG,HOME
2023020210,2023-11-11,20232024,DET,CBJ,5,4,REG,HOME
2023020211,2023-11-11,20232024,WPG,DAL,2,3,REG,AWAY
2023020212,2023-11-11,20232024,MTL,BOS,3,2,OT,HOME
2023020213,2023-11-11,20232024,OTT,CGY,4,1,REG,HOME
2023020214,2023-11-11,20232024,TBL,CAR,0,4,REG,AWAY
2023020215,2023-11-11,20232024,TOR,VAN,5,2,REG,HOME
2023020216,2023-11-11,20232024,NYI,WSH,1,4,REG,AWAY
2023020217,2023-11-11,20232024,PIT,BUF,4,0,REG,HOME
2023020218,2023-11-11,20232024,NSH,ARI,5,7,REG,AWAY
2023020219,2023-11-11,20232024,COL,STL,2,8,REG,AWAY
2023020220,2023-11-11,20232024,SEA,EDM,1,4,REG,AWAY
2023020221,2023-11-11,20232024,LAK,PHI,2,4,REG,AWAY
2023020222,2023-11-12,20232024,FLA,CHI,4,3,REG,HOME
2023020223,2023-11-12,20232024,MIN,DAL,3,8,REG,AWAY
2023020224,2023-11-12,20232024,MTL,VAN,2,5,REG,AWAY
2023020225,2023-11-12,20232024,NYR,CBJ,4,3,SO,HOME
2023020226,2023-11-12,20232024,ANA,SJS,4,1,REG,HOME
2023020227,2023-11-13,20232024,EDM,NYI,4,1,REG,HOME
2023020228,2023-11-13,20232024,SEA,COL,1,5,REG,AWAY
2023020229,2023-11-14,20232024,BUF,BOS,2,5,REG,AWAY
2023020230,2023-11-14,20232024,CBJ,PIT,3,5,REG,AWAY
2023020231,2023-11-14,20232024,MTL,CGY,1,2,REG,AWAY
2023020232,2023-11-14,20232024,WSH,VGK,3,0,REG,HOME
2023020233,2023-11-14,20232024,DAL,ARI,4,3,OT,HOME
2023020234,2023-11-14,20232024,NSH,ANA,2,3,REG,AWAY
2023020235,2023-11-14,20232024,STL,TBL,5,0,REG,HOME
2023020236,2023-11-14,20232024,WPG,NJD,6,3,REG,HOME
2023020237,2023-11-14,20232024,SJS,FLA,3,5,REG,AWAY
2023020238,2023-11-15,20232024,CAR,PHI,1,3,REG,AWAY
2023020239,2023-11-15,20232024,EDM,SEA,4,3,OT,HOME
2023020240,2023-11-15,20232024,COL,ANA,8,2,REG,HOME
2023020241,2023-11-15,20232024,VAN,NYI,4,3,OT,HOME
2023020242,2023-11-16,20232024,OTT,DET,5,4,OT,HOME
2023020243,2023-11-16,20232024,CBJ,ARI,2,3,REG,AWAY
2023020244,2023-11-16,20232024,MTL,VGK,5,6,REG,AWAY
2023020245,2023-11-16,20232024,PIT,NJD,2,5,REG,AWAY
2023020246,2023-11-16,20232024,CHI,TBL,2,4,REG,AWAY
2023020247,2023-11-16,20232024,CGY,VAN,5,2,REG,HOME
2023020248,2023-11-16,20232024,SEA,NYI,4,3,SO,HOME
2023020249,2023-11-16,20232024,LAK,FLA,2,1,REG,HOME
2023020250,2023-11-16,20232024,SJS,STL,5,1,REG,HOME
2023020251,2023-11-17,20232024,DET,TOR,2,3,REG,AWAY
2023020252,2023-11-17,20232024,WPG,BUF,3,2,REG,HOME
2023020253,2023-11-17,20232024,ANA,FLA,1,2,REG,AWAY
2023020254,2023-11-18,20232024,OTT,MIN,2,1,SO,HOME
2023020255,2023-11-18,20232024,PHI,VGK,4,3,OT,HOME
2023020256,2023-11-18,20232024,NSH,CHI,4,2,REG,HOME
2023020257,2023-11-18,20232024,TBL,EDM,6,4,REG,HOME
2023020258,2023-11-18,20232024,BOS,MTL,5,2,REG,HOME
2023020259,2023-11-18,20232024,CAR,PIT,4,2,REG,HOME
2023020260,2023-11-18,20232024,CGY,NYI,4,5,SO,AWAY
2023020261,2023-11-18,20232024,NJD,NYR,3,5,REG,AWAY
2023020262,2023-11-18,20232024,WPG,ARI,5,2,REG,HOME
2023020263,2023-11-18,20232024,WSH,CBJ,4,3,REG,HOME
2023020264,2023-11-18,20232024,DAL,COL,3,6,REG,AWAY
2023020265,2023-11-18,20232024,VAN,SEA,3,4,REG,AWAY
2023020266,2023-11-18,20232024,LAK,STL,5,1,REG,HOME
2023020267,2023-11-19,20232024,MIN,TOR,3,4,OT,AWAY
2023020268,2023-11-19,20232024,PHI,CBJ,5,2,REG,HOME
2023020269,2023-11-19,20232024,PIT,VGK,3,0,REG,HOME
2023020270,2023-11-19,20232024,CHI,BUF,2,3,REG,AWAY
2023020271,2023-11-19,20232024,ANA,STL,1,3,REG,AWAY
2023020272,2023-11-20,20232024,FLA,EDM,5,3,REG,HOME
2023020273,2023-11-20,20232024,TBL,BOS,5,4,OT,HOME
2023020274,2023-11-20,20232024,DAL,NYR,6,3,REG,HOME
2023020275,2023-11-20,20232024,NSH,COL,4,3,REG,HOME
2023020276,2023-11-20,20232024,ARI,LAK,1,4,REG,AWAY
2023020277,2023-11-20,20232024,SEA,CGY,3,4,OT,AWAY
2023020278,2023-11-20,20232024,VAN,SJS,3,1,REG,HOME
2023020279,2023-11-22,20232024,CAR,EDM,6,3,REG,HOME
2023020280,2023-11-22,20232024,CBJ,CHI,7,3,REG,HOME
2023020281,2023-11-22,20232024,DET,NJD,4,0,REG,HOME
2023020282,2023-11-22,20232024,FLA,BOS,1,3,REG,AWAY
2023020283,2023-11-22,20232024,PIT,NYR,0,1,REG,AWAY
2023020284,2023-11-22,20232024,TBL,WPG,2,3,OT,AWAY
2023020285,2023-11-22,20232024,WSH,BUF,4,3,OT,HOME
2023020286,2023-11-22,20232024,NYI,PHI,3,2,REG,HOME
2023020287,2023-11-22,20232024,ARI,STL,5,6,REG,AWAY
2023020288,2023-11-22,20232024,NSH,CGY,4,2,REG,HOME
2023020289,2023-11-22,20232024,DAL,VGK,1,2,OT,AWAY
2023020290,2023-11-22,20232024,ANA,MTL,3,4,REG,AWAY
2023020291,2023-11-22,20232024,COL,VAN,5,2,REG,HOME
2023020292,2023-11-22,20232024,SEA,SJS,7,1,REG,HOME
2023020293,2023-11-24,20232024,BOS,DET,2,5,REG,AWAY
2023020294,2023-11-24,20232024,PHI,NYR,1,3,REG,AWAY
2023020295,2023-11-24,20232024,CHI,TOR,4,3,OT,HOME
2023020296,2023-11-24,20232024,NJD,CBJ,1,2,REG,AWAY
2023020297,2023-11-24,20232024,STL,NSH,3,8,REG,AWAY
2023020298,2023-11-24,20232024,WSH,EDM,0,5,REG,AWAY
2023020299,2023-11-24,20232024,ANA,LAK,2,5,REG,AWAY
2023020300,2023-11-24,20232024,SJS,MTL,2,3,SO,AWAY
2023020301,2023-11-24,20232024,BUF,PIT,3,2,REG,HOME
2023020302,2023-11-24,20232024,OTT,NYI,3,5,REG,AWAY
2023020303,2023-11-24,20232024,CAR,TBL,2,8,REG,AWAY
2023020304,2023-11-24,20232024,FLA,WPG,0,3,REG,AWAY
2023020305,2023-11-24,20232024,DAL,CGY,4,7,REG,AWAY
2023020306,2023-11-24,20232024,MIN,COL,2,3,REG,AWAY
2023020307,2023-11-24,20232024,SEA,VAN,1,5,REG,AWAY
2023020308,2023-11-25,20232024,NYR,BOS,7,4,REG,HOME
2023020309,2023-11-25,20232024,LAK,MTL,4,0,REG,HOME
2023020310,2023-11-25,20232024,NJD,BUF,7,2,REG,HOME
2023020311,2023-11-25,20232024,PIT,TOR,3,2,REG,HOME
2023020312,2023-11-25,20232024,NYI,PHI,0,1,SO,AWAY
2023020313,2023-11-25,20232024,COL,CGY,3,1,REG,HOME
2023020314,2023-11-25,20232024,SJS,VAN,4,3,REG,HOME
2023020315,2023-11-25,20232024,VGK,ARI,0,2,REG,AWAY
2023020316,2023-11-26,20232024,DET,MIN,4,1,REG,HOME
2023020317,2023-11-26,20232024,CHI,STL,2,4,REG,AWAY
2023020318,2023-11-26,20232024,CAR,CBJ,3,2,REG,HOME
2023020319,2023-11-26,20232024,NSH,WPG,3,2,REG,HOME
2023020320,2023-11-26,20232024,EDM,ANA,8,2,REG,HOME
2023020321,2023-11-27,20232024,CBJ,BOS,5,2,REG,HOME
2023020322,2023-11-27,20232024,NYR,BUF,1,5,REG,AWAY
2023020323,2023-11-27,20232024,OTT,FLA,0,5,REG,AWAY
2023020324,2023-11-27,20232024,COL,TBL,4,1,REG,HOME
2023020325,2023-11-27,20232024,CGY,VGK,2,1,OT,HOME
2023020326,2023-11-27,20232024,SJS,WSH,2,1,REG,HOME
2023020327,2023-11-28,20232024,NJD,NYI,5,4,REG,HOME
2023020329,2023-11-28,20232024,TOR,FLA,2,1,SO,HOME
2023020328,2023-11-28,20232024,PHI,CAR,1,4,REG,AWAY
2023020330,2023-11-28,20232024,MIN,STL,3,1,REG,HOME
2023020331,2023-11-28,20232024,NSH,PIT,3,2,OT,HOME
2023020332,2023-11-28,20232024,WPG,DAL,0,2,REG,AWAY
2023020333,2023-11-28,20232024,CHI,SEA,4,3,REG,HOME
2023020334,2023-11-28,20232024,ARI,TBL,3,1,REG,HOME
2023020335,2023-11-28,20232024,EDM,VGK,5,4,SO,HOME
2023020336,2023-11-28,20232024,VAN,ANA,3,1,REG,HOME
2023020337,2023-11-29,20232024,CBJ,MTL,2,4,REG,AWAY
2023020338,2023-11-29,20232024,NYR,DET,3,2,REG,HOME
2023020339,2023-11-29,20232024,LAK,WSH,1,2,REG,AWAY
2023020340,2023-11-30,20232024,BOS,SJS,3,0,REG,HOME
2023020342,2023-11-30,20232024,DET,CHI,5,1,REG,HOME
2023020343,2023-11-30,20232024,MTL,FLA,1,5,REG,AWAY
2023020344,2023-11-30,20232024,PHI,NJD,3,4,OT,AWAY
2023020345,2023-11-30,20232024,TBL,PIT,2,4,REG,AWAY
2023020346,2023-11-30,20232024,TOR,SEA,4,3,SO,HOME
2023020341,2023-11-30,20232024,CAR,NYI,4,5,OT,AWAY
2023020347,2023-11-30,20232024,NSH,MIN,1,6,REG,AWAY
2023020348,2023-11-30,20232024,STL,BUF,6,4,REG,HOME
2023020349,2023-11-30,20232024,WPG,EDM,1,3,REG,AWAY
2023020350,2023-11-30,20232024,ARI,COL,4,3,OT,HOME
2023020351,2023-11-30,20232024,CGY,DAL,4,3,OT,HOME
2023020352,2023-11-30,20232024,ANA,WSH,4,5,REG,AWAY
2023020353,2023-11-30,20232024,VAN,VGK,1,4,REG,AWAY
2023020354,2023-12-01,20232024,CBJ,OTT,4,2,REG,HOME
2023020355,2023-12-01,20232024,NJD,SJS,3,6,REG,AWAY
2023020356,2023-12-02,20232024,DAL,TBL,8,1,REG,HOME
2023020357,2023-12-02,20232024,WPG,CHI,3,1,REG,HOME
2023020358,2023-12-02,20232024,NSH,NYR,3,4,REG,AWAY
2023020359,2023-12-02,20232024,FLA,NYI,3,4,REG,AWAY
2023020360,2023-12-02,20232024,CAR,BUF,6,2,REG,HOME
2023020361,2023-12-02,20232024,MTL,DET,4,5,OT,AWAY
2023020362,2023-12-02,20232024,OTT,SEA,2,0,REG,HOME
2023020363,2023-12-02,20232024,PIT,PHI,3,4,SO,AWAY
2023020364,2023-12-02,20232024,TOR,BOS,3,4,OT,AWAY
2023020365,2023-12-02,20232024,ARI,STL,4,1,REG,HOME
2023020366,2023-12-02,20232024,ANA,COL,4,3,SO,HOME
2023020367,2023-12-02,20232024,CGY,VAN,3,4,REG,AWAY
2023020368,2023-12-02,20232024,VGK,WSH,4,1,REG,HOME
2023020369,2023-12-03,20232024,MIN,CHI,4,1,REG,HOME
2023020370,2023-12-03,20232024,NYR,SJS,6,5,REG,HOME
2023020371,2023-12-03,20232024,BOS,CBJ,3,1,REG,HOME
2023020372,2023-12-03,20232024,BUF,NSH,1,2,REG,AWAY
2023020373,2023-12-03,20232024,LAK,COL,4,1,REG,HOME
2023020374,2023-12-04,20232024,PHI,PIT,2,1,OT,HOME
2023020375,2023-12-04,20232024,TBL,DAL,4,0,REG,HOME
2023020376,2023-12-04,20232024,MTL,SEA,4,2,REG,HOME
2023020377,2023-12-04,20232024,WPG,CAR,2,1,REG,HOME
2023020378,2023-12-04,20232024,ARI,WSH,6,0,REG,HOME
2023020379,2023-12-04,20232024,VGK,STL,1,2,OT,AWAY
2023020381,2023-12-05,20232024,CBJ,LAK,3,4,OT,AWAY
2023020382,2023-12-05,20232024,OTT,NYR,6,2,REG,HOME
2023020380,2023-12-05,20232024,BUF,DET,3,5,REG,AWAY
2023020383,2023-12-05,20232024,NYI,SJS,4,5,OT,AWAY
2023020384,2023-12-05,20232024,CHI,NSH,3,4,SO,AWAY
2023020385,2023-12-05,20232024,CGY,MIN,2,5,REG,AWAY
2023020386,2023-12-05,20232024,COL,ANA,3,2,REG,HOME
2023020387,2023-12-05,20232024,VAN,NJD,5,6,REG,AWAY
2023020388,2023-12-06,20232024,FLA,DAL,5,4,REG,HOME
2023020389,2023-12-06,20232024,TBL,PIT,3,1,REG,HOME
2023020390,2023-12-06,20232024,STL,VGK,3,6,REG,AWAY
2023020391,2023-12-06,20232024,EDM,CAR,6,1,REG,HOME
2023020392,2023-12-07,20232024,BOS,BUF,1,3,REG,AWAY
2023020393,2023-12-07,20232024,DET,SJS,5,6,OT,AWAY
2023020394,2023-12-07,20232024,MTL,LAK,0,4,REG,AWAY
2023020395,2023-12-07,20232024,OTT,TOR,3,4,REG,AWAY
2023020397,2023-12-07,20232024,NYI,CBJ,7,3,REG,HOME
2023020396,2023-12-07,20232024,WSH,DAL,4,5,SO,AWAY
2023020398,2023-12-07,20232024,NSH,TBL,5,1,REG,HOME
2023020399,2023-12-07,20232024,CHI,ANA,1,0,REG,HOME
2023020400,2023-12-07,20232024,ARI,PHI,1,4,REG,AWAY
2023020401,2023-12-07,20232024,CGY,CAR,3,2,REG,HOME
2023020402,2023-12-07,20232024,COL,WPG,2,4,REG,AWAY
2023020404,2023-12-07,20232024,VAN,MIN,2,0,REG,HOME
2023020403,2023-12-07,20232024,SEA,NJD,1,2,REG,AWAY
2023020405,2023-12-08,20232024,CBJ,STL,5,2,REG,HOME
2023020406,2023-12-08,20232024,FLA,PIT,3,1,REG,HOME
2023020407,2023-12-08,20232024,EDM,MIN,4,3,REG,HOME
2023020408,2023-12-09,20232024,BOS,ARI,5,3,REG,HOME
2023020409,2023-12-09,20232024,CGY,NJD,2,4,REG,AWAY
2023020410,2023-12-09,20232024,DAL,VGK,1,6,REG,AWAY
2023020411,2023-12-09,20232024,BUF,MTL,2,3,SO,AWAY
2023020412,2023-12-09,20232024,DET,OTT,1,5,REG,AWAY
2023020413,2023-12-09,20232024,TOR,NSH,4,0,REG,HOME
2023020414,2023-12-09,20232024,WSH,NYR,4,0,REG,HOME
2023020415,2023-12-09,20232024,NYI,LAK,3,2,OT,HOME
2023020416,2023-12-09,20232024,CHI,STL,3,1,REG,HOME
2023020417,2023-12-09,20232024,COL,PHI,2,5,REG,AWAY
2023020418,2023-12-09,20232024,SEA,TBL,3,4,OT,AWAY
2023020419,2023-12-09,20232024,VAN,CAR,4,3,REG,HOME
2023020420,2023-12-10,20232024,CBJ,FLA,2,5,REG,AWAY
2023020421,2023-12-10,20232024,EDM,NJD,4,1,REG,HOME
2023020422,2023-12-10,20232024,CHI,WSH,2,4,REG,AWAY
2023020423,2023-12-10,20232024,MTL,NSH,1,2,REG,AWAY
2023020424,2023-12-10,20232024,NYR,LAK,4,1,REG,HOME
2023020425,2023-12-10,20232024,ANA,WPG,2,4,REG,AWAY
2023020426,2023-12-10,20232024,SEA,MIN,0,3,REG,AWAY
2023020427,2023-12-10,20232024,VGK,SJS,5,4,SO,HOME
2023020428,2023-12-11,20232024,BUF,ARI,5,2,REG,HOME
2023020429,2023-12-11,20232024,NYI,TOR,4,3,OT,HOME
2023020430,2023-12-11,20232024,DAL,DET,6,3,REG,HOME
2023020431,2023-12-11,20232024,COL,CGY,6,5,REG,HOME
2023020432,2023-12-12,20232024,NYR,TOR,3,7,REG,AWAY
2023020433,2023-12-12,20232024,OTT,CAR,1,4,REG,AWAY
2023020434,2023-12-12,20232024,PIT,ARI,4,2,REG,HOME
2023020436,2023-12-12,20232024,STL,DET,4,6,REG,AWAY
2023020435,2023-12-12,20232024,NSH,PHI,3,2,OT,HOME
2023020437,2023-12-12,20232024,EDM,CHI,4,1,REG,HOME
2023020438,2023-12-12,20232024,SEA,FLA,4,0,REG,HOME
2023020439,2023-12-12,20232024,VAN,TBL,4,1,REG,HOME
2023020440,2023-12-12,20232024,VGK,CGY,5,4,OT,HOME
2023020441,2023-12-12,20232024,SJS,WPG,2,1,REG,HOME
2023020442,2023-12-13,20232024,MTL,PIT,3,4,SO,AWAY
2023020443,2023-12-13,20232024,NJD,BOS,2,1,OT,HOME
2023020444,2023-12-13,20232024,NYI,ANA,4,3,REG,HOME
2023020445,2023-12-13,20232024,COL,BUF,5,1,REG,HOME
2023020446,2023-12-13,20232024,LAK,WPG,2,5,REG,AWAY
2023020448,2023-12-14,20232024,PHI,WSH,4,3,SO,HOME
2023020449,2023-12-14,20232024,TOR,CBJ,5,6,OT,AWAY
2023020447,2023-12-14,20232024,DET,CAR,1,2,REG,AWAY
2023020450,2023-12-14,20232024,MIN,CGY,3,2,SO,HOME
2023020451,2023-12-14,20232024,STL,OTT,4,2,REG,HOME
2023020452,2023-12-14,20232024,EDM,TBL,4,7,REG,AWAY
2023020453,2023-12-14,20232024,SEA,CHI,7,1,REG,HOME
2023020454,2023-12-14,20232024,VAN,FLA,4,0,REG,HOME
2023020456,2023-12-15,20232024,NYR,ANA,5,1,REG,HOME
2023020455,2023-12-15,20232024,CAR,NSH,5,6,OT,AWAY
2023020457,2023-12-15,20232024,NYI,BOS,4,5,SO,AWAY
2023020458,2023-12-15,20232024,DAL,OTT,5,4,REG,HOME
2023020459,2023-12-15,20232024,ARI,SJS,1,0,REG,HOME
2023020460,2023-12-15,20232024,VGK,BUF,2,5,REG,AWAY
2023020461,2023-12-16,20232024,MIN,VAN,2,1,SO,HOME
2023020462,2023-12-16,20232024,BOS,NYR,1,2,OT,AWAY
2023020463,2023-12-16,20232024,CBJ,NJD,3,6,REG,AWAY
2023020464,2023-12-16,20232024,MTL,NYI,5,3,REG,HOME
2023020465,2023-12-16,20232024,PHI,DET,1,0,REG,HOME
2023020466,2023-12-16,20232024,TOR,PIT,7,0,REG,HOME
2023020467,2023-12-16,20232024,WPG,COL,6,2,REG,HOME
2023020468,2023-12-16,20232024,NSH,WSH,3,1,REG,HOME
2023020469,2023-12-16,20232024,STL,DAL,4,3,OT,HOME
2023020470,2023-12-16,20232024,ARI,BUF,2,0,REG,HOME
2023020471,2023-12-16,20232024,CGY,TBL,4,2,REG,HOME
2023020472,2023-12-16,20232024,EDM,FLA,1,5,REG,AWAY
2023020473,2023-12-16,20232024,SEA,LAK,2,3,SO,AWAY
2023020474,2023-12-17,20232024,CHI,VAN,3,4,REG,AWAY
2023020475,2023-12-17,20232024,CAR,WSH,1,2,SO,AWAY
2023020476,2023-12-17,20232024,NJD,ANA,1,5,REG,AWAY
2023020477,2023-12-17,20232024,COL,SJS,6,2,REG,HOME
2023020478,2023-12-17,20232024,VGK,OTT,6,3,REG,HOME
2023020479,2023-12-18,20232024,DET,ANA,3,4,REG,AWAY
2023020480,2023-12-18,20232024,PIT,MIN,4,3,REG,HOME
2023020481,2023-12-18,20232024,WPG,MTL,2,3,OT,AWAY
2023020482,2023-12-18,20232024,DAL,SEA,4,3,OT,HOME
2023020483,2023-12-18,20232024,CGY,FLA,3,1,REG,HOME
2023020484,2023-12-19,20232024,BOS,MIN,3,4,OT,AWAY
2023020485,2023-12-19,20232024,BUF,CBJ,4,9,REG,AWAY
2023020486,2023-12-19,20232024,CAR,VGK,6,3,REG,HOME
2023020487,2023-12-19,20232024,NJD,PHI,2,3,OT,AWAY
2023020488,2023-12-19,20232024,TBL,STL,6,1,REG,HOME
2023020489,2023-12-19,20232024,TOR,NYR,2,5,REG,AWAY
2023020490,2023-12-19,20232024,NYI,EDM,3,1,REG,HOME
2023020491,2023-12-19,20232024,NSH,VAN,2,5,REG,AWAY
2023020492,2023-12-19,20232024,CHI,COL,3,2,REG,HOME
2023020493,2023-12-19,20232024,ARI,OTT,4,3,REG,HOME
2023020494,2023-12-19,20232024,SJS,LAK,1,4,REG,AWAY
2023020495,2023-12-20,20232024,WPG,DET,5,2,REG,HOME
2023020496,2023-12-20,20232024,WSH,NYI,3,2,OT,HOME
2023020497,2023-12-20,20232024,LAK,SEA,1,2,REG,AWAY
2023020498,2023-12-21,20232024,BUF,TOR,9,3,REG,HOME
2023020499,2023-12-21,20232024,CBJ,WSH,2,3,OT,AWAY
2023020500,2023-12-21,20232024,FLA,STL,1,4,REG,AWAY
2023020502,2023-12-21,20232024,PHI,NSH,2,4,REG,AWAY
2023020503,2023-12-21,20232024,PIT,CAR,2,1,SO,HOME
2023020504,2023-12-21,20232024,TBL,VGK,5,4,REG,HOME
2023020501,2023-12-21,20232024,NJD,EDM,3,6,REG,AWAY
2023020505,2023-12-21,20232024,DAL,VAN,4,3,OT,HOME
2023020506,2023-12-21,20232024,MIN,MTL,4,3,OT,HOME
2023020507,2023-12-21,20232024,COL,OTT,6,4,REG,HOME
2023020508,2023-12-21,20232024,ANA,CGY,0,3,REG,AWAY
2023020509,2023-12-21,20232024,SJS,ARI,2,5,REG,AWAY
2023020510,2023-12-22,20232024,DET,PHI,7,6,SO,HOME
2023020511,2023-12-22,20232024,NYR,EDM,3,4,REG,AWAY
2023020512,2023-12-22,20232024,WPG,BOS,5,1,REG,HOME
2023020513,2023-12-22,20232024,CHI,MTL,2,5,REG,AWAY
2023020515,2023-12-23,20232024,NSH,DAL,2,3,REG,AWAY
2023020514,2023-12-23,20232024,FLA,VGK,4,2,REG,HOME
2023020517,2023-12-23,20232024,CBJ,TOR,1,4,REG,AWAY
2023020518,2023-12-23,20232024,MIN,BOS,3,2,REG,HOME
2023020519,2023-12-23,20232024,NJD,DET,3,2,REG,HOME
2023020520,2023-12-23,20232024,OTT,PIT,5,4,OT,HOME
2023020521,2023-12-23,20232024,WSH,TBL,1,2,SO,AWAY
2023020516,2023-12-23,20232024,CAR,NYI,4,5,REG,AWAY
2023020522,2023-12-23,20232024,NYR,BUF,4,3,OT,HOME
2023020523,2023-12-23,20232024,ANA,SEA,2,3,REG,AWAY
2023020524,2023-12-23,20232024,STL,CHI,7,5,REG,HOME
2023020525,2023-12-23,20232024,COL,ARI,4,1,REG,HOME
2023020526,2023-12-23,20232024,LAK,CGY,5,3,REG,HOME
2023020527,2023-12-23,20232024,VAN,SJS,7,4,REG,HOME
2023020528,2023-12-27,20232024,NJD,CBJ,4,3,OT,HOME
2023020529,2023-12-27,20232024,NYR,WSH,5,1,REG,HOME
2023020530,2023-12-27,20232024,TBL,FLA,2,3,REG,AWAY
2023020531,2023-12-27,20232024,TOR,OTT,2,4,REG,AWAY
2023020532,2023-12-27,20232024,BUF,BOS,1,4,REG,AWAY
2023020533,2023-12-27,20232024,NYI,PIT,0,7,REG,AWAY
2023020534,2023-12-27,20232024,MIN,DET,6,3,REG,HOME
2023020535,2023-12-27,20232024,NSH,CAR,2,5,REG,AWAY
2023020536,2023-12-27,20232024,STL,DAL,2,1,REG,HOME
2023020537,2023-12-27,20232024,ARI,COL,5,4,OT,HOME
2023020538,2023-12-27,20232024,CHI,WPG,2,1,OT,HOME
2023020539,2023-12-27,20232024,CGY,SEA,1,2,REG,AWAY
2023020540,2023-12-27,20232024,ANA,VGK,5,2,REG,HOME
2023020541,2023-12-27,20232024,LAK,SJS,5,1,REG,HOME
2023020542,2023-12-28,20232024,CAR,MTL,5,3,REG,HOME
2023020543,2023-12-28,20232024,VAN,PHI,1,4,REG,AWAY
2023020544,2023-12-28,20232024,VGK,LAK,3,2,REG,HOME
2023020545,2023-12-28,20232024,SJS,EDM,0,5,REG,AWAY
2023020546,2023-12-29,20232024,CBJ,TOR,6,5,OT,HOME
2023020547,2023-12-29,20232024,DET,NSH,5,4,OT,HOME
2023020548,2023-12-29,20232024,FLA,NYR,4,3,REG,HOME
2023020549,2023-12-29,20232024,OTT,NJD,2,6,REG,AWAY
2023020550,2023-12-29,20232024,NYI,WSH,5,1,REG,HOME
2023020551,2023-12-29,20232024,DAL,CHI,5,4,OT,HOME
2023020552,2023-12-29,20232024,STL,COL,1,2,REG,AWAY
2023020553,2023-12-29,20232024,ANA,ARI,0,2,REG,AWAY
2023020554,2023-12-29,20232024,SEA,PHI,2,1,OT,HOME
2023020555,2023-12-30,20232024,WPG,MIN,4,2,REG,HOME
2023020556,2023-12-30,20232024,BUF,CBJ,3,2,OT,HOME
2023020557,2023-12-30,20232024,BOS,NJD,5,2,REG,HOME
2023020558,2023-12-30,20232024,FLA,MTL,4,1,REG,HOME
2023020559,2023-12-30,20232024,PIT,STL,4,2,REG,HOME
2023020560,2023-12-30,20232024,TBL,NYR,1,5,REG,AWAY
2023020561,2023-12-30,20232024,TOR,CAR,2,3,REG,AWAY
2023020562,2023-12-30,20232024,WSH,NSH,2,3,SO,AWAY
2023020563,2023-12-30,20232024,LAK,EDM,2,3,SO,AWAY
2023020564,2023-12-31,20232024,MIN,WPG,2,3,REG,AWAY
2023020565,2023-12-31,20232024,DET,BOS,3,5,REG,AWAY
2023020566,2023-12-31,20232024,OTT,BUF,5,1,REG,HOME
2023020567,2023-12-31,20232024,PIT,NYI,3,1,REG,HOME
2023020568,2023-12-31,20232024,TBL,MTL,4,3,REG,HOME
2023020569,2023-12-31,20232024,ANA,EDM,2,7,REG,AWAY
2023020570,2023-12-31,20232024,CGY,PHI,4,3,REG,HOME
2023020571,2023-12-31,20232024,COL,SJS,3,1,REG,HOME
2023020572,2023-12-31,20232024,DAL,CHI,8,1,REG,HOME
2023020573,2024-01-01,20232024,SEA,VGK,3,0,REG,HOME
2023020574,2024-01-02,20232024,CBJ,BOS,1,4,REG,AWAY
2023020575,2024-01-02,20232024,NYR,CAR,1,6,REG,AWAY
2023020576,2024-01-02,20232024,PIT,WSH,3,4,REG,AWAY
2023020577,2024-01-02,20232024,DAL,MTL,3,4,REG,AWAY
2023020578,2024-01-02,20232024,MIN,CGY,1,3,REG,AWAY
2023020579,2024-01-02,20232024,NSH,CHI,3,0,REG,HOME
2023020580,2024-01-02,20232024,WPG,TBL,4,2,REG,HOME
2023020581,2024-01-02,20232024,ARI,FLA,1,4,REG,AWAY
2023020582,2024-01-02,20232024,COL,NYI,5,4,OT,HOME
2023020583,2024-01-02,20232024,EDM,PHI,5,2,REG,HOME
2023020584,2024-01-02,20232024,VAN,OTT,6,3,REG,HOME
2023020585,2024-01-02,20232024,LAK,TOR,0,3,REG,AWAY
2023020586,2024-01-02,20232024,SJS,DET,3,5,REG,AWAY
2023020587,2024-01-03,20232024,WSH,NJD,3,6,REG,AWAY
2023020588,2024-01-03,20232024,ANA,TOR,1,2,OT,AWAY
2023020589,2024-01-04,20232024,BOS,PIT,5,6,REG,AWAY
2023020590,2024-01-04,20232024,MTL,BUF,1,6,REG,AWAY
2023020591,2024-01-04,20232024,NYR,CHI,4,1,REG,HOME
2023020592,2024-01-04,20232024,PHI,CBJ,2,3,SO,AWAY
2023020593,2024-01-04,20232024,DAL,COL,4,5,OT,AWAY
2023020594,2024-01-04,20232024,MIN,TBL,1,4,REG,AWAY
2023020595,2024-01-04,20232024,NSH,CGY,3,6,REG,AWAY
2023020596,2024-01-04,20232024,STL,VAN,2,1,REG,HOME
2023020597,2024-01-04,20232024,ARI,NYI,1,5,REG,AWAY
2023020598,2024-01-04,20232024,SEA,OTT,4,1,REG,HOME
2023020599,2024-01-04,20232024,VGK,FLA,1,4,REG,AWAY
2023020600,2024-01-04,20232024,LAK,DET,3,4,SO,AWAY
2023020601,2024-01-04,20232024,SJS,WPG,1,2,REG,AWAY
2023020602,2024-01-05,20232024,NJD,CHI,4,2,REG,HOME
2023020603,2024-01-05,20232024,WSH,CAR,2,6,REG,AWAY
2023020604,2024-01-05,20232024,ANA,WPG,1,3,REG,AWAY
2023020605,2024-01-06,20232024,PHI,CGY,3,2,REG,HOME
2023020606,2024-01-06,20232024,COL,FLA,4,8,REG,AWAY
2023020607,2024-01-06,20232024,BOS,TBL,7,3,REG,HOME
2023020609,2024-01-06,20232024,CBJ,MIN,3,4,OT,AWAY
2023020610,2024-01-06,20232024,MTL,NYR,4,3,SO,HOME
2023020611,2024-01-06,20232024,NJD,VAN,4,6,REG,AWAY
2023020612,2024-01-06,20232024,PIT,BUF,1,3,REG,AWAY
2023020613,2024-01-06,20232024,SJS,TOR,1,4,REG,AWAY
2023020608,2024-01-06,20232024,CAR,STL,1,2,SO,AWAY
2023020614,2024-01-06,20232024,DAL,NSH,3,4,REG,AWAY
2023020615,2024-01-06,20232024,EDM,OTT,3,1,REG,HOME
2023020616,2024-01-06,20232024,VGK,NYI,5,2,REG,HOME
2023020617,2024-01-07,20232024,CHI,CGY,4,3,REG,HOME
2023020618,2024-01-07,20232024,WSH,LAK,4,3,REG,HOME
2023020619,2024-01-07,20232024,ARI,WPG,2,6,REG,AWAY
2023020620,2024-01-07,20232024,ANA,DET,2,3,REG,AWAY
2023020621,2024-01-08,20232024,NYR,VAN,3,6,REG,AWAY
2023020622,2024-01-08,20232024,PHI,PIT,1,4,REG,AWAY
2023020623,2024-01-08,20232024,MIN,DAL,0,4,REG,AWAY
2023020624,2024-01-08,20232024,COL,BOS,4,3,SO,HOME
2023020625,2024-01-09,20232024,BUF,SEA,2,5,REG,AWAY
2023020626,2024-01-09,20232024,TBL,LAK,3,2,OT,HOME
2023020627,2024-01-09,20232024,TOR,SJS,7,1,REG,HOME
2023020628,2024-01-09,20232024,NYI,VAN,2,5,REG,AWAY
2023020629,2024-01-09,20232024,NSH,ANA,3,5,REG,AWAY
2023020630,2024-01-09,20232024,STL,FLA,1,5,REG,AWAY
2023020631,2024-01-09,20232024,WPG,CBJ,5,0,REG,HOME
2023020632,2024-01-09,20232024,CHI,EDM,1,2,REG,AWAY
2023020633,2024-01-09,20232024,ARI,BOS,4,3,OT,HOME
2023020634,2024-01-09,20232024,CGY,OTT,6,3,REG,HOME
2023020635,2024-01-10,20232024,PHI,MTL,3,2,SO,HOME
2023020636,2024-01-10,20232024,DAL,MIN,7,2,REG,HOME
2023020637,2024-01-10,20232024,COL,VGK,3,0,REG,HOME
2023020638,2024-01-11,20232024,BUF,OTT,5,3,REG,HOME
2023020639,2024-01-11,20232024,CAR,ANA,6,3,REG,HOME
2023020640,2024-01-11,20232024,DET,EDM,2,3,OT,AWAY
2023020641,2024-01-11,20232024,FLA,LAK,3,2,OT,HOME
2023020642,2024-01-11,20232024,MTL,SJS,2,3,REG,AWAY
2023020643,2024-01-11,20232024,PIT,VAN,3,4,OT,AWAY
2023020644,2024-01-11,20232024,TBL,NJD,4,3,OT,HOME
2023020645,2024-01-11,20232024,WSH,SEA,1,4,REG,AWAY
2023020646,2024-01-11,20232024,NYI,TOR,4,3,OT,HOME
2023020647,2024-01-11,20232024,STL,NYR,5,2,REG,HOME
2023020648,2024-01-11,20232024,WPG,CHI,2,1,REG,HOME
2023020649,2024-01-11,20232024,ARI,CGY,2,6,REG,AWAY
2023020650,2024-01-11,20232024,VGK,BOS,2,1,OT,HOME
2023020651,2024-01-12,20232024,DAL,NSH,3,6,REG,AWAY
2023020652,2024-01-12,20232024,MIN,PHI,3,4,OT,AWAY
2023020653,2024-01-13,20232024,WSH,NYR,3,2,REG,HOME
2023020654,2024-01-13,20232024,BUF,VAN,0,1,REG,AWAY
2023020655,2024-01-13,20232024,OTT,SJS,5,4,REG,HOME
2023020656,2024-01-13,20232024,FLA,NJD,1,4,REG,AWAY
2023020657,2024-01-13,20232024,CAR,PIT,3,2,OT,HOME
2023020658,2024-01-13,20232024,CBJ,SEA,4,7,REG,AWAY
2023020659,2024-01-13,20232024,DET,LAK,5,3,REG,HOME
2023020660,2024-01-13,20232024,MTL,EDM,1,2,OT,AWAY
2023020661,2024-01-13,20232024,TBL,ANA,5,1,REG,HOME
2023020662,2024-01-13,20232024,TOR,COL,3,5,REG,AWAY
2023020663,2024-01-13,20232024,WPG,PHI,0,2,REG,AWAY
2023020664,2024-01-13,20232024,CHI,DAL,1,3,REG,AWAY
2023020665,2024-01-13,20232024,MIN,ARI,0,6,REG,AWAY
2023020666,2024-01-13,20232024,NSH,NYI,3,1,REG,HOME
2023020667,2024-01-13,20232024,STL,BOS,3,4,OT,AWAY
2023020668,2024-01-13,20232024,VGK,CGY,1,3,REG,AWAY
2023020669,2024-01-14,20232024,NYR,WSH,2,1,REG,HOME
2023020670,2024-01-14,20232024,TOR,DET,2,4,REG,AWAY
2023020672,2024-01-15,20232024,BUF,SJS,3,0,REG,HOME
2023020671,2024-01-15,20232024,BOS,NJD,3,0,REG,HOME
2023020673,2024-01-15,20232024,CBJ,VAN,4,3,SO,HOME
2023020674,2024-01-15,20232024,FLA,ANA,4,5,OT,AWAY
2023020677,2024-01-15,20232024,PIT,SEA,3,0,REG,HOME
2023020675,2024-01-15,20232024,CAR,LAK,2,5,REG,AWAY
2023020676,2024-01-15,20232024,MIN,NYI,5,0,REG,HOME
2023020680,2024-01-15,20232024,VGK,NSH,4,1,REG,HOME
2023020678,2024-01-15,20232024,MTL,COL,4,3,REG,HOME
2023020679,2024-01-15,20232024,STL,PHI,2,4,REG,AWAY
2023020681,2024-01-16,20232024,NYR,SEA,5,2,REG,HOME
2023020682,2024-01-16,20232024,OTT,COL,4,7,REG,AWAY
2023020683,2024-01-16,20232024,WSH,ANA,2,0,REG,HOME
2023020684,2024-01-16,20232024,DAL,LAK,5,1,REG,HOME
2023020685,2024-01-16,20232024,WPG,NYI,4,2,REG,HOME
2023020686,2024-01-16,20232024,CHI,SJS,2,1,SO,HOME
2023020687,2024-01-16,20232024,CGY,ARI,3,2,OT,HOME
2023020688,2024-01-16,20232024,EDM,TOR,4,2,REG,HOME
2023020689,2024-01-17,20232024,FLA,DET,2,3,OT,AWAY
2023020690,2024-01-17,20232024,NJD,MTL,2,3,REG,AWAY
2023020691,2024-01-18,20232024,BUF,CHI,3,0,REG,HOME
2023020692,2024-01-18,20232024,BOS,COL,5,2,REG,HOME
2023020693,2024-01-18,20232024,OTT,MTL,6,2,REG,HOME
2023020694,2024-01-18,20232024,PHI,DAL,5,1,REG,HOME
2023020695,2024-01-18,20232024,TBL,MIN,7,3,REG,HOME
2023020696,2024-01-18,20232024,WSH,STL,5,2,REG,HOME
2023020697,2024-01-18,20232024,CGY,TOR,3,4,REG,AWAY
2023020698,2024-01-18,20232024,EDM,SEA,4,2,REG,HOME
2023020699,2024-01-18,20232024,LAK,NSH,1,2,REG,AWAY
2023020700,2024-01-18,20232024,VAN,ARI,2,1,REG,HOME
2023020701,2024-01-18,20232024,VGK,NYR,5,1,REG,HOME
2023020702,2024-01-19,20232024,CAR,DET,4,2,REG,HOME
2023020703,2024-01-19,20232024,CBJ,NJD,1,4,REG,AWAY
2023020704,2024-01-19,20232024,FLA,MIN,4,6,REG,AWAY
2023020705,2024-01-19,20232024,CHI,NYI,4,3,OT,HOME
2023020706,2024-01-20,20232024,BUF,TBL,1,3,REG,AWAY
2023020707,2024-01-20,20232024,PHI,COL,4,7,REG,AWAY
2023020708,2024-01-20,20232024,ARI,NSH,3,2,REG,HOME
2023020709,2024-01-20,20232024,OTT,WPG,1,2,OT,AWAY
2023020710,2024-01-20,20232024,BOS,MTL,9,4,REG,HOME
2023020711,2024-01-20,20232024,NJD,DAL,2,6,REG,AWAY
2023020712,2024-01-20,20232024,VAN,TOR,6,4,REG,HOME
2023020713,2024-01-20,20232024,STL,WSH,3,0,REG,HOME
2023020714,2024-01-20,20232024,CGY,EDM,1,3,REG,AWAY
2023020715,2024-01-20,20232024,SJS,ANA,5,3,REG,HOME
2023020716,2024-01-20,20232024,VGK,PIT,3,2,REG,HOME
2023020717,2024-01-20,20232024,LAK,NYR,2,1,REG,HOME
2023020718,2024-01-21,20232024,PHI,OTT,3,5,REG,AWAY
2023020719,2024-01-21,20232024,CAR,MIN,2,5,REG,AWAY
2023020720,2024-01-21,20232024,DET,TBL,2,1,REG,HOME
2023020721,2024-01-21,20232024,NYI,DAL,3,2,OT,HOME
2023020722,2024-01-21,20232024,ANA,NYR,2,5,REG,AWAY
2023020723,2024-01-21,20232024,SEA,TOR,1,3,REG,AWAY
2023020724,2024-01-22,20232024,BOS,WPG,4,1,REG,HOME
2023020725,2024-01-22,20232024,NJD,VGK,6,5,OT,HOME
2023020726,2024-01-22,20232024,NSH,FLA,1,4,REG,AWAY
2023020727,2024-01-22,20232024,ARI,PIT,5,2,REG,HOME
2023020728,2024-01-22,20232024,VAN,CHI,2,0,REG,HOME
2023020729,2024-01-22,20232024,LAK,SJS,3,4,SO,AWAY
2023020730,2024-01-23,20232024,DET,DAL,4,5,REG,AWAY
2023020731,2024-01-23,20232024,MTL,OTT,1,4,REG,AWAY
2023020732,2024-01-23,20232024,PHI,TBL,3,6,REG,AWAY
2023020733,2024-01-23,20232024,NYI,VGK,2,3,REG,AWAY
2023020734,2024-01-23,20232024,MIN,WSH,5,3,REG,HOME
2023020735,2024-01-23,20232024,CGY,STL,3,4,REG,AWAY
2023020736,2024-01-23,20232024,EDM,CBJ,4,1,REG,HOME
2023020737,2024-01-23,20232024,ANA,BUF,4,2,REG,HOME
2023020738,2024-01-23,20232024,SJS,NYR,3,2,OT,HOME
2023020739,2024-01-24,20232024,FLA,ARI,6,2,REG,HOME
2023020740,2024-01-24,20232024,TOR,WPG,1,0,OT,HOME
2023020741,2024-01-24,20232024,BOS,CAR,2,3,REG,AWAY
2023020742,2024-01-24,20232024,COL,WSH,6,2,REG,HOME
2023020743,2024-01-24,20232024,SEA,CHI,6,2,REG,HOME
2023020744,2024-01-24,20232024,VAN,STL,3,4,OT,AWAY
2023020745,2024-01-24,20232024,LAK,BUF,3,5,REG,AWAY
2023020747,2024-01-25,20232024,DET,PHI,3,0,REG,HOME
2023020748,2024-01-25,20232024,MTL,NYI,4,3,REG,HOME
2023020749,2024-01-25,20232024,OTT,BOS,2,3,OT,AWAY
2023020750,2024-01-25,20232024,TBL,ARI,6,3,REG,HOME
2023020746,2024-01-25,20232024,CAR,NJD,3,2,REG,HOME
2023020751,2024-01-25,20232024,DAL,ANA,4,3,OT,HOME
2023020752,2024-01-25,20232024,MIN,NSH,2,3,REG,AWAY
2023020753,2024-01-25,20232024,CGY,CBJ,2,5,REG,AWAY
2023020754,2024-01-25,20232024,EDM,CHI,3,0,REG,HOME
2023020755,2024-01-26,20232024,NYR,VGK,2,5,REG,AWAY
2023020756,2024-01-26,20232024,PIT,FLA,2,3,SO,AWAY
2023020757,2024-01-26,20232024,COL,LAK,5,1,REG,HOME
2023020758,2024-01-26,20232024,SEA,STL,3,4,OT,AWAY
2023020759,2024-01-27,20232024,PHI,BOS,2,6,REG,AWAY
2023020760,2024-01-27,20232024,DAL,WSH,5,4,OT,HOME
2023020761,2024-01-27,20232024,EDM,NSH,4,1,REG,HOME
2023020762,2024-01-27,20232024,SJS,BUF,2,5,REG,AWAY
2023020763,2024-01-27,20232024,CAR,ARI,3,1,REG,HOME
2023020765,2024-01-27,20232024,OTT,NYR,2,7,REG,AWAY
2023020766,2024-01-27,20232024,PIT,MTL,3,2,OT,HOME
2023020767,2024-01-27,20232024,TBL,NJD,6,3,REG,HOME
2023020768,2024-01-27,20232024,WPG,TOR,2,4,REG,AWAY
2023020769,2024-01-27,20232024,NYI,FLA,2,3,OT,AWAY
2023020764,2024-01-27,20232024,DET,VGK,5,2,REG,HOME
2023020770,2024-01-27,20232024,MIN,ANA,2,3,REG,AWAY
2023020771,2024-01-27,20232024,CGY,CHI,1,0,REG,HOME
2023020772,2024-01-27,20232024,VAN,CBJ,5,4,OT,HOME
2023020773,2024-01-28,20232024,STL,LAK,4,3,OT,HOME
2023020774,2024-01-28,20232024,SEA,CBJ,4,2,REG,HOME
2023020775,2024-01-29,20232024,OTT,NSH,4,3,OT,HOME
2023020776,2024-01-30,20232024,STL,CBJ,0,1,REG,AWAY
2023020777,2024-01-30,20232024,SJS,SEA,2,0,REG,HOME
2023020778,2024-01-31,20232024,DET,OTT,2,3,OT,AWAY
2023020779,2024-01-31,20232024,NSH,LAK,2,4,REG,AWAY
2023020780,2024-01-31,20232024,ANA,SJS,3,2,OT,HOME
2023020781,2024-02-05,20232024,NYR,COL,2,1,OT,HOME
2023020782,2024-02-05,20232024,TOR,NYI,2,3,REG,AWAY
2023020783,2024-02-06,20232024,BOS,CGY,1,4,REG,AWAY
2023020784,2024-02-06,20232024,BUF,DAL,1,2,REG,AWAY
2023020785,2024-02-06,20232024,CAR,VAN,2,3,REG,AWAY
2023020786,2024-02-06,20232024,FLA,PHI,1,2,REG,AWAY
2023020788,2024-02-06,20232024,PIT,WPG,3,0,REG,HOME
2023020789,2024-02-06,20232024,WSH,MTL,2,5,REG,AWAY
2023020787,2024-02-06,20232024,NJD,COL,5,3,REG,HOME
2023020790,2024-02-06,20232024,VGK,EDM,3,1,REG,HOME
2023020791,2024-02-07,20232024,NYR,TBL,3,1,REG,HOME
2023020792,2024-02-07,20232024,TOR,DAL,5,4,REG,HOME
2023020793,2024-02-07,20232024,CHI,MIN,1,2,REG,AWAY
2023020794,2024-02-08,20232024,BOS,VAN,4,0,REG,HOME
2023020795,2024-02-08,20232024,FLA,WSH,4,2,REG,HOME
2023020796,2024-02-08,20232024,NJD,CGY,3,5,REG,AWAY
2023020797,2024-02-08,20232024,PHI,WPG,4,1,REG,HOME
2023020799,2024-02-08,20232024,CAR,COL,5,2,REG,HOME
2023020798,2024-02-08,20232024,NYI,TBL,6,2,REG,HOME
2023020800,2024-02-08,20232024,ARI,VGK,2,3,REG,AWAY
2023020801,2024-02-09,20232024,MIN,PIT,3,2,REG,HOME
2023020802,2024-02-09,20232024,CHI,NYR,3,4,OT,AWAY
2023020803,2024-02-09,20232024,ANA,EDM,3,5,REG,AWAY
2023020804,2024-02-10,20232024,BUF,STL,1,3,REG,AWAY
2023020805,2024-02-10,20232024,DET,VAN,4,3,OT,HOME
2023020806,2024-02-10,20232024,MTL,DAL,2,3,REG,AWAY
2023020807,2024-02-10,20232024,NYI,CGY,2,5,REG,AWAY
2023020808,2024-02-10,20232024,BOS,WSH,0,3,REG,AWAY
2023020809,2024-02-10,20232024,FLA,COL,4,0,REG,HOME
2023020810,2024-02-10,20232024,CAR,NJD,1,0,OT,HOME
2023020811,2024-02-10,20232024,CBJ,TBL,2,4,REG,AWAY
2023020812,2024-02-10,20232024,OTT,TOR,5,3,REG,HOME
2023020813,2024-02-10,20232024,PHI,SEA,3,2,REG,HOME
2023020814,2024-02-10,20232024,WPG,PIT,2,1,REG,HOME
2023020815,2024-02-10,20232024,NSH,ARI,5,4,OT,HOME
2023020816,2024-02-10,20232024,LAK,EDM,4,0,REG,HOME
2023020817,2024-02-11,20232024,MTL,STL,2,7,REG,AWAY
2023020818,2024-02-11,20232024,WSH,VAN,2,3,OT,AWAY
2023020819,2024-02-12,20232024,NJD,SEA,3,1,REG,HOME
2023020820,2024-02-12,20232024,NYR,CGY,2,0,REG,HOME
2023020821,2024-02-12,20232024,PHI,ARI,5,3,REG,HOME
2023020822,2024-02-12,20232024,VGK,MIN,3,5,REG,AWAY
2023020823,2024-02-13,20232024,BOS,TBL,2,3,SO,AWAY
2023020824,2024-02-13,20232024,BUF,LAK,7,0,REG,HOME
2023020825,2024-02-13,20232024,MTL,ANA,5,0,REG,HOME
2023020826,2024-02-13,20232024,OTT,CBJ,6,3,REG,HOME
2023020827,2024-02-13,20232024,TOR,STL,4,1,REG,HOME
2023020828,2024-02-13,20232024,WSH,COL,3,6,REG,AWAY
2023020829,2024-02-13,20232024,NYI,SEA,1,2,SO,AWAY
2023020830,2024-02-13,20232024,DAL,CAR,4,2,REG,HOME
2023020831,2024-02-13,20232024,NSH,NJD,2,4,REG,AWAY
2023020832,2024-02-13,20232024,CHI,VAN,2,4,REG,AWAY
2023020833,2024-02-13,20232024,EDM,DET,8,4,REG,HOME
2023020834,2024-02-14,20232024,PIT,FLA,2,5,REG,AWAY
2023020835,2024-02-14,20232024,WPG,SJS,1,0,REG,HOME
2023020836,2024-02-14,20232024,ARI,MIN,1,3,REG,AWAY
2023020837,2024-02-15,20232024,BOS,SEA,1,4,REG,AWAY
2023020838,2024-02-15,20232024,BUF,FLA,0,4,REG,AWAY
2023020839,2024-02-15,20232024,NJD,LAK,1,2,REG,AWAY
2023020840,2024-02-15,20232024,NYR,MTL,7,4,REG,HOME
2023020841,2024-02-15,20232024,OTT,ANA,1,5,REG,AWAY
2023020842,2024-02-15,20232024,TBL,COL,6,3,REG,HOME
2023020843,2024-02-15,20232024,TOR,PHI,4,3,OT,HOME
2023020844,2024-02-15,20232024,STL,EDM,6,3,REG,HOME
2023020847,2024-02-15,20232024,NSH,DAL,2,9,REG,AWAY
2023020845,2024-02-15,20232024,CHI,PIT,1,4,REG,AWAY
2023020846,2024-02-15,20232024,CGY,SJS,3,6,REG,AWAY
2023020848,2024-02-15,20232024,VAN,DET,4,1,REG,HOME
2023020849,2024-02-16,20232024,ARI,CAR,1,5,REG,AWAY
2023020853,2024-02-17,20232024,BOS,LAK,4,5,OT,AWAY
2023020850,2024-02-17,20232024,DAL,EDM,3,4,OT,AWAY
2023020851,2024-02-17,20232024,CHI,OTT,3,2,REG,HOME
2023020852,2024-02-17,20232024,CGY,DET,0,5,REG,AWAY
2023020854,2024-02-17,20232024,MIN,BUF,2,3,OT,AWAY
2023020855,2024-02-17,20232024,STL,NSH,2,5,REG,AWAY
2023020856,2024-02-17,20232024,TBL,FLA,2,9,REG,AWAY
2023020857,2024-02-17,20232024,MTL,WSH,3,4,REG,AWAY
2023020858,2024-02-17,20232024,TOR,ANA,9,2,REG,HOME
2023020859,2024-02-17,20232024,NJD,PHI,6,3,REG,HOME
2023020860,2024-02-17,20232024,VAN,WPG,2,4,REG,AWAY
2023020861,2024-02-17,20232024,SJS,CBJ,3,4,REG,AWAY
2023020862,2024-02-17,20232024,VGK,CAR,1,3,REG,AWAY
2023020863,2024-02-18,20232024,NYI,NYR,5,6,OT,AWAY
2023020864,2024-02-18,20232024,COL,ARI,4,3,REG,HOME
2023020865,2024-02-18,20232024,PIT,LAK,1,2,REG,AWAY
2023020866,2024-02-19,20232024,BUF,ANA,3,4,REG,AWAY
2023020867,2024-02-19,20232024,BOS,DAL,4,3,SO,HOME
2023020868,2024-02-19,20232024,STL,TOR,2,4,REG,AWAY
2023020869,2024-02-19,20232024,MIN,VAN,10,7,REG,HOME
2023020870,2024-02-19,20232024,SEA,DET,3,4,OT,AWAY
2023020871,2024-02-19,20232024,ARI,EDM,3,6,REG,AWAY
2023020872,2024-02-19,20232024,CGY,WPG,6,3,REG,HOME
2023020873,2024-02-19,20232024,SJS,VGK,0,4,REG,AWAY
2023020874,2024-02-19,20232024,CAR,CHI,6,3,REG,HOME
2023020875,2024-02-19,20232024,TBL,OTT,2,4,REG,AWAY
2023020876,2024-02-20,20232024,FLA,OTT,3,2,OT,HOME
2023020877,2024-02-20,20232024,NYR,DAL,3,1,REG,HOME
2023020878,2024-02-20,20232024,PIT,NYI,4,5,OT,AWAY
2023020879,2024-02-20,20232024,WSH,NJD,6,2,REG,HOME
2023020880,2024-02-20,20232024,WPG,MIN,6,3,REG,HOME
2023020881,2024-02-20,20232024,COL,VAN,3,1,REG,HOME
2023020882,2024-02-20,20232024,VGK,NSH,3,5,REG,AWAY
2023020883,2024-02-20,20232024,LAK,CBJ,5,1,REG,HOME
2023020884,2024-02-21,20232024,MTL,BUF,2,3,REG,AWAY
2023020885,2024-02-21,20232024,CHI,PHI,1,3,REG,AWAY
2023020886,2024-02-21,20232024,ANA,CBJ,4,7,REG,AWAY
2023020887,2024-02-21,20232024,ARI,TOR,3,6,REG,AWAY
2023020888,2024-02-21,20232024,EDM,BOS,5,6,OT,AWAY
2023020889,2024-02-22,20232024,CAR,FLA,1,0,REG,HOME
2023020890,2024-02-22,20232024,DET,COL,2,1,OT,HOME
2023020891,2024-02-22,20232024,NJD,NYR,1,5,REG,AWAY
2023020892,2024-02-22,20232024,OTT,DAL,4,1,REG,HOME
2023020893,2024-02-22,20232024,PIT,MTL,4,1,REG,HOME
2023020894,2024-02-22,20232024,TBL,WSH,3,5,REG,AWAY
2023020895,2024-02-22,20232024,STL,NYI,4,0,REG,HOME
2023020896,2024-02-22,20232024,CGY,BOS,3,2,OT,HOME
2023020897,2024-02-22,20232024,SEA,VAN,5,2,REG,HOME
2023020898,2024-02-22,20232024,VGK,TOR,3,7,REG,AWAY
2023020899,2024-02-22,20232024,LAK,NSH,1,4,REG,AWAY
2023020900,2024-02-23,20232024,CBJ,BUF,1,2,REG,AWAY
2023020901,2024-02-23,20232024,CHI,WPG,2,3,OT,AWAY
2023020902,2024-02-23,20232024,EDM,MIN,2,4,REG,AWAY
2023020909,2024-02-24,20232024,DET,STL,6,1,REG,HOME
2023020903,2024-02-24,20232024,NJD,MTL,4,3,REG,HOME
2023020904,2024-02-24,20232024,NYI,TBL,2,4,REG,AWAY
2023020905,2024-02-24,20232024,PHI,NYR,1,2,REG,AWAY
2023020906,2024-02-24,20232024,FLA,WSH,3,2,OT,HOME
2023020908,2024-02-24,20232024,COL,TOR,3,4,REG,AWAY
2023020910,2024-02-24,20232024,OTT,VGK,4,3,SO,HOME
2023020911,2024-02-24,20232024,VAN,BOS,3,2,OT,HOME
2023020907,2024-02-24,20232024,CAR,DAL,1,2,REG,AWAY
2023020912,2024-02-24,20232024,EDM,CGY,3,6,REG,AWAY
2023020913,2024-02-24,20232024,SEA,MIN,2,5,REG,AWAY
2023020914,2024-02-24,20232024,SJS,NSH,2,4,REG,AWAY
2023020915,2024-02-24,20232024,LAK,ANA,3,2,SO,HOME
2023020916,2024-02-25,20232024,NJD,TBL,1,4,REG,AWAY
2023020917,2024-02-25,20232024,PIT,PHI,7,6,REG,HOME
2023020918,2024-02-25,20232024,BUF,CAR,3,2,SO,HOME
2023020919,2024-02-25,20232024,CBJ,NYR,4,2,REG,HOME
2023020920,2024-02-25,20232024,CHI,DET,2,3,OT,AWAY
2023020921,2024-02-25,20232024,WPG,ARI,4,3,OT,HOME
2023020922,2024-02-25,20232024,ANA,NSH,2,4,REG,AWAY
2023020923,2024-02-26,20232024,WSH,OTT,6,3,REG,HOME
2023020924,2024-02-26,20232024,DAL,NYI,2,3,OT,AWAY
2023020925,2024-02-26,20232024,EDM,LAK,4,2,REG,HOME
2023020926,2024-02-26,20232024,SEA,BOS,4,3,SO,HOME
2023020927,2024-02-27,20232024,DET,WSH,8,3,REG,HOME
2023020928,2024-02-27,20232024,FLA,BUF,3,2,REG,HOME
2023020929,2024-02-27,20232024,MTL,ARI,4,2,REG,HOME
2023020930,2024-02-27,20232024,PHI,TBL,6,2,REG,HOME
2023020931,2024-02-27,20232024,TOR,VGK,2,6,REG,AWAY
2023020932,2024-02-27,20232024,MIN,CAR,2,3,REG,AWAY
2023020933,2024-02-27,20232024,NSH,OTT,4,1,REG,HOME
2023020934,2024-02-27,20232024,WPG,STL,4,2,REG,HOME
2023020935,2024-02-27,20232024,CGY,LAK,4,2,REG,HOME
2023020936,2024-02-27,20232024,COL,DAL,5,1,REG,HOME
2023020937,2024-02-27,20232024,VAN,PIT,3,4,OT,AWAY
2023020938,2024-02-27,20232024,SJS,NJD,2,7,REG,AWAY
2023020939,2024-02-28,20232024,NYR,CBJ,4,1,REG,HOME
2023020940,2024-02-28,20232024,EDM,STL,3,2,OT,HOME
2023020941,2024-02-29,20232024,BOS,VGK,5,4,REG,HOME
2023020942,2024-02-29,20232024,CBJ,CAR,2,4,REG,AWAY
2023020943,2024-02-29,20232024,DET,NYI,3,5,REG,AWAY
2023020944,2024-02-29,20232024,FLA,MTL,4,3,SO,HOME
2023020945,2024-02-29,20232024,TBL,BUF,2,3,OT,AWAY
2023020946,2024-02-29,20232024,TOR,ARI,4,2,REG,HOME
2023020947,2024-02-29,20232024,DAL,WPG,4,1,REG,HOME
2023020948,2024-02-29,20232024,NSH,MIN,6,1,REG,HOME
2023020949,2024-02-29,20232024,CHI,COL,0,5,REG,AWAY
2023020950,2024-02-29,20232024,SEA,PIT,2,0,REG,HOME
2023020951,2024-02-29,20232024,VAN,LAK,1,5,REG,AWAY
2023020952,2024-02-29,20232024,SJS,ANA,4,6,REG,AWAY
2023020953,2024-03-01,20232024,OTT,ARI,3,5,REG,AWAY
2023020954,2024-03-01,20232024,WSH,PHI,5,2,REG,HOME
2023020955,2024-03-01,20232024,ANA,NJD,4,3,REG,HOME
2023020956,2024-03-02,20232024,CAR,WPG,3,5,REG,AWAY
2023020961,2024-03-02,20232024,DET,FLA,0,4,REG,AWAY
2023020958,2024-03-02,20232024,SEA,EDM,1,2,REG,AWAY
2023020959,2024-03-02,20232024,NSH,COL,5,1,REG,HOME
2023020967,2024-03-02,20232024,STL,MIN,3,1,REG,HOME
2023020960,2024-03-02,20232024,BUF,VGK,7,2,REG,HOME
2023020962,2024-03-02,20232024,PHI,OTT,4,2,REG,HOME
2023020963,2024-03-02,20232024,TBL,MTL,4,3,SO,HOME
2023020964,2024-03-02,20232024,TOR,NYR,4,3,SO,HOME
2023020957,2024-03-02,20232024,NYI,BOS,5,1,REG,HOME
2023020965,2024-03-02,20232024,CHI,CBJ,2,5,REG,AWAY
2023020966,2024-03-02,20232024,DAL,SJS,3,2,SO,HOME
2023020968,2024-03-02,20232024,CGY,PIT,4,3,REG,HOME
2023020969,2024-03-03,20232024,WSH,ARI,2,5,REG,AWAY
2023020970,2024-03-03,20232024,LAK,NJD,5,1,REG,HOME
2023020971,2024-03-03,20232024,BUF,WPG,2,5,REG,AWAY
2023020972,2024-03-03,20232024,MIN,SJS,4,3,REG,HOME
2023020973,2024-03-03,20232024,ANA,VAN,1,2,REG,AWAY
2023020974,2024-03-03,20232024,EDM,PIT,6,1,REG,HOME
2023020975,2024-03-04,20232024,CBJ,VGK,6,3,REG,HOME
2023020976,2024-03-04,20232024,NYR,FLA,2,4,REG,AWAY
2023020977,2024-03-04,20232024,PHI,STL,1,2,SO,AWAY
2023020978,2024-03-04,20232024,TOR,BOS,1,4,REG,AWAY
2023020979,2024-03-04,20232024,COL,CHI,5,0,REG,HOME
2023020980,2024-03-04,20232024,CGY,SEA,2,4,REG,AWAY
2023020982,2024-03-05,20232024,NJD,FLA,3,5,REG,AWAY
2023020983,2024-03-05,20232024,PIT,CBJ,5,3,REG,HOME
2023020981,2024-03-05,20232024,BOS,EDM,1,2,OT,AWAY
2023020984,2024-03-05,20232024,NYI,STL,4,2,REG,HOME
2023020985,2024-03-05,20232024,NSH,MTL,3,4,OT,AWAY
2023020986,2024-03-05,20232024,WPG,SEA,3,4,REG,AWAY
2023020987,2024-03-05,20232024,ARI,CHI,2,5,REG,AWAY
2023020988,2024-03-05,20232024,LAK,VAN,1,2,OT,AWAY
2023020989,2024-03-05,20232024,SJS,DAL,6,7,OT,AWAY
2023020990,2024-03-06,20232024,TOR,BUF,2,1,OT,HOME
2023020991,2024-03-06,20232024,COL,DET,7,2,REG,HOME
2023020992,2024-03-06,20232024,ANA,OTT,2,1,REG,HOME
2023020993,2024-03-07,20232024,BOS,TOR,4,1,REG,HOME
2023020994,2024-03-07,20232024,CAR,MTL,4,1,REG,HOME
2023020995,2024-03-07,20232024,CBJ,EDM,4,2,REG,HOME
2023020996,2024-03-07,20232024,FLA,PHI,1,2,REG,AWAY
2023020997,2024-03-07,20232024,NJD,STL,4,1,REG,HOME
2023020998,2024-03-07,20232024,PIT,WSH,0,6,REG,AWAY
2023020999,2024-03-07,20232024,TBL,CGY,3,6,REG,AWAY
2023021000,2024-03-07,20232024,NSH,BUF,4,2,REG,HOME
2023021001,2024-03-07,20232024,ARI,MIN,2,5,REG,AWAY
2023021002,2024-03-07,20232024,VGK,VAN,1,3,REG,AWAY
2023021003,2024-03-07,20232024,LAK,OTT,4,3,OT,HOME
2023021004,2024-03-07,20232024,SJS,NYI,2,7,REG,AWAY
2023021005,2024-03-08,20232024,ARI,DET,4,0,REG,HOME
2023021006,2024-03-08,20232024,COL,MIN,2,1,OT,HOME
2023021007,2024-03-08,20232024,ANA,DAL,2,6,REG,AWAY
2023021008,2024-03-08,20232024,SEA,WPG,0,3,REG,AWAY
2023021009,2024-03-09,20232024,BUF,EDM,3,2,SO,HOME
2023021010,2024-03-09,20232024,CBJ,NSH,1,2,REG,AWAY
2023021011,2024-03-09,20232024,NJD,CAR,2,4,REG,AWAY
2023021012,2024-03-09,20232024,BOS,PIT,5,1,REG,HOME
2023021013,2024-03-09,20232024,FLA,CGY,5,1,REG,HOME
2023021014,2024-03-09,20232024,MTL,TOR,2,3,REG,AWAY
2023021015,2024-03-09,20232024,SJS,OTT,2,1,REG,HOME
2023021016,2024-03-09,20232024,TBL,PHI,7,0,REG,HOME
2023021017,2024-03-09,20232024,WSH,CHI,4,1,REG,HOME
2023021018,2024-03-09,20232024,NYR,STL,4,0,REG,HOME
2023021019,2024-03-09,20232024,VAN,WPG,5,0,REG,HOME
2023021020,2024-03-09,20232024,VGK,DET,5,3,REG,HOME
2023021021,2024-03-09,20232024,LAK,DAL,1,4,REG,AWAY
2023021022,2024-03-10,20232024,PIT,EDM,0,4,REG,AWAY
2023021023,2024-03-10,20232024,MIN,NSH,4,3,OT,HOME
2023021024,2024-03-10,20232024,CAR,CGY,7,2,REG,HOME
2023021025,2024-03-10,20232024,CHI,ARI,7,4,REG,HOME
2023021026,2024-03-10,20232024,ANA,NYI,1,6,REG,AWAY
2023021027,2024-03-11,20232024,BOS,STL,1,5,REG,AWAY
2023021028,2024-03-11,20232024,NYR,NJD,3,1,REG,HOME
2023021029,2024-03-11,20232024,WPG,WSH,3,0,REG,HOME
2023021030,2024-03-11,20232024,LAK,NYI,3,0,REG,HOME
2023021031,2024-03-12,20232024,BUF,DET,7,3,REG,HOME
2023021032,2024-03-12,20232024,CAR,NYR,0,1,REG,AWAY
2023021033,2024-03-12,20232024,MTL,CBJ,3,0,REG,HOME
2023021034,2024-03-12,20232024,OTT,PIT,2,1,OT,HOME
2023021035,2024-03-12,20232024,PHI,SJS,3,2,REG,HOME
2023021036,2024-03-12,20232024,DAL,FLA,3,4,REG,AWAY
2023021037,2024-03-12,20232024,MIN,ARI,4,1,REG,HOME
2023021038,2024-03-12,20232024,CHI,ANA,7,2,REG,HOME
2023021039,2024-03-12,20232024,CGY,COL,2,6,REG,AWAY
2023021040,2024-03-12,20232024,SEA,VGK,4,5,OT,AWAY
2023021041,2024-03-13,20232024,STL,LAK,3,1,REG,HOME
2023021042,2024-03-13,20232024,WPG,NSH,2,4,REG,AWAY
2023021043,2024-03-13,20232024,EDM,WSH,7,2,REG,HOME
2023021044,2024-03-13,20232024,VAN,COL,3,4,OT,AWAY
2023021045,2024-03-14,20232024,BUF,NYI,4,0,REG,HOME
2023021046,2024-03-14,20232024,CAR,FLA,4,0,REG,HOME
2023021047,2024-03-14,20232024,CBJ,OTT,2,3,SO,AWAY
2023021048,2024-03-14,20232024,DET,ARI,1,4,REG,AWAY
2023021049,2024-03-14,20232024,MTL,BOS,1,2,OT,AWAY
2023021051,2024-03-14,20232024,PIT,SJS,6,3,REG,HOME
2023021052,2024-03-14,20232024,TBL,NYR,6,3,REG,HOME
2023021050,2024-03-14,20232024,PHI,TOR,2,6,REG,AWAY
2023021053,2024-03-14,20232024,DAL,NJD,2,6,REG,AWAY
2023021054,2024-03-14,20232024,MIN,ANA,2,0,REG,HOME
2023021055,2024-03-14,20232024,CGY,VGK,4,1,REG,HOME
2023021056,2024-03-14,20232024,SEA,WSH,1,2,REG,AWAY
2023021057,2024-03-15,20232024,WPG,ANA,6,0,REG,HOME
2023021058,2024-03-15,20232024,CHI,LAK,0,5,REG,AWAY
2023021059,2024-03-16,20232024,DET,BUF,4,1,REG,HOME
2023021060,2024-03-16,20232024,NYI,OTT,3,4,OT,AWAY
2023021061,2024-03-16,20232024,PIT,NYR,4,7,REG,AWAY
2023021062,2024-03-16,20232024,ARI,NJD,4,1,REG,HOME
2023021063,2024-03-16,20232024,FLA,TBL,3,5,REG,AWAY
2023021064,2024-03-16,20232024,BOS,PHI,6,5,REG,HOME
2023021065,2024-03-16,20232024,CBJ,SJS,4,2,REG,HOME
2023021066,2024-03-16,20232024,CGY,MTL,5,2,REG,HOME
2023021067,2024-03-16,20232024,TOR,CAR,4,5,SO,AWAY
2023021068,2024-03-16,20232024,DAL,LAK,4,1,REG,HOME
2023021069,2024-03-16,20232024,STL,MIN,3,2,SO,HOME
2023021070,2024-03-16,20232024,EDM,COL,2,3,OT,AWAY
2023021071,2024-03-16,20232024,SEA,NSH,1,4,REG,AWAY
2023021072,2024-03-16,20232024,VAN,WSH,1,2,REG,AWAY
2023021073,2024-03-17,20232024,NYR,NYI,5,2,REG,HOME
2023021074,2024-03-17,20232024,VGK,NJD,3,1,REG,HOME
2023021075,2024-03-17,20232024,CBJ,WPG,1,6,REG,AWAY
2023021076,2024-03-17,20232024,CHI,SJS,5,2,REG,HOME
2023021077,2024-03-17,20232024,OTT,CAR,2,7,REG,AWAY
2023021078,2024-03-17,20232024,PIT,DET,6,3,REG,HOME
2023021079,2024-03-17,20232024,STL,ANA,4,2,REG,HOME
2023021080,2024-03-18,20232024,CGY,WSH,2,5,REG,AWAY
2023021081,2024-03-18,20232024,SEA,BUF,2,6,REG,AWAY
2023021082,2024-03-19,20232024,BOS,OTT,6,2,REG,HOME
2023021083,2024-03-19,20232024,DET,CBJ,4,3,OT,HOME
2023021084,2024-03-19,20232024,NJD,PIT,5,2,REG,HOME
2023021085,2024-03-19,20232024,NYR,WPG,2,4,REG,AWAY
2023021086,2024-03-19,20232024,PHI,TOR,4,3,REG,HOME
2023021087,2024-03-19,20232024,NYI,CAR,1,4,REG,AWAY
2023021088,2024-03-19,20232024,NSH,SJS,8,2,REG,HOME
2023021089,2024-03-19,20232024,STL,COL,3,4,REG,AWAY
2023021090,2024-03-19,20232024,EDM,MTL,3,2,OT,HOME
2023021091,2024-03-19,20232024,ANA,MIN,0,4,REG,AWAY
2023021092,2024-03-19,20232024,LAK,CHI,6,2,REG,HOME
2023021093,2024-03-19,20232024,VAN,BUF,3,2,REG,HOME
2023021094,2024-03-19,20232024,VGK,TBL,3,5,REG,AWAY
2023021095,2024-03-20,20232024,WSH,TOR,3,7,REG,AWAY
2023021096,2024-03-20,20232024,DAL,ARI,5,2,REG,HOME
2023021097,2024-03-20,20232024,LAK,MIN,6,0,REG,HOME
2023021098,2024-03-21,20232024,BOS,NYR,2,5,REG,AWAY
2023021099,2024-03-21,20232024,CAR,PHI,3,2,OT,HOME
2023021100,2024-03-21,20232024,DET,NYI,6,3,REG,HOME
2023021102,2024-03-21,20232024,NJD,WPG,4,1,REG,HOME
2023021103,2024-03-21,20232024,OTT,STL,2,5,REG,AWAY
2023021101,2024-03-21,20232024,FLA,NSH,0,3,REG,AWAY
2023021104,2024-03-21,20232024,EDM,BUF,8,3,REG,HOME
2023021105,2024-03-21,20232024,ANA,CHI,4,0,REG,HOME
2023021106,2024-03-21,20232024,VAN,MTL,4,1,REG,HOME
2023021107,2024-03-21,20232024,VGK,SEA,3,1,REG,HOME
2023021108,2024-03-21,20232024,SJS,TBL,1,4,REG,AWAY
2023021109,2024-03-22,20232024,WSH,CAR,7,6,SO,HOME
2023021110,2024-03-22,20232024,DAL,PIT,4,2,REG,HOME
2023021111,2024-03-22,20232024,COL,CBJ,6,1,REG,HOME
2023021112,2024-03-22,20232024,ARI,SEA,2,1,OT,HOME
2023021113,2024-03-23,20232024,NYI,WPG,6,3,REG,HOME
2023021114,2024-03-23,20232024,PHI,BOS,3,2,REG,HOME
2023021115,2024-03-23,20232024,MIN,STL,4,5,OT,AWAY
2023021116,2024-03-23,20232024,NSH,DET,1,0,REG,HOME
2023021117,2024-03-23,20232024,NJD,OTT,2,5,REG,AWAY
2023021118,2024-03-23,20232024,TOR,EDM,6,3,REG,HOME
2023021119,2024-03-23,20232024,NYR,FLA,4,3,SO,HOME
2023021120,2024-03-23,20232024,VAN,CGY,4,2,REG,HOME
2023021121,2024-03-23,20232024,LAK,TBL,4,3,OT,HOME
2023021122,2024-03-23,20232024,SJS,CHI,4,5,OT,AWAY
2023021123,2024-03-23,20232024,VGK,CBJ,4,2,REG,HOME
2023021124,2024-03-24,20232024,WSH,WPG,3,0,REG,HOME
2023021125,2024-03-24,20232024,COL,PIT,5,4,OT,HOME
2023021126,2024-03-24,20232024,NYI,NJD,0,4,REG,AWAY
2023021127,2024-03-24,20232024,CAR,TOR,2,1,REG,HOME
2023021128,2024-03-24,20232024,OTT,EDM,5,3,REG,HOME
2023021129,2024-03-24,20232024,PHI,FLA,1,4,REG,AWAY
2023021130,2024-03-24,20232024,ARI,DAL,2,4,REG,AWAY
2023021131,2024-03-24,20232024,ANA,TBL,2,3,OT,AWAY
2023021132,2024-03-24,20232024,CGY,BUF,1,4,REG,AWAY
2023021133,2024-03-24,20232024,SEA,MTL,1,5,REG,AWAY
2023021134,2024-03-25,20232024,STL,VGK,1,2,OT,AWAY
2023021135,2024-03-25,20232024,VAN,LAK,2,3,REG,AWAY
2023021136,2024-03-26,20232024,FLA,BOS,3,4,REG,AWAY
2023021137,2024-03-26,20232024,NYR,PHI,6,5,OT,HOME
2023021138,2024-03-26,20232024,PIT,CAR,4,1,REG,HOME
2023021140,2024-03-26,20232024,WSH,DET,4,3,OT,HOME
2023021139,2024-03-26,20232024,TOR,NJD,3,6,REG,AWAY
2023021141,2024-03-26,20232024,NSH,VGK,5,4,OT,HOME
2023021142,2024-03-26,20232024,WPG,EDM,3,4,OT,AWAY
2023021143,2024-03-26,20232024,CHI,CGY,3,1,REG,HOME
2023021144,2024-03-26,20232024,COL,MTL,1,2,REG,AWAY
2023021145,2024-03-26,20232024,ARI,CBJ,6,2,REG,HOME
2023021146,2024-03-26,20232024,SEA,ANA,4,0,REG,HOME
2023021147,2024-03-26,20232024,SJS,DAL,3,6,REG,AWAY
2023021148,2024-03-27,20232024,BUF,OTT,2,6,REG,AWAY
2023021149,2024-03-27,20232024,TBL,BOS,3,1,REG,HOME
2023021151,2024-03-28,20232024,FLA,NYI,2,3,REG,AWAY
2023021152,2024-03-28,20232024,MTL,PHI,4,1,REG,HOME
2023021153,2024-03-28,20232024,OTT,CHI,2,0,REG,HOME
2023021154,2024-03-28,20232024,PIT,CBJ,3,2,REG,HOME
2023021155,2024-03-28,20232024,TOR,WSH,5,1,REG,HOME
2023021150,2024-03-28,20232024,CAR,DET,4,0,REG,HOME
2023021156,2024-03-28,20232024,MIN,SJS,3,1,REG,HOME
2023021157,2024-03-28,20232024,STL,CGY,5,3,REG,HOME
2023021158,2024-03-28,20232024,WPG,VGK,1,4,REG,AWAY
2023021159,2024-03-28,20232024,COL,NYR,2,3,SO,AWAY
2023021160,2024-03-28,20232024,EDM,LAK,4,1,REG,HOME
2023021161,2024-03-28,20232024,ARI,NSH,8,4,REG,HOME
2023021162,2024-03-28,20232024,SEA,ANA,4,2,REG,HOME
2023021163,2024-03-28,20232024,VAN,DAL,1,3,REG,AWAY
2023021164,2024-03-29,20232024,BUF,NJD,5,2,REG,HOME
2023021165,2024-03-30,20232024,FLA,DET,3,2,SO,HOME
2023021166,2024-03-30,20232024,MIN,VGK,1,2,OT,AWAY
2023021167,2024-03-30,20232024,EDM,ANA,6,1,REG,HOME
2023021168,2024-03-30,20232024,ARI,NYR,5,8,REG,AWAY
2023021169,2024-03-30,20232024,COL,NSH,7,4,REG,HOME
2023021170,2024-03-30,20232024,BUF,TOR,0,3,REG,AWAY
2023021171,2024-03-30,20232024,CBJ,PIT,4,3,SO,HOME
2023021172,2024-03-30,20232024,MTL,CAR,0,3,REG,AWAY
2023021173,2024-03-30,20232024,PHI,CHI,1,5,REG,AWAY
2023021174,2024-03-30,20232024,TBL,NYI,4,1,REG,HOME
2023021175,2024-03-30,20232024,WPG,OTT,2,3,REG,AWAY
2023021176,2024-03-30,20232024,WSH,BOS,2,3,SO,AWAY
2023021177,2024-03-30,20232024,STL,SJS,0,4,REG,AWAY
2023021178,2024-03-30,20232024,CGY,LAK,4,2,REG,HOME
2023021179,2024-03-30,20232024,SEA,DAL,0,3,REG,AWAY
2023021180,2024-03-31,20232024,VAN,ANA,3,2,REG,HOME
2023021181,2024-04-01,20232024,CBJ,COL,4,1,REG,HOME
2023021182,2024-04-01,20232024,NYR,PIT,2,5,REG,AWAY
2023021183,2024-04-01,20232024,PHI,NYI,3,4,OT,AWAY
2023021184,2024-04-01,20232024,TBL,DET,2,4,REG,AWAY
2023021185,2024-04-01,20232024,TOR,FLA,6,4,REG,HOME
2023021186,2024-04-01,20232024,STL,EDM,3,2,OT,HOME
2023021187,2024-04-01,20232024,WPG,LAK,4,3,REG,HOME
2023021188,2024-04-01,20232024,SJS,SEA,2,4,REG,AWAY
2023021189,2024-04-02,20232024,BUF,WSH,6,2,REG,HOME
2023021190,2024-04-02,20232024,MTL,FLA,5,3,REG,HOME
2023021191,2024-04-02,20232024,NJD,PIT,3,6,REG,AWAY
2023021192,2024-04-02,20232024,NYI,CHI,2,1,REG,HOME
2023021193,2024-04-02,20232024,MIN,OTT,3,2,REG,HOME
2023021194,2024-04-02,20232024,NSH,BOS,0,3,REG,AWAY
2023021195,2024-04-02,20232024,CGY,ANA,3,5,REG,AWAY
2023021196,2024-04-02,20232024,VGK,VAN,6,3,REG,HOME
2023021197,2024-04-03,20232024,TOR,TBL,1,4,REG,AWAY
2023021198,2024-04-03,20232024,NYR,NJD,4,3,REG,HOME
2023021199,2024-04-03,20232024,DAL,EDM,5,0,REG,HOME
2023021201,2024-04-03,20232024,LAK,SEA,5,2,REG,HOME
2023021200,2024-04-03,20232024,ARI,VAN,1,2,REG,AWAY
2023021202,2024-04-04,20232024,CAR,BOS,1,4,REG,AWAY
2023021203,2024-04-04,20232024,CBJ,NYI,2,4,REG,AWAY
2023021204,2024-04-04,20232024,MTL,TBL,4,7,REG,AWAY
2023021205,2024-04-04,20232024,OTT,FLA,0,6,REG,AWAY
2023021206,2024-04-04,20232024,WSH,PIT,1,4,REG,AWAY
2023021207,2024-04-04,20232024,MIN,COL,2,5,REG,AWAY
2023021208,2024-04-04,20232024,NSH,STL,6,3,REG,HOME
2023021209,2024-04-04,20232024,WPG,CGY,5,2,REG,HOME
2023021210,2024-04-04,20232024,SJS,LAK,1,2,REG,AWAY
2023021211,2024-04-05,20232024,BUF,PHI,4,2,REG,HOME
2023021212,2024-04-05,20232024,CAR,WSH,4,2,REG,HOME
2023021213,2024-04-05,20232024,DET,NYR,3,4,REG,AWAY
2023021214,2024-04-05,20232024,EDM,COL,6,2,REG,HOME
2023021215,2024-04-05,20232024,ANA,SEA,1,3,REG,AWAY
2023021216,2024-04-05,20232024,ARI,VGK,7,4,REG,HOME
2023021217,2024-04-06,20232024,PIT,TBL,5,4,REG,HOME
2023021218,2024-04-06,20232024,BOS,FLA,3,2,OT,HOME
2023021220,2024-04-06,20232024,CHI,DAL,3,2,REG,HOME
2023021219,2024-04-06,20232024,MIN,WPG,2,4,REG,AWAY
2023021221,2024-04-06,20232024,SJS,STL,3,2,OT,HOME
2023021222,2024-04-06,20232024,CBJ,PHI,6,2,REG,HOME
2023021223,2024-04-06,20232024,MTL,TOR,2,4,REG,AWAY
2023021224,2024-04-06,20232024,OTT,NJD,3,4,REG,AWAY
2023021225,2024-04-06,20232024,NYI,NSH,2,0,REG,HOME
2023021226,2024-04-06,20232024,CGY,EDM,2,4,REG,AWAY
2023021227,2024-04-06,20232024,LAK,VAN,6,3,REG,HOME
2023021228,2024-04-07,20232024,DET,BUF,3,1,REG,HOME
2023021229,2024-04-07,20232024,CHI,MIN,0,4,REG,AWAY
2023021230,2024-04-07,20232024,CAR,CBJ,3,0,REG,HOME
2023021231,2024-04-07,20232024,SJS,ARI,2,5,REG,AWAY
2023021232,2024-04-07,20232024,WSH,OTT,2,3,OT,AWAY
2023021233,2024-04-07,20232024,NJD,NSH,2,3,SO,AWAY
2023021234,2024-04-07,20232024,NYR,MTL,5,2,REG,HOME
2023021235,2024-04-07,20232024,ANA,STL,5,6,SO,AWAY
2023021236,2024-04-07,20232024,COL,DAL,4,7,REG,AWAY
2023021237,2024-04-08,20232024,TOR,PIT,3,2,OT,HOME
2023021238,2024-04-08,20232024,VAN,VGK,4,3,REG,HOME
2023021239,2024-04-09,20232024,BOS,CAR,1,4,REG,AWAY
2023021240,2024-04-09,20232024,DET,WSH,1,2,REG,AWAY
2023021241,2024-04-09,20232024,FLA,OTT,2,0,REG,HOME
2023021242,2024-04-09,20232024,MTL,PHI,9,3,REG,HOME
2023021243,2024-04-09,20232024,NJD,TOR,2,5,REG,AWAY
2023021244,2024-04-09,20232024,NYI,NYR,4,2,REG,HOME
2023021245,2024-04-09,20232024,TBL,CBJ,5,2,REG,HOME
2023021246,2024-04-09,20232024,DAL,BUF,3,2,REG,HOME
2023021247,2024-04-09,20232024,NSH,WPG,3,4,OT,AWAY
2023021248,2024-04-09,20232024,COL,MIN,5,2,REG,HOME
2023021249,2024-04-09,20232024,ANA,LAK,3,1,REG,HOME
2023021250,2024-04-09,20232024,SEA,ARI,5,0,REG,HOME
2023021251,2024-04-09,20232024,SJS,CGY,2,3,OT,AWAY
2023021252,2024-04-10,20232024,STL,CHI,5,2,REG,HOME
2023021253,2024-04-10,20232024,EDM,VGK,5,1,REG,HOME
2023021254,2024-04-10,20232024,VAN,ARI,3,4,OT,AWAY
2023021255,2024-04-11,20232024,BUF,WSH,4,2,REG,HOME
2023021256,2024-04-11,20232024,FLA,CBJ,4,0,REG,HOME
2023021257,2024-04-11,20232024,NYR,PHI,1,4,REG,AWAY
2023021258,2024-04-11,20232024,PIT,DET,6,5,OT,HOME
2023021259,2024-04-11,20232024,TBL,OTT,2,3,SO,AWAY
2023021260,2024-04-11,20232024,TOR,NJD,5,6,REG,AWAY
2023021261,2024-04-11,20232024,NYI,MTL,3,2,OT,HOME
2023021262,2024-04-11,20232024,DAL,WPG,0,3,REG,AWAY
2023021263,2024-04-11,20232024,SEA,SJS,1,3,REG,AWAY
2023021264,2024-04-11,20232024,LAK,CGY,4,1,REG,HOME
2023021265,2024-04-12,20232024,STL,CAR,2,5,REG,AWAY
2023021266,2024-04-12,20232024,CHI,NSH,1,5,REG,AWAY
2023021267,2024-04-12,20232024,EDM,ARI,2,3,OT,AWAY
2023021268,2024-04-12,20232024,ANA,CGY,3,6,REG,AWAY
2023021269,2024-04-12,20232024,VGK,MIN,7,2,REG,HOME
2023021270,2024-04-13,20232024,NYR,NYI,3,2,SO,HOME
2023021271,2024-04-13,20232024,DAL,SEA,3,1,REG,HOME
2023021272,2024-04-13,20232024,COL,WPG,0,7,REG,AWAY
2023021273,2024-04-13,20232024,FLA,BUF,3,2,OT,HOME
2023021274,2024-04-13,20232024,PHI,NJD,1,0,REG,HOME
2023021275,2024-04-13,20232024,WSH,TBL,4,2,REG,HOME
2023021276,2024-04-13,20232024,OTT,MTL,5,4,SO,HOME
2023021277,2024-04-13,20232024,TOR,DET,4,5,OT,AWAY
2023021278,2024-04-13,20232024,NSH,CBJ,6,4,REG,HOME
2023021279,2024-04-13,20232024,PIT,BOS,4,6,REG,AWAY
2023021280,2024-04-13,20232024,EDM,VAN,1,3,REG,AWAY
2023021281,2024-04-13,20232024,LAK,ANA,3,1,REG,HOME
2023021282,2024-04-13,20232024,SJS,MIN,2,6,REG,AWAY
2023021283,2024-04-14,20232024,STL,SEA,4,1,REG,HOME
2023021284,2024-04-14,20232024,VGK,COL,4,3,OT,HOME
2023021285,2024-04-14,20232024,CHI,CAR,2,4,REG,AWAY
2023021286,2024-04-14,20232024,CGY,ARI,6,5,REG,HOME
2023021287,2024-04-15,20232024,DET,MTL,5,4,OT,HOME
2023021288,2024-04-15,20232024,NJD,NYI,1,4,REG,AWAY
2023021289,2024-04-15,20232024,PIT,NSH,4,2,REG,HOME
2023021290,2024-04-15,20232024,TBL,BUF,2,4,REG,AWAY
2023021291,2024-04-15,20232024,WSH,BOS,2,0,REG,HOME
2023021292,2024-04-15,20232024,NYR,OTT,4,0,REG,HOME
2023021293,2024-04-15,20232024,EDM,SJS,9,2,REG,HOME
2023021294,2024-04-15,20232024,LAK,MIN,1,3,REG,AWAY
2023021295,2024-04-16,20232024,BOS,OTT,1,3,REG,AWAY
2023021296,2024-04-16,20232024,CBJ,CAR,6,3,REG,HOME
2023021298,2024-04-16,20232024,MTL,DET,4,5,SO,AWAY
2023021299,2024-04-16,20232024,PHI,WSH,1,2,REG,AWAY
2023021297,2024-04-16,20232024,FLA,TOR,5,2,REG,HOME
2023021300,2024-04-16,20232024,WPG,SEA,4,3,REG,HOME
2023021301,2024-04-16,20232024,VGK,CHI,3,1,REG,HOME
2023021302,2024-04-16,20232024,VAN,CGY,4,1,REG,HOME
2023021303,2024-04-17,20232024,NYI,PIT,5,4,REG,HOME
2023021304,2024-04-17,20232024,TBL,TOR,6,4,REG,HOME
2023021305,2024-04-17,20232024,DAL,STL,2,1,SO,HOME
2023021306,2024-04-17,20232024,ARI,EDM,5,2,REG,HOME
2023021307,2024-04-18,20232024,MIN,SEA,3,4,REG,AWAY
2023021308,2024-04-18,20232024,WPG,VAN,4,2,REG,HOME
2023021309,2024-04-18,20232024,CGY,SJS,5,1,REG,HOME
2023021310,2024-04-18,20232024,COL,EDM,5,1,REG,HOME
2023021311,2024-04-18,20232024,VGK,ANA,1,4,REG,AWAY
2023021312,2024-04-18,20232024,LAK,CHI,5,4,OT,HOME
2024020001,2024-10-04,20242025,BUF,NJD,1,4,REG,AWAY
2024020002,2024-10-05,20242025,NJD,BUF,3,1,REG,HOME
2024020003,2024-10-08,20242025,SEA,STL,2,3,REG,AWAY
2024020004,2024-10-08,20242025,FLA,BOS,6,4,REG,HOME
2024020005,2024-10-08,20242025,UTA,CHI,5,2,REG,HOME
2024020006,2024-10-09,20242025,MTL,TOR,1,0,REG,HOME
2024020007,2024-10-09,20242025,PIT,NYR,0,6,REG,AWAY
2024020008,2024-10-09,20242025,EDM,WPG,0,6,REG,AWAY
2024020009,2024-10-09,20242025,VAN,CGY,5,6,OT,AWAY
2024020010,2024-10-09,20242025,VGK,COL,8,4,REG,HOME
2024020011,2024-10-10,20242025,BOS,MTL,6,4,REG,HOME
2024020012,2024-10-10,20242025,BUF,LAK,1,3,REG,AWAY
2024020013,2024-10-10,20242025,OTT,FLA,3,1,REG,HOME
2024020015,2024-10-10,20242025,NJD,TOR,2,4,REG,AWAY
2024020016,2024-10-10,20242025,NYI,UTA,4,5,OT,AWAY
2024020014,2024-10-10,20242025,DET,PIT,3,6,REG,AWAY
2024020017,2024-10-10,20242025,NSH,DAL,3,4,REG,AWAY
2024020018,2024-10-10,20242025,MIN,CBJ,3,2,REG,HOME
2024020019,2024-10-10,20242025,SJS,STL,4,5,OT,AWAY
2024020020,2024-10-11,20242025,CAR,TBL,1,4,REG,AWAY
2024020021,2024-10-11,20242025,WPG,CHI,2,1,OT,HOME
2024020022,2024-10-11,20242025,VAN,PHI,2,3,SO,AWAY
2024020023,2024-10-11,20242025,VGK,STL,4,3,REG,HOME
2024020024,2024-10-12,20242025,BOS,LAK,2,1,OT,HOME
2024020025,2024-10-12,20242025,BUF,FLA,5,2,REG,HOME
2024020026,2024-10-12,20242025,TOR,PIT,4,2,REG,HOME
2024020027,2024-10-12,20242025,MTL,OTT,4,1,REG,HOME
2024020028,2024-10-12,20242025,DET,NSH,3,0,REG,HOME
2024020030,2024-10-12,20242025,NYR,UTA,5,6,OT,AWAY
2024020031,2024-10-12,20242025,WSH,NJD,3,5,REG,AWAY
2024020032,2024-10-12,20242025,DAL,NYI,3,0,REG,HOME
2024020033,2024-10-12,20242025,MIN,SEA,4,5,SO,AWAY
2024020034,2024-10-12,20242025,COL,CBJ,4,6,REG,AWAY
2024020035,2024-10-12,20242025,CGY,PHI,6,3,REG,HOME
2024020036,2024-10-12,20242025,EDM,CHI,2,5,REG,AWAY
2024020037,2024-10-12,20242025,SJS,ANA,0,2,REG,AWAY
2024020038,2024-10-13,20242025,WPG,MIN,2,1,OT,HOME
2024020039,2024-10-13,20242025,DAL,SEA,2,0,REG,HOME
2024020040,2024-10-13,20242025,EDM,CGY,1,4,REG,AWAY
2024020041,2024-10-13,20242025,VGK,ANA,3,1,REG,HOME
2024020042,2024-10-14,20242025,BOS,FLA,3,4,REG,AWAY
2024020043,2024-10-14,20242025,OTT,LAK,8,7,OT,HOME
2024020044,2024-10-14,20242025,NJD,UTA,3,0,REG,HOME
2024020045,2024-10-14,20242025,NYR,DET,4,1,REG,HOME
2024020046,2024-10-14,20242025,MTL,PIT,3,6,REG,AWAY
2024020047,2024-10-14,20242025,COL,NYI,2,6,REG,AWAY
2024020048,2024-10-15,20242025,TBL,VAN,4,1,REG,HOME
2024020049,2024-10-15,20242025,WSH,VGK,4,2,REG,HOME
2024020050,2024-10-15,20242025,CAR,NJD,4,2,REG,HOME
2024020051,2024-10-15,20242025,CBJ,FLA,3,4,REG,AWAY
2024020052,2024-10-15,20242025,STL,MIN,1,4,REG,AWAY
2024020053,2024-10-15,20242025,NSH,SEA,3,7,REG,AWAY
2024020054,2024-10-15,20242025,DAL,SJS,3,2,SO,HOME
2024020055,2024-10-15,20242025,CGY,CHI,3,1,REG,HOME
2024020056,2024-10-15,20242025,EDM,PHI,4,3,OT,HOME
2024020057,2024-10-16,20242025,PIT,BUF,6,5,OT,HOME
2024020058,2024-10-16,20242025,TOR,LAK,6,2,REG,HOME
2024020059,2024-10-16,20242025,COL,BOS,3,5,REG,AWAY
2024020060,2024-10-16,20242025,ANA,UTA,5,4,OT,HOME
2024020061,2024-10-17,20242025,MTL,LAK,1,4,REG,AWAY
2024020062,2024-10-17,20242025,OTT,NJD,1,3,REG,AWAY
2024020064,2024-10-17,20242025,TBL,VGK,4,3,REG,HOME
2024020065,2024-10-17,20242025,FLA,VAN,2,3,OT,AWAY
2024020066,2024-10-17,20242025,WSH,DAL,3,2,REG,HOME
2024020067,2024-10-17,20242025,CBJ,BUF,6,4,REG,HOME
2024020063,2024-10-17,20242025,DET,NYR,2,5,REG,AWAY
2024020068,2024-10-17,20242025,STL,NYI,1,0,OT,HOME
2024020069,2024-10-17,20242025,NSH,EDM,2,4,REG,AWAY
2024020070,2024-10-17,20242025,CHI,SJS,4,2,REG,HOME
2024020071,2024-10-17,20242025,SEA,PHI,6,4,REG,HOME
2024020072,2024-10-18,20242025,PIT,CAR,1,4,REG,AWAY
2024020073,2024-10-18,20242025,WPG,SJS,8,3,REG,HOME
2024020074,2024-10-18,20242025,COL,ANA,4,3,OT,HOME
2024020075,2024-10-19,20242025,OTT,TBL,5,4,REG,HOME
2024020076,2024-10-19,20242025,NSH,DET,2,5,REG,AWAY
2024020077,2024-10-19,20242025,DAL,EDM,4,1,REG,HOME
2024020078,2024-10-19,20242025,FLA,VGK,4,3,OT,HOME
2024020079,2024-10-19,20242025,TOR,NYR,1,4,REG,AWAY
2024020080,2024-10-19,20242025,NJD,WSH,5,6,OT,AWAY
2024020081,2024-10-19,20242025,NYI,MTL,4,3,SO,HOME
2024020082,2024-10-19,20242025,PHI,VAN,0,3,REG,AWAY
2024020083,2024-10-19,20242025,CBJ,MIN,1,3,REG,AWAY
2024020084,2024-10-19,20242025,STL,CAR,4,3,REG,HOME
2024020085,2024-10-19,20242025,CHI,BUF,2,4,REG,AWAY
2024020086,2024-10-19,20242025,UTA,BOS,2,1,OT,HOME
2024020087,2024-10-19,20242025,SEA,CGY,2,1,OT,HOME
2024020088,2024-10-20,20242025,WPG,PIT,6,3,REG,HOME
2024020089,2024-10-20,20242025,SJS,COL,1,4,REG,AWAY
2024020090,2024-10-20,20242025,ANA,LAK,1,4,REG,AWAY
2024020091,2024-10-21,20242025,TOR,TBL,5,2,REG,HOME
2024020092,2024-10-22,20242025,PHI,WSH,1,4,REG,AWAY
2024020093,2024-10-22,20242025,FLA,MIN,1,5,REG,AWAY
2024020094,2024-10-22,20242025,NJD,TBL,5,8,REG,AWAY
2024020095,2024-10-22,20242025,BUF,DAL,4,2,REG,HOME
2024020096,2024-10-22,20242025,MTL,NYR,2,7,REG,AWAY
2024020097,2024-10-22,20242025,CBJ,TOR,6,2,REG,HOME
2024020098,2024-10-22,20242025,NYI,DET,0,1,REG,AWAY
2024020099,2024-10-22,20242025,STL,WPG,2,3,REG,AWAY
2024020100,2024-10-22,20242025,CHI,VAN,3,6,REG,AWAY
2024020106,2024-10-22,20242025,SEA,COL,2,3,REG,AWAY
2024020101,2024-10-22,20242025,NSH,BOS,4,0,REG,HOME
2024020103,2024-10-22,20242025,EDM,CAR,2,3,OT,AWAY
2024020104,2024-10-22,20242025,UTA,OTT,0,4,REG,AWAY
2024020102,2024-10-22,20242025,CGY,PIT,4,3,SO,HOME
2024020105,2024-10-22,20242025,ANA,SJS,3,1,REG,HOME
2024020107,2024-10-22,20242025,VGK,LAK,6,1,REG,HOME
2024020108,2024-10-23,20242025,WSH,PHI,6,3,REG,HOME
2024020109,2024-10-24,20242025,BOS,DAL,2,5,REG,AWAY
2024020110,2024-10-24,20242025,TOR,STL,1,5,REG,AWAY
2024020111,2024-10-24,20242025,DET,NJD,5,3,REG,HOME
2024020112,2024-10-24,20242025,TBL,MIN,2,4,REG,AWAY
2024020113,2024-10-24,20242025,NYR,FLA,1,3,REG,AWAY
2024020114,2024-10-24,20242025,CGY,CAR,2,4,REG,AWAY
2024020115,2024-10-24,20242025,UTA,COL,1,5,REG,AWAY
2024020116,2024-10-24,20242025,SEA,WPG,3,4,OT,AWAY
2024020117,2024-10-24,20242025,LAK,SJS,3,2,REG,HOME
2024020118,2024-10-25,20242025,VGK,OTT,6,4,REG,HOME
2024020119,2024-10-25,20242025,NJD,NYI,3,4,OT,AWAY
2024020120,2024-10-25,20242025,CHI,NSH,2,3,REG,AWAY
2024020121,2024-10-25,20242025,EDM,PIT,4,0,REG,HOME
2024020122,2024-10-26,20242025,BUF,DET,5,3,REG,HOME
2024020123,2024-10-26,20242025,PHI,MIN,7,5,REG,HOME
2024020124,2024-10-26,20242025,LAK,UTA,3,2,REG,HOME
2024020125,2024-10-26,20242025,BOS,TOR,4,3,OT,HOME
2024020126,2024-10-26,20242025,MTL,STL,5,2,REG,HOME
2024020127,2024-10-26,20242025,TBL,WSH,3,0,REG,HOME
2024020128,2024-10-26,20242025,NYR,ANA,2,1,REG,HOME
2024020129,2024-10-26,20242025,CGY,WPG,3,5,REG,AWAY
2024020130,2024-10-26,20242025,NYI,FLA,3,6,REG,AWAY
2024020131,2024-10-26,20242025,NSH,CBJ,4,3,OT,HOME
2024020132,2024-10-26,20242025,DAL,CHI,4,2,REG,HOME
2024020133,2024-10-26,20242025,VAN,PIT,4,3,REG,HOME
2024020134,2024-10-26,20242025,VGK,SJS,7,3,REG,HOME
2024020135,2024-10-26,20242025,SEA,CAR,1,4,REG,AWAY
2024020136,2024-10-27,20242025,DET,EDM,2,3,OT,AWAY
2024020137,2024-10-27,20242025,NJD,ANA,6,2,REG,HOME
2024020138,2024-10-27,20242025,PHI,MTL,3,4,REG,AWAY
2024020139,2024-10-27,20242025,COL,OTT,5,4,REG,HOME
2024020140,2024-10-28,20242025,BUF,FLA,2,5,REG,AWAY
2024020142,2024-10-28,20242025,CBJ,EDM,6,1,REG,HOME
2024020141,2024-10-28,20242025,TBL,NSH,3,2,OT,HOME
2024020143,2024-10-28,20242025,WPG,TOR,4,6,REG,AWAY
2024020144,2024-10-28,20242025,COL,CHI,2,5,REG,AWAY
2024020145,2024-10-28,20242025,UTA,SJS,4,5,OT,AWAY
2024020146,2024-10-28,20242025,VAN,CAR,3,4,OT,AWAY
2024020147,2024-10-28,20242025,VGK,CGY,5,0,REG,HOME
2024020148,2024-10-29,20242025,BOS,PHI,0,2,REG,AWAY
2024020149,2024-10-29,20242025,MTL,SEA,2,8,REG,AWAY
2024020150,2024-10-29,20242025,OTT,STL,8,1,REG,HOME
2024020152,2024-10-29,20242025,NYI,ANA,1,3,REG,AWAY
2024020153,2024-10-29,20242025,PIT,MIN,3,5,REG,AWAY
2024020151,2024-10-29,20242025,WSH,NYR,5,3,REG,HOME
2024020154,2024-10-29,20242025,SJS,LAK,4,2,REG,HOME
2024020155,2024-10-30,20242025,CBJ,NYI,2,0,REG,HOME
2024020156,2024-10-30,20242025,DET,WPG,2,6,REG,AWAY
2024020157,2024-10-30,20242025,COL,TBL,2,5,REG,AWAY
2024020158,2024-10-30,20242025,UTA,CGY,5,1,REG,HOME
2024020160,2024-10-30,20242025,LAK,VGK,6,3,REG,HOME
2024020159,2024-10-30,20242025,VAN,NJD,0,6,REG,AWAY
2024020161,2024-10-31,20242025,TOR,SEA,4,1,REG,HOME
2024020162,2024-10-31,20242025,PHI,STL,2,1,REG,HOME
2024020163,2024-10-31,20242025,PIT,ANA,2,1,OT,HOME
2024020164,2024-10-31,20242025,WSH,MTL,6,3,REG,HOME
2024020165,2024-10-31,20242025,CAR,BOS,8,2,REG,HOME
2024020166,2024-10-31,20242025,NSH,EDM,1,5,REG,AWAY
2024020167,2024-10-31,20242025,SJS,CHI,3,2,REG,HOME
2024020168,2024-11-01,20242025,DAL,FLA,4,6,REG,AWAY
2024020169,2024-11-01,20242025,BUF,NYI,3,4,REG,AWAY
2024020170,2024-11-01,20242025,NYR,OTT,2,1,REG,HOME
2024020171,2024-11-01,20242025,CBJ,WPG,2,6,REG,AWAY
2024020172,2024-11-01,20242025,MIN,TBL,5,3,REG,HOME
2024020173,2024-11-01,20242025,CGY,NJD,3,0,REG,HOME
2024020174,2024-11-02,20242025,FLA,DAL,4,2,REG,HOME
2024020175,2024-11-02,20242025,PHI,BOS,0,3,REG,AWAY
2024020176,2024-11-02,20242025,LAK,CHI,3,4,SO,AWAY
2024020177,2024-11-02,20242025,WSH,CBJ,7,2,REG,HOME
2024020178,2024-11-02,20242025,OTT,SEA,3,0,REG,HOME
2024020179,2024-11-02,20242025,DET,BUF,2,1,REG,HOME
2024020180,2024-11-02,20242025,PIT,MTL,3,1,REG,HOME
2024020181,2024-11-02,20242025,STL,TOR,4,2,REG,HOME
2024020182,2024-11-02,20242025,NSH,COL,5,2,REG,HOME
2024020183,2024-11-02,20242025,VGK,UTA,4,3,OT,HOME
2024020184,2024-11-02,20242025,SJS,VAN,2,3,REG,AWAY
2024020185,2024-11-03,20242025,NYR,NYI,5,2,REG,HOME
2024020186,2024-11-03,20242025,WPG,TBL,7,4,REG,HOME
2024020187,2024-11-03,20242025,BOS,SEA,2,0,REG,HOME
2024020188,2024-11-03,20242025,CAR,WSH,4,2,REG,HOME
2024020189,2024-11-03,20242025,MIN,TOR,2,1,OT,HOME
2024020190,2024-11-03,20242025,CGY,EDM,2,4,REG,AWAY
2024020191,2024-11-03,20242025,ANA,CHI,2,4,REG,AWAY
2024020192,2024-11-04,20242025,NSH,LAK,0,3,REG,AWAY
2024020193,2024-11-04,20242025,EDM,NJD,0,3,REG,AWAY
2024020194,2024-11-05,20242025,BUF,OTT,5,1,REG,HOME
2024020195,2024-11-05,20242025,TOR,BOS,4,0,REG,HOME
2024020196,2024-11-05,20242025,MTL,CGY,2,3,OT,AWAY
2024020197,2024-11-05,20242025,CAR,PHI,6,4,REG,HOME
2024020198,2024-11-05,20242025,NYI,PIT,4,3,SO,HOME
2024020199,2024-11-05,20242025,STL,TBL,3,2,REG,HOME
2024020200,2024-11-05,20242025,MIN,LAK,1,5,REG,AWAY
2024020201,2024-11-05,20242025,WPG,UTA,3,0,REG,HOME
2024020202,2024-11-05,20242025,COL,SEA,6,3,REG,HOME
2024020203,2024-11-05,20242025,ANA,VAN,1,5,REG,AWAY
2024020204,2024-11-05,20242025,SJS,CBJ,2,1,OT,HOME
2024020205,2024-11-06,20242025,WSH,NSH,3,2,REG,HOME
2024020206,2024-11-06,20242025,CHI,DET,1,4,REG,AWAY
2024020207,2024-11-06,20242025,EDM,VGK,2,4,REG,AWAY
2024020208,2024-11-07,20242025,BOS,CGY,4,3,OT,HOME
2024020209,2024-11-07,20242025,OTT,NYI,2,4,REG,AWAY
2024020211,2024-11-07,20242025,FLA,NSH,6,2,REG,HOME
2024020212,2024-11-07,20242025,NJD,MTL,5,3,REG,HOME
2024020213,2024-11-07,20242025,NYR,BUF,1,6,REG,AWAY
2024020214,2024-11-07,20242025,CAR,PIT,5,1,REG,HOME
2024020210,2024-11-07,20242025,TBL,PHI,1,2,SO,AWAY
2024020215,2024-11-07,20242025,STL,UTA,2,4,REG,AWAY
2024020216,2024-11-07,20242025,DAL,CHI,3,1,REG,HOME
2024020217,2024-11-07,20242025,WPG,COL,1,0,REG,HOME
2024020218,2024-11-07,20242025,LAK,VAN,2,4,REG,AWAY
2024020219,2024-11-07,20242025,SJS,MIN,2,5,REG,AWAY
2024020220,2024-11-08,20242025,TOR,DET,3,1,REG,HOME
2024020221,2024-11-08,20242025,WSH,PIT,2,4,REG,AWAY
2024020222,2024-11-08,20242025,ANA,MIN,2,5,REG,AWAY
2024020223,2024-11-08,20242025,SEA,VGK,4,3,OT,HOME
2024020224,2024-11-09,20242025,BUF,CGY,3,2,SO,HOME
2024020230,2024-11-09,20242025,WPG,DAL,4,1,REG,HOME
2024020225,2024-11-09,20242025,FLA,PHI,4,3,SO,HOME
2024020226,2024-11-09,20242025,BOS,OTT,2,3,OT,AWAY
2024020227,2024-11-09,20242025,TOR,MTL,4,1,REG,HOME
2024020228,2024-11-09,20242025,DET,NYR,0,4,REG,AWAY
2024020229,2024-11-09,20242025,STL,WSH,1,8,REG,AWAY
2024020231,2024-11-09,20242025,NYI,NJD,3,4,OT,AWAY
2024020232,2024-11-09,20242025,NSH,UTA,4,0,REG,HOME
2024020233,2024-11-09,20242025,COL,CAR,6,4,REG,HOME
2024020234,2024-11-09,20242025,LAK,CBJ,5,2,REG,HOME
2024020235,2024-11-09,20242025,VAN,EDM,3,7,REG,AWAY
2024020236,2024-11-10,20242025,NJD,SJS,0,1,REG,AWAY
2024020237,2024-11-10,20242025,CHI,MIN,2,1,OT,HOME
2024020238,2024-11-10,20242025,ANA,CBJ,4,2,REG,HOME
2024020239,2024-11-11,20242025,BUF,MTL,5,7,REG,AWAY
2024020240,2024-11-11,20242025,PHI,SJS,4,3,SO,HOME
2024020241,2024-11-11,20242025,PIT,DAL,1,7,REG,AWAY
2024020242,2024-11-11,20242025,CGY,LAK,3,1,REG,HOME
2024020243,2024-11-11,20242025,COL,NSH,3,2,OT,HOME
2024020244,2024-11-11,20242025,VGK,CAR,2,5,REG,AWAY
2024020245,2024-11-12,20242025,TOR,OTT,0,3,REG,AWAY
2024020247,2024-11-12,20242025,NYR,WPG,3,6,REG,AWAY
2024020246,2024-11-12,20242025,FLA,NJD,1,4,REG,AWAY
2024020248,2024-11-12,20242025,STL,BOS,2,3,REG,AWAY
2024020249,2024-11-12,20242025,EDM,NYI,4,3,OT,HOME
2024020250,2024-11-12,20242025,VAN,CGY,3,1,REG,HOME
2024020251,2024-11-12,20242025,SEA,CBJ,5,2,REG,HOME
2024020252,2024-11-13,20242025,PIT,DET,2,3,OT,AWAY
2024020253,2024-11-13,20242025,WSH,TOR,3,4,OT,AWAY
2024020254,2024-11-13,20242025,UTA,CAR,4,1,REG,HOME
2024020255,2024-11-13,20242025,COL,LAK,4,2,REG,HOME
2024020256,2024-11-13,20242025,ANA,VGK,2,3,REG,AWAY
2024020258,2024-11-14,20242025,OTT,PHI,4,5,OT,AWAY
2024020259,2024-11-14,20242025,TBL,WPG,4,1,REG,HOME
2024020260,2024-11-14,20242025,FLA,NJD,2,6,REG,AWAY
2024020261,2024-11-14,20242025,NYR,SJS,3,2,REG,HOME
2024020257,2024-11-14,20242025,BUF,STL,4,3,OT,HOME
2024020262,2024-11-14,20242025,DAL,BOS,7,2,REG,HOME
2024020263,2024-11-14,20242025,MIN,MTL,3,0,REG,HOME
2024020264,2024-11-14,20242025,EDM,NSH,3,2,OT,HOME
2024020265,2024-11-14,20242025,VAN,NYI,2,5,REG,AWAY
2024020266,2024-11-14,20242025,SEA,CHI,3,1,REG,HOME
2024020267,2024-11-15,20242025,CBJ,PIT,6,2,REG,HOME
2024020268,2024-11-15,20242025,COL,WSH,2,5,REG,AWAY
2024020269,2024-11-15,20242025,CGY,NSH,2,0,REG,HOME
2024020270,2024-11-15,20242025,UTA,VGK,2,4,REG,AWAY
2024020271,2024-11-15,20242025,ANA,DET,6,4,REG,HOME
2024020272,2024-11-16,20242025,BOS,STL,2,3,OT,AWAY
2024020273,2024-11-16,20242025,SEA,NYI,3,2,REG,HOME
2024020274,2024-11-16,20242025,TOR,EDM,4,3,OT,HOME
2024020275,2024-11-16,20242025,MTL,CBJ,5,1,REG,HOME
2024020276,2024-11-16,20242025,TBL,NJD,4,0,REG,HOME
2024020277,2024-11-16,20242025,FLA,WPG,5,0,REG,HOME
2024020278,2024-11-16,20242025,PHI,BUF,5,2,REG,HOME
2024020279,2024-11-16,20242025,PIT,SJS,4,3,SO,HOME
2024020280,2024-11-16,20242025,CAR,OTT,4,0,REG,HOME
2024020281,2024-11-16,20242025,MIN,DAL,1,2,REG,AWAY
2024020282,2024-11-16,20242025,LAK,DET,4,1,REG,HOME
2024020283,2024-11-16,20242025,VAN,CHI,4,1,REG,HOME
2024020284,2024-11-17,20242025,CAR,STL,4,1,REG,HOME
2024020286,2024-11-17,20242025,VGK,WSH,2,5,REG,AWAY
2024020287,2024-11-17,20242025,SEA,NYR,0,2,REG,AWAY
2024020285,2024-11-17,20242025,VAN,NSH,3,5,REG,AWAY
2024020288,2024-11-18,20242025,BOS,CBJ,1,5,REG,AWAY
2024020289,2024-11-18,20242025,PHI,COL,2,3,REG,AWAY
2024020290,2024-11-18,20242025,MTL,EDM,3,0,REG,HOME
2024020291,2024-11-18,20242025,DAL,ANA,2,4,REG,AWAY
2024020292,2024-11-18,20242025,UTA,WSH,2,6,REG,AWAY
2024020293,2024-11-18,20242025,SJS,DET,5,4,OT,HOME
2024020294,2024-11-19,20242025,OTT,EDM,2,5,REG,AWAY
2024020295,2024-11-19,20242025,PIT,TBL,2,3,OT,AWAY
2024020296,2024-11-19,20242025,STL,MIN,2,4,REG,AWAY
2024020297,2024-11-19,20242025,WPG,FLA,6,3,REG,HOME
2024020298,2024-11-19,20242025,CHI,ANA,2,3,REG,AWAY
2024020299,2024-11-19,20242025,CGY,NYI,2,1,SO,HOME
2024020300,2024-11-19,20242025,VAN,NYR,3,4,REG,AWAY
2024020301,2024-11-20,20242025,TOR,VGK,3,0,REG,HOME
2024020302,2024-11-20,20242025,PHI,CAR,1,4,REG,AWAY
2024020303,2024-11-20,20242025,DAL,SJS,5,2,REG,HOME
2024020304,2024-11-20,20242025,SEA,NSH,3,0,REG,HOME
2024020305,2024-11-20,20242025,LAK,BUF,0,1,REG,AWAY
2024020306,2024-11-21,20242025,BOS,UTA,1,0,REG,HOME
2024020307,2024-11-21,20242025,OTT,VGK,2,3,REG,AWAY
2024020308,2024-11-21,20242025,DET,NYI,2,1,REG,HOME
2024020309,2024-11-21,20242025,NJD,CAR,4,2,REG,HOME
2024020310,2024-11-21,20242025,WSH,COL,1,2,REG,AWAY
2024020311,2024-11-21,20242025,CBJ,TBL,7,6,OT,HOME
2024020312,2024-11-21,20242025,STL,SJS,3,2,SO,HOME
2024020313,2024-11-21,20242025,CHI,FLA,3,1,REG,HOME
2024020314,2024-11-21,20242025,CGY,NYR,3,2,REG,HOME
2024020315,2024-11-21,20242025,EDM,MIN,3,5,REG,AWAY
2024020316,2024-11-22,20242025,PIT,WPG,1,4,REG,AWAY
2024020317,2024-11-22,20242025,ANA,BUF,2,3,OT,AWAY
2024020318,2024-11-23,20242025,PHI,CHI,3,2,OT,HOME
2024020319,2024-11-23,20242025,CGY,MIN,4,3,SO,HOME
2024020320,2024-11-23,20242025,LAK,SEA,2,1,REG,HOME
2024020321,2024-11-23,20242025,FLA,COL,4,7,REG,AWAY
2024020322,2024-11-23,20242025,MTL,VGK,2,6,REG,AWAY
2024020323,2024-11-23,20242025,OTT,VAN,3,4,REG,AWAY
2024020324,2024-11-23,20242025,DET,BOS,1,2,REG,AWAY
2024020325,2024-11-23,20242025,TBL,DAL,2,4,REG,AWAY
2024020326,2024-11-23,20242025,PIT,UTA,1,6,REG,AWAY
2024020327,2024-11-23,20242025,WSH,NJD,2,3,REG,AWAY
2024020328,2024-11-23,20242025,CBJ,CAR,5,4,SO,HOME
2024020329,2024-11-23,20242025,NSH,WPG,4,1,REG,HOME
2024020330,2024-11-23,20242025,NYI,STL,3,1,REG,HOME
2024020331,2024-11-23,20242025,SJS,BUF,2,4,REG,AWAY
2024020332,2024-11-23,20242025,EDM,NYR,6,2,REG,HOME
2024020333,2024-11-24,20242025,TOR,UTA,3,2,REG,HOME
2024020334,2024-11-25,20242025,TBL,COL,8,2,REG,HOME
2024020335,2024-11-25,20242025,FLA,WSH,1,4,REG,AWAY
2024020336,2024-11-25,20242025,NJD,NSH,5,2,REG,HOME
2024020337,2024-11-25,20242025,NYR,STL,2,5,REG,AWAY
2024020338,2024-11-25,20242025,PHI,VGK,4,5,SO,AWAY
2024020339,2024-11-25,20242025,CAR,DAL,6,4,REG,HOME
2024020340,2024-11-25,20242025,OTT,CGY,4,3,REG,HOME
2024020341,2024-11-25,20242025,NYI,DET,2,4,REG,AWAY
2024020342,2024-11-25,20242025,MIN,WPG,1,4,REG,AWAY
2024020343,2024-11-25,20242025,ANA,SEA,2,3,REG,AWAY
2024020344,2024-11-25,20242025,SJS,LAK,7,2,REG,HOME
2024020345,2024-11-26,20242025,BOS,VAN,0,2,REG,AWAY
2024020346,2024-11-26,20242025,MTL,UTA,2,3,OT,AWAY
2024020347,2024-11-27,20242025,BUF,MIN,0,1,REG,AWAY
2024020348,2024-11-27,20242025,NJD,STL,0,3,REG,AWAY
2024020349,2024-11-27,20242025,CAR,NYR,4,3,REG,HOME
2024020350,2024-11-27,20242025,DET,CGY,2,1,OT,HOME
2024020351,2024-11-27,20242025,TBL,WSH,4,5,REG,AWAY
2024020352,2024-11-27,20242025,FLA,TOR,5,1,REG,HOME
2024020353,2024-11-27,20242025,NYI,BOS,3,6,REG,AWAY
2024020354,2024-11-27,20242025,PIT,VAN,5,4,REG,HOME
2024020355,2024-11-27,20242025,CBJ,MTL,3,4,OT,AWAY
2024020356,2024-11-27,20242025,NSH,PHI,2,3,OT,AWAY
2024020357,2024-11-27,20242025,CHI,DAL,6,2,REG,HOME
2024020358,2024-11-27,20242025,COL,VGK,2,1,SO,HOME
2024020359,2024-11-27,20242025,LAK,WPG,4,1,REG,HOME
2024020360,2024-11-27,20242025,SEA,ANA,2,5,REG,AWAY
2024020361,2024-11-27,20242025,SJS,OTT,3,4,REG,AWAY
2024020362,2024-11-29,20242025,PHI,NYR,3,1,REG,HOME
2024020363,2024-11-29,20242025,MIN,CHI,3,2,REG,HOME
2024020364,2024-11-29,20242025,BUF,VAN,3,4,OT,AWAY
2024020365,2024-11-29,20242025,DET,NJD,4,5,REG,AWAY
2024020366,2024-11-29,20242025,WSH,NYI,5,4,OT,HOME
2024020367,2024-11-29,20242025,CAR,FLA,3,6,REG,AWAY
2024020368,2024-11-29,20242025,CBJ,CGY,5,2,REG,HOME
2024020369,2024-11-29,20242025,NSH,TBL,2,3,OT,AWAY
2024020370,2024-11-29,20242025,ANA,LAK,1,2,REG,AWAY
2024020371,2024-11-29,20242025,SJS,SEA,8,5,REG,HOME
2024020372,2024-11-29,20242025,BOS,PIT,1,2,REG,AWAY
2024020374,2024-11-29,20242025,VGK,WPG,4,3,REG,HOME
2024020373,2024-11-29,20242025,DAL,COL,5,3,REG,HOME
2024020375,2024-11-29,20242025,UTA,EDM,3,4,OT,AWAY
2024020376,2024-11-30,20242025,NYR,MTL,4,3,REG,HOME
2024020377,2024-11-30,20242025,FLA,CAR,6,0,REG,HOME
2024020378,2024-11-30,20242025,TBL,TOR,3,5,REG,AWAY
2024020379,2024-11-30,20242025,NJD,WSH,5,6,REG,AWAY
2024020380,2024-11-30,20242025,PIT,CGY,6,2,REG,HOME
2024020381,2024-11-30,20242025,STL,PHI,2,3,OT,AWAY
2024020382,2024-11-30,20242025,LAK,OTT,5,2,REG,HOME
2024020383,2024-11-30,20242025,NYI,BUF,3,0,REG,HOME
2024020384,2024-11-30,20242025,MIN,NSH,3,2,OT,HOME
2024020385,2024-11-30,20242025,COL,EDM,1,4,REG,AWAY
2024020386,2024-11-30,20242025,VGK,UTA,0,6,REG,AWAY
2024020387,2024-11-30,20242025,SEA,SJS,2,4,REG,AWAY
2024020388,2024-12-01,20242025,DET,VAN,4,5,OT,AWAY
2024020389,2024-12-01,20242025,BOS,MTL,6,3,REG,HOME
2024020390,2024-12-01,20242025,CHI,CBJ,3,6,REG,AWAY
2024020391,2024-12-01,20242025,DAL,WPG,3,1,REG,HOME
2024020392,2024-12-01,20242025,ANA,OTT,4,3,SO,HOME
2024020393,2024-12-02,20242025,NYR,NJD,1,5,REG,AWAY
2024020394,2024-12-02,20242025,TOR,CHI,4,1,REG,HOME
2024020395,2024-12-02,20242025,UTA,DAL,1,2,REG,AWAY
2024020396,2024-12-03,20242025,BOS,DET,3,2,OT,HOME
2024020397,2024-12-03,20242025,BUF,COL,4,5,REG,AWAY
2024020398,2024-12-03,20242025,MTL,NYI,2,1,OT,HOME
2024020399,2024-12-03,20242025,PIT,FLA,5,4,OT,HOME
2024020400,2024-12-03,20242025,WSH,SJS,1,2,OT,AWAY
2024020401,2024-12-03,20242025,CAR,SEA,2,4,REG,AWAY
2024020402,2024-12-03,20242025,MIN,VAN,3,2,OT,HOME
2024020403,2024-12-03,20242025,WPG,STL,1,4,REG,AWAY
2024020404,2024-12-03,20242025,CGY,CBJ,3,0,REG,HOME
2024020405,2024-12-03,20242025,VGK,EDM,1,0,REG,HOME
2024020406,2024-12-04,20242025,TOR,NSH,3,2,REG,HOME
2024020407,2024-12-04,20242025,CHI,BOS,2,4,REG,AWAY
2024020408,2024-12-04,20242025,ANA,VGK,1,4,REG,AWAY
2024020409,2024-12-04,20242025,LAK,DAL,3,2,REG,HOME
2024020410,2024-12-05,20242025,BUF,WPG,2,3,OT,AWAY
2024020411,2024-12-05,20242025,MTL,NSH,3,0,REG,HOME
2024020412,2024-12-05,20242025,OTT,DET,2,1,REG,HOME
2024020413,2024-12-05,20242025,TBL,SJS,8,1,REG,HOME
2024020414,2024-12-05,20242025,PHI,FLA,5,7,REG,AWAY
2024020415,2024-12-05,20242025,CAR,COL,5,3,REG,HOME
2024020416,2024-12-05,20242025,NYI,SEA,2,5,REG,AWAY
2024020417,2024-12-05,20242025,CGY,STL,3,4,OT,AWAY
2024020418,2024-12-05,20242025,EDM,CBJ,6,3,REG,HOME
2024020419,2024-12-06,20242025,TOR,WSH,1,3,REG,AWAY
2024020420,2024-12-06,20242025,NJD,SEA,3,2,REG,HOME
2024020421,2024-12-06,20242025,NYR,PIT,4,2,REG,HOME
2024020422,2024-12-06,20242025,VAN,CBJ,5,2,REG,HOME
2024020423,2024-12-06,20242025,VGK,DAL,3,2,REG,HOME
2024020424,2024-12-06,20242025,ANA,MIN,1,5,REG,AWAY
2024020425,2024-12-07,20242025,BOS,PHI,4,3,OT,HOME
2024020426,2024-12-07,20242025,BUF,UTA,2,5,REG,AWAY
2024020427,2024-12-07,20242025,CHI,WPG,2,4,REG,AWAY
2024020428,2024-12-07,20242025,NYI,CAR,4,3,REG,HOME
2024020429,2024-12-07,20242025,FLA,SJS,3,1,REG,HOME
2024020430,2024-12-07,20242025,MTL,WSH,2,4,REG,AWAY
2024020431,2024-12-07,20242025,OTT,NSH,3,1,REG,HOME
2024020432,2024-12-07,20242025,DET,COL,1,2,REG,AWAY
2024020433,2024-12-07,20242025,PIT,TOR,5,2,REG,HOME
2024020434,2024-12-07,20242025,LAK,MIN,4,1,REG,HOME
2024020435,2024-12-07,20242025,EDM,STL,4,2,REG,HOME
2024020436,2024-12-08,20242025,NYR,SEA,5,7,REG,AWAY
2024020437,2024-12-08,20242025,VAN,TBL,2,4,REG,AWAY
2024020438,2024-12-08,20242025,OTT,NYI,2,4,REG,AWAY
2024020439,2024-12-08,20242025,WPG,CBJ,1,4,REG,AWAY
2024020440,2024-12-08,20242025,NJD,COL,0,4,REG,AWAY
2024020441,2024-12-08,20242025,PHI,UTA,2,4,REG,AWAY
2024020442,2024-12-08,20242025,DAL,CGY,6,2,REG,HOME
2024020443,2024-12-09,20242025,BUF,DET,5,6,SO,AWAY
2024020444,2024-12-09,20242025,NYR,CHI,1,2,REG,AWAY
2024020445,2024-12-09,20242025,MTL,ANA,3,2,SO,HOME
2024020446,2024-12-10,20242025,NJD,TOR,1,2,OT,AWAY
2024020447,2024-12-10,20242025,PIT,COL,2,6,REG,AWAY
2024020448,2024-12-10,20242025,CAR,SJS,3,2,REG,HOME
2024020449,2024-12-10,20242025,CBJ,PHI,3,5,REG,AWAY
2024020450,2024-12-10,20242025,NYI,LAK,1,3,REG,AWAY
2024020451,2024-12-10,20242025,NSH,CGY,3,4,REG,AWAY
2024020452,2024-12-10,20242025,WPG,BOS,8,1,REG,HOME
2024020453,2024-12-10,20242025,EDM,TBL,2,1,REG,HOME
2024020454,2024-12-10,20242025,UTA,MIN,4,5,SO,AWAY
2024020455,2024-12-10,20242025,VAN,STL,3,4,OT,AWAY
2024020456,2024-12-10,20242025,SEA,FLA,1,2,SO,AWAY
2024020457,2024-12-11,20242025,BUF,NYR,2,3,REG,AWAY
2024020458,2024-12-11,20242025,OTT,ANA,5,1,REG,HOME
2024020459,2024-12-12,20242025,TOR,ANA,3,2,REG,HOME
2024020460,2024-12-12,20242025,MTL,PIT,2,9,REG,AWAY
2024020461,2024-12-12,20242025,NJD,LAK,3,1,REG,HOME
2024020462,2024-12-12,20242025,PHI,DET,4,1,REG,HOME
2024020463,2024-12-12,20242025,CBJ,WSH,1,2,OT,AWAY
2024020464,2024-12-12,20242025,NYI,CHI,5,4,REG,HOME
2024020465,2024-12-12,20242025,STL,SJS,3,4,REG,AWAY
2024020466,2024-12-12,20242025,DAL,NSH,1,4,REG,AWAY
2024020468,2024-12-12,20242025,WPG,VGK,2,3,OT,AWAY
2024020467,2024-12-12,20242025,MIN,EDM,1,7,REG,AWAY
2024020469,2024-12-12,20242025,COL,UTA,1,4,REG,AWAY
2024020470,2024-12-12,20242025,CGY,TBL,3,8,REG,AWAY
2024020471,2024-12-12,20242025,VAN,FLA,4,0,REG,HOME
2024020472,2024-12-12,20242025,SEA,BOS,5,1,REG,HOME
2024020473,2024-12-13,20242025,CAR,OTT,0,3,REG,AWAY
2024020474,2024-12-14,20242025,NJD,CHI,4,1,REG,HOME
2024020475,2024-12-14,20242025,NYR,LAK,1,5,REG,AWAY
2024020476,2024-12-14,20242025,MIN,PHI,4,1,REG,HOME
2024020477,2024-12-14,20242025,EDM,VGK,6,3,REG,HOME
2024020478,2024-12-14,20242025,OTT,PIT,3,2,OT,HOME
2024020479,2024-12-14,20242025,DET,TOR,4,2,REG,HOME
2024020480,2024-12-14,20242025,WSH,BUF,4,2,REG,HOME
2024020481,2024-12-14,20242025,CBJ,ANA,3,4,OT,AWAY
2024020482,2024-12-14,20242025,WPG,MTL,4,2,REG,HOME
2024020483,2024-12-14,20242025,DAL,STL,2,1,OT,HOME
2024020484,2024-12-14,20242025,COL,NSH,5,2,REG,HOME
2024020485,2024-12-14,20242025,CGY,FLA,3,0,REG,HOME
2024020486,2024-12-14,20242025,VAN,BOS,1,5,REG,AWAY
2024020487,2024-12-14,20242025,SJS,UTA,3,4,REG,AWAY
2024020488,2024-12-14,20242025,SEA,TBL,1,5,REG,AWAY
2024020489,2024-12-15,20242025,CHI,NYI,5,3,REG,HOME
2024020490,2024-12-15,20242025,TOR,BUF,5,3,REG,HOME
2024020491,2024-12-15,20242025,CAR,CBJ,4,1,REG,HOME
2024020492,2024-12-15,20242025,STL,NYR,3,2,REG,HOME
2024020493,2024-12-15,20242025,MIN,VGK,2,3,REG,AWAY
2024020494,2024-12-16,20242025,DAL,WSH,3,1,REG,HOME
2024020495,2024-12-16,20242025,EDM,FLA,5,6,REG,AWAY
2024020496,2024-12-16,20242025,VAN,COL,3,1,REG,HOME
2024020497,2024-12-17,20242025,MTL,BUF,6,1,REG,HOME
2024020498,2024-12-17,20242025,TBL,CBJ,5,3,REG,HOME
2024020499,2024-12-17,20242025,PIT,LAK,3,2,OT,HOME
2024020500,2024-12-17,20242025,CAR,NYI,4,0,REG,HOME
2024020501,2024-12-17,20242025,STL,NJD,1,4,REG,AWAY
2024020502,2024-12-17,20242025,NSH,NYR,2,0,REG,HOME
2024020503,2024-12-17,20242025,CHI,WSH,3,2,REG,HOME
2024020504,2024-12-17,20242025,CGY,BOS,3,4,OT,AWAY
2024020505,2024-12-17,20242025,SEA,OTT,0,3,REG,AWAY
2024020506,2024-12-17,20242025,SJS,WPG,3,4,REG,AWAY
2024020507,2024-12-18,20242025,DET,PHI,6,4,REG,HOME
2024020508,2024-12-18,20242025,DAL,TOR,3,5,REG,AWAY
2024020509,2024-12-18,20242025,MIN,FLA,1,6,REG,AWAY
2024020510,2024-12-18,20242025,UTA,VAN,3,2,OT,HOME
2024020511,2024-12-18,20242025,ANA,WPG,3,2,REG,HOME
2024020512,2024-12-19,20242025,TBL,STL,3,1,REG,HOME
2024020514,2024-12-19,20242025,CBJ,NJD,4,2,REG,HOME
2024020513,2024-12-19,20242025,PHI,LAK,3,7,REG,AWAY
2024020515,2024-12-19,20242025,NSH,PIT,4,5,OT,AWAY
2024020516,2024-12-19,20242025,CHI,SEA,3,1,REG,HOME
2024020517,2024-12-19,20242025,CGY,OTT,2,3,OT,AWAY
2024020518,2024-12-19,20242025,EDM,BOS,3,2,OT,HOME
2024020519,2024-12-19,20242025,VGK,VAN,3,1,REG,HOME
2024020520,2024-12-19,20242025,SJS,COL,2,4,REG,AWAY
2024020521,2024-12-20,20242025,BUF,TOR,3,6,REG,AWAY
2024020522,2024-12-20,20242025,DET,MTL,3,4,REG,AWAY
2024020523,2024-12-20,20242025,FLA,STL,2,1,OT,HOME
2024020524,2024-12-20,20242025,WSH,CAR,3,1,REG,HOME
2024020525,2024-12-20,20242025,DAL,NYR,1,3,REG,AWAY
2024020526,2024-12-20,20242025,MIN,UTA,1,2,REG,AWAY
2024020527,2024-12-20,20242025,ANA,COL,2,4,REG,AWAY
2024020528,2024-12-21,20242025,NSH,LAK,3,2,OT,HOME
2024020529,2024-12-21,20242025,CGY,CHI,6,4,REG,HOME
2024020530,2024-12-21,20242025,EDM,SJS,3,2,OT,HOME
2024020531,2024-12-21,20242025,BOS,BUF,3,1,REG,HOME
2024020532,2024-12-21,20242025,TOR,NYI,3,6,REG,AWAY
2024020533,2024-12-21,20242025,MTL,DET,5,1,REG,HOME
2024020534,2024-12-21,20242025,NJD,PIT,3,0,REG,HOME
2024020535,2024-12-21,20242025,PHI,CBJ,5,4,OT,HOME
2024020536,2024-12-21,20242025,WPG,MIN,5,0,REG,HOME
2024020537,2024-12-21,20242025,VAN,OTT,4,5,OT,AWAY
2024020538,2024-12-21,20242025,VGK,SEA,6,2,REG,HOME
2024020539,2024-12-22,20242025,NYR,CAR,1,3,REG,AWAY
2024020540,2024-12-22,20242025,TBL,FLA,2,4,REG,AWAY
2024020541,2024-12-22,20242025,WSH,LAK,3,1,REG,HOME
2024020542,2024-12-22,20242025,UTA,ANA,4,5,SO,AWAY
2024020543,2024-12-22,20242025,COL,SEA,5,2,REG,HOME
2024020544,2024-12-22,20242025,EDM,OTT,3,1,REG,HOME
2024020545,2024-12-23,20242025,NJD,NYR,5,0,REG,HOME
2024020546,2024-12-23,20242025,TOR,WPG,2,5,REG,AWAY
2024020547,2024-12-23,20242025,BOS,WSH,4,1,REG,HOME
2024020548,2024-12-23,20242025,DET,STL,0,4,REG,AWAY
2024020549,2024-12-23,20242025,FLA,TBL,0,4,REG,AWAY
2024020550,2024-12-23,20242025,PIT,PHI,7,3,REG,HOME
2024020551,2024-12-23,20242025,CBJ,MTL,5,4,REG,HOME
2024020552,2024-12-23,20242025,NYI,BUF,1,7,REG,AWAY
2024020553,2024-12-23,20242025,NSH,CAR,5,2,REG,HOME
2024020554,2024-12-23,20242025,MIN,CHI,4,3,REG,HOME
2024020555,2024-12-23,20242025,VAN,SJS,4,3,REG,HOME
2024020556,2024-12-23,20242025,UTA,DAL,2,3,REG,AWAY
2024020557,2024-12-23,20242025,VGK,ANA,3,1,REG,HOME
2024020558,2024-12-27,20242025,BUF,CHI,6,2,REG,HOME
2024020559,2024-12-27,20242025,DET,TOR,2,5,REG,AWAY
2024020560,2024-12-27,20242025,NJD,CAR,4,2,REG,HOME
2024020561,2024-12-27,20242025,CBJ,BOS,6,2,REG,HOME
2024020562,2024-12-27,20242025,STL,NSH,7,4,REG,HOME
2024020563,2024-12-27,20242025,DAL,MIN,2,3,OT,AWAY
2024020564,2024-12-27,20242025,UTA,COL,1,4,REG,AWAY
2024020565,2024-12-27,20242025,SJS,VGK,3,6,REG,AWAY
2024020566,2024-12-28,20242025,FLA,MTL,0,4,REG,AWAY
2024020567,2024-12-28,20242025,VAN,SEA,4,5,OT,AWAY
2024020568,2024-12-28,20242025,ANA,PHI,1,3,REG,AWAY
2024020569,2024-12-28,20242025,LAK,EDM,4,3,OT,HOME
2024020570,2024-12-28,20242025,BOS,CBJ,4,0,REG,HOME
2024020571,2024-12-28,20242025,TOR,WSH,2,5,REG,AWAY
2024020572,2024-12-28,20242025,TBL,NYR,6,2,REG,HOME
2024020573,2024-12-28,20242025,CAR,NJD,5,2,REG,HOME
2024020574,2024-12-28,20242025,WPG,OTT,4,2,REG,HOME
2024020575,2024-12-28,20242025,NYI,PIT,6,3,REG,HOME
2024020576,2024-12-28,20242025,SJS,CGY,1,3,REG,AWAY
2024020582,2024-12-29,20242025,STL,BUF,2,4,REG,AWAY
2024020578,2024-12-29,20242025,ANA,EDM,5,3,REG,HOME
2024020579,2024-12-29,20242025,DET,WSH,4,2,REG,HOME
2024020580,2024-12-29,20242025,TBL,MTL,2,5,REG,AWAY
2024020581,2024-12-29,20242025,PIT,NYI,3,2,REG,HOME
2024020583,2024-12-29,20242025,MIN,OTT,1,3,REG,AWAY
2024020584,2024-12-29,20242025,VGK,CGY,3,0,REG,HOME
2024020577,2024-12-29,20242025,CHI,DAL,1,5,REG,AWAY
2024020585,2024-12-29,20242025,LAK,PHI,5,4,REG,HOME
2024020586,2024-12-30,20242025,FLA,NYR,5,3,REG,HOME
2024020587,2024-12-30,20242025,WPG,NSH,3,0,REG,HOME
2024020588,2024-12-30,20242025,SEA,UTA,5,2,REG,HOME
2024020589,2024-12-31,20242025,WSH,BOS,3,1,REG,HOME
2024020590,2024-12-31,20242025,TOR,NYI,3,1,REG,HOME
2024020591,2024-12-31,20242025,VGK,MTL,2,3,REG,AWAY
2024020592,2024-12-31,20242025,CHI,STL,2,6,REG,AWAY
2024020593,2024-12-31,20242025,DET,PIT,4,2,REG,HOME
2024020594,2024-12-31,20242025,CBJ,CAR,4,3,SO,HOME
2024020595,2024-12-31,20242025,DAL,BUF,4,2,REG,HOME
2024020596,2024-12-31,20242025,MIN,NSH,5,3,REG,HOME
2024020597,2024-12-31,20242025,COL,WPG,5,2,REG,HOME
2024020598,2024-12-31,20242025,ANA,NJD,3,2,REG,HOME
2024020599,2024-12-31,20242025,SJS,PHI,0,4,REG,AWAY
2024020600,2024-12-31,20242025,CGY,VAN,3,1,REG,HOME
2024020601,2024-12-31,20242025,EDM,UTA,4,1,REG,HOME
2024020602,2025-01-01,20242025,LAK,NJD,3,0,REG,HOME
2024020603,2025-01-02,20242025,FLA,CAR,1,3,REG,AWAY
2024020604,2025-01-02,20242025,NYR,BOS,2,1,REG,HOME
2024020605,2025-01-02,20242025,WSH,MIN,3,4,SO,AWAY
2024020606,2025-01-02,20242025,CBJ,DET,4,5,REG,AWAY
2024020607,2025-01-02,20242025,NYI,TOR,1,2,REG,AWAY
2024020608,2025-01-02,20242025,DAL,OTT,4,2,REG,HOME
2024020609,2025-01-02,20242025,WPG,ANA,3,4,OT,AWAY
2024020610,2025-01-02,20242025,COL,BUF,6,5,OT,HOME
2024020611,2025-01-02,20242025,CGY,UTA,3,5,REG,AWAY
2024020612,2025-01-02,20242025,VGK,PHI,5,2,REG,HOME
2024020613,2025-01-02,20242025,SEA,VAN,3,4,SO,AWAY
2024020614,2025-01-02,20242025,SJS,TBL,2,1,REG,HOME
2024020615,2025-01-03,20242025,FLA,PIT,3,2,SO,HOME
2024020616,2025-01-03,20242025,CHI,MTL,4,2,REG,HOME
2024020617,2025-01-03,20242025,STL,OTT,4,0,REG,HOME
2024020618,2025-01-03,20242025,EDM,ANA,3,2,REG,HOME
2024020619,2025-01-03,20242025,VAN,NSH,0,3,REG,AWAY
2024020620,2025-01-04,20242025,WSH,NYR,7,4,REG,HOME
2024020622,2025-01-04,20242025,SJS,NJD,3,2,REG,HOME
2024020621,2025-01-04,20242025,WPG,DET,2,4,REG,AWAY
2024020623,2025-01-04,20242025,TOR,BOS,6,4,REG,HOME
2024020624,2025-01-04,20242025,CAR,MIN,0,4,REG,AWAY
2024020625,2025-01-04,20242025,CBJ,STL,6,4,REG,HOME
2024020626,2025-01-04,20242025,COL,MTL,1,2,SO,AWAY
2024020628,2025-01-04,20242025,DAL,UTA,3,2,OT,HOME
2024020629,2025-01-04,20242025,LAK,TBL,2,1,REG,HOME
2024020627,2025-01-04,20242025,CGY,NSH,1,4,REG,AWAY
2024020630,2025-01-04,20242025,VGK,BUF,3,1,REG,HOME
2024020631,2025-01-04,20242025,SEA,EDM,2,4,REG,AWAY
2024020632,2025-01-05,20242025,CHI,NYR,2,6,REG,AWAY
2024020633,2025-01-05,20242025,BOS,NYI,4,5,OT,AWAY
2024020634,2025-01-05,20242025,CAR,PIT,4,3,OT,HOME
2024020635,2025-01-05,20242025,TOR,PHI,3,2,OT,HOME
2024020636,2025-01-05,20242025,ANA,TBL,4,1,REG,HOME
2024020637,2025-01-06,20242025,BUF,WSH,4,3,SO,HOME
2024020638,2025-01-06,20242025,MTL,VAN,5,4,OT,HOME
2024020639,2025-01-06,20242025,COL,FLA,3,1,REG,HOME
2024020640,2025-01-06,20242025,SEA,NJD,2,3,REG,AWAY
2024020029,2025-01-07,20242025,TBL,CAR,3,2,REG,HOME
2024020641,2025-01-07,20242025,BOS,EDM,0,4,REG,AWAY
2024020642,2025-01-07,20242025,DET,OTT,3,2,OT,HOME
2024020643,2025-01-07,20242025,NYR,DAL,4,5,OT,AWAY
2024020645,2025-01-07,20242025,PIT,CBJ,3,4,SO,AWAY
2024020644,2025-01-07,20242025,PHI,TOR,2,3,REG,AWAY
2024020646,2025-01-07,20242025,MIN,STL,6,4,REG,HOME
2024020647,2025-01-07,20242025,WPG,NSH,5,2,REG,HOME
2024020648,2025-01-07,20242025,ANA,CGY,2,3,OT,AWAY
2024020649,2025-01-07,20242025,SJS,VGK,2,4,REG,AWAY
2024020650,2025-01-08,20242025,WSH,VAN,2,1,OT,HOME
2024020651,2025-01-08,20242025,CHI,COL,3,1,REG,HOME
2024020652,2025-01-08,20242025,UTA,FLA,1,4,REG,AWAY
2024020654,2025-01-09,20242025,OTT,BUF,0,4,REG,AWAY
2024020655,2025-01-09,20242025,TBL,BOS,4,1,REG,HOME
2024020656,2025-01-09,20242025,NYR,NJD,3,2,OT,HOME
2024020657,2025-01-09,20242025,PHI,DAL,1,4,REG,AWAY
2024020658,2025-01-09,20242025,PIT,EDM,5,3,REG,HOME
2024020660,2025-01-09,20242025,CBJ,SEA,6,2,REG,HOME
2024020659,2025-01-09,20242025,CAR,TOR,6,3,REG,HOME
2024020661,2025-01-09,20242025,STL,ANA,6,2,REG,HOME
2024020662,2025-01-09,20242025,MIN,COL,1,6,REG,AWAY
2024020663,2025-01-09,20242025,VGK,NYI,0,4,REG,AWAY
2024020664,2025-01-10,20242025,DET,CHI,5,3,REG,HOME
2024020665,2025-01-10,20242025,WSH,MTL,2,3,OT,AWAY
2024020666,2025-01-10,20242025,CAR,VAN,2,0,REG,HOME
2024020667,2025-01-10,20242025,WPG,LAK,1,2,OT,AWAY
2024020668,2025-01-10,20242025,UTA,SJS,2,1,REG,HOME
2024020669,2025-01-11,20242025,FLA,BOS,3,4,OT,AWAY
2024020670,2025-01-11,20242025,BUF,SEA,2,6,REG,AWAY
2024020671,2025-01-11,20242025,PIT,OTT,0,5,REG,AWAY
2024020672,2025-01-11,20242025,TOR,VAN,0,3,REG,AWAY
2024020673,2025-01-11,20242025,MTL,DAL,1,2,SO,AWAY
2024020674,2025-01-11,20242025,NJD,TBL,3,2,OT,HOME
2024020675,2025-01-11,20242025,PHI,ANA,6,0,REG,HOME
2024020676,2025-01-11,20242025,CHI,EDM,3,4,REG,AWAY
2024020677,2025-01-11,20242025,STL,CBJ,1,2,REG,AWAY
2024020678,2025-01-11,20242025,WPG,COL,3,0,REG,HOME
2024020679,2025-01-11,20242025,NSH,WSH,1,4,REG,AWAY
2024020680,2025-01-11,20242025,UTA,NYI,1,2,REG,AWAY
2024020681,2025-01-11,20242025,CGY,LAK,2,1,REG,HOME
2024020682,2025-01-11,20242025,VGK,NYR,1,2,REG,AWAY
2024020683,2025-01-11,20242025,SJS,MIN,1,3,REG,AWAY
2024020684,2025-01-12,20242025,DET,SEA,6,2,REG,HOME
2024020685,2025-01-12,20242025,OTT,DAL,3,2,REG,HOME
2024020686,2025-01-12,20242025,PIT,TBL,2,5,REG,AWAY
2024020687,2025-01-12,20242025,CAR,ANA,2,3,OT,AWAY
2024020688,2025-01-12,20242025,VGK,MIN,4,1,REG,HOME
2024020689,2025-01-13,20242025,PHI,FLA,4,3,REG,HOME
2024020690,2025-01-13,20242025,CHI,CGY,2,5,REG,AWAY
2024020691,2025-01-13,20242025,EDM,LAK,1,0,REG,HOME
2024020692,2025-01-14,20242025,BOS,TBL,6,2,REG,HOME
2024020693,2025-01-14,20242025,TOR,DAL,1,4,REG,AWAY
2024020694,2025-01-14,20242025,DET,SJS,3,6,REG,AWAY
2024020696,2025-01-14,20242025,PIT,SEA,2,4,REG,AWAY
2024020697,2025-01-14,20242025,WSH,ANA,3,0,REG,HOME
2024020698,2025-01-14,20242025,CBJ,PHI,3,2,SO,HOME
2024020695,2025-01-14,20242025,NJD,FLA,1,2,SO,AWAY
2024020699,2025-01-14,20242025,NYI,OTT,0,2,REG,AWAY
2024020700,2025-01-14,20242025,STL,CGY,2,1,REG,HOME
2024020701,2025-01-14,20242025,NSH,VGK,5,3,REG,HOME
2024020702,2025-01-14,20242025,WPG,VAN,6,1,REG,HOME
2024020703,2025-01-14,20242025,COL,NYR,3,2,OT,HOME
2024020704,2025-01-14,20242025,UTA,MTL,3,5,REG,AWAY
2024020705,2025-01-15,20242025,BUF,CAR,4,2,REG,HOME
2024020706,2025-01-15,20242025,MIN,EDM,3,5,REG,AWAY
2024020707,2025-01-16,20242025,TOR,NJD,4,3,OT,HOME
2024020708,2025-01-16,20242025,OTT,WSH,0,1,OT,AWAY
2024020709,2025-01-16,20242025,TBL,ANA,4,3,SO,HOME
2024020710,2025-01-16,20242025,FLA,DET,2,5,REG,AWAY
2024020711,2025-01-16,20242025,CBJ,SJS,4,1,REG,HOME
2024020712,2025-01-16,20242025,NYI,PHI,3,5,REG,AWAY
2024020713,2025-01-16,20242025,STL,CGY,4,1,REG,HOME
2024020714,2025-01-16,20242025,NSH,CHI,3,2,SO,HOME
2024020715,2025-01-16,20242025,DAL,MTL,1,3,REG,AWAY
2024020716,2025-01-16,20242025,WPG,SEA,2,1,REG,HOME
2024020717,2025-01-16,20242025,UTA,NYR,3,5,REG,AWAY
2024020718,2025-01-16,20242025,COL,EDM,3,4,REG,AWAY
2024020719,2025-01-16,20242025,VAN,LAK,1,5,REG,AWAY
2024020720,2025-01-17,20242025,BUF,PIT,2,5,REG,AWAY
2024020721,2025-01-17,20242025,CAR,VGK,3,2,REG,HOME
2024020722,2025-01-18,20242025,NJD,PHI,1,3,REG,AWAY
2024020723,2025-01-18,20242025,OTT,BOS,6,5,SO,HOME
2024020724,2025-01-18,20242025,COL,DAL,6,3,REG,HOME
2024020725,2025-01-18,20242025,FLA,ANA,3,0,REG,HOME
2024020726,2025-01-18,20242025,MTL,TOR,3,7,REG,AWAY
2024020727,2025-01-18,20242025,TBL,DET,5,1,REG,HOME
2024020728,2025-01-18,20242025,NYR,CBJ,1,0,SO,HOME
2024020729,2025-01-18,20242025,WSH,PIT,4,1,REG,HOME
2024020730,2025-01-18,20242025,WPG,CGY,1,3,REG,AWAY
2024020731,2025-01-18,20242025,NYI,SJS,4,1,REG,HOME
2024020732,2025-01-18,20242025,CHI,VGK,5,3,REG,HOME
2024020733,2025-01-18,20242025,NSH,MIN,6,2,REG,HOME
2024020734,2025-01-18,20242025,UTA,STL,4,2,REG,HOME
2024020735,2025-01-18,20242025,VAN,EDM,3,2,REG,HOME
2024020736,2025-01-18,20242025,SEA,LAK,4,2,REG,HOME
2024020737,2025-01-19,20242025,NJD,OTT,1,2,REG,AWAY
2024020738,2025-01-19,20242025,MTL,NYR,5,4,OT,HOME
2024020739,2025-01-19,20242025,DAL,DET,4,1,REG,HOME
2024020740,2025-01-20,20242025,BOS,SJS,6,3,REG,HOME
2024020741,2025-01-20,20242025,COL,MIN,1,3,REG,AWAY
2024020742,2025-01-20,20242025,SEA,BUF,6,4,REG,HOME
2024020743,2025-01-20,20242025,VGK,STL,4,5,SO,AWAY
2024020744,2025-01-20,20242025,TOR,TBL,5,3,REG,HOME
2024020745,2025-01-20,20242025,NYI,CBJ,3,1,REG,HOME
2024020746,2025-01-20,20242025,CHI,CAR,3,4,OT,AWAY
2024020747,2025-01-20,20242025,UTA,WPG,5,2,REG,HOME
2024020748,2025-01-20,20242025,LAK,PIT,1,5,REG,AWAY
2024020749,2025-01-21,20242025,MTL,TBL,3,2,REG,HOME
2024020750,2025-01-21,20242025,NYR,OTT,5,0,REG,HOME
2024020751,2025-01-21,20242025,PHI,DET,2,1,OT,HOME
2024020752,2025-01-21,20242025,NSH,SJS,7,5,REG,HOME
2024020753,2025-01-21,20242025,DAL,CAR,1,2,REG,AWAY
2024020754,2025-01-21,20242025,EDM,WSH,2,3,REG,AWAY
2024020755,2025-01-21,20242025,VAN,BUF,2,3,REG,AWAY
2024020756,2025-01-21,20242025,ANA,FLA,2,5,REG,AWAY
2024020758,2025-01-22,20242025,NJD,BOS,5,1,REG,HOME
2024020757,2025-01-22,20242025,TOR,CBJ,1,5,REG,AWAY
2024020759,2025-01-22,20242025,COL,WPG,2,3,OT,AWAY
2024020760,2025-01-22,20242025,LAK,FLA,2,1,REG,HOME
2024020761,2025-01-23,20242025,BOS,OTT,2,0,REG,HOME
2024020762,2025-01-23,20242025,DET,MTL,4,2,REG,HOME
2024020763,2025-01-23,20242025,NYR,PHI,6,1,REG,HOME
2024020764,2025-01-23,20242025,CAR,CBJ,7,4,REG,HOME
2024020765,2025-01-23,20242025,STL,VGK,2,4,REG,AWAY
2024020766,2025-01-23,20242025,MIN,UTA,0,4,REG,AWAY
2024020767,2025-01-23,20242025,CGY,BUF,5,2,REG,HOME
2024020768,2025-01-23,20242025,EDM,VAN,6,2,REG,HOME
2024020769,2025-01-23,20242025,ANA,PIT,5,1,REG,HOME
2024020770,2025-01-23,20242025,SEA,WSH,0,3,REG,AWAY
2024020771,2025-01-23,20242025,SJS,NSH,5,6,REG,AWAY
2024020772,2025-01-24,20242025,NYI,PHI,3,1,REG,HOME
2024020774,2025-01-24,20242025,DAL,VGK,4,3,REG,HOME
2024020773,2025-01-24,20242025,CHI,TBL,3,4,OT,AWAY
2024020775,2025-01-24,20242025,WPG,UTA,5,2,REG,HOME
2024020776,2025-01-25,20242025,BOS,COL,3,1,REG,HOME
2024020777,2025-01-25,20242025,EDM,BUF,3,2,REG,HOME
2024020778,2025-01-25,20242025,SEA,PIT,4,1,REG,HOME
2024020779,2025-01-25,20242025,MTL,NJD,3,4,OT,AWAY
2024020780,2025-01-25,20242025,OTT,TOR,2,1,REG,HOME
2024020781,2025-01-25,20242025,DET,TBL,2,0,REG,HOME
2024020782,2025-01-25,20242025,CBJ,LAK,3,2,OT,HOME
2024020783,2025-01-25,20242025,STL,DAL,0,2,REG,AWAY
2024020784,2025-01-25,20242025,MIN,CGY,4,5,REG,AWAY
2024020785,2025-01-25,20242025,NYI,CAR,3,2,OT,HOME
2024020786,2025-01-25,20242025,VAN,WSH,2,1,REG,HOME
2024020787,2025-01-25,20242025,ANA,NSH,5,2,REG,HOME
2024020788,2025-01-25,20242025,SJS,FLA,2,7,REG,AWAY
2024020789,2025-01-26,20242025,NYR,COL,4,5,REG,AWAY
2024020790,2025-01-26,20242025,OTT,UTA,3,1,REG,HOME
2024020791,2025-01-26,20242025,WPG,CGY,5,2,REG,HOME
2024020792,2025-01-26,20242025,CHI,MIN,2,4,REG,AWAY
2024020793,2025-01-26,20242025,VGK,FLA,4,1,REG,HOME
2024020794,2025-01-27,20242025,DET,LAK,5,2,REG,HOME
2024020795,2025-01-27,20242025,PHI,NJD,4,2,REG,HOME
2024020796,2025-01-27,20242025,STL,VAN,2,5,REG,AWAY
2024020797,2025-01-27,20242025,EDM,SEA,4,2,REG,HOME
2024020798,2025-01-27,20242025,SJS,PIT,2,1,REG,HOME
2024020799,2025-01-28,20242025,BUF,BOS,7,2,REG,HOME
2024020800,2025-01-28,20242025,MTL,WPG,1,4,REG,AWAY
2024020801,2025-01-28,20242025,TBL,CHI,1,4,REG,AWAY
2024020802,2025-01-28,20242025,NYR,CAR,0,4,REG,AWAY
2024020803,2025-01-28,20242025,NYI,COL,5,2,REG,HOME
2024020804,2025-01-28,20242025,CGY,WSH,1,3,REG,AWAY
2024020805,2025-01-28,20242025,VGK,DAL,3,4,OT,AWAY
2024020806,2025-01-28,20242025,SEA,ANA,4,6,REG,AWAY
2024020807,2025-01-29,20242025,TOR,MIN,1,3,REG,AWAY
2024020808,2025-01-29,20242025,FLA,LAK,3,0,REG,HOME
2024020809,2025-01-29,20242025,NJD,PHI,5,0,REG,HOME
2024020810,2025-01-29,20242025,NSH,VAN,1,3,REG,AWAY
2024020811,2025-01-29,20242025,UTA,PIT,2,3,OT,AWAY
2024020812,2025-01-30,20242025,BOS,WPG,2,6,REG,AWAY
2024020813,2025-01-30,20242025,MTL,MIN,0,4,REG,AWAY
2024020814,2025-01-30,20242025,OTT,WSH,5,4,OT,HOME
2024020815,2025-01-30,20242025,TBL,LAK,3,0,REG,HOME
2024020817,2025-01-30,20242025,CAR,CHI,3,2,REG,HOME
2024020816,2025-01-30,20242025,PHI,NYI,0,3,REG,AWAY
2024020818,2025-01-30,20242025,CGY,ANA,4,1,REG,HOME
2024020819,2025-01-30,20242025,EDM,DET,2,3,SO,AWAY
2024020820,2025-01-30,20242025,VGK,CBJ,1,2,OT,AWAY
2024020821,2025-01-30,20242025,SEA,SJS,6,2,REG,HOME
2024020822,2025-01-31,20242025,BUF,NSH,4,3,REG,HOME
2024020823,2025-01-31,20242025,DAL,VAN,5,3,REG,HOME
2024020824,2025-01-31,20242025,COL,STL,5,0,REG,HOME
2024020825,2025-01-31,20242025,UTA,CBJ,2,3,OT,AWAY
2024020826,2025-02-01,20242025,FLA,CHI,5,1,REG,HOME
2024020827,2025-02-01,20242025,BOS,NYR,6,3,REG,HOME
2024020828,2025-02-01,20242025,OTT,MIN,6,0,REG,HOME
2024020829,2025-02-01,20242025,TBL,NYI,2,3,OT,AWAY
2024020830,2025-02-01,20242025,PIT,NSH,3,0,REG,HOME
2024020831,2025-02-01,20242025,WSH,WPG,4,5,OT,AWAY
2024020832,2025-02-01,20242025,CAR,LAK,2,4,REG,AWAY
2024020833,2025-02-01,20242025,EDM,TOR,3,4,REG,AWAY
2024020834,2025-02-01,20242025,CGY,DET,1,3,REG,AWAY
2024020835,2025-02-02,20242025,BUF,NJD,4,3,REG,HOME
2024020836,2025-02-02,20242025,COL,PHI,2,0,REG,HOME
2024020837,2025-02-02,20242025,ANA,MTL,3,2,REG,HOME
2024020838,2025-02-02,20242025,FLA,NYI,6,3,REG,HOME
2024020839,2025-02-02,20242025,NYR,VGK,4,2,REG,HOME
2024020840,2025-02-02,20242025,DAL,CBJ,5,3,REG,HOME
2024020841,2025-02-02,20242025,UTA,STL,1,2,REG,AWAY
2024020842,2025-02-02,20242025,VAN,DET,2,3,OT,AWAY
2024020843,2025-02-02,20242025,SEA,CGY,2,3,REG,AWAY
2024020844,2025-02-03,20242025,NSH,OTT,2,5,REG,AWAY
2024020845,2025-02-04,20242025,BOS,MIN,3,0,REG,HOME
2024020846,2025-02-04,20242025,BUF,CBJ,3,2,REG,HOME
2024020847,2025-02-04,20242025,TBL,OTT,4,3,REG,HOME
2024020848,2025-02-04,20242025,PIT,NJD,2,3,SO,AWAY
2024020849,2025-02-04,20242025,WSH,FLA,6,3,REG,HOME
2024020850,2025-02-04,20242025,NYI,VGK,2,1,REG,HOME
2024020851,2025-02-04,20242025,STL,EDM,2,3,OT,AWAY
2024020852,2025-02-04,20242025,WPG,CAR,3,0,REG,HOME
2024020853,2025-02-04,20242025,CGY,TOR,3,6,REG,AWAY
2024020854,2025-02-04,20242025,UTA,PHI,3,2,OT,HOME
2024020855,2025-02-04,20242025,VAN,COL,3,0,REG,HOME
2024020857,2025-02-04,20242025,SEA,DET,4,5,SO,AWAY
2024020856,2025-02-04,20242025,ANA,DAL,2,1,REG,HOME
2024020858,2025-02-04,20242025,SJS,MTL,3,4,REG,AWAY
2024020859,2025-02-05,20242025,NYR,BOS,3,2,REG,HOME
2024020860,2025-02-05,20242025,CHI,EDM,3,4,OT,AWAY
2024020861,2025-02-05,20242025,LAK,MTL,6,3,REG,HOME
2024020862,2025-02-06,20242025,TBL,OTT,5,1,REG,HOME
2024020863,2025-02-06,20242025,NJD,VGK,1,3,REG,AWAY
2024020864,2025-02-06,20242025,PHI,WSH,3,4,REG,AWAY
2024020865,2025-02-06,20242025,CBJ,UTA,2,3,OT,AWAY
2024020867,2025-02-06,20242025,MIN,CAR,2,1,REG,HOME
2024020866,2025-02-06,20242025,STL,FLA,2,3,REG,AWAY
2024020868,2025-02-06,20242025,CGY,COL,2,4,REG,AWAY
2024020869,2025-02-06,20242025,SEA,TOR,1,3,REG,AWAY
2024020870,2025-02-06,20242025,SJS,VAN,1,2,OT,AWAY
2024020871,2025-02-07,20242025,NYR,PIT,2,3,REG,AWAY
2024020872,2025-02-07,20242025,WPG,NYI,4,3,REG,HOME
2024020873,2025-02-07,20242025,CHI,NSH,6,2,REG,HOME
2024020874,2025-02-07,20242025,EDM,COL,4,5,REG,AWAY
2024020875,2025-02-07,20242025,LAK,DAL,5,4,SO,HOME
2024020876,2025-02-08,20242025,MTL,NJD,0,4,REG,AWAY
2024020877,2025-02-08,20242025,DET,TBL,3,6,REG,AWAY
2024020878,2025-02-08,20242025,CAR,UTA,7,3,REG,HOME
2024020879,2025-02-08,20242025,BOS,VGK,3,4,REG,AWAY
2024020880,2025-02-08,20242025,FLA,OTT,5,1,REG,HOME
2024020881,2025-02-08,20242025,PHI,PIT,3,2,REG,HOME
2024020882,2025-02-08,20242025,CBJ,NYR,3,4,REG,AWAY
2024020883,2025-02-08,20242025,STL,CHI,6,5,SO,HOME
2024020884,2025-02-08,20242025,VAN,TOR,2,1,REG,HOME
2024020885,2025-02-08,20242025,NSH,BUF,6,4,REG,HOME
2024020886,2025-02-08,20242025,MIN,NYI,6,3,REG,HOME
2024020887,2025-02-08,20242025,CGY,SEA,2,3,OT,AWAY
2024020889,2025-02-08,20242025,SJS,DAL,3,8,REG,AWAY
2024020888,2025-02-08,20242025,LAK,ANA,1,2,SO,AWAY
2024020890,2025-02-09,20242025,WSH,UTA,4,5,SO,AWAY
2024020891,2025-02-09,20242025,MTL,TBL,3,5,REG,AWAY
2024020894,2025-02-22,20242025,DET,MIN,3,4,OT,AWAY
2024020892,2025-02-22,20242025,PHI,EDM,6,3,REG,HOME
2024020893,2025-02-22,20242025,PIT,WSH,3,8,REG,AWAY
2024020895,2025-02-22,20242025,BUF,NYR,8,2,REG,HOME
2024020896,2025-02-22,20242025,FLA,SEA,1,2,REG,AWAY
2024020897,2025-02-22,20242025,NJD,DAL,2,4,REG,AWAY
2024020898,2025-02-22,20242025,NSH,COL,2,1,REG,HOME
2024020899,2025-02-22,20242025,BOS,ANA,2,3,OT,AWAY
2024020900,2025-02-22,20242025,TOR,CAR,6,3,REG,HOME
2024020901,2025-02-22,20242025,OTT,MTL,2,5,REG,AWAY
2024020902,2025-02-22,20242025,CBJ,CHI,5,1,REG,HOME
2024020903,2025-02-22,20242025,STL,WPG,3,4,SO,AWAY
2024020904,2025-02-22,20242025,LAK,UTA,5,3,REG,HOME
2024020905,2025-02-22,20242025,VGK,VAN,3,1,REG,HOME
2024020906,2025-02-23,20242025,WSH,EDM,7,3,REG,HOME
2024020907,2025-02-23,20242025,PIT,NYR,3,5,REG,AWAY
2024020908,2025-02-23,20242025,DET,ANA,5,4,OT,HOME
2024020909,2025-02-23,20242025,TBL,SEA,4,1,REG,HOME
2024020910,2025-02-23,20242025,STL,COL,3,1,REG,HOME
2024020911,2025-02-23,20242025,NSH,NJD,0,5,REG,AWAY
2024020912,2025-02-23,20242025,CHI,TOR,2,5,REG,AWAY
2024020913,2025-02-23,20242025,NYI,DAL,3,4,REG,AWAY
2024020914,2025-02-23,20242025,CGY,SJS,3,2,REG,HOME
2024020915,2025-02-23,20242025,UTA,VAN,2,1,REG,HOME
2024020916,2025-02-24,20242025,WPG,SJS,2,1,OT,HOME
2024020917,2025-02-24,20242025,LAK,VGK,5,2,REG,HOME
2024020918,2025-02-25,20242025,BOS,TOR,4,5,OT,AWAY
2024020919,2025-02-25,20242025,BUF,ANA,3,2,REG,HOME
2024020920,2025-02-25,20242025,MTL,CAR,4,0,REG,HOME
2024020922,2025-02-25,20242025,PHI,PIT,6,1,REG,HOME
2024020923,2025-02-25,20242025,WSH,CGY,1,3,REG,AWAY
2024020924,2025-02-25,20242025,CBJ,DAL,6,4,REG,HOME
2024020921,2025-02-25,20242025,TBL,EDM,4,1,REG,HOME
2024020925,2025-02-25,20242025,NYI,NYR,1,5,REG,AWAY
2024020926,2025-02-25,20242025,STL,SEA,7,2,REG,HOME
2024020927,2025-02-25,20242025,NSH,FLA,1,4,REG,AWAY
2024020928,2025-02-25,20242025,MIN,DET,2,3,REG,AWAY
2024020929,2025-02-25,20242025,UTA,CHI,2,1,REG,HOME
2024020930,2025-02-26,20242025,OTT,WPG,1,4,REG,AWAY
2024020931,2025-02-26,20242025,COL,NJD,5,1,REG,HOME
2024020932,2025-02-26,20242025,LAK,VAN,2,3,OT,AWAY
2024020933,2025-02-27,20242025,BOS,NYI,1,2,REG,AWAY
2024020934,2025-02-27,20242025,MTL,SJS,4,3,OT,HOME
2024020935,2025-02-27,20242025,DET,CBJ,2,5,REG,AWAY
2024020936,2025-02-27,20242025,TBL,CGY,3,0,REG,HOME
2024020937,2025-02-27,20242025,FLA,EDM,4,3,REG,HOME
2024020939,2025-02-27,20242025,WSH,STL,2,5,REG,AWAY
2024020940,2025-02-27,20242025,CAR,BUF,5,2,REG,HOME
2024020938,2025-02-27,20242025,PIT,PHI,5,4,OT,HOME
2024020941,2025-02-27,20242025,NSH,WPG,2,1,REG,HOME
2024020942,2025-02-27,20242025,UTA,MIN,6,1,REG,HOME
2024020943,2025-02-27,20242025,VGK,CHI,7,5,REG,HOME
2024020944,2025-02-27,20242025,ANA,VAN,5,2,REG,HOME
2024020945,2025-02-28,20242025,NYR,TOR,2,3,REG,AWAY
2024020946,2025-02-28,20242025,DAL,LAK,6,2,REG,HOME
2024020947,2025-02-28,20242025,COL,MIN,5,2,REG,HOME
2024020949,2025-03-01,20242025,NYI,NSH,7,4,REG,HOME
2024020950,2025-03-01,20242025,WSH,TBL,1,3,REG,AWAY
2024020951,2025-03-01,20242025,FLA,CGY,3,0,REG,HOME
2024020952,2025-03-01,20242025,PIT,BOS,2,3,REG,AWAY
2024020948,2025-03-01,20242025,CBJ,DET,5,3,REG,HOME
2024020953,2025-03-01,20242025,BUF,MTL,2,4,REG,AWAY
2024020954,2025-03-01,20242025,OTT,SJS,5,3,REG,HOME
2024020955,2025-03-01,20242025,CAR,EDM,1,3,REG,AWAY
2024020956,2025-03-01,20242025,WPG,PHI,1,2,SO,AWAY
2024020957,2025-03-01,20242025,STL,LAK,4,1,REG,HOME
2024020958,2025-03-01,20242025,UTA,NJD,1,3,REG,AWAY
2024020959,2025-03-01,20242025,ANA,CHI,3,6,REG,AWAY
2024020960,2025-03-01,20242025,SEA,VAN,6,3,REG,HOME
2024020961,2025-03-02,20242025,PIT,TOR,5,6,OT,AWAY
2024020962,2025-03-02,20242025,MIN,BOS,1,0,REG,HOME
2024020963,2025-03-02,20242025,CAR,CGY,2,1,OT,HOME
2024020964,2025-03-02,20242025,DAL,STL,6,3,REG,HOME
2024020965,2025-03-02,20242025,NYR,NSH,4,0,REG,HOME
2024020966,2025-03-02,20242025,VGK,NJD,2,0,REG,HOME
2024020967,2025-03-03,20242025,WSH,OTT,5,4,SO,HOME
2024020968,2025-03-03,20242025,MTL,BUF,4,3,OT,HOME
2024020969,2025-03-03,20242025,FLA,TBL,2,1,REG,HOME
2024020970,2025-03-03,20242025,NYR,NYI,4,0,REG,HOME
2024020971,2025-03-03,20242025,TOR,SJS,2,3,SO,AWAY
2024020972,2025-03-03,20242025,CHI,LAK,5,1,REG,HOME
2024020973,2025-03-04,20242025,BOS,NSH,3,6,REG,AWAY
2024020974,2025-03-04,20242025,BUF,SJS,2,6,REG,AWAY
2024020975,2025-03-04,20242025,DET,CAR,1,2,REG,AWAY
2024020976,2025-03-04,20242025,TBL,CBJ,6,2,REG,HOME
2024020977,2025-03-04,20242025,PHI,CGY,3,6,REG,AWAY
2024020978,2025-03-04,20242025,NYI,WPG,3,2,REG,HOME
2024020979,2025-03-04,20242025,DAL,NJD,4,3,REG,HOME
2024020980,2025-03-04,20242025,COL,PIT,4,1,REG,HOME
2024020981,2025-03-04,20242025,EDM,ANA,2,6,REG,AWAY
2024020982,2025-03-04,20242025,SEA,MIN,3,4,REG,AWAY
2024020983,2025-03-05,20242025,NYR,WSH,2,3,OT,AWAY
2024020984,2025-03-05,20242025,CHI,OTT,3,4,OT,AWAY
2024020985,2025-03-05,20242025,VGK,TOR,5,2,REG,HOME
2024020986,2025-03-05,20242025,VAN,ANA,3,2,REG,HOME
2024020987,2025-03-05,20242025,LAK,STL,2,3,SO,AWAY
2024020988,2025-03-06,20242025,DET,UTA,2,4,REG,AWAY
2024020989,2025-03-06,20242025,TBL,BUF,6,5,REG,HOME
2024020990,2025-03-06,20242025,FLA,CBJ,3,0,REG,HOME
2024020991,2025-03-06,20242025,PHI,WPG,1,4,REG,AWAY
2024020992,2025-03-06,20242025,CAR,BOS,3,2,REG,HOME
2024020993,2025-03-06,20242025,NSH,SEA,5,3,REG,HOME
2024020994,2025-03-06,20242025,DAL,CGY,3,2,OT,HOME
2024020995,2025-03-06,20242025,EDM,MTL,3,2,OT,HOME
2024020996,2025-03-06,20242025,COL,SJS,7,3,REG,HOME
2024020997,2025-03-07,20242025,NJD,WPG,1,6,REG,AWAY
2024020998,2025-03-07,20242025,WSH,DET,5,2,REG,HOME
2024020999,2025-03-07,20242025,CHI,UTA,4,3,OT,HOME
2024021000,2025-03-07,20242025,VAN,MIN,3,1,REG,HOME
2024021001,2025-03-07,20242025,VGK,PIT,4,0,REG,HOME
2024021002,2025-03-07,20242025,ANA,STL,3,4,REG,AWAY
2024021003,2025-03-08,20242025,OTT,NYR,4,3,OT,HOME
2024021004,2025-03-08,20242025,PHI,SEA,1,4,REG,AWAY
2024021005,2025-03-08,20242025,TBL,BOS,0,4,REG,AWAY
2024021006,2025-03-08,20242025,FLA,BUF,4,0,REG,HOME
2024021007,2025-03-08,20242025,COL,TOR,7,4,REG,HOME
2024021008,2025-03-08,20242025,CGY,MTL,1,0,REG,HOME
2024021009,2025-03-08,20242025,NSH,CHI,3,2,OT,HOME
2024021010,2025-03-08,20242025,LAK,STL,2,1,OT,HOME
2024021011,2025-03-08,20242025,EDM,DAL,5,4,REG,HOME
2024021012,2025-03-08,20242025,SJS,NYI,2,4,REG,AWAY
2024021013,2025-03-09,20242025,PHI,NJD,1,3,REG,AWAY
2024021014,2025-03-09,20242025,WSH,SEA,4,2,REG,HOME
2024021015,2025-03-09,20242025,MIN,PIT,1,3,REG,AWAY
2024021016,2025-03-09,20242025,CAR,WPG,4,2,REG,HOME
2024021017,2025-03-09,20242025,NYR,CBJ,3,7,REG,AWAY
2024021018,2025-03-09,20242025,VGK,LAK,5,6,REG,AWAY
2024021019,2025-03-09,20242025,VAN,DAL,1,4,REG,AWAY
2024021020,2025-03-09,20242025,ANA,NYI,4,1,REG,HOME
2024021021,2025-03-10,20242025,BUF,EDM,3,2,REG,HOME
2024021022,2025-03-10,20242025,OTT,DET,2,1,REG,HOME
2024021023,2025-03-10,20242025,COL,CHI,3,0,REG,HOME
2024021024,2025-03-10,20242025,UTA,TOR,3,4,SO,AWAY
2024021025,2025-03-11,20242025,BOS,FLA,3,2,REG,HOME
2024021026,2025-03-11,20242025,NJD,CBJ,5,3,REG,HOME
2024021027,2025-03-11,20242025,PHI,OTT,2,5,REG,AWAY
2024021028,2025-03-11,20242025,PIT,VGK,3,2,OT,HOME
2024021029,2025-03-11,20242025,CAR,TBL,4,1,REG,HOME
2024021030,2025-03-11,20242025,MIN,COL,2,1,SO,HOME
2024021031,2025-03-11,20242025,WPG,NYR,2,1,REG,HOME
2024021032,2025-03-11,20242025,VAN,MTL,2,4,REG,AWAY
2024021033,2025-03-11,20242025,ANA,WSH,4,7,REG,AWAY
2024021034,2025-03-11,20242025,LAK,NYI,4,1,REG,HOME
2024021035,2025-03-11,20242025,SJS,NSH,2,3,REG,AWAY
2024021036,2025-03-12,20242025,DET,BUF,7,3,REG,HOME
2024021037,2025-03-12,20242025,CGY,VAN,3,4,SO,AWAY
2024021038,2025-03-12,20242025,UTA,ANA,3,2,REG,HOME
2024021039,2025-03-12,20242025,SEA,MTL,5,4,OT,HOME
2024021040,2025-03-13,20242025,TOR,FLA,2,3,REG,AWAY
2024021041,2025-03-13,20242025,OTT,BOS,6,3,REG,HOME
2024021043,2025-03-13,20242025,PHI,TBL,4,3,SO,HOME
2024021044,2025-03-13,20242025,PIT,STL,5,3,REG,HOME
2024021045,2025-03-13,20242025,CBJ,VGK,0,4,REG,AWAY
2024021042,2025-03-13,20242025,NJD,EDM,3,2,REG,HOME
2024021046,2025-03-13,20242025,MIN,NYR,2,3,OT,AWAY
2024021047,2025-03-13,20242025,LAK,WSH,3,0,REG,HOME
2024021048,2025-03-13,20242025,SJS,CHI,4,2,REG,HOME
2024021049,2025-03-14,20242025,CAR,DET,4,2,REG,HOME
2024021050,2025-03-14,20242025,NYI,EDM,1,2,OT,AWAY
2024021051,2025-03-14,20242025,WPG,DAL,4,1,REG,HOME
2024021052,2025-03-14,20242025,CGY,COL,2,4,REG,AWAY
2024021053,2025-03-14,20242025,ANA,NSH,2,1,REG,HOME
2024021054,2025-03-14,20242025,SEA,UTA,4,2,REG,HOME
2024021055,2025-03-15,20242025,BUF,VGK,4,3,SO,HOME
2024021056,2025-03-15,20242025,PIT,NJD,7,3,REG,HOME
2024021057,2025-03-15,20242025,SJS,WSH,1,5,REG,AWAY
2024021058,2025-03-15,20242025,BOS,TBL,2,6,REG,AWAY
2024021059,2025-03-15,20242025,TOR,OTT,2,4,REG,AWAY
2024021060,2025-03-15,20242025,MTL,FLA,3,1,REG,HOME
2024021061,2025-03-15,20242025,PHI,CAR,0,5,REG,AWAY
2024021062,2025-03-15,20242025,CBJ,NYR,0,4,REG,AWAY
2024021063,2025-03-15,20242025,MIN,STL,1,5,REG,AWAY
2024021064,2025-03-15,20242025,LAK,NSH,1,0,OT,HOME
2024021065,2025-03-15,20242025,VAN,CHI,6,2,REG,HOME
2024021066,2025-03-16,20242025,DET,VGK,3,0,REG,HOME
2024021067,2025-03-16,20242025,COL,DAL,4,3,OT,HOME
2024021069,2025-03-16,20242025,NYR,EDM,1,3,REG,AWAY
2024021070,2025-03-16,20242025,NYI,FLA,4,2,REG,HOME
2024021068,2025-03-16,20242025,STL,ANA,7,2,REG,HOME
2024021071,2025-03-16,20242025,VAN,UTA,1,3,REG,AWAY
2024021072,2025-03-16,20242025,SEA,WPG,2,3,OT,AWAY
2024021073,2025-03-17,20242025,BOS,BUF,2,3,OT,AWAY
2024021074,2025-03-17,20242025,TBL,PHI,2,0,REG,HOME
2024021075,2025-03-17,20242025,CBJ,NJD,1,2,REG,AWAY
2024021076,2025-03-17,20242025,TOR,CGY,6,2,REG,HOME
2024021077,2025-03-17,20242025,MIN,LAK,3,1,REG,HOME
2024021078,2025-03-18,20242025,MTL,OTT,6,3,REG,HOME
2024021079,2025-03-18,20242025,NYR,CGY,1,2,REG,AWAY
2024021080,2025-03-18,20242025,PIT,NYI,2,4,REG,AWAY
2024021081,2025-03-18,20242025,WSH,DET,4,1,REG,HOME
2024021082,2025-03-18,20242025,NSH,STL,1,4,REG,AWAY
2024021083,2025-03-18,20242025,DAL,ANA,4,3,OT,HOME
2024021084,2025-03-18,20242025,CHI,SEA,2,6,REG,AWAY
2024021085,2025-03-18,20242025,EDM,UTA,7,1,REG,HOME
2024021086,2025-03-18,20242025,VAN,WPG,6,2,REG,HOME
2024021087,2025-03-19,20242025,TOR,COL,2,1,REG,HOME
2024021088,2025-03-19,20242025,MIN,SEA,4,0,REG,HOME
2024021089,2025-03-20,20242025,OTT,COL,1,5,REG,AWAY
2024021090,2025-03-20,20242025,NJD,CGY,3,5,REG,AWAY
2024021091,2025-03-20,20242025,NYR,TOR,3,4,REG,AWAY
2024021092,2025-03-20,20242025,WSH,PHI,3,2,REG,HOME
2024021093,2025-03-20,20242025,CBJ,FLA,0,1,OT,AWAY
2024021094,2025-03-20,20242025,NYI,MTL,4,3,OT,HOME
2024021095,2025-03-20,20242025,STL,VAN,4,3,OT,HOME
2024021096,2025-03-20,20242025,NSH,ANA,1,4,REG,AWAY
2024021097,2025-03-20,20242025,DAL,TBL,2,3,SO,AWAY
2024021098,2025-03-20,20242025,CHI,LAK,1,3,REG,AWAY
2024021099,2025-03-20,20242025,EDM,WPG,3,4,OT,AWAY
2024021100,2025-03-20,20242025,UTA,BUF,5,2,REG,HOME
2024021101,2025-03-20,20242025,VGK,BOS,5,1,REG,HOME
2024021102,2025-03-20,20242025,SJS,CAR,1,3,REG,AWAY
2024021103,2025-03-21,20242025,PIT,CBJ,6,3,REG,HOME
2024021104,2025-03-22,20242025,NYR,VAN,5,3,REG,HOME
2024021105,2025-03-22,20242025,DAL,PHI,3,2,OT,HOME
2024021106,2025-03-22,20242025,MIN,BUF,4,1,REG,HOME
2024021107,2025-03-22,20242025,STL,CHI,4,1,REG,HOME
2024021108,2025-03-22,20242025,NYI,CGY,3,4,OT,AWAY
2024021109,2025-03-22,20242025,LAK,CAR,7,2,REG,HOME
2024021110,2025-03-22,20242025,WSH,FLA,6,3,REG,HOME
2024021111,2025-03-22,20242025,UTA,TBL,6,4,REG,HOME
2024021112,2025-03-22,20242025,MTL,COL,4,5,SO,AWAY
2024021113,2025-03-22,20242025,NJD,OTT,2,3,REG,AWAY
2024021114,2025-03-22,20242025,NSH,TOR,5,2,REG,HOME
2024021115,2025-03-22,20242025,VGK,DET,6,3,REG,HOME
2024021116,2025-03-22,20242025,EDM,SEA,5,4,REG,HOME
2024021117,2025-03-22,20242025,SJS,BOS,3,1,REG,HOME
2024021118,2025-03-23,20242025,CHI,PHI,7,4,REG,HOME
2024021119,2025-03-23,20242025,WPG,BUF,3,5,REG,AWAY
2024021120,2025-03-23,20242025,FLA,PIT,4,3,SO,HOME
2024021121,2025-03-23,20242025,STL,NSH,4,1,REG,HOME
2024021122,2025-03-23,20242025,VGK,TBL,4,2,REG,HOME
2024021123,2025-03-23,20242025,ANA,CAR,2,5,REG,AWAY
2024021124,2025-03-23,20242025,LAK,BOS,7,2,REG,HOME
2024021125,2025-03-24,20242025,NJD,VAN,3,4,SO,AWAY
2024021126,2025-03-24,20242025,NYI,CBJ,3,4,SO,AWAY
2024021127,2025-03-24,20242025,DAL,MIN,3,0,REG,HOME
2024021128,2025-03-24,20242025,UTA,DET,1,5,REG,AWAY
2024021129,2025-03-25,20242025,BUF,OTT,3,2,REG,HOME
2024021130,2025-03-25,20242025,TOR,PHI,7,2,REG,HOME
2024021131,2025-03-25,20242025,TBL,PIT,6,1,REG,HOME
2024021132,2025-03-25,20242025,CAR,NSH,1,3,REG,AWAY
2024021133,2025-03-25,20242025,STL,MTL,6,1,REG,HOME
2024021134,2025-03-25,20242025,MIN,VGK,1,5,REG,AWAY
2024021135,2025-03-25,20242025,WPG,WSH,3,2,OT,HOME
2024021136,2025-03-25,20242025,COL,DET,5,2,REG,HOME
2024021137,2025-03-25,20242025,CGY,SEA,4,3,OT,HOME
2024021138,2025-03-25,20242025,LAK,NYR,3,1,REG,HOME
2024021139,2025-03-26,20242025,NYI,VAN,2,5,REG,AWAY
2024021140,2025-03-26,20242025,CHI,NJD,3,5,REG,AWAY
2024021141,2025-03-26,20242025,EDM,DAL,3,4,REG,AWAY
2024021142,2025-03-26,20242025,ANA,BOS,6,2,REG,HOME
2024021143,2025-03-27,20242025,BUF,PIT,7,3,REG,HOME
2024021144,2025-03-27,20242025,DET,OTT,3,4,REG,AWAY
2024021145,2025-03-27,20242025,TBL,UTA,8,0,REG,HOME
2024021146,2025-03-27,20242025,PHI,MTL,6,4,REG,HOME
2024021148,2025-03-27,20242025,MIN,WSH,4,2,REG,HOME
2024021147,2025-03-27,20242025,NSH,STL,2,3,REG,AWAY
2024021150,2025-03-27,20242025,CGY,DAL,2,5,REG,AWAY
2024021149,2025-03-27,20242025,COL,LAK,4,0,REG,HOME
2024021151,2025-03-27,20242025,SEA,EDM,6,1,REG,HOME
2024021152,2025-03-27,20242025,SJS,TOR,6,5,SO,HOME
2024021153,2025-03-28,20242025,FLA,UTA,2,1,OT,HOME
2024021154,2025-03-28,20242025,CAR,MTL,4,1,REG,HOME
2024021155,2025-03-28,20242025,CBJ,VAN,7,6,SO,HOME
2024021156,2025-03-28,20242025,WPG,NJD,4,0,REG,HOME
2024021157,2025-03-28,20242025,CHI,VGK,3,5,REG,AWAY
2024021158,2025-03-28,20242025,ANA,NYR,5,4,OT,HOME
2024021159,2025-03-29,20242025,PHI,BUF,7,4,REG,HOME
2024021160,2025-03-29,20242025,TBL,NYI,5,3,REG,HOME
2024021161,2025-03-29,20242025,COL,STL,1,2,REG,AWAY
2024021162,2025-03-29,20242025,MIN,NJD,2,5,REG,AWAY
2024021163,2025-03-29,20242025,NSH,VGK,1,3,REG,AWAY
2024021164,2025-03-29,20242025,OTT,CBJ,3,2,REG,HOME
2024021165,2025-03-29,20242025,LAK,TOR,1,3,REG,AWAY
2024021166,2025-03-29,20242025,DET,BOS,2,1,REG,HOME
2024021167,2025-03-29,20242025,EDM,CGY,3,2,OT,HOME
2024021168,2025-03-29,20242025,SJS,NYR,1,6,REG,AWAY
2024021169,2025-03-29,20242025,SEA,DAL,1,5,REG,AWAY
2024021170,2025-03-30,20242025,FLA,MTL,2,4,REG,AWAY
2024021171,2025-03-30,20242025,WSH,BUF,5,8,REG,AWAY
2024021172,2025-03-30,20242025,WPG,VAN,3,1,REG,HOME
2024021173,2025-03-30,20242025,CHI,UTA,2,5,REG,AWAY
2024021174,2025-03-30,20242025,PIT,OTT,1,0,OT,HOME
2024021175,2025-03-30,20242025,CAR,NYI,6,4,REG,HOME
2024021176,2025-03-30,20242025,ANA,TOR,2,3,REG,AWAY
2024021177,2025-03-30,20242025,LAK,SJS,8,1,REG,HOME
2024021178,2025-03-31,20242025,NJD,MIN,3,2,SO,HOME
2024021179,2025-03-31,20242025,PHI,NSH,2,1,REG,HOME
2024021180,2025-03-31,20242025,COL,CGY,2,3,SO,AWAY
2024021181,2025-03-31,20242025,SEA,DAL,1,3,REG,AWAY
2024021182,2025-04-01,20242025,BOS,WSH,3,4,REG,AWAY
2024021183,2025-04-01,20242025,MTL,FLA,3,2,OT,HOME
2024021184,2025-04-01,20242025,OTT,BUF,2,5,REG,AWAY
2024021185,2025-04-01,20242025,CBJ,NSH,8,4,REG,HOME
2024021186,2025-04-01,20242025,NYI,TBL,1,4,REG,AWAY
2024021187,2025-04-01,20242025,STL,DET,2,1,OT,HOME
2024021188,2025-04-01,20242025,UTA,CGY,3,1,REG,HOME
2024021189,2025-04-01,20242025,VGK,EDM,2,3,REG,AWAY
2024021190,2025-04-01,20242025,ANA,SJS,4,3,SO,HOME
2024021191,2025-04-01,20242025,LAK,WPG,4,1,REG,HOME
2024021192,2025-04-02,20242025,NYR,MIN,5,4,OT,HOME
2024021193,2025-04-02,20242025,CAR,WSH,5,1,REG,HOME
2024021194,2025-04-02,20242025,TOR,FLA,3,2,REG,HOME
2024021195,2025-04-02,20242025,CHI,COL,2,3,SO,AWAY
2024021196,2025-04-02,20242025,VAN,SEA,0,5,REG,AWAY
2024021197,2025-04-03,20242025,MTL,BOS,4,1,REG,HOME
2024021198,2025-04-03,20242025,OTT,TBL,2,1,REG,HOME
2024021199,2025-04-03,20242025,CBJ,COL,3,7,REG,AWAY
2024021200,2025-04-03,20242025,STL,PIT,5,4,OT,HOME
2024021201,2025-04-03,20242025,DAL,NSH,5,1,REG,HOME
2024021202,2025-04-03,20242025,UTA,LAK,2,4,REG,AWAY
2024021203,2025-04-03,20242025,CGY,ANA,4,1,REG,HOME
2024021204,2025-04-03,20242025,VGK,WPG,0,4,REG,AWAY
2024021205,2025-04-03,20242025,SJS,EDM,2,3,REG,AWAY
2024021206,2025-04-04,20242025,DET,CAR,5,3,REG,HOME
2024021207,2025-04-04,20242025,WSH,CHI,5,3,REG,HOME
2024021208,2025-04-04,20242025,NYI,MIN,3,1,REG,HOME
2024021209,2025-04-05,20242025,NJD,NYR,4,0,REG,HOME
2024021210,2025-04-05,20242025,OTT,FLA,3,0,REG,HOME
2024021211,2025-04-05,20242025,DAL,PIT,3,5,REG,AWAY
2024021212,2025-04-05,20242025,VAN,ANA,6,2,REG,HOME
2024021213,2025-04-05,20242025,LAK,EDM,3,0,REG,HOME
2024021214,2025-04-05,20242025,BOS,CAR,5,1,REG,HOME
2024021215,2025-04-05,20242025,BUF,TBL,3,2,SO,HOME
2024021216,2025-04-05,20242025,TOR,CBJ,5,0,REG,HOME
2024021217,2025-04-05,20242025,MTL,PHI,3,2,REG,HOME
2024021218,2025-04-05,20242025,STL,COL,5,4,REG,HOME
2024021219,2025-04-05,20242025,UTA,WPG,4,1,REG,HOME
2024021220,2025-04-05,20242025,CGY,VGK,2,3,OT,AWAY
2024021221,2025-04-05,20242025,SJS,SEA,1,5,REG,AWAY
2024021222,2025-04-06,20242025,NYI,WSH,4,1,REG,HOME
2024021223,2025-04-06,20242025,MIN,DAL,3,2,OT,HOME
2024021224,2025-04-06,20242025,OTT,CBJ,4,0,REG,HOME
2024021225,2025-04-06,20242025,DET,FLA,2,1,REG,HOME
2024021226,2025-04-06,20242025,BUF,BOS,6,3,REG,HOME
2024021227,2025-04-06,20242025,CHI,PIT,3,1,REG,HOME
2024021228,2025-04-06,20242025,NSH,MTL,1,2,REG,AWAY
2024021229,2025-04-06,20242025,VAN,VGK,2,3,REG,AWAY
2024021230,2025-04-07,20242025,NYR,TBL,1,5,REG,AWAY
2024021231,2025-04-07,20242025,WPG,STL,3,1,REG,HOME
2024021232,2025-04-07,20242025,ANA,EDM,3,2,REG,HOME
2024021233,2025-04-07,20242025,LAK,SEA,1,2,REG,AWAY
2024021234,2025-04-07,20242025,SJS,CGY,2,3,REG,AWAY
2024021235,2025-04-08,20242025,BUF,CAR,3,0,REG,HOME
2024021236,2025-04-08,20242025,MTL,DET,4,1,REG,HOME
2024021237,2025-04-08,20242025,FLA,TOR,3,1,REG,HOME
2024021238,2025-04-08,20242025,NJD,BOS,2,7,REG,AWAY
2024021239,2025-04-08,20242025,CBJ,OTT,5,2,REG,HOME
2024021240,2025-04-08,20242025,PIT,CHI,5,0,REG,HOME
2024021241,2025-04-08,20242025,NSH,NYI,7,6,OT,HOME
2024021242,2025-04-08,20242025,DAL,VAN,5,6,OT,AWAY
2024021243,2025-04-08,20242025,UTA,SEA,7,1,REG,HOME
2024021244,2025-04-08,20242025,COL,VGK,3,2,SO,HOME
2024021245,2025-04-09,20242025,TBL,TOR,3,4,OT,AWAY
2024021246,2025-04-09,20242025,NYR,PHI,5,8,REG,AWAY
2024021247,2025-04-09,20242025,MIN,SJS,8,7,OT,HOME
2024021248,2025-04-09,20242025,EDM,STL,4,3,REG,HOME
2024021249,2025-04-09,20242025,ANA,CGY,4,3,OT,HOME
2024021250,2025-04-10,20242025,BOS,CHI,2,5,REG,AWAY
2024021251,2025-04-10,20242025,FLA,DET,4,1,REG,HOME
2024021253,2025-04-10,20242025,CBJ,BUF,3,2,REG,HOME
2024021252,2025-04-10,20242025,WSH,CAR,5,4,SO,HOME
2024021254,2025-04-10,20242025,NYI,NYR,2,9,REG,AWAY
2024021255,2025-04-10,20242025,DAL,WPG,0,4,REG,AWAY
2024021256,2025-04-10,20242025,COL,VAN,1,4,REG,AWAY
2024021257,2025-04-10,20242025,UTA,NSH,3,4,SO,AWAY
2024021258,2025-04-10,20242025,VGK,SEA,2,1,REG,HOME
2024021259,2025-04-10,20242025,LAK,ANA,6,1,REG,HOME
2024021260,2025-04-11,20242025,OTT,MTL,5,2,REG,HOME
2024021261,2025-04-11,20242025,TBL,DET,3,4,OT,AWAY
2024021262,2025-04-11,20242025,NJD,PIT,2,4,REG,AWAY
2024021263,2025-04-11,20242025,EDM,SJS,4,2,REG,HOME
2024021264,2025-04-11,20242025,CGY,MIN,4,2,REG,HOME
2024021265,2025-04-12,20242025,PHI,NYI,4,3,SO,HOME
2024021270,2025-04-12,20242025,CBJ,WSH,7,0,REG,HOME
2024021266,2025-04-12,20242025,CAR,NYR,7,3,REG,HOME
2024021267,2025-04-12,20242025,LAK,COL,5,4,REG,HOME
2024021268,2025-04-12,20242025,FLA,BUF,3,2,SO,HOME
2024021269,2025-04-12,20242025,TOR,MTL,1,0,OT,HOME
2024021271,2025-04-12,20242025,CHI,WPG,4,5,SO,AWAY
2024021272,2025-04-12,20242025,DAL,UTA,3,5,REG,AWAY
2024021273,2025-04-12,20242025,VAN,MIN,2,3,OT,AWAY
2024021274,2025-04-12,20242025,VGK,NSH,5,3,REG,HOME
2024021275,2025-04-12,20242025,SEA,STL,4,3,SO,HOME
2024021276,2025-04-13,20242025,OTT,PHI,4,3,OT,HOME
2024021277,2025-04-13,20242025,NJD,NYI,0,1,REG,AWAY
2024021278,2025-04-13,20242025,PIT,BOS,1,4,REG,AWAY
2024021279,2025-04-13,20242025,CAR,TOR,1,4,REG,AWAY
2024021280,2025-04-13,20242025,TBL,BUF,7,4,REG,HOME
2024021281,2025-04-13,20242025,WSH,CBJ,1,4,REG,AWAY
2024021282,2025-04-13,20242025,WPG,EDM,1,4,REG,AWAY
2024021283,2025-04-13,20242025,CGY,SJS,5,2,REG,HOME
2024021284,2025-04-13,20242025,ANA,COL,2,4,REG,AWAY
2024021285,2025-04-14,20242025,MTL,CHI,3,4,SO,AWAY
2024021286,2025-04-14,20242025,DET,DAL,6,4,REG,HOME
2024021287,2025-04-14,20242025,FLA,NYR,3,5,REG,AWAY
2024021288,2025-04-14,20242025,NSH,UTA,3,7,REG,AWAY
2024021289,2025-04-14,20242025,EDM,LAK,0,5,REG,AWAY
2024021290,2025-04-14,20242025,VAN,SJS,2,1,OT,HOME
2024021291,2025-04-15,20242025,BOS,NJD,4,5,OT,AWAY
2024021292,2025-04-15,20242025,BUF,TOR,0,4,REG,AWAY
2024021293,2025-04-15,20242025,OTT,CHI,3,4,OT,AWAY
2024021295,2025-04-15,20242025,PHI,CBJ,0,3,REG,AWAY
2024021294,2025-04-15,20242025,TBL,FLA,5,1,REG,HOME
2024021296,2025-04-15,20242025,NYI,WSH,1,3,REG,AWAY
2024021297,2025-04-15,20242025,STL,UTA,6,1,REG,HOME
2024021298,2025-04-15,20242025,MIN,ANA,3,2,OT,HOME
2024021299,2025-04-15,20242025,CGY,VGK,5,4,SO,HOME
2024021300,2025-04-15,20242025,SEA,LAK,5,6,REG,AWAY
2024021301,2025-04-16,20242025,MTL,CAR,4,2,REG,HOME
2024021302,2025-04-16,20242025,WPG,ANA,2,1,OT,HOME
2024021303,2025-04-16,20242025,NJD,DET,2,5,REG,AWAY
2024021304,2025-04-16,20242025,NSH,DAL,5,1,REG,HOME
2024021305,2025-04-16,20242025,VAN,VGK,1,4,REG,AWAY
2024021306,2025-04-16,20242025,SJS,EDM,0,3,REG,AWAY
2024021307,2025-04-17,20242025,BUF,PHI,5,4,REG,HOME
2024021308,2025-04-17,20242025,TOR,DET,4,3,OT,HOME
2024021309,2025-04-17,20242025,OTT,CAR,7,5,REG,HOME
2024021310,2025-04-17,20242025,NYR,TBL,4,0,REG,HOME
2024021311,2025-04-17,20242025,PIT,WSH,5,2,REG,HOME
2024021312,2025-04-17,20242025,CBJ,NYI,6,1,REG,HOME
2024020653,2025-04-17,20242025,LAK,CGY,1,5,REG,AWAY
2025020001,2025-10-07,20252026,FLA,CHI,3,2,REG,HOME
2025020002,2025-10-07,20252026,NYR,PIT,0,3,REG,AWAY
2025020003,2025-10-07,20252026,LAK,COL,1,4,REG,AWAY
2025020004,2025-10-08,20252026,TOR,MTL,5,2,REG,HOME
2025020005,2025-10-08,20252026,WSH,BOS,1,3,REG,AWAY
2025020006,2025-10-08,20252026,EDM,CGY,3,4,SO,AWAY
2025020007,2025-10-08,20252026,VGK,LAK,5,6,SO,AWAY
2025020008,2025-10-09,20252026,BOS,CHI,4,3,OT,HOME
2025020009,2025-10-09,20252026,BUF,NYR,0,4,REG,AWAY
2025020010,2025-10-09,20252026,DET,MTL,1,5,REG,AWAY
2025020011,2025-10-09,20252026,TBL,OTT,4,5,REG,AWAY
2025020012,2025-10-09,20252026,FLA,PHI,2,1,REG,HOME
2025020013,2025-10-09,20252026,PIT,NYI,4,3,REG,HOME
2025020014,2025-10-09,20252026,CAR,NJD,6,3,REG,HOME
2025020015,2025-10-09,20252026,STL,MIN,0,5,REG,AWAY
2025020016,2025-10-09,20252026,NSH,CBJ,2,1,REG,HOME
2025020017,2025-10-09,20252026,WPG,DAL,4,5,REG,AWAY
2025020018,2025-10-09,20252026,COL,UTA,2,1,REG,HOME
2025020019,2025-10-09,20252026,VAN,CGY,5,1,REG,HOME
2025020020,2025-10-09,20252026,SJS,VGK,3,4,OT,AWAY
2025020021,2025-10-09,20252026,SEA,ANA,3,1,REG,HOME
2025020022,2025-10-11,20252026,WPG,LAK,3,2,REG,HOME
2025020023,2025-10-11,20252026,CGY,STL,2,4,REG,AWAY
2025020024,2025-10-11,20252026,BOS,BUF,3,1,REG,HOME
2025020025,2025-10-11,20252026,DET,TOR,6,3,REG,HOME
2025020026,2025-10-11,20252026,TBL,NJD,3,5,REG,AWAY
2025020027,2025-10-11,20252026,FLA,OTT,6,2,REG,HOME
2025020028,2025-10-11,20252026,NYI,WSH,2,4,REG,AWAY
2025020029,2025-10-11,20252026,PIT,NYR,1,6,REG,AWAY
2025020030,2025-10-11,20252026,CAR,PHI,4,3,OT,HOME
2025020031,2025-10-11,20252026,CHI,MTL,2,3,REG,AWAY
2025020032,2025-10-11,20252026,NSH,UTA,2,3,OT,AWAY
2025020033,2025-10-11,20252026,MIN,CBJ,4,7,REG,AWAY
2025020034,2025-10-11,20252026,COL,DAL,4,5,SO,AWAY
2025020035,2025-10-11,20252026,EDM,VAN,3,1,REG,HOME
2025020036,2025-10-11,20252026,SJS,ANA,6,7,OT,AWAY
2025020037,2025-10-11,20252026,SEA,VGK,2,1,OT,HOME
2025020038,2025-10-12,20252026,NYR,WSH,0,1,REG,AWAY
2025020039,2025-10-13,20252026,BUF,COL,1,3,REG,AWAY
2025020040,2025-10-13,20252026,BOS,TBL,3,4,REG,AWAY
2025020041,2025-10-13,20252026,OTT,NSH,1,4,REG,AWAY
2025020042,2025-10-13,20252026,NYI,WPG,2,5,REG,AWAY
2025020043,2025-10-13,20252026,TOR,DET,2,3,REG,AWAY
2025020044,2025-10-13,20252026,PHI,FLA,5,2,REG,HOME
2025020045,2025-10-13,20252026,CBJ,NJD,2,3,REG,AWAY
2025020046,2025-10-13,20252026,VAN,STL,2,5,REG,AWAY
2025020047,2025-10-13,20252026,MIN,LAK,4,3,SO,HOME
2025020048,2025-10-13,20252026,CHI,UTA,3,1,REG,HOME
2025020049,2025-10-14,20252026,TOR,NSH,7,4,REG,HOME
2025020050,2025-10-14,20252026,MTL,SEA,5,4,OT,HOME
2025020051,2025-10-14,20252026,NYR,EDM,0,2,REG,AWAY
2025020052,2025-10-14,20252026,WSH,TBL,3,2,OT,HOME
2025020053,2025-10-14,20252026,CGY,VGK,2,4,REG,AWAY
2025020054,2025-10-14,20252026,DAL,MIN,5,2,REG,HOME
2025020055,2025-10-14,20252026,SJS,CAR,1,5,REG,AWAY
2025020056,2025-10-14,20252026,ANA,PIT,4,3,REG,HOME
2025020057,2025-10-15,20252026,BUF,OTT,8,4,REG,HOME
2025020058,2025-10-15,20252026,DET,FLA,4,1,REG,HOME
2025020059,2025-10-15,20252026,STL,CHI,3,8,REG,AWAY
2025020060,2025-10-15,20252026,UTA,CGY,3,1,REG,HOME
2025020061,2025-10-16,20252026,TOR,NYR,2,1,OT,HOME
2025020062,2025-10-16,20252026,MTL,NSH,3,2,OT,HOME
2025020063,2025-10-16,20252026,OTT,SEA,4,3,SO,HOME
2025020064,2025-10-16,20252026,NJD,FLA,3,1,REG,HOME
2025020066,2025-10-16,20252026,PHI,WPG,2,5,REG,AWAY
2025020067,2025-10-16,20252026,CBJ,COL,1,4,REG,AWAY
2025020065,2025-10-16,20252026,NYI,EDM,4,2,REG,HOME
2025020068,2025-10-16,20252026,DAL,VAN,3,5,REG,AWAY
2025020069,2025-10-16,20252026,VGK,BOS,6,5,REG,HOME
2025020070,2025-10-16,20252026,ANA,CAR,1,4,REG,AWAY
2025020071,2025-10-16,20252026,LAK,PIT,2,4,REG,AWAY
2025020072,2025-10-17,20252026,DET,TBL,2,1,OT,HOME
2025020073,2025-10-17,20252026,WSH,MIN,5,1,REG,HOME
2025020074,2025-10-17,20252026,CHI,VAN,2,3,SO,AWAY
2025020075,2025-10-17,20252026,UTA,SJS,6,3,REG,HOME
2025020076,2025-10-18,20252026,BUF,FLA,3,0,REG,HOME
2025020077,2025-10-18,20252026,OTT,NYI,4,5,REG,AWAY
2025020078,2025-10-18,20252026,NJD,EDM,5,3,REG,HOME
2025020079,2025-10-18,20252026,TOR,SEA,3,4,OT,AWAY
2025020080,2025-10-18,20252026,MTL,NYR,3,4,REG,AWAY
2025020081,2025-10-18,20252026,PHI,MIN,2,1,OT,HOME
2025020082,2025-10-18,20252026,CBJ,TBL,3,2,REG,HOME
2025020083,2025-10-18,20252026,STL,DAL,3,1,REG,HOME
2025020084,2025-10-18,20252026,WPG,NSH,4,1,REG,HOME
2025020085,2025-10-18,20252026,COL,BOS,4,1,REG,HOME
2025020086,2025-10-18,20252026,LAK,CAR,3,4,OT,AWAY
2025020087,2025-10-18,20252026,VGK,CGY,6,1,REG,HOME
2025020088,2025-10-18,20252026,SJS,PIT,0,3,REG,AWAY
2025020089,2025-10-19,20252026,WSH,VAN,3,4,REG,AWAY
2025020090,2025-10-19,20252026,DET,EDM,4,2,REG,HOME
2025020091,2025-10-19,20252026,CHI,ANA,2,1,OT,HOME
2025020092,2025-10-19,20252026,UTA,BOS,3,2,REG,HOME
2025020093,2025-10-20,20252026,NYR,MIN,1,3,REG,AWAY
2025020094,2025-10-20,20252026,PHI,SEA,5,2,REG,HOME
2025020095,2025-10-20,20252026,MTL,BUF,4,2,REG,HOME
2025020096,2025-10-20,20252026,CGY,WPG,1,2,REG,AWAY
2025020097,2025-10-20,20252026,VGK,CAR,4,1,REG,HOME
2025020098,2025-10-21,20252026,TOR,NJD,2,5,REG,AWAY
2025020099,2025-10-21,20252026,OTT,EDM,2,3,OT,AWAY
2025020100,2025-10-21,20252026,NYI,SJS,4,3,REG,HOME
2025020101,2025-10-21,20252026,PIT,VAN,5,1,REG,HOME
2025020102,2025-10-21,20252026,WSH,SEA,4,1,REG,HOME
2025020103,2025-10-21,20252026,BOS,FLA,3,4,REG,AWAY
2025020104,2025-10-21,20252026,STL,LAK,1,2,OT,AWAY
2025020105,2025-10-21,20252026,NSH,ANA,2,5,REG,AWAY
2025020106,2025-10-21,20252026,DAL,CBJ,1,5,REG,AWAY
2025020107,2025-10-21,20252026,UTA,COL,4,3,OT,HOME
2025020108,2025-10-22,20252026,NJD,MIN,4,1,REG,HOME
2025020109,2025-10-22,20252026,BUF,DET,4,2,REG,HOME
2025020110,2025-10-22,20252026,CGY,MTL,1,2,OT,AWAY
2025020113,2025-10-23,20252026,TBL,CHI,2,3,REG,AWAY
2025020111,2025-10-23,20252026,BOS,ANA,5,7,REG,AWAY
2025020112,2025-10-23,20252026,OTT,PHI,2,1,REG,HOME
2025020114,2025-10-23,20252026,FLA,PIT,3,5,REG,AWAY
2025020115,2025-10-23,20252026,NYI,DET,7,2,REG,HOME
2025020116,2025-10-23,20252026,NYR,SJS,5,6,OT,AWAY
2025020117,2025-10-23,20252026,STL,UTA,4,7,REG,AWAY
2025020118,2025-10-23,20252026,NSH,VAN,2,1,REG,HOME
2025020120,2025-10-23,20252026,WPG,SEA,0,3,REG,AWAY
2025020119,2025-10-23,20252026,DAL,LAK,2,3,OT,AWAY
2025020121,2025-10-23,20252026,COL,CAR,4,5,SO,AWAY
2025020122,2025-10-23,20252026,EDM,MTL,6,5,REG,HOME
2025020123,2025-10-24,20252026,BUF,TOR,5,3,REG,HOME
2025020124,2025-10-24,20252026,NJD,SJS,3,1,REG,HOME
2025020125,2025-10-24,20252026,CBJ,WSH,1,5,REG,AWAY
2025020126,2025-10-24,20252026,WPG,CGY,5,3,REG,HOME
2025020127,2025-10-25,20252026,PHI,NYI,4,3,SO,HOME
2025020128,2025-10-25,20252026,BOS,COL,3,2,REG,HOME
2025020129,2025-10-25,20252026,TBL,ANA,4,3,REG,HOME
2025020132,2025-10-25,20252026,TOR,BUF,4,3,OT,HOME
2025020130,2025-10-25,20252026,FLA,VGK,3,0,REG,HOME
2025020131,2025-10-25,20252026,MIN,UTA,2,6,REG,AWAY
2025020133,2025-10-25,20252026,DET,STL,6,4,REG,HOME
2025020134,2025-10-25,20252026,PIT,CBJ,4,5,SO,AWAY
2025020135,2025-10-25,20252026,WSH,OTT,1,7,REG,AWAY
2025020136,2025-10-25,20252026,VAN,MTL,3,4,REG,AWAY
2025020137,2025-10-25,20252026,NSH,LAK,5,4,SO,HOME
2025020138,2025-10-25,20252026,DAL,CAR,3,2,REG,HOME
2025020139,2025-10-25,20252026,SEA,EDM,3,2,REG,HOME
2025020140,2025-10-26,20252026,NJD,COL,4,3,OT,HOME
2025020141,2025-10-26,20252026,TBL,VGK,2,1,OT,HOME
2025020142,2025-10-26,20252026,MIN,SJS,5,6,OT,AWAY
2025020143,2025-10-26,20252026,WPG,UTA,2,3,REG,AWAY
2025020144,2025-10-26,20252026,CHI,LAK,1,3,REG,AWAY
2025020145,2025-10-26,20252026,NSH,DAL,2,3,REG,AWAY
2025020146,2025-10-26,20252026,CGY,NYR,5,1,REG,HOME
2025020147,2025-10-26,20252026,VAN,EDM,4,3,OT,HOME
2025020148,2025-10-27,20252026,PIT,STL,6,3,REG,HOME
2025020149,2025-10-27,20252026,OTT,BOS,7,2,REG,HOME
2025020150,2025-10-28,20252026,PHI,PIT,3,2,SO,HOME
2025020151,2025-10-28,20252026,TOR,CGY,4,3,REG,HOME
2025020155,2025-10-28,20252026,CAR,VGK,3,6,REG,AWAY
2025020152,2025-10-28,20252026,BUF,CBJ,3,4,OT,AWAY
2025020153,2025-10-28,20252026,FLA,ANA,2,3,SO,AWAY
2025020154,2025-10-28,20252026,BOS,NYI,5,2,REG,HOME
2025020156,2025-10-28,20252026,NSH,TBL,2,5,REG,AWAY
2025020157,2025-10-28,20252026,MIN,WPG,3,4,OT,AWAY
2025020158,2025-10-28,20252026,STL,DET,2,5,REG,AWAY
2025020159,2025-10-28,20252026,DAL,WSH,1,0,REG,HOME
2025020160,2025-10-28,20252026,CHI,OTT,7,3,REG,HOME
2025020161,2025-10-28,20252026,COL,NJD,8,4,REG,HOME
2025020162,2025-10-28,20252026,EDM,UTA,6,3,REG,HOME
2025020163,2025-10-28,20252026,VAN,NYR,0,2,REG,AWAY
2025020164,2025-10-28,20252026,SEA,MTL,3,4,OT,AWAY
2025020165,2025-10-28,20252026,SJS,LAK,3,4,REG,AWAY
2025020166,2025-10-29,20252026,CBJ,TOR,6,3,REG,HOME
2025020167,2025-10-30,20252026,BOS,BUF,4,3,OT,HOME
2025020168,2025-10-30,20252026,OTT,CGY,4,3,SO,HOME
2025020169,2025-10-30,20252026,TBL,DAL,2,1,OT,HOME
2025020170,2025-10-30,20252026,PHI,NSH,4,1,REG,HOME
2025020171,2025-10-30,20252026,CAR,NYI,6,2,REG,HOME
2025020172,2025-10-30,20252026,STL,VAN,3,4,SO,AWAY
2025020173,2025-10-30,20252026,MIN,PIT,1,4,REG,AWAY
2025020174,2025-10-30,20252026,WPG,CHI,6,3,REG,HOME
2025020175,2025-10-30,20252026,EDM,NYR,3,4,OT,AWAY
2025020176,2025-10-30,20252026,SJS,NJD,5,2,REG,HOME
2025020177,2025-10-30,20252026,LAK,DET,3,4,SO,AWAY
2025020178,2025-10-31,20252026,VGK,COL,2,4,REG,AWAY
2025020179,2025-10-31,20252026,WSH,NYI,1,3,REG,AWAY
2025020180,2025-10-31,20252026,ANA,DET,5,2,REG,HOME
2025020181,2025-11-01,20252026,BOS,CAR,2,1,REG,HOME
2025020182,2025-11-01,20252026,WPG,PIT,5,2,REG,HOME
2025020183,2025-11-01,20252026,NSH,CGY,4,2,REG,HOME
2025020184,2025-11-01,20252026,SJS,COL,3,2,OT,HOME
2025020185,2025-11-01,20252026,FLA,DAL,4,3,SO,HOME
2025020186,2025-11-01,20252026,BUF,WSH,4,3,SO,HOME
2025020187,2025-11-01,20252026,MTL,OTT,4,3,OT,HOME
2025020188,2025-11-01,20252026,PHI,TOR,2,5,REG,AWAY
2025020189,2025-11-01,20252026,CBJ,STL,3,2,REG,HOME
2025020190,2025-11-01,20252026,MIN,VAN,5,2,REG,HOME
2025020191,2025-11-01,20252026,LAK,NJD,1,4,REG,AWAY
2025020192,2025-11-01,20252026,EDM,CHI,3,2,OT,HOME
2025020193,2025-11-01,20252026,SEA,NYR,2,3,OT,AWAY
2025020194,2025-11-02,20252026,UTA,TBL,2,4,REG,AWAY
2025020195,2025-11-02,20252026,NYI,CBJ,3,2,REG,HOME
2025020196,2025-11-02,20252026,PHI,CGY,1,2,REG,AWAY
2025020197,2025-11-02,20252026,ANA,NJD,4,1,REG,HOME
2025020198,2025-11-02,20252026,SJS,DET,2,3,SO,AWAY
2025020199,2025-11-03,20252026,TOR,PIT,4,3,REG,HOME
2025020200,2025-11-03,20252026,STL,EDM,3,2,REG,HOME
2025020201,2025-11-03,20252026,NSH,VAN,4,5,OT,AWAY
2025020202,2025-11-03,20252026,SEA,CHI,3,1,REG,HOME
2025020203,2025-11-04,20252026,BUF,UTA,1,2,OT,AWAY
2025020204,2025-11-04,20252026,MTL,PHI,4,5,SO,AWAY
2025020205,2025-11-04,20252026,NYI,BOS,3,4,SO,AWAY
2025020206,2025-11-04,20252026,NYR,CAR,0,3,REG,AWAY
2025020207,2025-11-04,20252026,DAL,EDM,4,3,SO,HOME
2025020208,2025-11-04,20252026,MIN,NSH,3,2,OT,HOME
2025020209,2025-11-04,20252026,COL,TBL,3,2,REG,HOME
2025020210,2025-11-04,20252026,VGK,DET,1,0,REG,HOME
2025020211,2025-11-04,20252026,ANA,FLA,7,3,REG,HOME
2025020212,2025-11-04,20252026,LAK,WPG,3,0,REG,HOME
2025020213,2025-11-05,20252026,TOR,UTA,5,3,REG,HOME
2025020214,2025-11-05,20252026,WSH,STL,6,1,REG,HOME
2025020215,2025-11-05,20252026,CGY,CBJ,5,1,REG,HOME
2025020216,2025-11-05,20252026,VAN,CHI,2,5,REG,AWAY
2025020217,2025-11-05,20252026,SEA,SJS,1,6,REG,AWAY
2025020218,2025-11-06,20252026,BOS,OTT,3,2,OT,HOME
2025020219,2025-11-06,20252026,BUF,STL,0,3,REG,AWAY
2025020220,2025-11-06,20252026,NJD,MTL,4,3,OT,HOME
2025020222,2025-11-06,20252026,CAR,MIN,4,3,REG,HOME
2025020221,2025-11-06,20252026,PIT,WSH,5,3,REG,HOME
2025020223,2025-11-06,20252026,NSH,PHI,1,3,REG,AWAY
2025020224,2025-11-06,20252026,DAL,ANA,5,7,REG,AWAY
2025020225,2025-11-06,20252026,VGK,TBL,3,6,REG,AWAY
2025020226,2025-11-06,20252026,LAK,FLA,2,5,REG,AWAY
2025020227,2025-11-07,20252026,DET,NYR,1,4,REG,AWAY
2025020228,2025-11-07,20252026,NYI,MIN,2,5,REG,AWAY
2025020229,2025-11-07,20252026,CGY,CHI,0,4,REG,AWAY
2025020230,2025-11-07,20252026,SJS,WPG,2,1,REG,HOME
2025020231,2025-11-08,20252026,NJD,PIT,2,1,SO,HOME
2025020232,2025-11-08,20252026,PHI,OTT,2,3,OT,AWAY
2025020233,2025-11-08,20252026,NSH,DAL,4,5,REG,AWAY
2025020234,2025-11-08,20252026,TOR,BOS,3,5,REG,AWAY
2025020235,2025-11-08,20252026,MTL,UTA,6,2,REG,HOME
2025020236,2025-11-08,20252026,TBL,WSH,3,2,REG,HOME
2025020237,2025-11-08,20252026,NYR,NYI,0,5,REG,AWAY
2025020238,2025-11-08,20252026,CAR,BUF,6,3,REG,HOME
2025020239,2025-11-08,20252026,STL,SEA,3,4,OT,AWAY
2025020240,2025-11-08,20252026,EDM,COL,1,9,REG,AWAY
2025020241,2025-11-08,20252026,VAN,CBJ,4,3,REG,HOME
2025020242,2025-11-08,20252026,VGK,ANA,3,4,OT,AWAY
2025020243,2025-11-08,20252026,SJS,FLA,3,1,REG,HOME
2025020244,2025-11-09,20252026,DET,CHI,1,5,REG,AWAY
2025020245,2025-11-09,20252026,PIT,LAK,2,3,REG,AWAY
2025020246,2025-11-09,20252026,TOR,CAR,4,5,REG,AWAY
2025020247,2025-11-09,20252026,OTT,UTA,4,2,REG,HOME
2025020248,2025-11-09,20252026,DAL,SEA,2,1,REG,HOME
2025020249,2025-11-09,20252026,MIN,CGY,2,0,REG,HOME
2025020250,2025-11-09,20252026,VAN,COL,4,5,OT,AWAY
2025020251,2025-11-09,20252026,ANA,WPG,4,1,REG,HOME
2025020252,2025-11-10,20252026,NJD,NYI,2,3,OT,AWAY
2025020253,2025-11-10,20252026,NYR,NSH,6,3,REG,HOME
2025020254,2025-11-10,20252026,EDM,CBJ,5,4,OT,HOME
2025020255,2025-11-10,20252026,VGK,FLA,2,3,REG,AWAY
2025020256,2025-11-11,20252026,BOS,TOR,5,3,REG,HOME
2025020257,2025-11-11,20252026,MTL,LAK,1,5,REG,AWAY
2025020258,2025-11-11,20252026,OTT,DAL,2,3,OT,AWAY
2025020259,2025-11-11,20252026,CAR,WSH,1,4,REG,AWAY
2025020260,2025-11-11,20252026,STL,CGY,3,2,REG,HOME
2025020261,2025-11-11,20252026,MIN,SJS,1,2,OT,AWAY
2025020262,2025-11-11,20252026,COL,ANA,4,1,REG,HOME
2025020263,2025-11-11,20252026,VAN,WPG,3,5,REG,AWAY
2025020264,2025-11-11,20252026,SEA,CBJ,1,2,SO,AWAY
2025020265,2025-11-12,20252026,TBL,NYR,3,7,REG,AWAY
2025020266,2025-11-12,20252026,PHI,EDM,1,2,OT,AWAY
2025020267,2025-11-12,20252026,UTA,BUF,5,2,REG,HOME
2025020268,2025-11-12,20252026,CHI,NJD,3,4,OT,AWAY
2025020269,2025-11-13,20252026,TOR,LAK,3,4,OT,AWAY
2025020270,2025-11-13,20252026,MTL,DAL,0,7,REG,AWAY
2025020271,2025-11-13,20252026,OTT,BOS,5,3,REG,HOME
2025020272,2025-11-13,20252026,DET,ANA,6,3,REG,HOME
2025020273,2025-11-13,20252026,FLA,WSH,6,3,REG,HOME
2025020274,2025-11-13,20252026,CBJ,EDM,5,4,REG,HOME
2025020275,2025-11-13,20252026,COL,BUF,6,3,REG,HOME
2025020276,2025-11-13,20252026,CGY,SJS,2,0,REG,HOME
2025020277,2025-11-13,20252026,VGK,NYI,3,4,OT,AWAY
2025020278,2025-11-13,20252026,SEA,WPG,5,3,REG,HOME
2025020281,2025-11-14,20252026,NSH,PIT,2,1,OT,HOME
2025020279,2025-11-14,20252026,CAR,VAN,4,3,OT,HOME
2025020280,2025-11-14,20252026,STL,PHI,5,6,SO,AWAY
2025020282,2025-11-14,20252026,UTA,NYI,2,3,OT,AWAY
2025020283,2025-11-15,20252026,FLA,TBL,1,3,REG,AWAY
2025020284,2025-11-15,20252026,MIN,ANA,2,0,REG,HOME
2025020285,2025-11-15,20252026,MTL,BOS,2,3,REG,AWAY
2025020286,2025-11-15,20252026,OTT,LAK,0,1,REG,AWAY
2025020287,2025-11-15,20252026,DET,BUF,4,5,OT,AWAY
2025020288,2025-11-15,20252026,WSH,NJD,2,3,SO,AWAY
2025020289,2025-11-15,20252026,CAR,EDM,3,4,OT,AWAY
2025020290,2025-11-15,20252026,CBJ,NYR,1,2,SO,AWAY
2025020291,2025-11-15,20252026,CHI,TOR,3,2,REG,HOME
2025020292,2025-11-15,20252026,STL,VGK,1,4,REG,AWAY
2025020293,2025-11-15,20252026,DAL,PHI,5,1,REG,HOME
2025020294,2025-11-15,20252026,CGY,WPG,3,4,SO,AWAY
2025020295,2025-11-15,20252026,SEA,SJS,4,1,REG,HOME
2025020296,2025-11-16,20252026,PIT,NSH,4,0,REG,HOME
2025020297,2025-11-16,20252026,TBL,VAN,2,6,REG,AWAY
2025020298,2025-11-16,20252026,MIN,VGK,3,2,OT,HOME
2025020299,2025-11-16,20252026,NYR,DET,1,2,REG,AWAY
2025020300,2025-11-16,20252026,COL,NYI,4,1,REG,HOME
2025020301,2025-11-17,20252026,BOS,CAR,1,3,REG,AWAY
2025020302,2025-11-17,20252026,BUF,EDM,5,1,REG,HOME
2025020303,2025-11-17,20252026,FLA,VAN,8,5,REG,HOME
2025020304,2025-11-17,20252026,WSH,LAK,2,1,REG,HOME
2025020305,2025-11-17,20252026,CBJ,MTL,4,3,SO,HOME
2025020306,2025-11-17,20252026,ANA,UTA,3,2,OT,HOME
2025020307,2025-11-18,20252026,TOR,STL,3,2,OT,HOME
2025020308,2025-11-18,20252026,DET,SEA,4,2,REG,HOME
2025020309,2025-11-18,20252026,TBL,NJD,5,1,REG,HOME
2025020310,2025-11-18,20252026,DAL,NYI,2,3,REG,AWAY
2025020311,2025-11-18,20252026,WPG,CBJ,5,2,REG,HOME
2025020312,2025-11-18,20252026,CHI,CGY,5,2,REG,HOME
2025020313,2025-11-18,20252026,VGK,NYR,3,2,REG,HOME
2025020314,2025-11-18,20252026,SJS,UTA,3,2,OT,HOME
2025020315,2025-11-19,20252026,WSH,EDM,7,4,REG,HOME
2025020316,2025-11-19,20252026,BUF,CGY,2,6,REG,AWAY
2025020317,2025-11-19,20252026,MIN,CAR,4,3,SO,HOME
2025020318,2025-11-19,20252026,ANA,BOS,4,3,REG,HOME
2025020319,2025-11-20,20252026,TOR,CBJ,2,3,OT,AWAY
2025020320,2025-11-20,20252026,MTL,WSH,4,8,REG,AWAY
2025020321,2025-11-20,20252026,DET,NYI,0,5,REG,AWAY
2025020323,2025-11-20,20252026,FLA,NJD,1,0,REG,HOME
2025020324,2025-11-20,20252026,PHI,STL,3,2,OT,HOME
2025020322,2025-11-20,20252026,TBL,EDM,2,1,OT,HOME
2025020325,2025-11-20,20252026,CHI,SEA,2,3,REG,AWAY
2025020326,2025-11-20,20252026,COL,NYR,6,3,REG,HOME
2025020327,2025-11-20,20252026,UTA,VGK,1,4,REG,AWAY
2025020328,2025-11-20,20252026,VAN,DAL,2,4,REG,AWAY
2025020329,2025-11-20,20252026,ANA,OTT,2,3,REG,AWAY
2025020330,2025-11-20,20252026,SJS,LAK,4,3,SO,HOME
2025020331,2025-11-21,20252026,BUF,CHI,9,3,REG,HOME
2025020332,2025-11-21,20252026,PIT,MIN,0,5,REG,AWAY
2025020333,2025-11-21,20252026,WPG,CAR,3,4,REG,AWAY
2025020334,2025-11-21,20252026,LAK,BOS,1,2,OT,AWAY
2025020335,2025-11-22,20252026,DET,CBJ,4,3,OT,HOME
2025020336,2025-11-22,20252026,NYI,STL,1,2,REG,AWAY
2025020337,2025-11-22,20252026,MTL,TOR,5,2,REG,HOME
2025020338,2025-11-22,20252026,FLA,EDM,3,6,REG,AWAY
2025020339,2025-11-22,20252026,PHI,NJD,6,3,REG,HOME
2025020340,2025-11-22,20252026,PIT,SEA,2,3,OT,AWAY
2025020341,2025-11-22,20252026,WSH,TBL,3,5,REG,AWAY
2025020342,2025-11-22,20252026,SJS,OTT,2,3,REG,AWAY
2025020343,2025-11-22,20252026,NSH,COL,0,3,REG,AWAY
2025020344,2025-11-22,20252026,UTA,NYR,3,2,REG,HOME
2025020345,2025-11-22,20252026,CGY,DAL,3,2,SO,HOME
2025020346,2025-11-22,20252026,ANA,VGK,4,3,OT,HOME
2025020347,2025-11-23,20252026,BUF,CAR,4,1,REG,HOME
2025020348,2025-11-23,20252026,WPG,MIN,0,3,REG,AWAY
2025020349,2025-11-23,20252026,NYI,SEA,1,0,SO,HOME
2025020350,2025-11-23,20252026,CHI,COL,0,1,REG,AWAY
2025020351,2025-11-23,20252026,SJS,BOS,3,1,REG,HOME
2025020352,2025-11-23,20252026,VAN,CGY,2,5,REG,AWAY
2025020353,2025-11-24,20252026,TBL,PHI,3,0,REG,HOME
2025020354,2025-11-24,20252026,NJD,DET,4,3,REG,HOME
2025020355,2025-11-24,20252026,NYR,STL,3,2,REG,HOME
2025020356,2025-11-24,20252026,WSH,CBJ,5,1,REG,HOME
2025020357,2025-11-24,20252026,NSH,FLA,3,8,REG,AWAY
2025020358,2025-11-24,20252026,UTA,VGK,5,1,REG,HOME
2025020359,2025-11-24,20252026,LAK,OTT,2,1,REG,HOME
2025020360,2025-11-25,20252026,EDM,DAL,3,8,REG,AWAY
2025020361,2025-11-26,20252026,DET,NSH,3,6,REG,AWAY
2025020362,2025-11-26,20252026,TBL,CGY,5,1,REG,HOME
2025020363,2025-11-26,20252026,FLA,PHI,2,4,REG,AWAY
2025020364,2025-11-26,20252026,NJD,STL,3,2,OT,HOME
2025020365,2025-11-26,20252026,NYI,BOS,1,3,REG,AWAY
2025020366,2025-11-26,20252026,PIT,BUF,4,2,REG,HOME
2025020367,2025-11-26,20252026,WSH,WPG,4,3,REG,HOME
2025020368,2025-11-26,20252026,CAR,NYR,2,4,REG,AWAY
2025020369,2025-11-26,20252026,CBJ,TOR,1,2,OT,AWAY
2025020370,2025-11-26,20252026,CHI,MIN,3,4,OT,AWAY
2025020371,2025-11-26,20252026,COL,SJS,6,0,REG,HOME
2025020372,2025-11-26,20252026,UTA,MTL,3,4,REG,AWAY
2025020373,2025-11-26,20252026,VGK,OTT,3,4,SO,AWAY
2025020374,2025-11-26,20252026,ANA,VAN,4,5,REG,AWAY
2025020375,2025-11-26,20252026,SEA,DAL,2,3,REG,AWAY
2025020377,2025-11-28,20252026,DET,TBL,3,6,REG,AWAY
2025020376,2025-11-28,20252026,BOS,NYR,2,6,REG,AWAY
2025020378,2025-11-28,20252026,MIN,COL,3,2,SO,HOME
2025020379,2025-11-28,20252026,BUF,NJD,0,5,REG,AWAY
2025020380,2025-11-28,20252026,FLA,CGY,3,5,REG,AWAY
2025020381,2025-11-28,20252026,NYI,PHI,3,4,SO,AWAY
2025020382,2025-11-28,20252026,STL,OTT,4,3,REG,HOME
2025020383,2025-11-28,20252026,VGK,MTL,1,4,REG,AWAY
2025020384,2025-11-28,20252026,ANA,LAK,5,4,SO,HOME
2025020385,2025-11-28,20252026,SJS,VAN,3,2,REG,HOME
2025020386,2025-11-28,20252026,WSH,TOR,4,2,REG,HOME
2025020387,2025-11-28,20252026,CAR,WPG,5,1,REG,HOME
2025020388,2025-11-28,20252026,CBJ,PIT,3,4,OT,AWAY
2025020389,2025-11-28,20252026,CHI,NSH,3,4,REG,AWAY
2025020390,2025-11-28,20252026,DAL,UTA,4,3,REG,HOME
2025020391,2025-11-29,20252026,NYR,TBL,1,4,REG,AWAY
2025020392,2025-11-29,20252026,COL,MTL,7,2,REG,HOME
2025020393,2025-11-29,20252026,SEA,EDM,0,4,REG,AWAY
2025020394,2025-11-29,20252026,BOS,DET,3,2,SO,HOME
2025020395,2025-11-29,20252026,NJD,PHI,3,5,REG,AWAY
2025020396,2025-11-29,20252026,PIT,TOR,2,7,REG,AWAY
2025020397,2025-11-29,20252026,NSH,WPG,2,5,REG,AWAY
2025020398,2025-11-29,20252026,STL,UTA,1,0,REG,HOME
2025020399,2025-11-29,20252026,MIN,BUF,2,3,SO,AWAY
2025020400,2025-11-29,20252026,VGK,SJS,4,3,REG,HOME
2025020401,2025-11-29,20252026,LAK,VAN,2,1,OT,HOME
2025020402,2025-11-30,20252026,NYI,WSH,1,4,REG,AWAY
2025020403,2025-11-30,20252026,CHI,ANA,5,3,REG,HOME
2025020404,2025-11-30,20252026,CAR,CGY,1,0,OT,HOME
2025020405,2025-11-30,20252026,DAL,OTT,6,1,REG,HOME
2025020406,2025-12-01,20252026,NJD,CBJ,3,5,REG,AWAY
2025020407,2025-12-01,20252026,PHI,PIT,1,5,REG,AWAY
2025020408,2025-12-01,20252026,BUF,WPG,5,1,REG,HOME
2025020409,2025-12-01,20252026,STL,ANA,1,4,REG,AWAY
2025020410,2025-12-01,20252026,SJS,UTA,6,3,REG,HOME
2025020411,2025-12-02,20252026,MTL,OTT,2,5,REG,AWAY
2025020412,2025-12-02,20252026,DET,BOS,5,4,REG,HOME
2025020414,2025-12-02,20252026,NYI,TBL,2,1,REG,HOME
2025020415,2025-12-02,20252026,NYR,DAL,3,2,OT,HOME
2025020413,2025-12-02,20252026,FLA,TOR,1,4,REG,AWAY
2025020416,2025-12-02,20252026,NSH,CGY,5,1,REG,HOME
2025020417,2025-12-02,20252026,COL,VAN,3,1,REG,HOME
2025020418,2025-12-02,20252026,EDM,MIN,0,1,REG,AWAY
2025020419,2025-12-02,20252026,VGK,CHI,4,3,SO,HOME
2025020420,2025-12-02,20252026,LAK,WSH,1,3,REG,AWAY
2025020421,2025-12-03,20252026,NJD,DAL,0,3,REG,AWAY
2025020422,2025-12-03,20252026,MTL,WPG,3,2,SO,HOME
2025020423,2025-12-03,20252026,PHI,BUF,5,2,REG,HOME
2025020424,2025-12-03,20252026,ANA,UTA,0,7,REG,AWAY
2025020425,2025-12-03,20252026,SJS,WSH,1,7,REG,AWAY
2025020426,2025-12-04,20252026,BOS,STL,5,2,REG,HOME
2025020427,2025-12-04,20252026,OTT,NYR,2,4,REG,AWAY
2025020428,2025-12-04,20252026,TBL,PIT,3,4,REG,AWAY
2025020429,2025-12-04,20252026,FLA,NSH,1,2,OT,AWAY
2025020430,2025-12-04,20252026,NYI,COL,6,3,REG,HOME
2025020431,2025-12-04,20252026,CAR,TOR,1,5,REG,AWAY
2025020432,2025-12-04,20252026,CBJ,DET,6,5,SO,HOME
2025020433,2025-12-04,20252026,CGY,MIN,4,1,REG,HOME
2025020434,2025-12-04,20252026,EDM,SEA,9,4,REG,HOME
2025020435,2025-12-04,20252026,LAK,CHI,1,2,REG,AWAY
2025020436,2025-12-05,20252026,NJD,VGK,0,3,REG,AWAY
2025020437,2025-12-05,20252026,WPG,BUF,4,1,REG,HOME
2025020438,2025-12-05,20252026,DAL,SJS,4,1,REG,HOME
2025020439,2025-12-05,20252026,VAN,UTA,1,4,REG,AWAY
2025020440,2025-12-05,20252026,ANA,WSH,4,3,SO,HOME
2025020441,2025-12-06,20252026,NYR,COL,2,3,OT,AWAY
2025020442,2025-12-06,20252026,FLA,CBJ,7,6,OT,HOME
2025020443,2025-12-06,20252026,BOS,NJD,4,1,REG,HOME
2025020444,2025-12-06,20252026,TOR,MTL,1,2,SO,AWAY
2025020445,2025-12-06,20252026,OTT,STL,1,2,REG,AWAY
2025020446,2025-12-06,20252026,TBL,NYI,0,2,REG,AWAY
2025020447,2025-12-06,20252026,CAR,NSH,6,3,REG,HOME
2025020448,2025-12-06,20252026,CGY,UTA,2,0,REG,HOME
2025020449,2025-12-06,20252026,LAK,CHI,6,0,REG,HOME
2025020450,2025-12-06,20252026,EDM,WPG,6,2,REG,HOME
2025020451,2025-12-06,20252026,VAN,MIN,4,2,REG,HOME
2025020452,2025-12-06,20252026,SEA,DET,3,4,REG,AWAY
2025020453,2025-12-07,20252026,PHI,COL,2,3,REG,AWAY
2025020454,2025-12-07,20252026,FLA,NYI,4,1,REG,HOME
2025020455,2025-12-07,20252026,CAR,SJS,1,4,REG,AWAY
2025020456,2025-12-07,20252026,DAL,PIT,3,2,SO,HOME
2025020457,2025-12-07,20252026,MTL,STL,3,4,REG,AWAY
2025020458,2025-12-07,20252026,NYR,VGK,2,3,OT,AWAY
2025020459,2025-12-07,20252026,WSH,CBJ,2,0,REG,HOME
2025020460,2025-12-07,20252026,ANA,CHI,7,1,REG,HOME
2025020461,2025-12-08,20252026,TOR,TBL,2,0,REG,HOME
2025020462,2025-12-08,20252026,UTA,LAK,2,4,REG,AWAY
2025020463,2025-12-08,20252026,CGY,BUF,7,4,REG,HOME
2025020464,2025-12-08,20252026,VAN,DET,0,4,REG,AWAY
2025020465,2025-12-08,20252026,SEA,MIN,1,4,REG,AWAY
2025020466,2025-12-09,20252026,MTL,TBL,1,6,REG,AWAY
2025020467,2025-12-09,20252026,OTT,NJD,3,4,REG,AWAY
2025020468,2025-12-09,20252026,NYI,VGK,5,4,SO,HOME
2025020469,2025-12-09,20252026,PHI,SJS,4,1,REG,HOME
2025020470,2025-12-09,20252026,PIT,ANA,3,4,SO,AWAY
2025020471,2025-12-09,20252026,CAR,CBJ,4,1,REG,HOME
2025020472,2025-12-09,20252026,STL,BOS,2,4,REG,AWAY
2025020473,2025-12-09,20252026,WPG,DAL,3,4,REG,AWAY
2025020474,2025-12-09,20252026,EDM,BUF,0,3,REG,AWAY
2025020475,2025-12-09,20252026,NSH,COL,2,2,REG,TIE
