game_id,period,start_seconds,end_seconds,player_id,player_name,team_id,team_abbrev
2026020001,1,0,28,8473533,Jordan Staal,12,CAR
2026020001,1,171,216,8473533,Jordan Staal,12,CAR
2026020001,1,393,440,8473533,Jordan Staal,12,CAR
2026020001,1,512,553,8473533,Jordan Staal,12,CAR
2026020001,1,722,777,8473533,Jordan Staal,12,CAR
2026020001,1,816,843,8473533,Jordan Staal,12,CAR
2026020001,1,868,891,8473533,Jordan Staal,12,CAR
2026020001,1,1124,1170,8473533,Jordan Staal,12,CAR
2026020001,2,0,39,8473533,Jordan Staal,12,CAR
2026020001,2,123,141,8473533,Jordan Staal,12,CAR
2026020001,2,172,205,8473533,Jordan Staal,12,CAR
2026020001,2,250,305,8473533,Jordan Staal,12,CAR
2026020001,2,340,349,8473533,Jordan Staal,12,CAR
2026020001,2,492,516,8473533,Jordan Staal,12,CAR
2026020001,2,628,674,8473533,Jordan Staal,12,CAR
2026020001,2,833,861,8473533,Jordan Staal,12,CAR
2026020001,2,1022,1052,8473533,Jordan Staal,12,CAR
2026020001,2,1168,1200,8473533,Jordan Staal,12,CAR
2026020001,3,0,50,8473533,Jordan Staal,12,CAR
2026020001,3,231,285,8473533,Jordan Staal,12,CAR
2026020001,3,425,432,8473533,Jordan Staal,12,CAR
2026020001,3,579,623,8473533,Jordan Staal,12,CAR
2026020001,3,667,772,8473533,Jordan Staal,12,CAR
2026020001,3,825,854,8473533,Jordan Staal,12,CAR
2026020001,3,1009,1057,8473533,Jordan Staal,12,CAR
2026020001,3,1135,1184,8473533,Jordan Staal,12,CAR
2026020001,4,0,25,8473533,Jordan Staal,12,CAR
2026020001,1,113,172,8474189,Lars Eller,13,FLA
2026020001,1,308,356,8474189,Lars Eller,13,FLA
2026020001,1,646,669,8474189,Lars Eller,13,FLA
2026020001,1,688,723,8474189,Lars Eller,13,FLA
2026020001,1,969,998,8474189,Lars Eller,13,FLA
2026020001,1,1039,1081,8474189,Lars Eller,13,FLA
2026020001,2,123,145,8474189,Lars Eller,13,FLA
2026020001,2,340,368,8474189,Lars Eller,13,FLA
2026020001,2,426,468,8474189,Lars Eller,13,FLA
2026020001,2,492,516,8474189,Lars Eller,13,FLA
2026020001,2,797,833,8474189,Lars Eller,13,FLA
2026020001,2,976,1022,8474189,Lars Eller,13,FLA
2026020001,2,1124,1168,8474189,Lars Eller,13,FLA
2026020001,3,135,231,8474189,Lars Eller,13,FLA
2026020001,3,410,425,8474189,Lars Eller,13,FLA
2026020001,3,631,660,8474189,Lars Eller,13,FLA
2026020001,3,811,825,8474189,Lars Eller,13,FLA
2026020001,3,960,1022,8474189,Lars Eller,13,FLA
2026020001,1,0,1200,8474593,Jacob Markstrom,13,FLA
2026020001,2,0,1200,8474593,Jacob Markstrom,13,FLA
2026020001,3,0,1200,8474593,Jacob Markstrom,13,FLA
2026020001,4,0,295,8474593,Jacob Markstrom,13,FLA
2026020001,1,89,121,8475179,Dmitry Kulikov,13,FLA
2026020001,1,173,216,8475179,Dmitry Kulikov,13,FLA
2026020001,1,294,331,8475179,Dmitry Kulikov,13,FLA
2026020001,1,476,512,8475179,Dmitry Kulikov,13,FLA
2026020001,1,688,726,8475179,Dmitry Kulikov,13,FLA
2026020001,1,998,1037,8475179,Dmitry Kulikov,13,FLA
2026020001,1,1153,1200,8475179,Dmitry Kulikov,13,FLA
2026020001,2,320,340,8475179,Dmitry Kulikov,13,FLA
2026020001,2,460,492,8475179,Dmitry Kulikov,13,FLA
2026020001,2,809,833,8475179,Dmitry Kulikov,13,FLA
2026020001,2,982,1022,8475179,Dmitry Kulikov,13,FLA
2026020001,2,1125,1168,8475179,Dmitry Kulikov,13,FLA
2026020001,3,231,282,8475179,Dmitry Kulikov,13,FLA
2026020001,3,286,298,8475179,Dmitry Kulikov,13,FLA
2026020001,3,391,425,8475179,Dmitry Kulikov,13,FLA
2026020001,3,573,630,8475179,Dmitry Kulikov,13,FLA
2026020001,3,739,811,8475179,Dmitry Kulikov,13,FLA
2026020001,3,984,1033,8475179,Dmitry Kulikov,13,FLA
2026020001,1,130,171,8475235,Nicolas Deslauriers,12,CAR
2026020001,1,315,359,8475235,Nicolas Deslauriers,12,CAR
2026020001,1,688,728,8475235,Nicolas Deslauriers,12,CAR
2026020001,1,1049,1081,8475235,Nicolas Deslauriers,12,CAR
2026020001,2,793,833,8475235,Nicolas Deslauriers,12,CAR
2026020001,2,976,1022,8475235,Nicolas Deslauriers,12,CAR
2026020001,3,379,425,8475235,Nicolas Deslauriers,12,CAR
2026020001,3,813,825,8475235,Nicolas Deslauriers,12,CAR
2026020001,1,88,122,8475462,Radko Gudas,13,FLA
2026020001,1,193,221,8475462,Radko Gudas,13,FLA
2026020001,1,308,352,8475462,Radko Gudas,13,FLA
2026020001,1,494,512,8475462,Radko Gudas,13,FLA
2026020001,1,688,728,8475462,Radko Gudas,13,FLA
2026020001,1,1009,1039,8475462,Radko Gudas,13,FLA
2026020001,1,1171,1200,8475462,Radko Gudas,13,FLA
2026020001,2,118,123,8475462,Radko Gudas,13,FLA
2026020001,2,320,340,8475462,Radko Gudas,13,FLA
2026020001,2,470,492,8475462,Radko Gudas,13,FLA
2026020001,2,618,628,8475462,Radko Gudas,13,FLA
2026020001,2,809,833,8475462,Radko Gudas,13,FLA
2026020001,2,982,1022,8475462,Radko Gudas,13,FLA
2026020001,2,1130,1166,8475462,Radko Gudas,13,FLA
2026020001,3,231,299,8475462,Radko Gudas,13,FLA
2026020001,3,390,425,8475462,Radko Gudas,13,FLA
2026020001,3,577,631,8475462,Radko Gudas,13,FLA
2026020001,3,769,825,8475462,Radko Gudas,13,FLA
2026020001,3,983,1035,8475462,Radko Gudas,13,FLA
2026020001,1,78,130,8475791,Taylor Hall,12,CAR
2026020001,1,265,306,8475791,Taylor Hall,12,CAR
2026020001,1,440,481,8475791,Taylor Hall,12,CAR
2026020001,1,651,688,8475791,Taylor Hall,12,CAR
2026020001,1,942,994,8475791,Taylor Hall,12,CAR
2026020001,1,1171,1200,8475791,Taylor Hall,12,CAR
2026020001,2,79,123,8475791,Taylor Hall,12,CAR
2026020001,2,312,340,8475791,Taylor Hall,12,CAR
2026020001,2,425,483,8475791,Taylor Hall,12,CAR
2026020001,2,623,628,8475791,Taylor Hall,12,CAR
2026020001,2,754,791,8475791,Taylor Hall,12,CAR
2026020001,2,903,960,8475791,Taylor Hall,12,CAR
2026020001,2,1126,1164,8475791,Taylor Hall,12,CAR
2026020001,3,134,211,8475791,Taylor Hall,12,CAR
2026020001,3,325,361,8475791,Taylor Hall,12,CAR
2026020001,3,425,537,8475791,Taylor Hall,12,CAR
2026020001,3,795,825,8475791,Taylor Hall,12,CAR
2026020001,3,945,988,8475791,Taylor Hall,12,CAR
2026020001,3,1106,1150,8475791,Taylor Hall,12,CAR
2026020001,4,109,162,8475791,Taylor Hall,12,CAR
2026020001,4,282,295,8475791,Taylor Hall,12,CAR
2026020001,1,126,171,8476873,Mark Jankowski,12,CAR
2026020001,1,325,356,8476873,Mark Jankowski,12,CAR
2026020001,1,440,453,8476873,Mark Jankowski,12,CAR
2026020001,1,590,625,8476873,Mark Jankowski,12,CAR
2026020001,1,688,722,8476873,Mark Jankowski,12,CAR
2026020001,1,843,869,8476873,Mark Jankowski,12,CAR
2026020001,1,893,942,8476873,Mark Jankowski,12,CAR
2026020001,1,1048,1081,8476873,Mark Jankowski,12,CAR
2026020001,2,205,250,8476873,Mark Jankowski,12,CAR
2026020001,2,426,492,8476873,Mark Jankowski,12,CAR
2026020001,2,706,744,8476873,Mark Jankowski,12,CAR
2026020001,2,754,760,8476873,Mark Jankowski,12,CAR
2026020001,2,809,833,8476873,Mark Jankowski,12,CAR
2026020001,2,976,1022,8476873,Mark Jankowski,12,CAR
2026020001,2,1125,1176,8476873,Mark Jankowski,12,CAR
2026020001,3,83,134,8476873,Mark Jankowski,12,CAR
2026020001,3,379,425,8476873,Mark Jankowski,12,CAR
2026020001,3,547,575,8476873,Mark Jankowski,12,CAR
2026020001,3,634,673,8476873,Mark Jankowski,12,CAR
2026020001,3,813,825,8476873,Mark Jankowski,12,CAR
2026020001,3,883,958,8476873,Mark Jankowski,12,CAR
2026020001,1,132,174,8476906,Shayne Gostisbehere,12,CAR
2026020001,1,252,273,8476906,Shayne Gostisbehere,12,CAR
2026020001,1,306,357,8476906,Shayne Gostisbehere,12,CAR
2026020001,1,440,480,8476906,Shayne Gostisbehere,12,CAR
2026020001,1,664,740,8476906,Shayne Gostisbehere,12,CAR
2026020001,1,942,994,8476906,Shayne Gostisbehere,12,CAR
2026020001,1,1182,1200,8476906,Shayne Gostisbehere,12,CAR
2026020001,2,100,145,8476906,Shayne Gostisbehere,12,CAR
2026020001,2,305,399,8476906,Shayne Gostisbehere,12,CAR
2026020001,2,492,625,8476906,Shayne Gostisbehere,12,CAR
2026020001,2,754,817,8476906,Shayne Gostisbehere,12,CAR
2026020001,2,940,976,8476906,Shayne Gostisbehere,12,CAR
2026020001,2,1022,1140,8476906,Shayne Gostisbehere,12,CAR
2026020001,3,135,178,8476906,Shayne Gostisbehere,12,CAR
2026020001,3,362,425,8476906,Shayne Gostisbehere,12,CAR
2026020001,3,621,699,8476906,Shayne Gostisbehere,12,CAR
2026020001,3,958,1023,8476906,Shayne Gostisbehere,12,CAR
2026020001,4,41,86,8476906,Shayne Gostisbehere,12,CAR
2026020001,4,184,250,8476906,Shayne Gostisbehere,12,CAR
2026020001,1,0,38,8476921,Jordan Martinook,12,CAR
2026020001,1,170,209,8476921,Jordan Martinook,12,CAR
2026020001,1,393,440,8476921,Jordan Martinook,12,CAR
2026020001,1,512,553,8476921,Jordan Martinook,12,CAR
2026020001,1,728,781,8476921,Jordan Martinook,12,CAR
2026020001,1,816,843,8476921,Jordan Martinook,12,CAR
2026020001,1,869,891,8476921,Jordan Martinook,12,CAR
2026020001,1,1123,1171,8476921,Jordan Martinook,12,CAR
2026020001,2,0,38,8476921,Jordan Martinook,12,CAR
2026020001,2,281,312,8476921,Jordan Martinook,12,CAR
2026020001,2,628,676,8476921,Jordan Martinook,12,CAR
2026020001,2,833,861,8476921,Jordan Martinook,12,CAR
2026020001,2,1175,1200,8476921,Jordan Martinook,12,CAR
2026020001,3,0,41,8476921,Jordan Martinook,12,CAR
2026020001,3,231,275,8476921,Jordan Martinook,12,CAR
2026020001,3,575,634,8476921,Jordan Martinook,12,CAR
2026020001,3,673,764,8476921,Jordan Martinook,12,CAR
2026020001,3,825,855,8476921,Jordan Martinook,12,CAR
2026020001,3,1027,1057,8476921,Jordan Martinook,12,CAR
2026020001,3,1134,1184,8476921,Jordan Martinook,12,CAR
2026020001,1,0,28,8476958,Jaccob Slavin,12,CAR
2026020001,1,79,133,8476958,Jaccob Slavin,12,CAR
2026020001,1,210,253,8476958,Jaccob Slavin,12,CAR
2026020001,1,355,440,8476958,Jaccob Slavin,12,CAR
2026020001,1,512,553,8476958,Jaccob Slavin,12,CAR
2026020001,1,589,627,8476958,Jaccob Slavin,12,CAR
2026020001,1,778,816,8476958,Jaccob Slavin,12,CAR
2026020001,1,843,892,8476958,Jaccob Slavin,12,CAR
2026020001,1,969,1015,8476958,Jaccob Slavin,12,CAR
2026020001,1,1081,1124,8476958,Jaccob Slavin,12,CAR
2026020001,2,0,51,8476958,Jaccob Slavin,12,CAR
2026020001,2,145,172,8476958,Jaccob Slavin,12,CAR
2026020001,2,209,252,8476958,Jaccob Slavin,12,CAR
2026020001,2,479,492,8476958,Jaccob Slavin,12,CAR
2026020001,2,679,727,8476958,Jaccob Slavin,12,CAR
2026020001,2,819,861,8476958,Jaccob Slavin,12,CAR
2026020001,2,903,940,8476958,Jaccob Slavin,12,CAR
2026020001,3,0,51,8476958,Jaccob Slavin,12,CAR
2026020001,3,84,137,8476958,Jaccob Slavin,12,CAR
2026020001,3,211,278,8476958,Jaccob Slavin,12,CAR
2026020001,3,327,362,8476958,Jaccob Slavin,12,CAR
2026020001,3,537,586,8476958,Jaccob Slavin,12,CAR
2026020001,3,699,793,8476958,Jaccob Slavin,12,CAR
2026020001,3,825,855,8476958,Jaccob Slavin,12,CAR
2026020001,3,992,1112,8476958,Jaccob Slavin,12,CAR
2026020001,3,1150,1200,8476958,Jaccob Slavin,12,CAR
2026020001,4,0,41,8476958,Jaccob Slavin,12,CAR
2026020001,4,148,184,8476958,Jaccob Slavin,12,CAR
2026020001,1,30,81,8477409,Carter Verhaeghe,13,FLA
2026020001,1,173,217,8477409,Carter Verhaeghe,13,FLA
2026020001,1,356,393,8477409,Carter Verhaeghe,13,FLA
2026020001,1,489,512,8477409,Carter Verhaeghe,13,FLA
2026020001,1,601,646,8477409,Carter Verhaeghe,13,FLA
2026020001,1,788,816,8477409,Carter Verhaeghe,13,FLA
2026020001,1,872,959,8477409,Carter Verhaeghe,13,FLA
2026020001,1,1081,1117,8477409,Carter Verhaeghe,13,FLA
2026020001,2,39,96,8477409,Carter Verhaeghe,13,FLA
2026020001,2,283,333,8477409,Carter Verhaeghe,13,FLA
2026020001,2,710,754,8477409,Carter Verhaeghe,13,FLA
2026020001,2,861,956,8477409,Carter Verhaeghe,13,FLA
2026020001,2,1175,1200,8477409,Carter Verhaeghe,13,FLA
2026020001,3,54,140,8477409,Carter Verhaeghe,13,FLA
2026020001,3,298,360,8477409,Carter Verhaeghe,13,FLA
2026020001,3,576,628,8477409,Carter Verhaeghe,13,FLA
2026020001,3,750,796,8477409,Carter Verhaeghe,13,FLA
2026020001,3,884,983,8477409,Carter Verhaeghe,13,FLA
2026020001,3,1047,1099,8477409,Carter Verhaeghe,13,FLA
2026020001,3,1150,1185,8477409,Carter Verhaeghe,13,FLA
2026020001,4,74,125,8477409,Carter Verhaeghe,13,FLA
2026020001,4,262,295,8477409,Carter Verhaeghe,13,FLA
2026020001,1,128,170,8477478,William Carrier,12,CAR
2026020001,1,306,356,8477478,William Carrier,12,CAR
2026020001,1,688,729,8477478,William Carrier,12,CAR
2026020001,1,1048,1081,8477478,William Carrier,12,CAR
2026020001,2,483,492,8477478,William Carrier,12,CAR
2026020001,2,791,833,8477478,William Carrier,12,CAR
2026020001,2,976,1022,8477478,William Carrier,12,CAR
2026020001,2,1164,1200,8477478,William Carrier,12,CAR
2026020001,3,361,425,8477478,William Carrier,12,CAR
2026020001,3,579,622,8477478,William Carrier,12,CAR
2026020001,1,0,28,8477493,Aleksander Barkov,13,FLA
2026020001,1,211,264,8477493,Aleksander Barkov,13,FLA
2026020001,1,393,440,8477493,Aleksander Barkov,13,FLA
2026020001,1,512,601,8477493,Aleksander Barkov,13,FLA
2026020001,1,724,779,8477493,Aleksander Barkov,13,FLA
2026020001,1,816,869,8477493,Aleksander Barkov,13,FLA
2026020001,1,998,1039,8477493,Aleksander Barkov,13,FLA
2026020001,1,1127,1171,8477493,Aleksander Barkov,13,FLA
2026020001,2,0,37,8477493,Aleksander Barkov,13,FLA
2026020001,2,145,250,8477493,Aleksander Barkov,13,FLA
2026020001,2,468,492,8477493,Aleksander Barkov,13,FLA
2026020001,2,516,558,8477493,Aleksander Barkov,13,FLA
2026020001,2,585,619,8477493,Aleksander Barkov,13,FLA
2026020001,2,628,675,8477493,Aleksander Barkov,13,FLA
2026020001,2,833,861,8477493,Aleksander Barkov,13,FLA
2026020001,2,1022,1050,8477493,Aleksander Barkov,13,FLA
2026020001,3,0,63,8477493,Aleksander Barkov,13,FLA
2026020001,3,231,300,8477493,Aleksander Barkov,13,FLA
2026020001,3,425,453,8477493,Aleksander Barkov,13,FLA
2026020001,3,538,572,8477493,Aleksander Barkov,13,FLA
2026020001,3,691,766,8477493,Aleksander Barkov,13,FLA
2026020001,3,825,881,8477493,Aleksander Barkov,13,FLA
2026020001,3,1022,1057,8477493,Aleksander Barkov,13,FLA
2026020001,3,1129,1150,8477493,Aleksander Barkov,13,FLA
2026020001,4,0,32,8477493,Aleksander Barkov,13,FLA
2026020001,4,164,228,8477493,Aleksander Barkov,13,FLA
2026020001,1,0,63,8477495,Seth Jones,13,FLA
2026020001,1,121,193,8477495,Seth Jones,13,FLA
2026020001,1,262,308,8477495,Seth Jones,13,FLA
2026020001,1,385,430,8477495,Seth Jones,13,FLA
2026020001,1,512,610,8477495,Seth Jones,13,FLA
2026020001,1,648,688,8477495,Seth Jones,13,FLA
2026020001,1,790,877,8477495,Seth Jones,13,FLA
2026020001,1,957,1009,8477495,Seth Jones,13,FLA
2026020001,1,1060,1081,8477495,Seth Jones,13,FLA
2026020001,1,1115,1171,8477495,Seth Jones,13,FLA
2026020001,2,0,61,8477495,Seth Jones,13,FLA
2026020001,2,123,259,8477495,Seth Jones,13,FLA
2026020001,2,340,367,8477495,Seth Jones,13,FLA
2026020001,2,427,470,8477495,Seth Jones,13,FLA
2026020001,2,492,516,8477495,Seth Jones,13,FLA
2026020001,2,558,587,8477495,Seth Jones,13,FLA
2026020001,2,628,700,8477495,Seth Jones,13,FLA
2026020001,2,754,809,8477495,Seth Jones,13,FLA
2026020001,2,861,967,8477495,Seth Jones,13,FLA
2026020001,2,1166,1200,8477495,Seth Jones,13,FLA
2026020001,3,0,72,8477495,Seth Jones,13,FLA
2026020001,3,282,286,8477495,Seth Jones,13,FLA
2026020001,3,298,391,8477495,Seth Jones,13,FLA
2026020001,3,536,577,8477495,Seth Jones,13,FLA
2026020001,3,681,769,8477495,Seth Jones,13,FLA
2026020001,3,825,889,8477495,Seth Jones,13,FLA
2026020001,3,1033,1091,8477495,Seth Jones,13,FLA
2026020001,3,1150,1200,8477495,Seth Jones,13,FLA
2026020001,4,0,43,8477495,Seth Jones,13,FLA
2026020001,4,162,221,8477495,Seth Jones,13,FLA
2026020001,1,122,173,8477903,Garnet Hathaway,13,FLA
2026020001,1,316,351,8477903,Garnet Hathaway,13,FLA
2026020001,1,688,724,8477903,Garnet Hathaway,13,FLA
2026020001,1,1047,1081,8477903,Garnet Hathaway,13,FLA
2026020001,2,123,145,8477903,Garnet Hathaway,13,FLA
2026020001,2,340,366,8477903,Garnet Hathaway,13,FLA
2026020001,2,426,469,8477903,Garnet Hathaway,13,FLA
2026020001,2,492,516,8477903,Garnet Hathaway,13,FLA
2026020001,2,636,642,8477903,Garnet Hathaway,13,FLA
2026020001,2,798,833,8477903,Garnet Hathaway,13,FLA
2026020001,2,976,1022,8477903,Garnet Hathaway,13,FLA
2026020001,2,1124,1165,8477903,Garnet Hathaway,13,FLA
2026020001,3,140,231,8477903,Garnet Hathaway,13,FLA
2026020001,3,410,425,8477903,Garnet Hathaway,13,FLA
2026020001,3,545,576,8477903,Garnet Hathaway,13,FLA
2026020001,3,633,660,8477903,Garnet Hathaway,13,FLA
2026020001,3,811,825,8477903,Garnet Hathaway,13,FLA
2026020001,1,63,88,8477932,Aaron Ekblad,13,FLA
2026020001,1,221,262,8477932,Aaron Ekblad,13,FLA
2026020001,1,352,386,8477932,Aaron Ekblad,13,FLA
2026020001,1,430,494,8477932,Aaron Ekblad,13,FLA
2026020001,1,591,647,8477932,Aaron Ekblad,13,FLA
2026020001,1,726,793,8477932,Aaron Ekblad,13,FLA
2026020001,1,872,957,8477932,Aaron Ekblad,13,FLA
2026020001,1,1039,1060,8477932,Aaron Ekblad,13,FLA
2026020001,1,1081,1115,8477932,Aaron Ekblad,13,FLA
2026020001,2,61,118,8477932,Aaron Ekblad,13,FLA
2026020001,2,259,320,8477932,Aaron Ekblad,13,FLA
2026020001,2,367,426,8477932,Aaron Ekblad,13,FLA
2026020001,2,516,558,8477932,Aaron Ekblad,13,FLA
2026020001,2,587,618,8477932,Aaron Ekblad,13,FLA
2026020001,2,707,754,8477932,Aaron Ekblad,13,FLA
2026020001,2,833,861,8477932,Aaron Ekblad,13,FLA
2026020001,2,967,982,8477932,Aaron Ekblad,13,FLA
2026020001,2,1022,1066,8477932,Aaron Ekblad,13,FLA
2026020001,3,72,140,8477932,Aaron Ekblad,13,FLA
2026020001,3,425,536,8477932,Aaron Ekblad,13,FLA
2026020001,3,630,682,8477932,Aaron Ekblad,13,FLA
2026020001,3,889,960,8477932,Aaron Ekblad,13,FLA
2026020001,3,1091,1150,8477932,Aaron Ekblad,13,FLA
2026020001,4,80,125,8477932,Aaron Ekblad,13,FLA
2026020001,1,0,40,8477933,Sam Reinhart,13,FLA
2026020001,1,44,49,8477933,Sam Reinhart,13,FLA
2026020001,1,216,273,8477933,Sam Reinhart,13,FLA
2026020001,1,393,440,8477933,Sam Reinhart,13,FLA
2026020001,1,512,601,8477933,Sam Reinhart,13,FLA
2026020001,1,723,792,8477933,Sam Reinhart,13,FLA
2026020001,1,816,870,8477933,Sam Reinhart,13,FLA
2026020001,1,1001,1048,8477933,Sam Reinhart,13,FLA
2026020001,1,1104,1170,8477933,Sam Reinhart,13,FLA
2026020001,2,0,41,8477933,Sam Reinhart,13,FLA
2026020001,2,145,276,8477933,Sam Reinhart,13,FLA
2026020001,2,470,492,8477933,Sam Reinhart,13,FLA
2026020001,2,628,699,8477933,Sam Reinhart,13,FLA
2026020001,2,833,861,8477933,Sam Reinhart,13,FLA
2026020001,2,1022,1049,8477933,Sam Reinhart,13,FLA
2026020001,3,0,68,8477933,Sam Reinhart,13,FLA
2026020001,3,231,298,8477933,Sam Reinhart,13,FLA
2026020001,3,425,452,8477933,Sam Reinhart,13,FLA
2026020001,3,535,573,8477933,Sam Reinhart,13,FLA
2026020001,3,694,767,8477933,Sam Reinhart,13,FLA
2026020001,3,825,892,8477933,Sam Reinhart,13,FLA
2026020001,3,1035,1057,8477933,Sam Reinhart,13,FLA
2026020001,3,1129,1150,8477933,Sam Reinhart,13,FLA
2026020001,4,0,27,8477933,Sam Reinhart,13,FLA
2026020001,4,168,221,8477933,Sam Reinhart,13,FLA
2026020001,1,28,81,8477935,Sam Bennett,13,FLA
2026020001,1,172,211,8477935,Sam Bennett,13,FLA
2026020001,1,356,393,8477935,Sam Bennett,13,FLA
2026020001,1,477,512,8477935,Sam Bennett,13,FLA
2026020001,1,601,646,8477935,Sam Bennett,13,FLA
2026020001,1,779,816,8477935,Sam Bennett,13,FLA
2026020001,1,869,969,8477935,Sam Bennett,13,FLA
2026020001,1,1081,1127,8477935,Sam Bennett,13,FLA
2026020001,2,37,83,8477935,Sam Bennett,13,FLA
2026020001,2,250,308,8477935,Sam Bennett,13,FLA
2026020001,2,675,754,8477935,Sam Bennett,13,FLA
2026020001,2,861,914,8477935,Sam Bennett,13,FLA
2026020001,2,1168,1200,8477935,Sam Bennett,13,FLA
2026020001,3,63,138,8477935,Sam Bennett,13,FLA
2026020001,3,300,362,8477935,Sam Bennett,13,FLA
2026020001,3,572,631,8477935,Sam Bennett,13,FLA
2026020001,3,766,811,8477935,Sam Bennett,13,FLA
2026020001,3,881,961,8477935,Sam Bennett,13,FLA
2026020001,3,1057,1101,8477935,Sam Bennett,13,FLA
2026020001,3,1150,1186,8477935,Sam Bennett,13,FLA
2026020001,4,32,119,8477935,Sam Bennett,13,FLA
2026020001,1,0,44,8477940,Nikolaj Ehlers,12,CAR
2026020001,1,171,216,8477940,Nikolaj Ehlers,12,CAR
2026020001,1,393,440,8477940,Nikolaj Ehlers,12,CAR
2026020001,1,729,793,8477940,Nikolaj Ehlers,12,CAR
2026020001,1,1125,1172,8477940,Nikolaj Ehlers,12,CAR
2026020001,2,0,43,8477940,Nikolaj Ehlers,12,CAR
2026020001,2,141,172,8477940,Nikolaj Ehlers,12,CAR
2026020001,2,349,464,8477940,Nikolaj Ehlers,12,CAR
2026020001,2,516,628,8477940,Nikolaj Ehlers,12,CAR
2026020001,2,833,861,8477940,Nikolaj Ehlers,12,CAR
2026020001,2,960,976,8477940,Nikolaj Ehlers,12,CAR
2026020001,2,1052,1123,8477940,Nikolaj Ehlers,12,CAR
2026020001,3,231,283,8477940,Nikolaj Ehlers,12,CAR
2026020001,3,432,547,8477940,Nikolaj Ehlers,12,CAR
2026020001,3,670,795,8477940,Nikolaj Ehlers,12,CAR
2026020001,3,988,1046,8477940,Nikolaj Ehlers,12,CAR
2026020001,3,1150,1200,8477940,Nikolaj Ehlers,12,CAR
2026020001,4,27,72,8477940,Nikolaj Ehlers,12,CAR
2026020001,4,162,218,8477940,Nikolaj Ehlers,12,CAR
2026020001,1,64,89,8478055,Gustav Forsling,13,FLA
2026020001,1,216,264,8478055,Gustav Forsling,13,FLA
2026020001,1,331,385,8478055,Gustav Forsling,13,FLA
2026020001,1,430,476,8478055,Gustav Forsling,13,FLA
2026020001,1,610,648,8478055,Gustav Forsling,13,FLA
2026020001,1,728,790,8478055,Gustav Forsling,13,FLA
2026020001,1,877,958,8478055,Gustav Forsling,13,FLA
2026020001,1,1037,1060,8478055,Gustav Forsling,13,FLA
2026020001,1,1081,1115,8478055,Gustav Forsling,13,FLA
2026020001,2,62,123,8478055,Gustav Forsling,13,FLA
2026020001,2,243,249,8478055,Gustav Forsling,13,FLA
2026020001,2,276,320,8478055,Gustav Forsling,13,FLA
2026020001,2,367,427,8478055,Gustav Forsling,13,FLA
2026020001,2,516,558,8478055,Gustav Forsling,13,FLA
2026020001,2,609,628,8478055,Gustav Forsling,13,FLA
2026020001,2,700,754,8478055,Gustav Forsling,13,FLA
2026020001,2,833,861,8478055,Gustav Forsling,13,FLA
2026020001,2,968,982,8478055,Gustav Forsling,13,FLA
2026020001,2,1022,1125,8478055,Gustav Forsling,13,FLA
2026020001,3,123,231,8478055,Gustav Forsling,13,FLA
2026020001,3,360,390,8478055,Gustav Forsling,13,FLA
2026020001,3,425,538,8478055,Gustav Forsling,13,FLA
2026020001,3,631,681,8478055,Gustav Forsling,13,FLA
2026020001,3,810,825,8478055,Gustav Forsling,13,FLA
2026020001,3,943,983,8478055,Gustav Forsling,13,FLA
2026020001,3,1099,1150,8478055,Gustav Forsling,13,FLA
2026020001,4,43,80,8478055,Gustav Forsling,13,FLA
2026020001,4,221,295,8478055,Gustav Forsling,13,FLA
2026020001,1,122,173,8478147,Bokondji Imama,13,FLA
2026020001,1,316,356,8478147,Bokondji Imama,13,FLA
2026020001,1,688,729,8478147,Bokondji Imama,13,FLA
2026020001,1,1048,1081,8478147,Bokondji Imama,13,FLA
2026020001,2,790,833,8478147,Bokondji Imama,13,FLA
2026020001,2,976,1022,8478147,Bokondji Imama,13,FLA
2026020001,2,1142,1175,8478147,Bokondji Imama,13,FLA
2026020001,3,410,425,8478147,Bokondji Imama,13,FLA
2026020001,3,628,660,8478147,Bokondji Imama,13,FLA
2026020001,3,796,825,8478147,Bokondji Imama,13,FLA
2026020001,1,28,78,8478427,Sebastian Aho,12,CAR
2026020001,1,216,265,8478427,Sebastian Aho,12,CAR
2026020001,1,356,393,8478427,Sebastian Aho,12,CAR
2026020001,1,488,512,8478427,Sebastian Aho,12,CAR
2026020001,1,553,591,8478427,Sebastian Aho,12,CAR
2026020001,1,777,816,8478427,Sebastian Aho,12,CAR
2026020001,1,936,942,8478427,Sebastian Aho,12,CAR
2026020001,1,996,1048,8478427,Sebastian Aho,12,CAR
2026020001,1,1081,1124,8478427,Sebastian Aho,12,CAR
2026020001,2,39,96,8478427,Sebastian Aho,12,CAR
2026020001,2,123,172,8478427,Sebastian Aho,12,CAR
2026020001,2,292,312,8478427,Sebastian Aho,12,CAR
2026020001,2,340,425,8478427,Sebastian Aho,12,CAR
2026020001,2,492,624,8478427,Sebastian Aho,12,CAR
2026020001,2,674,706,8478427,Sebastian Aho,12,CAR
2026020001,2,861,909,8478427,Sebastian Aho,12,CAR
2026020001,2,1022,1126,8478427,Sebastian Aho,12,CAR
2026020001,3,41,84,8478427,Sebastian Aho,12,CAR
2026020001,3,211,231,8478427,Sebastian Aho,12,CAR
2026020001,3,285,318,8478427,Sebastian Aho,12,CAR
2026020001,3,539,579,8478427,Sebastian Aho,12,CAR
2026020001,3,623,667,8478427,Sebastian Aho,12,CAR
2026020001,3,854,884,8478427,Sebastian Aho,12,CAR
2026020001,3,1057,1100,8478427,Sebastian Aho,12,CAR
2026020001,3,1184,1200,8478427,Sebastian Aho,12,CAR
2026020001,4,25,74,8478427,Sebastian Aho,12,CAR
2026020001,4,181,254,8478427,Sebastian Aho,12,CAR
2026020001,1,0,64,8478859,Niko Mikkola,13,FLA
2026020001,1,122,174,8478859,Niko Mikkola,13,FLA
2026020001,1,264,294,8478859,Niko Mikkola,13,FLA
2026020001,1,386,430,8478859,Niko Mikkola,13,FLA
2026020001,1,646,688,8478859,Niko Mikkola,13,FLA
2026020001,1,793,816,8478859,Niko Mikkola,13,FLA
2026020001,1,957,999,8478859,Niko Mikkola,13,FLA
2026020001,1,1060,1081,8478859,Niko Mikkola,13,FLA
2026020001,1,1115,1153,8478859,Niko Mikkola,13,FLA
2026020001,2,0,62,8478859,Niko Mikkola,13,FLA
2026020001,2,123,172,8478859,Niko Mikkola,13,FLA
2026020001,2,340,367,8478859,Niko Mikkola,13,FLA
2026020001,2,426,470,8478859,Niko Mikkola,13,FLA
2026020001,2,492,516,8478859,Niko Mikkola,13,FLA
2026020001,2,558,609,8478859,Niko Mikkola,13,FLA
2026020001,2,754,809,8478859,Niko Mikkola,13,FLA
2026020001,2,861,968,8478859,Niko Mikkola,13,FLA
2026020001,2,1066,1130,8478859,Niko Mikkola,13,FLA
2026020001,2,1168,1200,8478859,Niko Mikkola,13,FLA
2026020001,3,140,231,8478859,Niko Mikkola,13,FLA
2026020001,3,299,359,8478859,Niko Mikkola,13,FLA
2026020001,3,536,574,8478859,Niko Mikkola,13,FLA
2026020001,3,682,739,8478859,Niko Mikkola,13,FLA
2026020001,3,961,984,8478859,Niko Mikkola,13,FLA
2026020001,3,1034,1099,8478859,Niko Mikkola,13,FLA
2026020001,3,1150,1200,8478859,Niko Mikkola,13,FLA
2026020001,4,125,162,8478859,Niko Mikkola,13,FLA
2026020001,1,0,28,8478970,Jalen Chatfield,12,CAR
2026020001,1,80,132,8478970,Jalen Chatfield,12,CAR
2026020001,1,211,252,8478970,Jalen Chatfield,12,CAR
2026020001,1,356,440,8478970,Jalen Chatfield,12,CAR
2026020001,1,512,553,8478970,Jalen Chatfield,12,CAR
2026020001,1,590,625,8478970,Jalen Chatfield,12,CAR
2026020001,1,780,816,8478970,Jalen Chatfield,12,CAR
2026020001,1,843,893,8478970,Jalen Chatfield,12,CAR
2026020001,1,994,1033,8478970,Jalen Chatfield,12,CAR
2026020001,1,1081,1123,8478970,Jalen Chatfield,12,CAR
2026020001,2,0,52,8478970,Jalen Chatfield,12,CAR
2026020001,2,145,172,8478970,Jalen Chatfield,12,CAR
2026020001,2,209,251,8478970,Jalen Chatfield,12,CAR
2026020001,2,464,492,8478970,Jalen Chatfield,12,CAR
2026020001,2,675,727,8478970,Jalen Chatfield,12,CAR
2026020001,2,817,861,8478970,Jalen Chatfield,12,CAR
2026020001,2,902,940,8478970,Jalen Chatfield,12,CAR
2026020001,2,1176,1200,8478970,Jalen Chatfield,12,CAR
2026020001,3,0,41,8478970,Jalen Chatfield,12,CAR
2026020001,3,85,136,8478970,Jalen Chatfield,12,CAR
2026020001,3,211,276,8478970,Jalen Chatfield,12,CAR
2026020001,3,327,364,8478970,Jalen Chatfield,12,CAR
2026020001,3,539,585,8478970,Jalen Chatfield,12,CAR
2026020001,3,825,855,8478970,Jalen Chatfield,12,CAR
2026020001,3,1023,1100,8478970,Jalen Chatfield,12,CAR
2026020001,3,1150,1200,8478970,Jalen Chatfield,12,CAR
2026020001,1,40,44,8479314,Matthew Tkachuk,13,FLA
2026020001,1,49,88,8479314,Matthew Tkachuk,13,FLA
2026020001,1,174,216,8479314,Matthew Tkachuk,13,FLA
2026020001,1,351,393,8479314,Matthew Tkachuk,13,FLA
2026020001,1,481,601,8479314,Matthew Tkachuk,13,FLA
2026020001,1,792,872,8479314,Matthew Tkachuk,13,FLA
2026020001,1,1081,1104,8479314,Matthew Tkachuk,13,FLA
2026020001,2,41,76,8479314,Matthew Tkachuk,13,FLA
2026020001,2,172,283,8479314,Matthew Tkachuk,13,FLA
2026020001,2,642,707,8479314,Matthew Tkachuk,13,FLA
2026020001,2,861,916,8479314,Matthew Tkachuk,13,FLA
2026020001,2,1165,1200,8479314,Matthew Tkachuk,13,FLA
2026020001,3,0,66,8479314,Matthew Tkachuk,13,FLA
2026020001,3,298,360,8479314,Matthew Tkachuk,13,FLA
2026020001,3,574,633,8479314,Matthew Tkachuk,13,FLA
2026020001,3,767,810,8479314,Matthew Tkachuk,13,FLA
2026020001,3,825,943,8479314,Matthew Tkachuk,13,FLA
2026020001,3,1057,1084,8479314,Matthew Tkachuk,13,FLA
2026020001,3,1150,1177,8479314,Matthew Tkachuk,13,FLA
2026020001,4,27,74,8479314,Matthew Tkachuk,13,FLA
2026020001,4,221,262,8479314,Matthew Tkachuk,13,FLA
2026020001,1,81,122,8480185,Eetu Luostarinen,13,FLA
2026020001,1,273,316,8480185,Eetu Luostarinen,13,FLA
2026020001,1,430,489,8480185,Eetu Luostarinen,13,FLA
2026020001,1,647,688,8480185,Eetu Luostarinen,13,FLA
2026020001,1,959,998,8480185,Eetu Luostarinen,13,FLA
2026020001,1,1166,1200,8480185,Eetu Luostarinen,13,FLA
2026020001,2,96,123,8480185,Eetu Luostarinen,13,FLA
2026020001,2,311,340,8480185,Eetu Luostarinen,13,FLA
2026020001,2,366,426,8480185,Eetu Luostarinen,13,FLA
2026020001,2,617,628,8480185,Eetu Luostarinen,13,FLA
2026020001,2,754,790,8480185,Eetu Luostarinen,13,FLA
2026020001,2,956,976,8480185,Eetu Luostarinen,13,FLA
2026020001,2,1049,1124,8480185,Eetu Luostarinen,13,FLA
2026020001,3,68,123,8480185,Eetu Luostarinen,13,FLA
2026020001,3,359,410,8480185,Eetu Luostarinen,13,FLA
2026020001,3,452,535,8480185,Eetu Luostarinen,13,FLA
2026020001,3,660,693,8480185,Eetu Luostarinen,13,FLA
2026020001,3,962,1018,8480185,Eetu Luostarinen,13,FLA
2026020001,3,1099,1129,8480185,Eetu Luostarinen,13,FLA
2026020001,3,1185,1200,8480185,Eetu Luostarinen,13,FLA
2026020001,1,28,80,8480336,Sean Walker,12,CAR
2026020001,1,174,210,8480336,Sean Walker,12,CAR
2026020001,1,273,306,8480336,Sean Walker,12,CAR
2026020001,1,480,512,8480336,Sean Walker,12,CAR
2026020001,1,553,590,8480336,Sean Walker,12,CAR
2026020001,1,625,665,8480336,Sean Walker,12,CAR
2026020001,1,740,778,8480336,Sean Walker,12,CAR
2026020001,1,816,843,8480336,Sean Walker,12,CAR
2026020001,1,891,942,8480336,Sean Walker,12,CAR
2026020001,1,1033,1081,8480336,Sean Walker,12,CAR
2026020001,1,1124,1182,8480336,Sean Walker,12,CAR
2026020001,2,51,100,8480336,Sean Walker,12,CAR
2026020001,2,172,209,8480336,Sean Walker,12,CAR
2026020001,2,251,285,8480336,Sean Walker,12,CAR
2026020001,2,624,675,8480336,Sean Walker,12,CAR
2026020001,2,727,754,8480336,Sean Walker,12,CAR
2026020001,2,861,903,8480336,Sean Walker,12,CAR
2026020001,2,976,1022,8480336,Sean Walker,12,CAR
2026020001,2,1123,1200,8480336,Sean Walker,12,CAR
2026020001,3,120,135,8480336,Sean Walker,12,CAR
2026020001,3,178,211,8480336,Sean Walker,12,CAR
2026020001,3,276,327,8480336,Sean Walker,12,CAR
2026020001,3,586,621,8480336,Sean Walker,12,CAR
2026020001,3,793,825,8480336,Sean Walker,12,CAR
2026020001,3,855,959,8480336,Sean Walker,12,CAR
2026020001,3,1112,1150,8480336,Sean Walker,12,CAR
2026020001,4,0,27,8480336,Sean Walker,12,CAR
2026020001,1,38,89,8480762,Eric Robinson,12,CAR
2026020001,1,209,273,8480762,Eric Robinson,12,CAR
2026020001,1,357,393,8480762,Eric Robinson,12,CAR
2026020001,1,487,512,8480762,Eric Robinson,12,CAR
2026020001,1,591,623,8480762,Eric Robinson,12,CAR
2026020001,1,781,816,8480762,Eric Robinson,12,CAR
2026020001,1,892,942,8480762,Eric Robinson,12,CAR
2026020001,1,996,1048,8480762,Eric Robinson,12,CAR
2026020001,1,1081,1125,8480762,Eric Robinson,12,CAR
2026020001,2,38,97,8480762,Eric Robinson,12,CAR
2026020001,2,727,754,8480762,Eric Robinson,12,CAR
2026020001,2,861,910,8480762,Eric Robinson,12,CAR
2026020001,3,83,141,8480762,Eric Robinson,12,CAR
2026020001,3,211,231,8480762,Eric Robinson,12,CAR
2026020001,3,278,320,8480762,Eric Robinson,12,CAR
2026020001,3,657,660,8480762,Eric Robinson,12,CAR
2026020001,3,884,959,8480762,Eric Robinson,12,CAR
2026020001,3,1057,1099,8480762,Eric Robinson,12,CAR
2026020001,3,1184,1200,8480762,Eric Robinson,12,CAR
2026020001,1,0,30,8480801,Brady Tkachuk,13,FLA
2026020001,1,217,273,8480801,Brady Tkachuk,13,FLA
2026020001,1,393,430,8480801,Brady Tkachuk,13,FLA
2026020001,1,512,591,8480801,Brady Tkachuk,13,FLA
2026020001,1,729,788,8480801,Brady Tkachuk,13,FLA
2026020001,1,816,872,8480801,Brady Tkachuk,13,FLA
2026020001,1,999,1047,8480801,Brady Tkachuk,13,FLA
2026020001,1,1117,1166,8480801,Brady Tkachuk,13,FLA
2026020001,2,0,39,8480801,Brady Tkachuk,13,FLA
2026020001,2,249,311,8480801,Brady Tkachuk,13,FLA
2026020001,2,469,492,8480801,Brady Tkachuk,13,FLA
2026020001,2,612,617,8480801,Brady Tkachuk,13,FLA
2026020001,2,628,710,8480801,Brady Tkachuk,13,FLA
2026020001,2,833,861,8480801,Brady Tkachuk,13,FLA
2026020001,3,0,54,8480801,Brady Tkachuk,13,FLA
2026020001,3,231,298,8480801,Brady Tkachuk,13,FLA
2026020001,3,693,750,8480801,Brady Tkachuk,13,FLA
2026020001,3,825,884,8480801,Brady Tkachuk,13,FLA
2026020001,3,1018,1047,8480801,Brady Tkachuk,13,FLA
2026020001,3,1129,1150,8480801,Brady Tkachuk,13,FLA
2026020001,4,119,164,8480801,Brady Tkachuk,13,FLA
2026020001,4,287,295,8480801,Brady Tkachuk,13,FLA
2026020001,1,28,80,8480817,K'Andre Miller,12,CAR
2026020001,1,173,211,8480817,K'Andre Miller,12,CAR
2026020001,1,273,306,8480817,K'Andre Miller,12,CAR
2026020001,1,469,512,8480817,K'Andre Miller,12,CAR
2026020001,1,632,651,8480817,K'Andre Miller,12,CAR
2026020001,1,665,669,8480817,K'Andre Miller,12,CAR
2026020001,1,731,780,8480817,K'Andre Miller,12,CAR
2026020001,1,816,843,8480817,K'Andre Miller,12,CAR
2026020001,1,891,942,8480817,K'Andre Miller,12,CAR
2026020001,1,1015,1081,8480817,K'Andre Miller,12,CAR
2026020001,1,1123,1184,8480817,K'Andre Miller,12,CAR
2026020001,2,52,99,8480817,K'Andre Miller,12,CAR
2026020001,2,172,209,8480817,K'Andre Miller,12,CAR
2026020001,2,252,311,8480817,K'Andre Miller,12,CAR
2026020001,2,399,479,8480817,K'Andre Miller,12,CAR
2026020001,2,626,679,8480817,K'Andre Miller,12,CAR
2026020001,2,727,754,8480817,K'Andre Miller,12,CAR
2026020001,2,861,902,8480817,K'Andre Miller,12,CAR
2026020001,2,976,1022,8480817,K'Andre Miller,12,CAR
2026020001,2,1140,1175,8480817,K'Andre Miller,12,CAR
2026020001,3,41,85,8480817,K'Andre Miller,12,CAR
2026020001,3,177,211,8480817,K'Andre Miller,12,CAR
2026020001,3,275,327,8480817,K'Andre Miller,12,CAR
2026020001,3,425,539,8480817,K'Andre Miller,12,CAR
2026020001,3,585,657,8480817,K'Andre Miller,12,CAR
2026020001,3,660,667,8480817,K'Andre Miller,12,CAR
2026020001,3,764,825,8480817,K'Andre Miller,12,CAR
2026020001,3,855,960,8480817,K'Andre Miller,12,CAR
2026020001,3,1099,1150,8480817,K'Andre Miller,12,CAR
2026020001,4,86,148,8480817,K'Andre Miller,12,CAR
2026020001,4,250,295,8480817,K'Andre Miller,12,CAR
2026020001,1,44,79,8480830,Andrei Svechnikov,12,CAR
2026020001,1,216,265,8480830,Andrei Svechnikov,12,CAR
2026020001,1,359,393,8480830,Andrei Svechnikov,12,CAR
2026020001,1,481,512,8480830,Andrei Svechnikov,12,CAR
2026020001,1,793,816,8480830,Andrei Svechnikov,12,CAR
2026020001,1,994,1049,8480830,Andrei Svechnikov,12,CAR
2026020001,1,1081,1123,8480830,Andrei Svechnikov,12,CAR
2026020001,2,43,79,8480830,Andrei Svechnikov,12,CAR
2026020001,2,123,145,8480830,Andrei Svechnikov,12,CAR
2026020001,2,265,281,8480830,Andrei Svechnikov,12,CAR
2026020001,2,340,426,8480830,Andrei Svechnikov,12,CAR
2026020001,2,492,623,8480830,Andrei Svechnikov,12,CAR
2026020001,2,861,903,8480830,Andrei Svechnikov,12,CAR
2026020001,2,1022,1125,8480830,Andrei Svechnikov,12,CAR
2026020001,3,210,231,8480830,Andrei Svechnikov,12,CAR
2026020001,3,283,325,8480830,Andrei Svechnikov,12,CAR
2026020001,3,539,579,8480830,Andrei Svechnikov,12,CAR
2026020001,3,622,670,8480830,Andrei Svechnikov,12,CAR
2026020001,3,1046,1106,8480830,Andrei Svechnikov,12,CAR
2026020001,4,72,109,8480830,Andrei Svechnikov,12,CAR
2026020001,4,254,282,8480830,Andrei Svechnikov,12,CAR
2026020001,1,81,113,8482113,Anton Lundell,13,FLA
2026020001,1,264,308,8482113,Anton Lundell,13,FLA
2026020001,1,440,477,8482113,Anton Lundell,13,FLA
2026020001,1,601,650,8482113,Anton Lundell,13,FLA
2026020001,1,669,688,8482113,Anton Lundell,13,FLA
2026020001,1,870,957,8482113,Anton Lundell,13,FLA
2026020001,1,1171,1200,8482113,Anton Lundell,13,FLA
2026020001,2,83,123,8482113,Anton Lundell,13,FLA
2026020001,2,308,340,8482113,Anton Lundell,13,FLA
2026020001,2,368,426,8482113,Anton Lundell,13,FLA
2026020001,2,558,585,8482113,Anton Lundell,13,FLA
2026020001,2,619,628,8482113,Anton Lundell,13,FLA
2026020001,2,699,797,8482113,Anton Lundell,13,FLA
2026020001,2,914,976,8482113,Anton Lundell,13,FLA
2026020001,2,1050,1124,8482113,Anton Lundell,13,FLA
2026020001,3,66,135,8482113,Anton Lundell,13,FLA
2026020001,3,362,410,8482113,Anton Lundell,13,FLA
2026020001,3,453,536,8482113,Anton Lundell,13,FLA
2026020001,3,660,691,8482113,Anton Lundell,13,FLA
2026020001,3,892,962,8482113,Anton Lundell,13,FLA
2026020001,3,1101,1129,8482113,Anton Lundell,13,FLA
2026020001,3,1186,1200,8482113,Anton Lundell,13,FLA
2026020001,4,125,168,8482113,Anton Lundell,13,FLA
2026020001,4,228,287,8482113,Anton Lundell,13,FLA
2026020001,1,80,126,8482702,Logan Stankoven,12,CAR
2026020001,1,265,325,8482702,Logan Stankoven,12,CAR
2026020001,1,453,488,8482702,Logan Stankoven,12,CAR
2026020001,1,553,589,8482702,Logan Stankoven,12,CAR
2026020001,1,625,688,8482702,Logan Stankoven,12,CAR
2026020001,1,843,868,8482702,Logan Stankoven,12,CAR
2026020001,1,942,996,8482702,Logan Stankoven,12,CAR
2026020001,1,1170,1200,8482702,Logan Stankoven,12,CAR
2026020001,2,96,123,8482702,Logan Stankoven,12,CAR
2026020001,2,311,340,8482702,Logan Stankoven,12,CAR
2026020001,2,426,492,8482702,Logan Stankoven,12,CAR
2026020001,2,625,628,8482702,Logan Stankoven,12,CAR
2026020001,2,676,727,8482702,Logan Stankoven,12,CAR
2026020001,2,744,754,8482702,Logan Stankoven,12,CAR
2026020001,2,760,809,8482702,Logan Stankoven,12,CAR
2026020001,2,909,976,8482702,Logan Stankoven,12,CAR
2026020001,2,1127,1168,8482702,Logan Stankoven,12,CAR
2026020001,3,50,83,8482702,Logan Stankoven,12,CAR
2026020001,3,136,211,8482702,Logan Stankoven,12,CAR
2026020001,3,318,379,8482702,Logan Stankoven,12,CAR
2026020001,3,425,539,8482702,Logan Stankoven,12,CAR
2026020001,3,772,813,8482702,Logan Stankoven,12,CAR
2026020001,3,855,883,8482702,Logan Stankoven,12,CAR
2026020001,3,959,1009,8482702,Logan Stankoven,12,CAR
2026020001,3,1100,1135,8482702,Logan Stankoven,12,CAR
2026020001,4,116,181,8482702,Logan Stankoven,12,CAR
2026020001,1,89,128,8482809,Jackson Blake,12,CAR
2026020001,1,273,315,8482809,Jackson Blake,12,CAR
2026020001,1,440,487,8482809,Jackson Blake,12,CAR
2026020001,1,623,688,8482809,Jackson Blake,12,CAR
2026020001,1,942,996,8482809,Jackson Blake,12,CAR
2026020001,1,1172,1200,8482809,Jackson Blake,12,CAR
2026020001,2,97,145,8482809,Jackson Blake,12,CAR
2026020001,2,312,426,8482809,Jackson Blake,12,CAR
2026020001,2,492,626,8482809,Jackson Blake,12,CAR
2026020001,2,748,793,8482809,Jackson Blake,12,CAR
2026020001,2,910,976,8482809,Jackson Blake,12,CAR
2026020001,2,1022,1127,8482809,Jackson Blake,12,CAR
2026020001,3,141,210,8482809,Jackson Blake,12,CAR
2026020001,3,320,379,8482809,Jackson Blake,12,CAR
2026020001,3,425,539,8482809,Jackson Blake,12,CAR
2026020001,3,764,813,8482809,Jackson Blake,12,CAR
2026020001,3,960,1027,8482809,Jackson Blake,12,CAR
2026020001,3,1100,1134,8482809,Jackson Blake,12,CAR
2026020001,4,74,116,8482809,Jackson Blake,12,CAR
2026020001,4,218,295,8482809,Jackson Blake,12,CAR
2026020001,1,0,1200,8483548,Brandon Bussi,12,CAR
2026020001,2,0,1200,8483548,Brandon Bussi,12,CAR
2026020001,3,0,1200,8483548,Brandon Bussi,12,CAR
2026020001,4,0,295,8483548,Brandon Bussi,12,CAR
2026020001,1,88,122,8483771,Sandis Vilmanis,13,FLA
2026020001,1,273,316,8483771,Sandis Vilmanis,13,FLA
2026020001,1,440,481,8483771,Sandis Vilmanis,13,FLA
2026020001,1,650,688,8483771,Sandis Vilmanis,13,FLA
2026020001,1,958,1001,8483771,Sandis Vilmanis,13,FLA
2026020001,1,1170,1200,8483771,Sandis Vilmanis,13,FLA
2026020001,2,76,123,8483771,Sandis Vilmanis,13,FLA
2026020001,2,333,340,8483771,Sandis Vilmanis,13,FLA
2026020001,2,754,798,8483771,Sandis Vilmanis,13,FLA
2026020001,2,916,976,8483771,Sandis Vilmanis,13,FLA
2026020001,3,138,231,8483771,Sandis Vilmanis,13,FLA
2026020001,3,360,410,8483771,Sandis Vilmanis,13,FLA
2026020001,3,660,694,8483771,Sandis Vilmanis,13,FLA
2026020001,3,983,1034,8483771,Sandis Vilmanis,13,FLA
2026020001,3,1084,1129,8483771,Sandis Vilmanis,13,FLA
2026020001,3,1177,1200,8483771,Sandis Vilmanis,13,FLA
2026020001,1,133,173,8484428,Charles Alexis Legault,12,CAR
2026020001,1,253,273,8484428,Charles Alexis Legault,12,CAR
2026020001,1,306,355,8484428,Charles Alexis Legault,12,CAR
2026020001,1,440,469,8484428,Charles Alexis Legault,12,CAR
2026020001,1,553,590,8484428,Charles Alexis Legault,12,CAR
2026020001,1,627,664,8484428,Charles Alexis Legault,12,CAR
2026020001,1,669,731,8484428,Charles Alexis Legault,12,CAR
2026020001,1,942,969,8484428,Charles Alexis Legault,12,CAR
2026020001,1,1184,1200,8484428,Charles Alexis Legault,12,CAR
2026020001,2,99,123,8484428,Charles Alexis Legault,12,CAR
2026020001,2,285,340,8484428,Charles Alexis Legault,12,CAR
2026020001,2,754,819,8484428,Charles Alexis Legault,12,CAR
2026020001,2,940,976,8484428,Charles Alexis Legault,12,CAR
2026020001,3,51,83,8484428,Charles Alexis Legault,12,CAR
2026020001,3,137,177,8484428,Charles Alexis Legault,12,CAR
2026020001,3,364,425,8484428,Charles Alexis Legault,12,CAR
2026020001,3,667,764,8484428,Charles Alexis Legault,12,CAR
2026020001,3,959,992,8484428,Charles Alexis Legault,12,CAR
2026020002,1,43,48,8475166,John Tavares,10,TOR
2026020002,1,82,138,8475166,John Tavares,10,TOR
2026020002,1,210,250,8475166,John Tavares,10,TOR
2026020002,1,405,472,8475166,John Tavares,10,TOR
2026020002,1,702,768,8475166,John Tavares,10,TOR
2026020002,1,932,1008,8475166,John Tavares,10,TOR
2026020002,1,1147,1200,8475166,John Tavares,10,TOR
2026020002,2,19,66,8475166,John Tavares,10,TOR
2026020002,2,252,292,8475166,John Tavares,10,TOR
2026020002,2,470,507,8475166,John Tavares,10,TOR
2026020002,2,665,710,8475166,John Tavares,10,TOR
2026020002,2,1027,1060,8475166,John Tavares,10,TOR
2026020002,2,1065,1133,8475166,John Tavares,10,TOR
2026020002,3,46,86,8475166,John Tavares,10,TOR
2026020002,3,220,246,8475166,John Tavares,10,TOR
2026020002,3,377,421,8475166,John Tavares,10,TOR
2026020002,3,556,629,8475166,John Tavares,10,TOR
2026020002,3,759,792,8475166,John Tavares,10,TOR
2026020002,3,921,946,8475166,John Tavares,10,TOR
2026020002,3,980,1010,8475166,John Tavares,10,TOR
2026020002,3,1108,1200,8475166,John Tavares,10,TOR
2026020002,1,68,138,8475171,Oliver Ekman-Larsson,10,TOR
2026020002,1,210,273,8475171,Oliver Ekman-Larsson,10,TOR
2026020002,1,308,331,8475171,Oliver Ekman-Larsson,10,TOR
2026020002,1,380,405,8475171,Oliver Ekman-Larsson,10,TOR
2026020002,1,513,585,8475171,Oliver Ekman-Larsson,10,TOR
2026020002,1,628,653,8475171,Oliver Ekman-Larsson,10,TOR
2026020002,1,841,863,8475171,Oliver Ekman-Larsson,10,TOR
2026020002,1,957,1004,8475171,Oliver Ekman-Larsson,10,TOR
2026020002,1,1055,1105,8475171,Oliver Ekman-Larsson,10,TOR
2026020002,2,51,103,8475171,Oliver Ekman-Larsson,10,TOR
2026020002,2,214,266,8475171,Oliver Ekman-Larsson,10,TOR
2026020002,2,345,389,8475171,Oliver Ekman-Larsson,10,TOR
2026020002,2,507,524,8475171,Oliver Ekman-Larsson,10,TOR
2026020002,2,622,663,8475171,Oliver Ekman-Larsson,10,TOR
2026020002,2,719,761,8475171,Oliver Ekman-Larsson,10,TOR
2026020002,2,807,846,8475171,Oliver Ekman-Larsson,10,TOR
2026020002,2,899,946,8475171,Oliver Ekman-Larsson,10,TOR
2026020002,2,1021,1060,8475171,Oliver Ekman-Larsson,10,TOR
2026020002,3,86,122,8475171,Oliver Ekman-Larsson,10,TOR
2026020002,3,246,299,8475171,Oliver Ekman-Larsson,10,TOR
2026020002,3,377,406,8475171,Oliver Ekman-Larsson,10,TOR
2026020002,3,541,549,8475171,Oliver Ekman-Larsson,10,TOR
2026020002,3,704,757,8475171,Oliver Ekman-Larsson,10,TOR
2026020002,3,845,886,8475171,Oliver Ekman-Larsson,10,TOR
2026020002,3,921,946,8475171,Oliver Ekman-Larsson,10,TOR
2026020002,3,1040,1112,8475171,Oliver Ekman-Larsson,10,TOR
2026020002,1,0,24,8475184,Chris Kreider,8,MTL
2026020002,1,154,210,8475184,Chris Kreider,8,MTL
2026020002,1,332,380,8475184,Chris Kreider,8,MTL
2026020002,1,585,632,8475184,Chris Kreider,8,MTL
2026020002,1,702,730,8475184,Chris Kreider,8,MTL
2026020002,1,809,866,8475184,Chris Kreider,8,MTL
2026020002,1,1027,1106,8475184,Chris Kreider,8,MTL
2026020002,2,0,19,8475184,Chris Kreider,8,MTL
2026020002,2,184,257,8475184,Chris Kreider,8,MTL
2026020002,2,401,450,8475184,Chris Kreider,8,MTL
2026020002,2,665,710,8475184,Chris Kreider,8,MTL
2026020002,2,982,1030,8475184,Chris Kreider,8,MTL
2026020002,2,1060,1065,8475184,Chris Kreider,8,MTL
2026020002,3,0,50,8475184,Chris Kreider,8,MTL
2026020002,3,184,220,8475184,Chris Kreider,8,MTL
2026020002,3,338,377,8475184,Chris Kreider,8,MTL
2026020002,3,492,555,8475184,Chris Kreider,8,MTL
2026020002,3,680,708,8475184,Chris Kreider,8,MTL
2026020002,3,812,847,8475184,Chris Kreider,8,MTL
2026020002,3,946,978,8475184,Chris Kreider,8,MTL
2026020002,1,0,1200,8475683,Sergei Bobrovsky,10,TOR
2026020002,2,0,1200,8475683,Sergei Bobrovsky,10,TOR
2026020002,3,0,1125,8475683,Sergei Bobrovsky,10,TOR
2026020002,1,0,25,8475690,Chris Tanev,10,TOR
2026020002,1,138,162,8475690,Chris Tanev,10,TOR
2026020002,1,210,260,8475690,Chris Tanev,10,TOR
2026020002,1,349,379,8475690,Chris Tanev,10,TOR
2026020002,1,405,451,8475690,Chris Tanev,10,TOR
2026020002,1,513,585,8475690,Chris Tanev,10,TOR
2026020002,1,653,697,8475690,Chris Tanev,10,TOR
2026020002,1,822,861,8475690,Chris Tanev,10,TOR
2026020002,1,931,958,8475690,Chris Tanev,10,TOR
2026020002,1,1005,1034,8475690,Chris Tanev,10,TOR
2026020002,1,1055,1104,8475690,Chris Tanev,10,TOR
2026020002,1,1146,1200,8475690,Chris Tanev,10,TOR
2026020002,2,0,19,8475690,Chris Tanev,10,TOR
2026020002,2,107,138,8475690,Chris Tanev,10,TOR
2026020002,2,173,218,8475690,Chris Tanev,10,TOR
2026020002,2,292,345,8475690,Chris Tanev,10,TOR
2026020002,2,459,507,8475690,Chris Tanev,10,TOR
2026020002,2,577,624,8475690,Chris Tanev,10,TOR
2026020002,2,762,776,8475690,Chris Tanev,10,TOR
2026020002,2,815,862,8475690,Chris Tanev,10,TOR
2026020002,2,945,978,8475690,Chris Tanev,10,TOR
2026020002,2,1060,1065,8475690,Chris Tanev,10,TOR
2026020002,3,0,36,8475690,Chris Tanev,10,TOR
2026020002,3,122,132,8475690,Chris Tanev,10,TOR
2026020002,3,178,220,8475690,Chris Tanev,10,TOR
2026020002,3,299,328,8475690,Chris Tanev,10,TOR
2026020002,3,421,472,8475690,Chris Tanev,10,TOR
2026020002,3,550,556,8475690,Chris Tanev,10,TOR
2026020002,3,680,704,8475690,Chris Tanev,10,TOR
2026020002,3,792,850,8475690,Chris Tanev,10,TOR
2026020002,3,946,978,8475690,Chris Tanev,10,TOR
2026020002,1,83,131,8476479,Phillip Danault,8,MTL
2026020002,1,283,329,8476479,Phillip Danault,8,MTL
2026020002,1,475,513,8476479,Phillip Danault,8,MTL
2026020002,1,630,653,8476479,Phillip Danault,8,MTL
2026020002,1,729,768,8476479,Phillip Danault,8,MTL
2026020002,1,976,1027,8476479,Phillip Danault,8,MTL
2026020002,2,66,132,8476479,Phillip Danault,8,MTL
2026020002,2,292,345,8476479,Phillip Danault,8,MTL
2026020002,2,491,507,8476479,Phillip Danault,8,MTL
2026020002,2,559,665,8476479,Phillip Danault,8,MTL
2026020002,2,908,945,8476479,Phillip Danault,8,MTL
2026020002,2,1118,1200,8476479,Phillip Danault,8,MTL
2026020002,3,132,180,8476479,Phillip Danault,8,MTL
2026020002,3,246,284,8476479,Phillip Danault,8,MTL
2026020002,3,555,556,8476479,Phillip Danault,8,MTL
2026020002,3,575,603,8476479,Phillip Danault,8,MTL
2026020002,3,642,680,8476479,Phillip Danault,8,MTL
2026020002,3,759,792,8476479,Phillip Danault,8,MTL
2026020002,3,886,946,8476479,Phillip Danault,8,MTL
2026020002,3,1024,1100,8476479,Phillip Danault,8,MTL
2026020002,3,1190,1200,8476479,Phillip Danault,8,MTL
2026020002,1,27,68,8476853,Morgan Rielly,10,TOR
2026020002,1,154,210,8476853,Morgan Rielly,10,TOR
2026020002,1,273,308,8476853,Morgan Rielly,10,TOR
2026020002,1,331,380,8476853,Morgan Rielly,10,TOR
2026020002,1,451,513,8476853,Morgan Rielly,10,TOR
2026020002,1,585,630,8476853,Morgan Rielly,10,TOR
2026020002,1,653,698,8476853,Morgan Rielly,10,TOR
2026020002,1,768,840,8476853,Morgan Rielly,10,TOR
2026020002,1,929,957,8476853,Morgan Rielly,10,TOR
2026020002,1,1034,1055,8476853,Morgan Rielly,10,TOR
2026020002,1,1105,1146,8476853,Morgan Rielly,10,TOR
2026020002,2,19,51,8476853,Morgan Rielly,10,TOR
2026020002,2,138,174,8476853,Morgan Rielly,10,TOR
2026020002,2,266,292,8476853,Morgan Rielly,10,TOR
2026020002,2,390,459,8476853,Morgan Rielly,10,TOR
2026020002,2,524,565,8476853,Morgan Rielly,10,TOR
2026020002,2,663,718,8476853,Morgan Rielly,10,TOR
2026020002,2,776,807,8476853,Morgan Rielly,10,TOR
2026020002,2,846,899,8476853,Morgan Rielly,10,TOR
2026020002,2,977,1021,8476853,Morgan Rielly,10,TOR
2026020002,2,1181,1200,8476853,Morgan Rielly,10,TOR
2026020002,3,39,86,8476853,Morgan Rielly,10,TOR
2026020002,3,132,162,8476853,Morgan Rielly,10,TOR
2026020002,3,220,246,8476853,Morgan Rielly,10,TOR
2026020002,3,328,377,8476853,Morgan Rielly,10,TOR
2026020002,3,488,556,8476853,Morgan Rielly,10,TOR
2026020002,3,634,672,8476853,Morgan Rielly,10,TOR
2026020002,3,757,792,8476853,Morgan Rielly,10,TOR
2026020002,3,886,921,8476853,Morgan Rielly,10,TOR
2026020002,3,979,1040,8476853,Morgan Rielly,10,TOR
2026020002,1,0,48,8476875,Mike Matheson,8,MTL
2026020002,1,94,130,8476875,Mike Matheson,8,MTL
2026020002,1,210,247,8476875,Mike Matheson,8,MTL
2026020002,1,380,474,8476875,Mike Matheson,8,MTL
2026020002,1,627,653,8476875,Mike Matheson,8,MTL
2026020002,1,702,730,8476875,Mike Matheson,8,MTL
2026020002,1,768,819,8476875,Mike Matheson,8,MTL
2026020002,1,880,934,8476875,Mike Matheson,8,MTL
2026020002,1,992,1027,8476875,Mike Matheson,8,MTL
2026020002,1,1122,1160,8476875,Mike Matheson,8,MTL
2026020002,2,0,19,8476875,Mike Matheson,8,MTL
2026020002,2,66,130,8476875,Mike Matheson,8,MTL
2026020002,2,257,297,8476875,Mike Matheson,8,MTL
2026020002,2,380,469,8476875,Mike Matheson,8,MTL
2026020002,2,665,730,8476875,Mike Matheson,8,MTL
2026020002,2,776,814,8476875,Mike Matheson,8,MTL
2026020002,2,982,1034,8476875,Mike Matheson,8,MTL
2026020002,2,1065,1175,8476875,Mike Matheson,8,MTL
2026020002,3,0,48,8476875,Mike Matheson,8,MTL
2026020002,3,86,95,8476875,Mike Matheson,8,MTL
2026020002,3,132,184,8476875,Mike Matheson,8,MTL
2026020002,3,220,246,8476875,Mike Matheson,8,MTL
2026020002,3,284,305,8476875,Mike Matheson,8,MTL
2026020002,3,377,406,8476875,Mike Matheson,8,MTL
2026020002,3,526,605,8476875,Mike Matheson,8,MTL
2026020002,3,644,696,8476875,Mike Matheson,8,MTL
2026020002,3,730,766,8476875,Mike Matheson,8,MTL
2026020002,3,813,844,8476875,Mike Matheson,8,MTL
2026020002,3,946,999,8476875,Mike Matheson,8,MTL
2026020002,3,1023,1068,8476875,Mike Matheson,8,MTL
2026020002,3,1098,1200,8476875,Mike Matheson,8,MTL
2026020002,1,48,79,8476925,Colton Sissons,10,TOR
2026020002,1,260,328,8476925,Colton Sissons,10,TOR
2026020002,1,453,513,8476925,Colton Sissons,10,TOR
2026020002,1,526,585,8476925,Colton Sissons,10,TOR
2026020002,1,611,628,8476925,Colton Sissons,10,TOR
2026020002,1,970,1044,8476925,Colton Sissons,10,TOR
2026020002,1,1055,1105,8476925,Colton Sissons,10,TOR
2026020002,2,50,118,8476925,Colton Sissons,10,TOR
2026020002,2,345,406,8476925,Colton Sissons,10,TOR
2026020002,2,507,542,8476925,Colton Sissons,10,TOR
2026020002,2,725,760,8476925,Colton Sissons,10,TOR
2026020002,2,900,945,8476925,Colton Sissons,10,TOR
2026020002,2,1060,1065,8476925,Colton Sissons,10,TOR
2026020002,3,86,132,8476925,Colton Sissons,10,TOR
2026020002,3,301,338,8476925,Colton Sissons,10,TOR
2026020002,3,421,473,8476925,Colton Sissons,10,TOR
2026020002,3,698,749,8476925,Colton Sissons,10,TOR
2026020002,3,850,886,8476925,Colton Sissons,10,TOR
2026020002,3,946,978,8476925,Colton Sissons,10,TOR
2026020002,3,1073,1109,8476925,Colton Sissons,10,TOR
2026020002,1,138,165,8476927,Theodor Blueger,10,TOR
2026020002,1,377,405,8476927,Theodor Blueger,10,TOR
2026020002,1,513,527,8476927,Theodor Blueger,10,TOR
2026020002,1,585,611,8476927,Theodor Blueger,10,TOR
2026020002,1,821,863,8476927,Theodor Blueger,10,TOR
2026020002,1,1055,1108,8476927,Theodor Blueger,10,TOR
2026020002,2,121,173,8476927,Theodor Blueger,10,TOR
2026020002,2,292,345,8476927,Theodor Blueger,10,TOR
2026020002,2,549,601,8476927,Theodor Blueger,10,TOR
2026020002,2,761,776,8476927,Theodor Blueger,10,TOR
2026020002,2,908,952,8476927,Theodor Blueger,10,TOR
2026020002,3,132,173,8476927,Theodor Blueger,10,TOR
2026020002,3,338,377,8476927,Theodor Blueger,10,TOR
2026020002,3,476,512,8476927,Theodor Blueger,10,TOR
2026020002,3,695,759,8476927,Theodor Blueger,10,TOR
2026020002,1,0,27,8476931,Jake McCabe,10,TOR
2026020002,1,138,154,8476931,Jake McCabe,10,TOR
2026020002,2,0,19,8476931,Jake McCabe,10,TOR
2026020002,2,103,137,8476931,Jake McCabe,10,TOR
2026020002,2,174,214,8476931,Jake McCabe,10,TOR
2026020002,2,292,345,8476931,Jake McCabe,10,TOR
2026020002,2,459,507,8476931,Jake McCabe,10,TOR
2026020002,2,565,622,8476931,Jake McCabe,10,TOR
2026020002,2,761,776,8476931,Jake McCabe,10,TOR
2026020002,2,896,900,8476931,Jake McCabe,10,TOR
2026020002,2,946,977,8476931,Jake McCabe,10,TOR
2026020002,2,1060,1065,8476931,Jake McCabe,10,TOR
2026020002,3,0,39,8476931,Jake McCabe,10,TOR
2026020002,3,122,132,8476931,Jake McCabe,10,TOR
2026020002,3,162,220,8476931,Jake McCabe,10,TOR
2026020002,3,298,329,8476931,Jake McCabe,10,TOR
2026020002,3,403,488,8476931,Jake McCabe,10,TOR
2026020002,3,550,556,8476931,Jake McCabe,10,TOR
2026020002,3,672,705,8476931,Jake McCabe,10,TOR
2026020002,3,792,845,8476931,Jake McCabe,10,TOR
2026020002,3,946,980,8476931,Jake McCabe,10,TOR
2026020002,1,137,154,8476981,Josh Anderson,8,MTL
2026020002,1,257,283,8476981,Josh Anderson,8,MTL
2026020002,1,429,478,8476981,Josh Anderson,8,MTL
2026020002,1,632,653,8476981,Josh Anderson,8,MTL
2026020002,1,730,768,8476981,Josh Anderson,8,MTL
2026020002,1,866,931,8476981,Josh Anderson,8,MTL
2026020002,1,1153,1188,8476981,Josh Anderson,8,MTL
2026020002,2,19,66,8476981,Josh Anderson,8,MTL
2026020002,2,256,292,8476981,Josh Anderson,8,MTL
2026020002,2,450,507,8476981,Josh Anderson,8,MTL
2026020002,2,710,732,8476981,Josh Anderson,8,MTL
2026020002,2,930,982,8476981,Josh Anderson,8,MTL
2026020002,2,1119,1175,8476981,Josh Anderson,8,MTL
2026020002,3,86,128,8476981,Josh Anderson,8,MTL
2026020002,3,220,246,8476981,Josh Anderson,8,MTL
2026020002,3,377,404,8476981,Josh Anderson,8,MTL
2026020002,3,575,604,8476981,Josh Anderson,8,MTL
2026020002,3,643,670,8476981,Josh Anderson,8,MTL
2026020002,3,792,812,8476981,Josh Anderson,8,MTL
2026020002,3,978,1021,8476981,Josh Anderson,8,MTL
2026020002,3,1070,1098,8476981,Josh Anderson,8,MTL
2026020002,3,1190,1200,8476981,Josh Anderson,8,MTL
2026020002,1,48,81,8477426,Nicholas Paul,10,TOR
2026020002,1,250,328,8477426,Nicholas Paul,10,TOR
2026020002,1,472,513,8477426,Nicholas Paul,10,TOR
2026020002,1,633,653,8477426,Nicholas Paul,10,TOR
2026020002,1,768,821,8477426,Nicholas Paul,10,TOR
2026020002,1,1008,1055,8477426,Nicholas Paul,10,TOR
2026020002,2,66,121,8477426,Nicholas Paul,10,TOR
2026020002,2,345,389,8477426,Nicholas Paul,10,TOR
2026020002,2,507,549,8477426,Nicholas Paul,10,TOR
2026020002,2,710,761,8477426,Nicholas Paul,10,TOR
2026020002,2,880,908,8477426,Nicholas Paul,10,TOR
2026020002,2,1060,1065,8477426,Nicholas Paul,10,TOR
2026020002,2,1133,1200,8477426,Nicholas Paul,10,TOR
2026020002,3,86,132,8477426,Nicholas Paul,10,TOR
2026020002,3,299,338,8477426,Nicholas Paul,10,TOR
2026020002,3,421,476,8477426,Nicholas Paul,10,TOR
2026020002,3,512,550,8477426,Nicholas Paul,10,TOR
2026020002,3,627,695,8477426,Nicholas Paul,10,TOR
2026020002,3,844,886,8477426,Nicholas Paul,10,TOR
2026020002,3,946,979,8477426,Nicholas Paul,10,TOR
2026020002,3,1061,1108,8477426,Nicholas Paul,10,TOR
2026020002,1,35,48,8477939,William Nylander,10,TOR
2026020002,1,79,130,8477939,William Nylander,10,TOR
2026020002,1,210,260,8477939,William Nylander,10,TOR
2026020002,1,405,453,8477939,William Nylander,10,TOR
2026020002,1,608,653,8477939,William Nylander,10,TOR
2026020002,1,702,768,8477939,William Nylander,10,TOR
2026020002,1,931,970,8477939,William Nylander,10,TOR
2026020002,1,1149,1200,8477939,William Nylander,10,TOR
2026020002,2,19,50,8477939,William Nylander,10,TOR
2026020002,2,266,292,8477939,William Nylander,10,TOR
2026020002,2,469,507,8477939,William Nylander,10,TOR
2026020002,2,665,725,8477939,William Nylander,10,TOR
2026020002,2,808,880,8477939,William Nylander,10,TOR
2026020002,2,1021,1060,8477939,William Nylander,10,TOR
2026020002,2,1065,1119,8477939,William Nylander,10,TOR
2026020002,3,48,86,8477939,William Nylander,10,TOR
2026020002,3,132,180,8477939,William Nylander,10,TOR
2026020002,3,220,246,8477939,William Nylander,10,TOR
2026020002,3,377,421,8477939,William Nylander,10,TOR
2026020002,3,511,627,8477939,William Nylander,10,TOR
2026020002,3,749,792,8477939,William Nylander,10,TOR
2026020002,3,920,946,8477939,William Nylander,10,TOR
2026020002,3,978,1001,8477939,William Nylander,10,TOR
2026020002,3,1112,1200,8477939,William Nylander,10,TOR
2026020002,1,131,154,8478133,Jake Evans,8,MTL
2026020002,1,256,283,8478133,Jake Evans,8,MTL
2026020002,1,425,475,8478133,Jake Evans,8,MTL
2026020002,1,702,729,8478133,Jake Evans,8,MTL
2026020002,1,768,808,8478133,Jake Evans,8,MTL
2026020002,1,878,921,8478133,Jake Evans,8,MTL
2026020002,1,1147,1200,8478133,Jake Evans,8,MTL
2026020002,2,19,66,8478133,Jake Evans,8,MTL
2026020002,2,237,292,8478133,Jake Evans,8,MTL
2026020002,2,454,491,8478133,Jake Evans,8,MTL
2026020002,2,716,732,8478133,Jake Evans,8,MTL
2026020002,2,815,817,8478133,Jake Evans,8,MTL
2026020002,2,945,994,8478133,Jake Evans,8,MTL
2026020002,2,1065,1118,8478133,Jake Evans,8,MTL
2026020002,3,86,132,8478133,Jake Evans,8,MTL
2026020002,3,220,246,8478133,Jake Evans,8,MTL
2026020002,3,377,406,8478133,Jake Evans,8,MTL
2026020002,3,556,575,8478133,Jake Evans,8,MTL
2026020002,3,604,642,8478133,Jake Evans,8,MTL
2026020002,3,792,840,8478133,Jake Evans,8,MTL
2026020002,3,979,1039,8478133,Jake Evans,8,MTL
2026020002,3,1098,1200,8478133,Jake Evans,8,MTL
2026020002,1,25,70,8478178,Darren Raddysh,10,TOR
2026020002,1,162,210,8478178,Darren Raddysh,10,TOR
2026020002,1,306,349,8478178,Darren Raddysh,10,TOR
2026020002,1,405,470,8478178,Darren Raddysh,10,TOR
2026020002,1,627,653,8478178,Darren Raddysh,10,TOR
2026020002,1,697,768,8478178,Darren Raddysh,10,TOR
2026020002,1,863,931,8478178,Darren Raddysh,10,TOR
2026020002,1,1004,1035,8478178,Darren Raddysh,10,TOR
2026020002,1,1104,1144,8478178,Darren Raddysh,10,TOR
2026020002,2,19,59,8478178,Darren Raddysh,10,TOR
2026020002,2,137,175,8478178,Darren Raddysh,10,TOR
2026020002,2,266,292,8478178,Darren Raddysh,10,TOR
2026020002,2,389,459,8478178,Darren Raddysh,10,TOR
2026020002,2,542,577,8478178,Darren Raddysh,10,TOR
2026020002,2,665,719,8478178,Darren Raddysh,10,TOR
2026020002,2,776,815,8478178,Darren Raddysh,10,TOR
2026020002,2,862,945,8478178,Darren Raddysh,10,TOR
2026020002,2,1047,1060,8478178,Darren Raddysh,10,TOR
2026020002,2,1065,1181,8478178,Darren Raddysh,10,TOR
2026020002,3,36,86,8478178,Darren Raddysh,10,TOR
2026020002,3,132,178,8478178,Darren Raddysh,10,TOR
2026020002,3,220,246,8478178,Darren Raddysh,10,TOR
2026020002,3,329,377,8478178,Darren Raddysh,10,TOR
2026020002,3,556,634,8478178,Darren Raddysh,10,TOR
2026020002,3,752,792,8478178,Darren Raddysh,10,TOR
2026020002,3,886,921,8478178,Darren Raddysh,10,TOR
2026020002,3,978,1038,8478178,Darren Raddysh,10,TOR
2026020002,3,1107,1200,8478178,Darren Raddysh,10,TOR
2026020002,1,0,35,8478458,John (Jack) Roslovic,10,TOR
2026020002,1,166,210,8478458,John (Jack) Roslovic,10,TOR
2026020002,1,328,379,8478458,John (Jack) Roslovic,10,TOR
2026020002,1,653,702,8478458,John (Jack) Roslovic,10,TOR
2026020002,1,768,841,8478458,John (Jack) Roslovic,10,TOR
2026020002,1,872,931,8478458,John (Jack) Roslovic,10,TOR
2026020002,1,1108,1149,8478458,John (Jack) Roslovic,10,TOR
2026020002,2,0,19,8478458,John (Jack) Roslovic,10,TOR
2026020002,2,174,266,8478458,John (Jack) Roslovic,10,TOR
2026020002,2,406,469,8478458,John (Jack) Roslovic,10,TOR
2026020002,2,598,665,8478458,John (Jack) Roslovic,10,TOR
2026020002,2,815,862,8478458,John (Jack) Roslovic,10,TOR
2026020002,2,984,1021,8478458,John (Jack) Roslovic,10,TOR
2026020002,2,1133,1195,8478458,John (Jack) Roslovic,10,TOR
2026020002,3,0,48,8478458,John (Jack) Roslovic,10,TOR
2026020002,3,180,220,8478458,John (Jack) Roslovic,10,TOR
2026020002,3,246,301,8478458,John (Jack) Roslovic,10,TOR
2026020002,3,629,680,8478458,John (Jack) Roslovic,10,TOR
2026020002,3,792,847,8478458,John (Jack) Roslovic,10,TOR
2026020002,3,886,920,8478458,John (Jack) Roslovic,10,TOR
2026020002,3,1001,1073,8478458,John (Jack) Roslovic,10,TOR
2026020002,1,48,94,8478851,Alexandre Carrier,8,MTL
2026020002,1,154,210,8478851,Alexandre Carrier,8,MTL
2026020002,1,316,395,8478851,Alexandre Carrier,8,MTL
2026020002,1,637,729,8478851,Alexandre Carrier,8,MTL
2026020002,1,768,809,8478851,Alexandre Carrier,8,MTL
2026020002,1,878,925,8478851,Alexandre Carrier,8,MTL
2026020002,1,1027,1086,8478851,Alexandre Carrier,8,MTL
2026020002,1,1189,1200,8478851,Alexandre Carrier,8,MTL
2026020002,2,19,66,8478851,Alexandre Carrier,8,MTL
2026020002,2,192,256,8478851,Alexandre Carrier,8,MTL
2026020002,2,345,352,8478851,Alexandre Carrier,8,MTL
2026020002,2,469,554,8478851,Alexandre Carrier,8,MTL
2026020002,2,730,767,8478851,Alexandre Carrier,8,MTL
2026020002,2,815,910,8478851,Alexandre Carrier,8,MTL
2026020002,2,1034,1060,8478851,Alexandre Carrier,8,MTL
2026020002,2,1065,1119,8478851,Alexandre Carrier,8,MTL
2026020002,2,1175,1200,8478851,Alexandre Carrier,8,MTL
2026020002,3,56,86,8478851,Alexandre Carrier,8,MTL
2026020002,3,148,220,8478851,Alexandre Carrier,8,MTL
2026020002,3,246,284,8478851,Alexandre Carrier,8,MTL
2026020002,3,338,373,8478851,Alexandre Carrier,8,MTL
2026020002,3,556,602,8478851,Alexandre Carrier,8,MTL
2026020002,3,653,695,8478851,Alexandre Carrier,8,MTL
2026020002,3,761,813,8478851,Alexandre Carrier,8,MTL
2026020002,3,886,946,8478851,Alexandre Carrier,8,MTL
2026020002,3,997,1023,8478851,Alexandre Carrier,8,MTL
2026020002,3,1066,1098,8478851,Alexandre Carrier,8,MTL
2026020002,3,1190,1200,8478851,Alexandre Carrier,8,MTL
2026020002,1,0,43,8479318,Auston Matthews,10,TOR
2026020002,1,165,210,8479318,Auston Matthews,10,TOR
2026020002,1,328,377,8479318,Auston Matthews,10,TOR
2026020002,1,527,585,8479318,Auston Matthews,10,TOR
2026020002,1,630,768,8479318,Auston Matthews,10,TOR
2026020002,1,863,932,8479318,Auston Matthews,10,TOR
2026020002,1,1105,1147,8479318,Auston Matthews,10,TOR
2026020002,2,0,19,8479318,Auston Matthews,10,TOR
2026020002,2,175,252,8479318,Auston Matthews,10,TOR
2026020002,2,389,470,8479318,Auston Matthews,10,TOR
2026020002,2,597,665,8479318,Auston Matthews,10,TOR
2026020002,2,776,808,8479318,Auston Matthews,10,TOR
2026020002,2,952,1027,8479318,Auston Matthews,10,TOR
2026020002,2,1065,1156,8479318,Auston Matthews,10,TOR
2026020002,3,0,45,8479318,Auston Matthews,10,TOR
2026020002,3,173,220,8479318,Auston Matthews,10,TOR
2026020002,3,246,299,8479318,Auston Matthews,10,TOR
2026020002,3,406,421,8479318,Auston Matthews,10,TOR
2026020002,3,549,643,8479318,Auston Matthews,10,TOR
2026020002,3,792,844,8479318,Auston Matthews,10,TOR
2026020002,3,886,921,8479318,Auston Matthews,10,TOR
2026020002,3,1010,1061,8479318,Auston Matthews,10,TOR
2026020002,3,1125,1200,8479318,Auston Matthews,10,TOR
2026020002,1,70,138,8479442,Troy Stecher,10,TOR
2026020002,1,260,306,8479442,Troy Stecher,10,TOR
2026020002,1,379,405,8479442,Troy Stecher,10,TOR
2026020002,1,470,513,8479442,Troy Stecher,10,TOR
2026020002,1,585,627,8479442,Troy Stecher,10,TOR
2026020002,1,698,702,8479442,Troy Stecher,10,TOR
2026020002,1,861,929,8479442,Troy Stecher,10,TOR
2026020002,1,958,1005,8479442,Troy Stecher,10,TOR
2026020002,1,1035,1055,8479442,Troy Stecher,10,TOR
2026020002,1,1144,1200,8479442,Troy Stecher,10,TOR
2026020002,2,59,107,8479442,Troy Stecher,10,TOR
2026020002,2,218,266,8479442,Troy Stecher,10,TOR
2026020002,2,345,391,8479442,Troy Stecher,10,TOR
2026020002,2,507,543,8479442,Troy Stecher,10,TOR
2026020002,2,624,665,8479442,Troy Stecher,10,TOR
2026020002,2,718,762,8479442,Troy Stecher,10,TOR
2026020002,2,978,1047,8479442,Troy Stecher,10,TOR
2026020002,2,1195,1200,8479442,Troy Stecher,10,TOR
2026020002,3,86,122,8479442,Troy Stecher,10,TOR
2026020002,3,246,298,8479442,Troy Stecher,10,TOR
2026020002,3,377,421,8479442,Troy Stecher,10,TOR
2026020002,3,472,550,8479442,Troy Stecher,10,TOR
2026020002,3,705,752,8479442,Troy Stecher,10,TOR
2026020002,3,849,886,8479442,Troy Stecher,10,TOR
2026020002,3,921,946,8479442,Troy Stecher,10,TOR
2026020002,3,1038,1107,8479442,Troy Stecher,10,TOR
2026020002,1,138,165,8479520,Brandon Duhaime,10,TOR
2026020002,1,373,405,8479520,Brandon Duhaime,10,TOR
2026020002,1,513,526,8479520,Brandon Duhaime,10,TOR
2026020002,1,585,608,8479520,Brandon Duhaime,10,TOR
2026020002,1,842,871,8479520,Brandon Duhaime,10,TOR
2026020002,1,1055,1082,8479520,Brandon Duhaime,10,TOR
2026020002,2,136,174,8479520,Brandon Duhaime,10,TOR
2026020002,2,292,345,8479520,Brandon Duhaime,10,TOR
2026020002,2,556,597,8479520,Brandon Duhaime,10,TOR
2026020002,2,763,776,8479520,Brandon Duhaime,10,TOR
2026020002,2,932,976,8479520,Brandon Duhaime,10,TOR
2026020002,3,129,175,8479520,Brandon Duhaime,10,TOR
2026020002,3,338,377,8479520,Brandon Duhaime,10,TOR
2026020002,3,473,511,8479520,Brandon Duhaime,10,TOR
2026020002,3,704,739,8479520,Brandon Duhaime,10,TOR
2026020002,3,1054,1100,8479520,Brandon Duhaime,10,TOR
2026020002,1,130,166,8479772,Zack MacEwen,10,TOR
2026020002,1,379,405,8479772,Zack MacEwen,10,TOR
2026020002,1,840,872,8479772,Zack MacEwen,10,TOR
2026020002,1,1044,1055,8479772,Zack MacEwen,10,TOR
2026020002,2,118,175,8479772,Zack MacEwen,10,TOR
2026020002,2,292,345,8479772,Zack MacEwen,10,TOR
2026020002,2,543,598,8479772,Zack MacEwen,10,TOR
2026020002,2,760,776,8479772,Zack MacEwen,10,TOR
2026020002,2,945,984,8479772,Zack MacEwen,10,TOR
2026020002,1,0,48,8480018,Nick Suzuki,8,MTL
2026020002,1,154,210,8480018,Nick Suzuki,8,MTL
2026020002,1,329,384,8480018,Nick Suzuki,8,MTL
2026020002,1,513,585,8480018,Nick Suzuki,8,MTL
2026020002,1,808,878,8480018,Nick Suzuki,8,MTL
2026020002,1,1027,1109,8480018,Nick Suzuki,8,MTL
2026020002,2,0,19,8480018,Nick Suzuki,8,MTL
2026020002,2,174,243,8480018,Nick Suzuki,8,MTL
2026020002,2,406,454,8480018,Nick Suzuki,8,MTL
2026020002,2,665,716,8480018,Nick Suzuki,8,MTL
2026020002,2,776,815,8480018,Nick Suzuki,8,MTL
2026020002,2,990,1035,8480018,Nick Suzuki,8,MTL
2026020002,2,1060,1065,8480018,Nick Suzuki,8,MTL
2026020002,2,1174,1200,8480018,Nick Suzuki,8,MTL
2026020002,3,0,49,8480018,Nick Suzuki,8,MTL
2026020002,3,180,220,8480018,Nick Suzuki,8,MTL
2026020002,3,338,377,8480018,Nick Suzuki,8,MTL
2026020002,3,404,490,8480018,Nick Suzuki,8,MTL
2026020002,3,670,717,8480018,Nick Suzuki,8,MTL
2026020002,3,840,873,8480018,Nick Suzuki,8,MTL
2026020002,3,946,979,8480018,Nick Suzuki,8,MTL
2026020002,3,1039,1068,8480018,Nick Suzuki,8,MTL
2026020002,3,1108,1190,8480018,Nick Suzuki,8,MTL
2026020002,1,84,137,8480074,Alexandre Texier,8,MTL
2026020002,1,283,332,8480074,Alexandre Texier,8,MTL
2026020002,1,478,513,8480074,Alexandre Texier,8,MTL
2026020002,1,585,630,8480074,Alexandre Texier,8,MTL
2026020002,1,999,1027,8480074,Alexandre Texier,8,MTL
2026020002,2,66,117,8480074,Alexandre Texier,8,MTL
2026020002,2,292,345,8480074,Alexandre Texier,8,MTL
2026020002,2,551,665,8480074,Alexandre Texier,8,MTL
2026020002,2,877,930,8480074,Alexandre Texier,8,MTL
2026020002,3,129,184,8480074,Alexandre Texier,8,MTL
2026020002,3,246,284,8480074,Alexandre Texier,8,MTL
2026020002,3,492,556,8480074,Alexandre Texier,8,MTL
2026020002,3,676,683,8480074,Alexandre Texier,8,MTL
2026020002,3,762,792,8480074,Alexandre Texier,8,MTL
2026020002,3,886,919,8480074,Alexandre Texier,8,MTL
2026020002,3,921,946,8480074,Alexandre Texier,8,MTL
2026020002,1,0,48,8480865,Noah Dobson,8,MTL
2026020002,1,93,132,8480865,Noah Dobson,8,MTL
2026020002,1,210,248,8480865,Noah Dobson,8,MTL
2026020002,1,433,482,8480865,Noah Dobson,8,MTL
2026020002,1,585,637,8480865,Noah Dobson,8,MTL
2026020002,1,729,768,8480865,Noah Dobson,8,MTL
2026020002,1,809,878,8480865,Noah Dobson,8,MTL
2026020002,1,982,1027,8480865,Noah Dobson,8,MTL
2026020002,1,1086,1140,8480865,Noah Dobson,8,MTL
2026020002,2,0,19,8480865,Noah Dobson,8,MTL
2026020002,2,66,129,8480865,Noah Dobson,8,MTL
2026020002,2,259,297,8480865,Noah Dobson,8,MTL
2026020002,2,402,450,8480865,Noah Dobson,8,MTL
2026020002,2,665,709,8480865,Noah Dobson,8,MTL
2026020002,2,776,815,8480865,Noah Dobson,8,MTL
2026020002,2,985,1011,8480865,Noah Dobson,8,MTL
2026020002,2,1060,1065,8480865,Noah Dobson,8,MTL
2026020002,2,1118,1174,8480865,Noah Dobson,8,MTL
2026020002,3,0,56,8480865,Noah Dobson,8,MTL
2026020002,3,86,93,8480865,Noah Dobson,8,MTL
2026020002,3,132,148,8480865,Noah Dobson,8,MTL
2026020002,3,220,246,8480865,Noah Dobson,8,MTL
2026020002,3,284,311,8480865,Noah Dobson,8,MTL
2026020002,3,373,421,8480865,Noah Dobson,8,MTL
2026020002,3,501,556,8480865,Noah Dobson,8,MTL
2026020002,3,602,653,8480865,Noah Dobson,8,MTL
2026020002,3,728,762,8480865,Noah Dobson,8,MTL
2026020002,3,811,846,8480865,Noah Dobson,8,MTL
2026020002,3,919,921,8480865,Noah Dobson,8,MTL
2026020002,3,946,997,8480865,Noah Dobson,8,MTL
2026020002,3,1021,1066,8480865,Noah Dobson,8,MTL
2026020002,3,1098,1190,8480865,Noah Dobson,8,MTL
2026020002,1,0,48,8480893,Kirill Marchenko,10,TOR
2026020002,1,165,210,8480893,Kirill Marchenko,10,TOR
2026020002,1,331,373,8480893,Kirill Marchenko,10,TOR
2026020002,1,653,768,8480893,Kirill Marchenko,10,TOR
2026020002,1,871,936,8480893,Kirill Marchenko,10,TOR
2026020002,1,1082,1135,8480893,Kirill Marchenko,10,TOR
2026020002,2,0,19,8480893,Kirill Marchenko,10,TOR
2026020002,2,175,266,8480893,Kirill Marchenko,10,TOR
2026020002,2,391,453,8480893,Kirill Marchenko,10,TOR
2026020002,2,601,665,8480893,Kirill Marchenko,10,TOR
2026020002,2,776,815,8480893,Kirill Marchenko,10,TOR
2026020002,2,976,1026,8480893,Kirill Marchenko,10,TOR
2026020002,2,1065,1133,8480893,Kirill Marchenko,10,TOR
2026020002,3,0,46,8480893,Kirill Marchenko,10,TOR
2026020002,3,175,220,8480893,Kirill Marchenko,10,TOR
2026020002,3,246,304,8480893,Kirill Marchenko,10,TOR
2026020002,3,556,627,8480893,Kirill Marchenko,10,TOR
2026020002,3,792,849,8480893,Kirill Marchenko,10,TOR
2026020002,3,886,921,8480893,Kirill Marchenko,10,TOR
2026020002,3,1010,1054,8480893,Kirill Marchenko,10,TOR
2026020002,3,1109,1200,8480893,Kirill Marchenko,10,TOR
2026020002,1,81,136,8481523,Kirby Dach,8,MTL
2026020002,1,283,331,8481523,Kirby Dach,8,MTL
2026020002,1,477,513,8481523,Kirby Dach,8,MTL
2026020002,1,633,653,8481523,Kirby Dach,8,MTL
2026020002,1,992,1027,8481523,Kirby Dach,8,MTL
2026020002,1,1188,1200,8481523,Kirby Dach,8,MTL
2026020002,2,66,132,8481523,Kirby Dach,8,MTL
2026020002,2,292,345,8481523,Kirby Dach,8,MTL
2026020002,2,552,665,8481523,Kirby Dach,8,MTL
2026020002,2,895,941,8481523,Kirby Dach,8,MTL
2026020002,3,128,182,8481523,Kirby Dach,8,MTL
2026020002,3,246,284,8481523,Kirby Dach,8,MTL
2026020002,3,761,792,8481523,Kirby Dach,8,MTL
2026020002,3,886,946,8481523,Kirby Dach,8,MTL
2026020002,1,0,48,8481540,Cole Caufield,8,MTL
2026020002,1,154,210,8481540,Cole Caufield,8,MTL
2026020002,1,331,381,8481540,Cole Caufield,8,MTL
2026020002,1,513,585,8481540,Cole Caufield,8,MTL
2026020002,1,825,871,8481540,Cole Caufield,8,MTL
2026020002,1,1027,1105,8481540,Cole Caufield,8,MTL
2026020002,2,0,19,8481540,Cole Caufield,8,MTL
2026020002,2,175,237,8481540,Cole Caufield,8,MTL
2026020002,2,403,450,8481540,Cole Caufield,8,MTL
2026020002,2,665,732,8481540,Cole Caufield,8,MTL
2026020002,2,776,815,8481540,Cole Caufield,8,MTL
2026020002,2,994,1034,8481540,Cole Caufield,8,MTL
2026020002,2,1060,1065,8481540,Cole Caufield,8,MTL
2026020002,2,1185,1200,8481540,Cole Caufield,8,MTL
2026020002,3,0,47,8481540,Cole Caufield,8,MTL
2026020002,3,182,220,8481540,Cole Caufield,8,MTL
2026020002,3,329,373,8481540,Cole Caufield,8,MTL
2026020002,3,397,492,8481540,Cole Caufield,8,MTL
2026020002,3,683,718,8481540,Cole Caufield,8,MTL
2026020002,3,843,862,8481540,Cole Caufield,8,MTL
2026020002,3,946,979,8481540,Cole Caufield,8,MTL
2026020002,1,132,154,8481593,Jayden Struble,8,MTL
2026020002,1,248,317,8481593,Jayden Struble,8,MTL
2026020002,1,482,513,8481593,Jayden Struble,8,MTL
2026020002,1,934,992,8481593,Jayden Struble,8,MTL
2026020002,1,1160,1200,8481593,Jayden Struble,8,MTL
2026020002,2,129,190,8481593,Jayden Struble,8,MTL
2026020002,2,297,345,8481593,Jayden Struble,8,MTL
2026020002,2,554,665,8481593,Jayden Struble,8,MTL
2026020002,2,767,776,8481593,Jayden Struble,8,MTL
2026020002,2,910,985,8481593,Jayden Struble,8,MTL
2026020002,3,93,132,8481593,Jayden Struble,8,MTL
2026020002,3,311,338,8481593,Jayden Struble,8,MTL
2026020002,3,696,728,8481593,Jayden Struble,8,MTL
2026020002,3,846,886,8481593,Jayden Struble,8,MTL
2026020002,1,48,83,8481618,Alex Newhook,8,MTL
2026020002,1,210,256,8481618,Alex Newhook,8,MTL
2026020002,1,384,425,8481618,Alex Newhook,8,MTL
2026020002,1,585,633,8481618,Alex Newhook,8,MTL
2026020002,1,653,702,8481618,Alex Newhook,8,MTL
2026020002,1,768,809,8481618,Alex Newhook,8,MTL
2026020002,1,921,976,8481618,Alex Newhook,8,MTL
2026020002,1,1109,1147,8481618,Alex Newhook,8,MTL
2026020002,2,132,174,8481618,Alex Newhook,8,MTL
2026020002,2,345,406,8481618,Alex Newhook,8,MTL
2026020002,2,507,559,8481618,Alex Newhook,8,MTL
2026020002,2,732,776,8481618,Alex Newhook,8,MTL
2026020002,2,896,908,8481618,Alex Newhook,8,MTL
2026020002,2,1030,1060,8481618,Alex Newhook,8,MTL
2026020002,2,1065,1118,8481618,Alex Newhook,8,MTL
2026020002,3,49,86,8481618,Alex Newhook,8,MTL
2026020002,3,284,338,8481618,Alex Newhook,8,MTL
2026020002,3,490,526,8481618,Alex Newhook,8,MTL
2026020002,3,556,575,8481618,Alex Newhook,8,MTL
2026020002,3,605,643,8481618,Alex Newhook,8,MTL
2026020002,3,717,759,8481618,Alex Newhook,8,MTL
2026020002,3,873,886,8481618,Alex Newhook,8,MTL
2026020002,3,979,1024,8481618,Alex Newhook,8,MTL
2026020002,3,1068,1108,8481618,Alex Newhook,8,MTL
2026020002,1,0,1200,8482487,Jakub Dobes,8,MTL
2026020002,2,0,1200,8482487,Jakub Dobes,8,MTL
2026020002,3,0,397,8482487,Jakub Dobes,8,MTL
2026020002,3,421,1200,8482487,Jakub Dobes,8,MTL
2026020002,1,136,154,8482737,Zachary Bolduc,8,MTL
2026020002,1,259,283,8482737,Zachary Bolduc,8,MTL
2026020002,1,428,477,8482737,Zachary Bolduc,8,MTL
2026020002,1,585,627,8482737,Zachary Bolduc,8,MTL
2026020002,1,871,934,8482737,Zachary Bolduc,8,MTL
2026020002,1,1151,1200,8482737,Zachary Bolduc,8,MTL
2026020002,2,19,66,8482737,Zachary Bolduc,8,MTL
2026020002,2,243,292,8482737,Zachary Bolduc,8,MTL
2026020002,2,450,507,8482737,Zachary Bolduc,8,MTL
2026020002,2,941,990,8482737,Zachary Bolduc,8,MTL
2026020002,3,86,129,8482737,Zachary Bolduc,8,MTL
2026020002,3,220,246,8482737,Zachary Bolduc,8,MTL
2026020002,3,373,409,8482737,Zachary Bolduc,8,MTL
2026020002,3,495,556,8482737,Zachary Bolduc,8,MTL
2026020002,3,792,843,8482737,Zachary Bolduc,8,MTL
2026020002,1,130,154,8482964,Arber Xhekaj,8,MTL
2026020002,1,247,316,8482964,Arber Xhekaj,8,MTL
2026020002,1,395,433,8482964,Arber Xhekaj,8,MTL
2026020002,1,474,513,8482964,Arber Xhekaj,8,MTL
2026020002,1,730,768,8482964,Arber Xhekaj,8,MTL
2026020002,1,1140,1189,8482964,Arber Xhekaj,8,MTL
2026020002,2,130,192,8482964,Arber Xhekaj,8,MTL
2026020002,2,297,309,8482964,Arber Xhekaj,8,MTL
2026020002,2,352,403,8482964,Arber Xhekaj,8,MTL
2026020002,2,555,665,8482964,Arber Xhekaj,8,MTL
2026020002,2,912,982,8482964,Arber Xhekaj,8,MTL
2026020002,2,1175,1200,8482964,Arber Xhekaj,8,MTL
2026020002,3,95,132,8482964,Arber Xhekaj,8,MTL
2026020002,3,305,338,8482964,Arber Xhekaj,8,MTL
2026020002,3,603,644,8482964,Arber Xhekaj,8,MTL
2026020002,3,844,886,8482964,Arber Xhekaj,8,MTL
2026020002,1,48,93,8483457,Lane Hutson,8,MTL
2026020002,1,154,210,8483457,Lane Hutson,8,MTL
2026020002,1,317,380,8483457,Lane Hutson,8,MTL
2026020002,1,513,585,8483457,Lane Hutson,8,MTL
2026020002,1,653,702,8483457,Lane Hutson,8,MTL
2026020002,1,819,880,8483457,Lane Hutson,8,MTL
2026020002,1,925,982,8483457,Lane Hutson,8,MTL
2026020002,1,1027,1122,8483457,Lane Hutson,8,MTL
2026020002,2,19,66,8483457,Lane Hutson,8,MTL
2026020002,2,190,259,8483457,Lane Hutson,8,MTL
2026020002,2,309,380,8483457,Lane Hutson,8,MTL
2026020002,2,450,555,8483457,Lane Hutson,8,MTL
2026020002,2,709,776,8483457,Lane Hutson,8,MTL
2026020002,2,814,912,8483457,Lane Hutson,8,MTL
2026020002,2,1011,1065,8483457,Lane Hutson,8,MTL
2026020002,3,48,86,8483457,Lane Hutson,8,MTL
2026020002,3,184,220,8483457,Lane Hutson,8,MTL
2026020002,3,246,284,8483457,Lane Hutson,8,MTL
2026020002,3,338,377,8483457,Lane Hutson,8,MTL
2026020002,3,406,501,8483457,Lane Hutson,8,MTL
2026020002,3,695,730,8483457,Lane Hutson,8,MTL
2026020002,3,766,811,8483457,Lane Hutson,8,MTL
2026020002,3,886,946,8483457,Lane Hutson,8,MTL
2026020002,3,999,1021,8483457,Lane Hutson,8,MTL
2026020002,3,1068,1098,8483457,Lane Hutson,8,MTL
2026020002,1,48,84,8483515,Juraj SlafkovskÃ½,8,MTL
2026020002,1,210,257,8483515,Juraj SlafkovskÃ½,8,MTL
2026020002,1,380,428,8483515,Juraj SlafkovskÃ½,8,MTL
2026020002,1,513,585,8483515,Juraj SlafkovskÃ½,8,MTL
2026020002,1,653,702,8483515,Juraj SlafkovskÃ½,8,MTL
2026020002,1,934,992,8483515,Juraj SlafkovskÃ½,8,MTL
2026020002,1,1106,1153,8483515,Juraj SlafkovskÃ½,8,MTL
2026020002,2,132,184,8483515,Juraj SlafkovskÃ½,8,MTL
2026020002,2,345,401,8483515,Juraj SlafkovskÃ½,8,MTL
2026020002,2,507,552,8483515,Juraj SlafkovskÃ½,8,MTL
2026020002,2,732,776,8483515,Juraj SlafkovskÃ½,8,MTL
2026020002,2,815,895,8483515,Juraj SlafkovskÃ½,8,MTL
2026020002,2,1034,1060,8483515,Juraj SlafkovskÃ½,8,MTL
2026020002,3,47,86,8483515,Juraj SlafkovskÃ½,8,MTL
2026020002,3,284,338,8483515,Juraj SlafkovskÃ½,8,MTL
2026020002,3,406,495,8483515,Juraj SlafkovskÃ½,8,MTL
2026020002,3,708,761,8483515,Juraj SlafkovskÃ½,8,MTL
2026020002,3,847,886,8483515,Juraj SlafkovskÃ½,8,MTL
2026020002,3,1021,1070,8483515,Juraj SlafkovskÃ½,8,MTL
2026020002,3,1100,1190,8483515,Juraj SlafkovskÃ½,8,MTL
2026020002,1,48,82,8484158,Easton Cowan,10,TOR
2026020002,1,258,331,8484158,Easton Cowan,10,TOR
2026020002,1,455,513,8484158,Easton Cowan,10,TOR
2026020002,1,768,822,8484158,Easton Cowan,10,TOR
2026020002,1,1004,1055,8484158,Easton Cowan,10,TOR
2026020002,2,66,136,8484158,Easton Cowan,10,TOR
2026020002,2,345,390,8484158,Easton Cowan,10,TOR
2026020002,2,507,556,8484158,Easton Cowan,10,TOR
2026020002,2,665,702,8484158,Easton Cowan,10,TOR
2026020002,2,862,932,8484158,Easton Cowan,10,TOR
2026020002,2,1060,1065,8484158,Easton Cowan,10,TOR
2026020002,2,1156,1200,8484158,Easton Cowan,10,TOR
2026020002,3,86,129,8484158,Easton Cowan,10,TOR
2026020002,3,304,377,8484158,Easton Cowan,10,TOR
2026020002,3,627,704,8484158,Easton Cowan,10,TOR
2026020002,3,847,886,8484158,Easton Cowan,10,TOR
2026020002,3,921,946,8484158,Easton Cowan,10,TOR
2026020002,3,999,1010,8484158,Easton Cowan,10,TOR
2026020002,3,1100,1200,8484158,Easton Cowan,10,TOR
2026020002,1,24,81,8484984,Ivan Demidov,8,MTL
2026020002,1,210,259,8484984,Ivan Demidov,8,MTL
2026020002,1,381,429,8484984,Ivan Demidov,8,MTL
2026020002,1,513,585,8484984,Ivan Demidov,8,MTL
2026020002,1,653,702,8484984,Ivan Demidov,8,MTL
2026020002,1,822,825,8484984,Ivan Demidov,8,MTL
2026020002,1,931,999,8484984,Ivan Demidov,8,MTL
2026020002,1,1105,1151,8484984,Ivan Demidov,8,MTL
2026020002,2,117,175,8484984,Ivan Demidov,8,MTL
2026020002,2,345,402,8484984,Ivan Demidov,8,MTL
2026020002,2,507,551,8484984,Ivan Demidov,8,MTL
2026020002,2,732,776,8484984,Ivan Demidov,8,MTL
2026020002,2,817,877,8484984,Ivan Demidov,8,MTL
2026020002,2,1035,1060,8484984,Ivan Demidov,8,MTL
2026020002,3,50,86,8484984,Ivan Demidov,8,MTL
2026020002,3,284,329,8484984,Ivan Demidov,8,MTL
2026020002,3,409,492,8484984,Ivan Demidov,8,MTL
2026020002,3,718,761,8484984,Ivan Demidov,8,MTL
2026020002,3,862,886,8484984,Ivan Demidov,8,MTL
2026020002,1,81,138,8486067,Gavin McKenna,10,TOR
2026020002,1,210,258,8486067,Gavin McKenna,10,TOR
2026020002,1,405,455,8486067,Gavin McKenna,10,TOR
2026020002,1,768,842,8486067,Gavin McKenna,10,TOR
2026020002,1,936,1004,8486067,Gavin McKenna,10,TOR
2026020002,1,1135,1200,8486067,Gavin McKenna,10,TOR
2026020002,2,19,66,8486067,Gavin McKenna,10,TOR
2026020002,2,266,292,8486067,Gavin McKenna,10,TOR
2026020002,2,453,507,8486067,Gavin McKenna,10,TOR
2026020002,2,702,763,8486067,Gavin McKenna,10,TOR
2026020002,2,1026,1060,8486067,Gavin McKenna,10,TOR
2026020002,2,1119,1200,8486067,Gavin McKenna,10,TOR
2026020002,3,45,86,8486067,Gavin McKenna,10,TOR
2026020002,3,220,246,8486067,Gavin McKenna,10,TOR
2026020002,3,377,403,8486067,Gavin McKenna,10,TOR
2026020002,3,643,698,8486067,Gavin McKenna,10,TOR
2026020002,3,739,792,8486067,Gavin McKenna,10,TOR
2026020002,3,946,999,8486067,Gavin McKenna,10,TOR
2026020003,1,124,178,8476374,Sean Kuraly,6,BOS
2026020003,1,294,362,8476374,Sean Kuraly,6,BOS
2026020003,1,530,601,8476374,Sean Kuraly,6,BOS
2026020003,1,667,702,8476374,Sean Kuraly,6,BOS
2026020003,1,1147,1200,8476374,Sean Kuraly,6,BOS
2026020003,2,197,261,8476374,Sean Kuraly,6,BOS
2026020003,2,441,534,8476374,Sean Kuraly,6,BOS
2026020003,2,632,684,8476374,Sean Kuraly,6,BOS
2026020003,2,915,954,8476374,Sean Kuraly,6,BOS
2026020003,2,1161,1183,8476374,Sean Kuraly,6,BOS
2026020003,3,125,193,8476374,Sean Kuraly,6,BOS
2026020003,3,345,410,8476374,Sean Kuraly,6,BOS
2026020003,3,548,595,8476374,Sean Kuraly,6,BOS
2026020003,3,735,790,8476374,Sean Kuraly,6,BOS
2026020003,3,1049,1107,8476374,Sean Kuraly,6,BOS
2026020003,3,1143,1200,8476374,Sean Kuraly,6,BOS
2026020003,1,33,76,8476459,Mika Zibanejad,3,NYR
2026020003,1,204,229,8476459,Mika Zibanejad,3,NYR
2026020003,1,391,438,8476459,Mika Zibanejad,3,NYR
2026020003,1,565,734,8476459,Mika Zibanejad,3,NYR
2026020003,1,796,820,8476459,Mika Zibanejad,3,NYR
2026020003,1,933,983,8476459,Mika Zibanejad,3,NYR
2026020003,1,1016,1028,8476459,Mika Zibanejad,3,NYR
2026020003,1,1180,1200,8476459,Mika Zibanejad,3,NYR
2026020003,2,46,154,8476459,Mika Zibanejad,3,NYR
2026020003,2,308,389,8476459,Mika Zibanejad,3,NYR
2026020003,2,534,562,8476459,Mika Zibanejad,3,NYR
2026020003,2,792,842,8476459,Mika Zibanejad,3,NYR
2026020003,2,1002,1061,8476459,Mika Zibanejad,3,NYR
2026020003,2,1174,1200,8476459,Mika Zibanejad,3,NYR
2026020003,3,26,59,8476459,Mika Zibanejad,3,NYR
2026020003,3,193,233,8476459,Mika Zibanejad,3,NYR
2026020003,3,306,342,8476459,Mika Zibanejad,3,NYR
2026020003,3,458,515,8476459,Mika Zibanejad,3,NYR
2026020003,3,624,680,8476459,Mika Zibanejad,3,NYR
2026020003,3,867,915,8476459,Mika Zibanejad,3,NYR
2026020003,3,974,1021,8476459,Mika Zibanejad,3,NYR
2026020003,3,1026,1049,8476459,Mika Zibanejad,3,NYR
2026020003,3,1140,1169,8476459,Mika Zibanejad,3,NYR
2026020003,1,0,34,8476468,J.T. Miller,3,NYR
2026020003,1,175,204,8476468,J.T. Miller,3,NYR
2026020003,1,229,273,8476468,J.T. Miller,3,NYR
2026020003,1,438,484,8476468,J.T. Miller,3,NYR
2026020003,1,601,703,8476468,J.T. Miller,3,NYR
2026020003,1,878,933,8476468,J.T. Miller,3,NYR
2026020003,1,1069,1085,8476468,J.T. Miller,3,NYR
2026020003,1,1137,1180,8476468,J.T. Miller,3,NYR
2026020003,2,0,46,8476468,J.T. Miller,3,NYR
2026020003,2,261,308,8476468,J.T. Miller,3,NYR
2026020003,2,495,534,8476468,J.T. Miller,3,NYR
2026020003,2,562,607,8476468,J.T. Miller,3,NYR
2026020003,2,842,873,8476468,J.T. Miller,3,NYR
2026020003,2,954,1002,8476468,J.T. Miller,3,NYR
2026020003,2,1107,1143,8476468,J.T. Miller,3,NYR
2026020003,3,0,26,8476468,J.T. Miller,3,NYR
2026020003,3,59,98,8476468,J.T. Miller,3,NYR
2026020003,3,233,266,8476468,J.T. Miller,3,NYR
2026020003,3,342,397,8476468,J.T. Miller,3,NYR
2026020003,3,515,548,8476468,J.T. Miller,3,NYR
2026020003,3,680,723,8476468,J.T. Miller,3,NYR
2026020003,3,835,867,8476468,J.T. Miller,3,NYR
2026020003,3,915,942,8476468,J.T. Miller,3,NYR
2026020003,3,1026,1049,8476468,J.T. Miller,3,NYR
2026020003,1,35,74,8476854,Hampus Lindholm,6,BOS
2026020003,1,191,229,8476854,Hampus Lindholm,6,BOS
2026020003,1,294,360,8476854,Hampus Lindholm,6,BOS
2026020003,1,484,518,8476854,Hampus Lindholm,6,BOS
2026020003,1,668,701,8476854,Hampus Lindholm,6,BOS
2026020003,1,816,844,8476854,Hampus Lindholm,6,BOS
2026020003,1,962,1069,8476854,Hampus Lindholm,6,BOS
2026020003,2,66,115,8476854,Hampus Lindholm,6,BOS
2026020003,2,255,295,8476854,Hampus Lindholm,6,BOS
2026020003,2,395,440,8476854,Hampus Lindholm,6,BOS
2026020003,2,534,584,8476854,Hampus Lindholm,6,BOS
2026020003,2,699,750,8476854,Hampus Lindholm,6,BOS
2026020003,2,873,954,8476854,Hampus Lindholm,6,BOS
2026020003,2,1107,1183,8476854,Hampus Lindholm,6,BOS
2026020003,3,26,71,8476854,Hampus Lindholm,6,BOS
2026020003,3,193,241,8476854,Hampus Lindholm,6,BOS
2026020003,3,352,420,8476854,Hampus Lindholm,6,BOS
2026020003,3,481,517,8476854,Hampus Lindholm,6,BOS
2026020003,3,595,636,8476854,Hampus Lindholm,6,BOS
2026020003,3,691,722,8476854,Hampus Lindholm,6,BOS
2026020003,3,790,827,8476854,Hampus Lindholm,6,BOS
2026020003,3,872,912,8476854,Hampus Lindholm,6,BOS
2026020003,3,1015,1049,8476854,Hampus Lindholm,6,BOS
2026020003,1,0,35,8477365,Connor Clifton,6,BOS
2026020003,1,125,191,8477365,Connor Clifton,6,BOS
2026020003,1,229,257,8477365,Connor Clifton,6,BOS
2026020003,1,398,484,8477365,Connor Clifton,6,BOS
2026020003,1,601,668,8477365,Connor Clifton,6,BOS
2026020003,1,748,816,8477365,Connor Clifton,6,BOS
2026020003,1,887,962,8477365,Connor Clifton,6,BOS
2026020003,1,1128,1200,8477365,Connor Clifton,6,BOS
2026020003,2,0,66,8477365,Connor Clifton,6,BOS
2026020003,2,188,257,8477365,Connor Clifton,6,BOS
2026020003,2,295,325,8477365,Connor Clifton,6,BOS
2026020003,2,444,534,8477365,Connor Clifton,6,BOS
2026020003,2,666,699,8477365,Connor Clifton,6,BOS
2026020003,2,799,882,8477365,Connor Clifton,6,BOS
2026020003,2,954,1018,8477365,Connor Clifton,6,BOS
2026020003,2,1183,1200,8477365,Connor Clifton,6,BOS
2026020003,3,0,26,8477365,Connor Clifton,6,BOS
2026020003,3,125,174,8477365,Connor Clifton,6,BOS
2026020003,3,241,284,8477365,Connor Clifton,6,BOS
2026020003,3,420,467,8477365,Connor Clifton,6,BOS
2026020003,3,514,548,8477365,Connor Clifton,6,BOS
2026020003,3,636,691,8477365,Connor Clifton,6,BOS
2026020003,3,774,790,8477365,Connor Clifton,6,BOS
2026020003,3,826,870,8477365,Connor Clifton,6,BOS
2026020003,3,915,951,8477365,Connor Clifton,6,BOS
2026020003,3,974,1011,8477365,Connor Clifton,6,BOS
2026020003,3,1094,1161,8477365,Connor Clifton,6,BOS
2026020003,1,0,33,8477416,Oliver Bjorkstrand,3,NYR
2026020003,1,176,204,8477416,Oliver Bjorkstrand,3,NYR
2026020003,1,229,282,8477416,Oliver Bjorkstrand,3,NYR
2026020003,1,438,484,8477416,Oliver Bjorkstrand,3,NYR
2026020003,1,883,942,8477416,Oliver Bjorkstrand,3,NYR
2026020003,1,1148,1182,8477416,Oliver Bjorkstrand,3,NYR
2026020003,2,0,50,8477416,Oliver Bjorkstrand,3,NYR
2026020003,2,253,340,8477416,Oliver Bjorkstrand,3,NYR
2026020003,2,490,534,8477416,Oliver Bjorkstrand,3,NYR
2026020003,2,562,607,8477416,Oliver Bjorkstrand,3,NYR
2026020003,2,860,912,8477416,Oliver Bjorkstrand,3,NYR
2026020003,2,954,1004,8477416,Oliver Bjorkstrand,3,NYR
2026020003,2,1107,1142,8477416,Oliver Bjorkstrand,3,NYR
2026020003,3,0,26,8477416,Oliver Bjorkstrand,3,NYR
2026020003,3,62,111,8477416,Oliver Bjorkstrand,3,NYR
2026020003,3,234,266,8477416,Oliver Bjorkstrand,3,NYR
2026020003,3,517,548,8477416,Oliver Bjorkstrand,3,NYR
2026020003,3,679,733,8477416,Oliver Bjorkstrand,3,NYR
2026020003,3,830,864,8477416,Oliver Bjorkstrand,3,NYR
2026020003,3,915,946,8477416,Oliver Bjorkstrand,3,NYR
2026020003,1,35,76,8477496,Elias Lindholm,6,BOS
2026020003,1,217,257,8477496,Elias Lindholm,6,BOS
2026020003,1,413,438,8477496,Elias Lindholm,6,BOS
2026020003,1,601,668,8477496,Elias Lindholm,6,BOS
2026020003,1,732,787,8477496,Elias Lindholm,6,BOS
2026020003,1,900,952,8477496,Elias Lindholm,6,BOS
2026020003,1,1089,1128,8477496,Elias Lindholm,6,BOS
2026020003,2,55,110,8477496,Elias Lindholm,6,BOS
2026020003,2,325,386,8477496,Elias Lindholm,6,BOS
2026020003,2,534,607,8477496,Elias Lindholm,6,BOS
2026020003,2,699,750,8477496,Elias Lindholm,6,BOS
2026020003,2,847,915,8477496,Elias Lindholm,6,BOS
2026020003,2,954,1009,8477496,Elias Lindholm,6,BOS
2026020003,2,1183,1200,8477496,Elias Lindholm,6,BOS
2026020003,3,62,98,8477496,Elias Lindholm,6,BOS
2026020003,3,294,345,8477496,Elias Lindholm,6,BOS
2026020003,3,481,514,8477496,Elias Lindholm,6,BOS
2026020003,3,636,682,8477496,Elias Lindholm,6,BOS
2026020003,3,790,835,8477496,Elias Lindholm,6,BOS
2026020003,3,915,947,8477496,Elias Lindholm,6,BOS
2026020003,3,1009,1026,8477496,Elias Lindholm,6,BOS
2026020003,1,0,35,8477507,Nikita Zadorov,6,BOS
2026020003,1,153,190,8477507,Nikita Zadorov,6,BOS
2026020003,1,229,257,8477507,Nikita Zadorov,6,BOS
2026020003,1,399,484,8477507,Nikita Zadorov,6,BOS
2026020003,1,605,667,8477507,Nikita Zadorov,6,BOS
2026020003,1,750,800,8477507,Nikita Zadorov,6,BOS
2026020003,1,887,955,8477507,Nikita Zadorov,6,BOS
2026020003,1,1140,1200,8477507,Nikita Zadorov,6,BOS
2026020003,2,0,68,8477507,Nikita Zadorov,6,BOS
2026020003,2,186,255,8477507,Nikita Zadorov,6,BOS
2026020003,2,293,334,8477507,Nikita Zadorov,6,BOS
2026020003,2,440,534,8477507,Nikita Zadorov,6,BOS
2026020003,2,664,699,8477507,Nikita Zadorov,6,BOS
2026020003,2,799,873,8477507,Nikita Zadorov,6,BOS
2026020003,2,949,1016,8477507,Nikita Zadorov,6,BOS
2026020003,2,1183,1200,8477507,Nikita Zadorov,6,BOS
2026020003,3,0,26,8477507,Nikita Zadorov,6,BOS
2026020003,3,125,158,8477507,Nikita Zadorov,6,BOS
2026020003,3,244,283,8477507,Nikita Zadorov,6,BOS
2026020003,3,420,468,8477507,Nikita Zadorov,6,BOS
2026020003,3,515,548,8477507,Nikita Zadorov,6,BOS
2026020003,3,637,690,8477507,Nikita Zadorov,6,BOS
2026020003,3,784,790,8477507,Nikita Zadorov,6,BOS
2026020003,3,827,872,8477507,Nikita Zadorov,6,BOS
2026020003,3,915,950,8477507,Nikita Zadorov,6,BOS
2026020003,3,974,1015,8477507,Nikita Zadorov,6,BOS
2026020003,3,1096,1161,8477507,Nikita Zadorov,6,BOS
2026020003,1,35,83,8477956,David Pastrnak,6,BOS
2026020003,1,217,257,8477956,David Pastrnak,6,BOS
2026020003,1,413,438,8477956,David Pastrnak,6,BOS
2026020003,1,602,627,8477956,David Pastrnak,6,BOS
2026020003,1,758,790,8477956,David Pastrnak,6,BOS
2026020003,1,900,958,8477956,David Pastrnak,6,BOS
2026020003,1,1016,1104,8477956,David Pastrnak,6,BOS
2026020003,2,52,112,8477956,David Pastrnak,6,BOS
2026020003,2,301,387,8477956,David Pastrnak,6,BOS
2026020003,2,534,607,8477956,David Pastrnak,6,BOS
2026020003,2,699,750,8477956,David Pastrnak,6,BOS
2026020003,2,866,915,8477956,David Pastrnak,6,BOS
2026020003,2,954,1010,8477956,David Pastrnak,6,BOS
2026020003,2,1183,1200,8477956,David Pastrnak,6,BOS
2026020003,3,64,125,8477956,David Pastrnak,6,BOS
2026020003,3,297,396,8477956,David Pastrnak,6,BOS
2026020003,3,481,517,8477956,David Pastrnak,6,BOS
2026020003,3,654,713,8477956,David Pastrnak,6,BOS
2026020003,3,790,835,8477956,David Pastrnak,6,BOS
2026020003,3,915,954,8477956,David Pastrnak,6,BOS
2026020003,3,1021,1026,8477956,David Pastrnak,6,BOS
2026020003,1,33,81,8477969,Marcus Pettersson,3,NYR
2026020003,1,163,204,8477969,Marcus Pettersson,3,NYR
2026020003,1,293,348,8477969,Marcus Pettersson,3,NYR
2026020003,1,413,438,8477969,Marcus Pettersson,3,NYR
2026020003,1,513,565,8477969,Marcus Pettersson,3,NYR
2026020003,1,619,627,8477969,Marcus Pettersson,3,NYR
2026020003,1,734,792,8477969,Marcus Pettersson,3,NYR
2026020003,1,881,932,8477969,Marcus Pettersson,3,NYR
2026020003,1,1016,1069,8477969,Marcus Pettersson,3,NYR
2026020003,1,1103,1192,8477969,Marcus Pettersson,3,NYR
2026020003,2,48,152,8477969,Marcus Pettersson,3,NYR
2026020003,2,260,310,8477969,Marcus Pettersson,3,NYR
2026020003,2,452,490,8477969,Marcus Pettersson,3,NYR
2026020003,2,562,607,8477969,Marcus Pettersson,3,NYR
2026020003,2,750,799,8477969,Marcus Pettersson,3,NYR
2026020003,2,852,915,8477969,Marcus Pettersson,3,NYR
2026020003,2,1002,1076,8477969,Marcus Pettersson,3,NYR
2026020003,2,1170,1200,8477969,Marcus Pettersson,3,NYR
2026020003,3,26,65,8477969,Marcus Pettersson,3,NYR
2026020003,3,148,234,8477969,Marcus Pettersson,3,NYR
2026020003,3,300,346,8477969,Marcus Pettersson,3,NYR
2026020003,3,454,518,8477969,Marcus Pettersson,3,NYR
2026020003,3,595,625,8477969,Marcus Pettersson,3,NYR
2026020003,3,754,835,8477969,Marcus Pettersson,3,NYR
2026020003,3,915,954,8477969,Marcus Pettersson,3,NYR
2026020003,3,1102,1172,8477969,Marcus Pettersson,3,NYR
2026020003,1,0,601,8478048,Igor Shesterkin,3,NYR
2026020003,1,627,1200,8478048,Igor Shesterkin,3,NYR
2026020003,2,0,1200,8478048,Igor Shesterkin,3,NYR
2026020003,3,0,1038,8478048,Igor Shesterkin,3,NYR
2026020003,3,1049,1200,8478048,Igor Shesterkin,3,NYR
2026020003,1,0,35,8478401,Pavel Zacha,6,BOS
2026020003,1,178,217,8478401,Pavel Zacha,6,BOS
2026020003,1,361,413,8478401,Pavel Zacha,6,BOS
2026020003,1,438,484,8478401,Pavel Zacha,6,BOS
2026020003,1,702,732,8478401,Pavel Zacha,6,BOS
2026020003,1,844,900,8478401,Pavel Zacha,6,BOS
2026020003,1,952,1089,8478401,Pavel Zacha,6,BOS
2026020003,2,0,55,8478401,Pavel Zacha,6,BOS
2026020003,2,261,324,8478401,Pavel Zacha,6,BOS
2026020003,2,607,632,8478401,Pavel Zacha,6,BOS
2026020003,2,799,847,8478401,Pavel Zacha,6,BOS
2026020003,2,1074,1161,8478401,Pavel Zacha,6,BOS
2026020003,3,0,62,8478401,Pavel Zacha,6,BOS
2026020003,3,236,294,8478401,Pavel Zacha,6,BOS
2026020003,3,466,481,8478401,Pavel Zacha,6,BOS
2026020003,3,595,637,8478401,Pavel Zacha,6,BOS
2026020003,3,835,874,8478401,Pavel Zacha,6,BOS
2026020003,3,974,1009,8478401,Pavel Zacha,6,BOS
2026020003,1,35,77,8478840,William Borgen,6,BOS
2026020003,1,190,229,8478840,William Borgen,6,BOS
2026020003,1,294,362,8478840,William Borgen,6,BOS
2026020003,1,484,510,8478840,William Borgen,6,BOS
2026020003,1,667,702,8478840,William Borgen,6,BOS
2026020003,1,802,844,8478840,William Borgen,6,BOS
2026020003,1,955,1015,8478840,William Borgen,6,BOS
2026020003,2,68,110,8478840,William Borgen,6,BOS
2026020003,2,257,293,8478840,William Borgen,6,BOS
2026020003,2,397,444,8478840,William Borgen,6,BOS
2026020003,2,534,577,8478840,William Borgen,6,BOS
2026020003,2,699,750,8478840,William Borgen,6,BOS
2026020003,2,882,949,8478840,William Borgen,6,BOS
2026020003,2,1107,1183,8478840,William Borgen,6,BOS
2026020003,3,26,72,8478840,William Borgen,6,BOS
2026020003,3,193,244,8478840,William Borgen,6,BOS
2026020003,3,351,420,8478840,William Borgen,6,BOS
2026020003,3,481,515,8478840,William Borgen,6,BOS
2026020003,3,595,636,8478840,William Borgen,6,BOS
2026020003,3,690,723,8478840,William Borgen,6,BOS
2026020003,3,790,826,8478840,William Borgen,6,BOS
2026020003,3,870,911,8478840,William Borgen,6,BOS
2026020003,3,1011,1049,8478840,William Borgen,6,BOS
2026020003,1,0,33,8478882,Vladislav Gavrikov,3,NYR
2026020003,1,123,165,8478882,Vladislav Gavrikov,3,NYR
2026020003,1,204,212,8478882,Vladislav Gavrikov,3,NYR
2026020003,1,229,293,8478882,Vladislav Gavrikov,3,NYR
2026020003,1,438,484,8478882,Vladislav Gavrikov,3,NYR
2026020003,1,564,619,8478882,Vladislav Gavrikov,3,NYR
2026020003,1,762,821,8478882,Vladislav Gavrikov,3,NYR
2026020003,1,851,878,8478882,Vladislav Gavrikov,3,NYR
2026020003,1,976,1016,8478882,Vladislav Gavrikov,3,NYR
2026020003,1,1069,1103,8478882,Vladislav Gavrikov,3,NYR
2026020003,2,0,46,8478882,Vladislav Gavrikov,3,NYR
2026020003,2,211,260,8478882,Vladislav Gavrikov,3,NYR
2026020003,2,312,388,8478882,Vladislav Gavrikov,3,NYR
2026020003,2,490,534,8478882,Vladislav Gavrikov,3,NYR
2026020003,2,607,632,8478882,Vladislav Gavrikov,3,NYR
2026020003,2,799,839,8478882,Vladislav Gavrikov,3,NYR
2026020003,2,954,1002,8478882,Vladislav Gavrikov,3,NYR
2026020003,2,1107,1172,8478882,Vladislav Gavrikov,3,NYR
2026020003,3,0,26,8478882,Vladislav Gavrikov,3,NYR
2026020003,3,113,178,8478882,Vladislav Gavrikov,3,NYR
2026020003,3,266,306,8478882,Vladislav Gavrikov,3,NYR
2026020003,3,396,454,8478882,Vladislav Gavrikov,3,NYR
2026020003,3,544,595,8478882,Vladislav Gavrikov,3,NYR
2026020003,3,676,754,8478882,Vladislav Gavrikov,3,NYR
2026020003,3,835,878,8478882,Vladislav Gavrikov,3,NYR
2026020003,3,954,974,8478882,Vladislav Gavrikov,3,NYR
2026020003,3,1169,1185,8478882,Vladislav Gavrikov,3,NYR
2026020003,1,0,34,8479323,Adam Fox,3,NYR
2026020003,1,125,163,8479323,Adam Fox,3,NYR
2026020003,1,204,212,8479323,Adam Fox,3,NYR
2026020003,1,229,293,8479323,Adam Fox,3,NYR
2026020003,1,438,483,8479323,Adam Fox,3,NYR
2026020003,1,565,700,8479323,Adam Fox,3,NYR
2026020003,1,850,882,8479323,Adam Fox,3,NYR
2026020003,1,983,1016,8479323,Adam Fox,3,NYR
2026020003,1,1192,1200,8479323,Adam Fox,3,NYR
2026020003,2,0,48,8479323,Adam Fox,3,NYR
2026020003,2,203,245,8479323,Adam Fox,3,NYR
2026020003,2,310,389,8479323,Adam Fox,3,NYR
2026020003,2,489,534,8479323,Adam Fox,3,NYR
2026020003,2,607,632,8479323,Adam Fox,3,NYR
2026020003,2,799,852,8479323,Adam Fox,3,NYR
2026020003,2,954,998,8479323,Adam Fox,3,NYR
2026020003,2,1107,1158,8479323,Adam Fox,3,NYR
2026020003,3,0,26,8479323,Adam Fox,3,NYR
2026020003,3,121,148,8479323,Adam Fox,3,NYR
2026020003,3,266,300,8479323,Adam Fox,3,NYR
2026020003,3,456,520,8479323,Adam Fox,3,NYR
2026020003,3,595,624,8479323,Adam Fox,3,NYR
2026020003,3,678,737,8479323,Adam Fox,3,NYR
2026020003,3,835,865,8479323,Adam Fox,3,NYR
2026020003,3,954,974,8479323,Adam Fox,3,NYR
2026020003,3,1026,1049,8479323,Adam Fox,3,NYR
2026020003,3,1176,1185,8479323,Adam Fox,3,NYR
2026020003,1,127,182,8479661,Tanner Jeannot,6,BOS
2026020003,1,291,364,8479661,Tanner Jeannot,6,BOS
2026020003,1,532,605,8479661,Tanner Jeannot,6,BOS
2026020003,1,747,752,8479661,Tanner Jeannot,6,BOS
2026020003,1,1144,1200,8479661,Tanner Jeannot,6,BOS
2026020003,2,188,255,8479661,Tanner Jeannot,6,BOS
2026020003,2,444,534,8479661,Tanner Jeannot,6,BOS
2026020003,2,632,671,8479661,Tanner Jeannot,6,BOS
2026020003,2,915,954,8479661,Tanner Jeannot,6,BOS
2026020003,2,1173,1183,8479661,Tanner Jeannot,6,BOS
2026020003,3,125,182,8479661,Tanner Jeannot,6,BOS
2026020003,3,352,418,8479661,Tanner Jeannot,6,BOS
2026020003,3,548,595,8479661,Tanner Jeannot,6,BOS
2026020003,3,777,790,8479661,Tanner Jeannot,6,BOS
2026020003,3,1049,1105,8479661,Tanner Jeannot,6,BOS
2026020003,3,1153,1200,8479661,Tanner Jeannot,6,BOS
2026020003,1,0,35,8479987,Morgan Geekie,6,BOS
2026020003,1,180,217,8479987,Morgan Geekie,6,BOS
2026020003,1,362,413,8479987,Morgan Geekie,6,BOS
2026020003,1,438,484,8479987,Morgan Geekie,6,BOS
2026020003,1,843,900,8479987,Morgan Geekie,6,BOS
2026020003,1,958,1091,8479987,Morgan Geekie,6,BOS
2026020003,2,0,52,8479987,Morgan Geekie,6,BOS
2026020003,2,230,301,8479987,Morgan Geekie,6,BOS
2026020003,2,607,632,8479987,Morgan Geekie,6,BOS
2026020003,2,798,866,8479987,Morgan Geekie,6,BOS
2026020003,2,1070,1159,8479987,Morgan Geekie,6,BOS
2026020003,3,0,64,8479987,Morgan Geekie,6,BOS
2026020003,3,235,297,8479987,Morgan Geekie,6,BOS
2026020003,3,441,481,8479987,Morgan Geekie,6,BOS
2026020003,3,595,654,8479987,Morgan Geekie,6,BOS
2026020003,3,835,877,8479987,Morgan Geekie,6,BOS
2026020003,3,974,1021,8479987,Morgan Geekie,6,BOS
2026020003,1,0,35,8479999,Casey Mittelstadt,6,BOS
2026020003,1,182,217,8479999,Casey Mittelstadt,6,BOS
2026020003,1,364,413,8479999,Casey Mittelstadt,6,BOS
2026020003,1,438,484,8479999,Casey Mittelstadt,6,BOS
2026020003,1,847,900,8479999,Casey Mittelstadt,6,BOS
2026020003,1,956,1016,8479999,Casey Mittelstadt,6,BOS
2026020003,1,1105,1144,8479999,Casey Mittelstadt,6,BOS
2026020003,2,0,55,8479999,Casey Mittelstadt,6,BOS
2026020003,2,255,323,8479999,Casey Mittelstadt,6,BOS
2026020003,2,607,632,8479999,Casey Mittelstadt,6,BOS
2026020003,2,799,883,8479999,Casey Mittelstadt,6,BOS
2026020003,2,1107,1173,8479999,Casey Mittelstadt,6,BOS
2026020003,3,0,62,8479999,Casey Mittelstadt,6,BOS
2026020003,3,234,273,8479999,Casey Mittelstadt,6,BOS
2026020003,3,472,481,8479999,Casey Mittelstadt,6,BOS
2026020003,3,595,665,8479999,Casey Mittelstadt,6,BOS
2026020003,3,835,867,8479999,Casey Mittelstadt,6,BOS
2026020003,3,974,1015,8479999,Casey Mittelstadt,6,BOS
2026020003,1,71,123,8480009,Eeli Tolvanen,3,NYR
2026020003,1,249,294,8480009,Eeli Tolvanen,3,NYR
2026020003,1,348,413,8480009,Eeli Tolvanen,3,NYR
2026020003,1,484,517,8480009,Eeli Tolvanen,3,NYR
2026020003,1,703,746,8480009,Eeli Tolvanen,3,NYR
2026020003,1,821,868,8480009,Eeli Tolvanen,3,NYR
2026020003,1,980,1016,8480009,Eeli Tolvanen,3,NYR
2026020003,1,1085,1103,8480009,Eeli Tolvanen,3,NYR
2026020003,2,155,202,8480009,Eeli Tolvanen,3,NYR
2026020003,2,395,448,8480009,Eeli Tolvanen,3,NYR
2026020003,2,628,632,8480009,Eeli Tolvanen,3,NYR
2026020003,2,750,791,8480009,Eeli Tolvanen,3,NYR
2026020003,2,915,954,8480009,Eeli Tolvanen,3,NYR
2026020003,2,1073,1107,8480009,Eeli Tolvanen,3,NYR
2026020003,3,120,152,8480009,Eeli Tolvanen,3,NYR
2026020003,3,266,303,8480009,Eeli Tolvanen,3,NYR
2026020003,3,423,470,8480009,Eeli Tolvanen,3,NYR
2026020003,3,595,623,8480009,Eeli Tolvanen,3,NYR
2026020003,3,735,776,8480009,Eeli Tolvanen,3,NYR
2026020003,3,799,831,8480009,Eeli Tolvanen,3,NYR
2026020003,3,948,974,8480009,Eeli Tolvanen,3,NYR
2026020003,3,1107,1143,8480009,Eeli Tolvanen,3,NYR
2026020003,1,0,1200,8480280,Jeremy Swayman,6,BOS
2026020003,2,0,1200,8480280,Jeremy Swayman,6,BOS
2026020003,3,0,1200,8480280,Jeremy Swayman,6,BOS
2026020003,1,125,180,8480355,Mark Kastelic,6,BOS
2026020003,1,287,361,8480355,Mark Kastelic,6,BOS
2026020003,1,530,602,8480355,Mark Kastelic,6,BOS
2026020003,1,668,702,8480355,Mark Kastelic,6,BOS
2026020003,1,1142,1200,8480355,Mark Kastelic,6,BOS
2026020003,2,187,230,8480355,Mark Kastelic,6,BOS
2026020003,2,442,534,8480355,Mark Kastelic,6,BOS
2026020003,2,632,679,8480355,Mark Kastelic,6,BOS
2026020003,2,915,954,8480355,Mark Kastelic,6,BOS
2026020003,2,1159,1183,8480355,Mark Kastelic,6,BOS
2026020003,3,125,179,8480355,Mark Kastelic,6,BOS
2026020003,3,548,595,8480355,Mark Kastelic,6,BOS
2026020003,3,773,790,8480355,Mark Kastelic,6,BOS
2026020003,3,954,974,8480355,Mark Kastelic,6,BOS
2026020003,3,1026,1096,8480355,Mark Kastelic,6,BOS
2026020003,3,1144,1185,8480355,Mark Kastelic,6,BOS
2026020003,1,34,79,8480434,Sean Durzi,3,NYR
2026020003,1,165,204,8480434,Sean Durzi,3,NYR
2026020003,1,293,347,8480434,Sean Durzi,3,NYR
2026020003,1,413,438,8480434,Sean Durzi,3,NYR
2026020003,1,515,565,8480434,Sean Durzi,3,NYR
2026020003,1,700,762,8480434,Sean Durzi,3,NYR
2026020003,1,823,851,8480434,Sean Durzi,3,NYR
2026020003,1,882,930,8480434,Sean Durzi,3,NYR
2026020003,1,1016,1069,8480434,Sean Durzi,3,NYR
2026020003,1,1103,1160,8480434,Sean Durzi,3,NYR
2026020003,2,46,155,8480434,Sean Durzi,3,NYR
2026020003,2,245,312,8480434,Sean Durzi,3,NYR
2026020003,2,451,490,8480434,Sean Durzi,3,NYR
2026020003,2,562,607,8480434,Sean Durzi,3,NYR
2026020003,2,750,799,8480434,Sean Durzi,3,NYR
2026020003,2,839,915,8480434,Sean Durzi,3,NYR
2026020003,2,998,1077,8480434,Sean Durzi,3,NYR
2026020003,2,1158,1200,8480434,Sean Durzi,3,NYR
2026020003,3,26,61,8480434,Sean Durzi,3,NYR
2026020003,3,178,232,8480434,Sean Durzi,3,NYR
2026020003,3,306,397,8480434,Sean Durzi,3,NYR
2026020003,3,548,595,8480434,Sean Durzi,3,NYR
2026020003,3,737,835,8480434,Sean Durzi,3,NYR
2026020003,3,915,945,8480434,Sean Durzi,3,NYR
2026020003,3,1103,1176,8480434,Sean Durzi,3,NYR
2026020003,1,125,176,8480813,Joseph Veleno,3,NYR
2026020003,1,294,356,8480813,Joseph Veleno,3,NYR
2026020003,1,515,564,8480813,Joseph Veleno,3,NYR
2026020003,1,749,796,8480813,Joseph Veleno,3,NYR
2026020003,1,1028,1069,8480813,Joseph Veleno,3,NYR
2026020003,1,1087,1138,8480813,Joseph Veleno,3,NYR
2026020003,2,199,261,8480813,Joseph Veleno,3,NYR
2026020003,2,447,495,8480813,Joseph Veleno,3,NYR
2026020003,2,607,628,8480813,Joseph Veleno,3,NYR
2026020003,2,632,750,8480813,Joseph Veleno,3,NYR
2026020003,2,873,954,8480813,Joseph Veleno,3,NYR
2026020003,2,1142,1170,8480813,Joseph Veleno,3,NYR
2026020003,2,1183,1200,8480813,Joseph Veleno,3,NYR
2026020003,3,148,193,8480813,Joseph Veleno,3,NYR
2026020003,3,352,418,8480813,Joseph Veleno,3,NYR
2026020003,3,548,595,8480813,Joseph Veleno,3,NYR
2026020003,3,758,799,8480813,Joseph Veleno,3,NYR
2026020003,3,1049,1103,8480813,Joseph Veleno,3,NYR
2026020003,3,1172,1200,8480813,Joseph Veleno,3,NYR
2026020003,1,77,124,8481219,Jonathan Aspirot,6,BOS
2026020003,1,257,294,8481219,Jonathan Aspirot,6,BOS
2026020003,1,362,399,8481219,Jonathan Aspirot,6,BOS
2026020003,1,518,605,8481219,Jonathan Aspirot,6,BOS
2026020003,1,702,748,8481219,Jonathan Aspirot,6,BOS
2026020003,1,844,887,8481219,Jonathan Aspirot,6,BOS
2026020003,2,110,188,8481219,Jonathan Aspirot,6,BOS
2026020003,2,324,395,8481219,Jonathan Aspirot,6,BOS
2026020003,2,577,664,8481219,Jonathan Aspirot,6,BOS
2026020003,2,750,799,8481219,Jonathan Aspirot,6,BOS
2026020003,2,1016,1107,8481219,Jonathan Aspirot,6,BOS
2026020003,3,72,125,8481219,Jonathan Aspirot,6,BOS
2026020003,3,174,193,8481219,Jonathan Aspirot,6,BOS
2026020003,3,284,351,8481219,Jonathan Aspirot,6,BOS
2026020003,3,468,481,8481219,Jonathan Aspirot,6,BOS
2026020003,3,548,595,8481219,Jonathan Aspirot,6,BOS
2026020003,3,723,774,8481219,Jonathan Aspirot,6,BOS
2026020003,3,912,915,8481219,Jonathan Aspirot,6,BOS
2026020003,3,951,974,8481219,Jonathan Aspirot,6,BOS
2026020003,3,1049,1094,8481219,Jonathan Aspirot,6,BOS
2026020003,3,1161,1200,8481219,Jonathan Aspirot,6,BOS
2026020003,1,0,35,8481604,Pavel Dorofeyev,3,NYR
2026020003,1,173,204,8481604,Pavel Dorofeyev,3,NYR
2026020003,1,229,249,8481604,Pavel Dorofeyev,3,NYR
2026020003,1,438,484,8481604,Pavel Dorofeyev,3,NYR
2026020003,1,627,703,8481604,Pavel Dorofeyev,3,NYR
2026020003,1,868,929,8481604,Pavel Dorofeyev,3,NYR
2026020003,1,1138,1183,8481604,Pavel Dorofeyev,3,NYR
2026020003,2,0,50,8481604,Pavel Dorofeyev,3,NYR
2026020003,2,256,322,8481604,Pavel Dorofeyev,3,NYR
2026020003,2,511,534,8481604,Pavel Dorofeyev,3,NYR
2026020003,2,562,607,8481604,Pavel Dorofeyev,3,NYR
2026020003,2,851,915,8481604,Pavel Dorofeyev,3,NYR
2026020003,2,954,1004,8481604,Pavel Dorofeyev,3,NYR
2026020003,2,1107,1157,8481604,Pavel Dorofeyev,3,NYR
2026020003,3,0,26,8481604,Pavel Dorofeyev,3,NYR
2026020003,3,65,120,8481604,Pavel Dorofeyev,3,NYR
2026020003,3,234,266,8481604,Pavel Dorofeyev,3,NYR
2026020003,3,522,548,8481604,Pavel Dorofeyev,3,NYR
2026020003,3,677,735,8481604,Pavel Dorofeyev,3,NYR
2026020003,3,831,865,8481604,Pavel Dorofeyev,3,NYR
2026020003,3,915,948,8481604,Pavel Dorofeyev,3,NYR
2026020003,3,1026,1049,8481604,Pavel Dorofeyev,3,NYR
2026020003,1,124,175,8481789,Tye Kartye,3,NYR
2026020003,1,294,348,8481789,Tye Kartye,3,NYR
2026020003,1,531,577,8481789,Tye Kartye,3,NYR
2026020003,1,746,787,8481789,Tye Kartye,3,NYR
2026020003,1,1016,1069,8481789,Tye Kartye,3,NYR
2026020003,1,1103,1137,8481789,Tye Kartye,3,NYR
2026020003,2,202,253,8481789,Tye Kartye,3,NYR
2026020003,2,445,489,8481789,Tye Kartye,3,NYR
2026020003,2,632,750,8481789,Tye Kartye,3,NYR
2026020003,2,912,954,8481789,Tye Kartye,3,NYR
2026020003,2,1143,1174,8481789,Tye Kartye,3,NYR
2026020003,3,148,193,8481789,Tye Kartye,3,NYR
2026020003,3,353,419,8481789,Tye Kartye,3,NYR
2026020003,3,548,595,8481789,Tye Kartye,3,NYR
2026020003,3,1022,1026,8481789,Tye Kartye,3,NYR
2026020003,3,1049,1107,8481789,Tye Kartye,3,NYR
2026020003,3,1185,1200,8481789,Tye Kartye,3,NYR
2026020003,1,81,123,8482073,Braden Schneider,3,NYR
2026020003,1,212,229,8482073,Braden Schneider,3,NYR
2026020003,1,348,413,8482073,Braden Schneider,3,NYR
2026020003,1,484,513,8482073,Braden Schneider,3,NYR
2026020003,1,792,820,8482073,Braden Schneider,3,NYR
2026020003,1,932,976,8482073,Braden Schneider,3,NYR
2026020003,1,1069,1103,8482073,Braden Schneider,3,NYR
2026020003,2,152,211,8482073,Braden Schneider,3,NYR
2026020003,2,388,451,8482073,Braden Schneider,3,NYR
2026020003,2,534,562,8482073,Braden Schneider,3,NYR
2026020003,2,632,750,8482073,Braden Schneider,3,NYR
2026020003,2,915,954,8482073,Braden Schneider,3,NYR
2026020003,2,1076,1107,8482073,Braden Schneider,3,NYR
2026020003,3,65,113,8482073,Braden Schneider,3,NYR
2026020003,3,234,266,8482073,Braden Schneider,3,NYR
2026020003,3,397,456,8482073,Braden Schneider,3,NYR
2026020003,3,520,548,8482073,Braden Schneider,3,NYR
2026020003,3,625,678,8482073,Braden Schneider,3,NYR
2026020003,3,878,915,8482073,Braden Schneider,3,NYR
2026020003,3,974,1026,8482073,Braden Schneider,3,NYR
2026020003,3,1049,1102,8482073,Braden Schneider,3,NYR
2026020003,3,1185,1200,8482073,Braden Schneider,3,NYR
2026020003,1,35,70,8482109,Alexis LafreniÃ¨re,3,NYR
2026020003,1,204,229,8482109,Alexis LafreniÃ¨re,3,NYR
2026020003,1,413,438,8482109,Alexis LafreniÃ¨re,3,NYR
2026020003,1,572,721,8482109,Alexis LafreniÃ¨re,3,NYR
2026020003,1,787,823,8482109,Alexis LafreniÃ¨re,3,NYR
2026020003,1,929,980,8482109,Alexis LafreniÃ¨re,3,NYR
2026020003,1,1182,1200,8482109,Alexis LafreniÃ¨re,3,NYR
2026020003,2,50,153,8482109,Alexis LafreniÃ¨re,3,NYR
2026020003,2,322,395,8482109,Alexis LafreniÃ¨re,3,NYR
2026020003,2,534,562,8482109,Alexis LafreniÃ¨re,3,NYR
2026020003,2,791,851,8482109,Alexis LafreniÃ¨re,3,NYR
2026020003,2,1004,1073,8482109,Alexis LafreniÃ¨re,3,NYR
2026020003,2,1172,1200,8482109,Alexis LafreniÃ¨re,3,NYR
2026020003,3,26,65,8482109,Alexis LafreniÃ¨re,3,NYR
2026020003,3,193,234,8482109,Alexis LafreniÃ¨re,3,NYR
2026020003,3,303,352,8482109,Alexis LafreniÃ¨re,3,NYR
2026020003,3,470,522,8482109,Alexis LafreniÃ¨re,3,NYR
2026020003,3,623,676,8482109,Alexis LafreniÃ¨re,3,NYR
2026020003,3,865,915,8482109,Alexis LafreniÃ¨re,3,NYR
2026020003,3,974,1022,8482109,Alexis LafreniÃ¨re,3,NYR
2026020003,3,1026,1049,8482109,Alexis LafreniÃ¨re,3,NYR
2026020003,3,1143,1185,8482109,Alexis LafreniÃ¨re,3,NYR
2026020003,1,70,125,8482157,Will Cuylle,3,NYR
2026020003,1,282,294,8482157,Will Cuylle,3,NYR
2026020003,1,348,399,8482157,Will Cuylle,3,NYR
2026020003,1,484,531,8482157,Will Cuylle,3,NYR
2026020003,1,721,788,8482157,Will Cuylle,3,NYR
2026020003,1,835,883,8482157,Will Cuylle,3,NYR
2026020003,1,983,1016,8482157,Will Cuylle,3,NYR
2026020003,1,1069,1087,8482157,Will Cuylle,3,NYR
2026020003,2,150,199,8482157,Will Cuylle,3,NYR
2026020003,2,387,445,8482157,Will Cuylle,3,NYR
2026020003,2,607,632,8482157,Will Cuylle,3,NYR
2026020003,2,750,799,8482157,Will Cuylle,3,NYR
2026020003,2,1070,1107,8482157,Will Cuylle,3,NYR
2026020003,2,1157,1183,8482157,Will Cuylle,3,NYR
2026020003,3,111,148,8482157,Will Cuylle,3,NYR
2026020003,3,266,308,8482157,Will Cuylle,3,NYR
2026020003,3,419,458,8482157,Will Cuylle,3,NYR
2026020003,3,595,632,8482157,Will Cuylle,3,NYR
2026020003,3,733,830,8482157,Will Cuylle,3,NYR
2026020003,3,945,974,8482157,Will Cuylle,3,NYR
2026020003,3,1038,1049,8482157,Will Cuylle,3,NYR
2026020003,3,1104,1140,8482157,Will Cuylle,3,NYR
2026020003,1,35,83,8482175,John-Jason Peterka,6,BOS
2026020003,1,217,257,8482175,John-Jason Peterka,6,BOS
2026020003,1,413,438,8482175,John-Jason Peterka,6,BOS
2026020003,1,605,627,8482175,John-Jason Peterka,6,BOS
2026020003,1,752,802,8482175,John-Jason Peterka,6,BOS
2026020003,1,900,956,8482175,John-Jason Peterka,6,BOS
2026020003,1,1016,1105,8482175,John-Jason Peterka,6,BOS
2026020003,2,55,117,8482175,John-Jason Peterka,6,BOS
2026020003,2,323,397,8482175,John-Jason Peterka,6,BOS
2026020003,2,534,607,8482175,John-Jason Peterka,6,BOS
2026020003,2,699,750,8482175,John-Jason Peterka,6,BOS
2026020003,2,883,915,8482175,John-Jason Peterka,6,BOS
2026020003,2,954,1007,8482175,John-Jason Peterka,6,BOS
2026020003,2,1183,1200,8482175,John-Jason Peterka,6,BOS
2026020003,3,62,125,8482175,John-Jason Peterka,6,BOS
2026020003,3,273,352,8482175,John-Jason Peterka,6,BOS
2026020003,3,481,515,8482175,John-Jason Peterka,6,BOS
2026020003,3,665,731,8482175,John-Jason Peterka,6,BOS
2026020003,3,790,835,8482175,John-Jason Peterka,6,BOS
2026020003,3,915,954,8482175,John-Jason Peterka,6,BOS
2026020003,3,1015,1026,8482175,John-Jason Peterka,6,BOS
2026020003,1,83,125,8482177,Marat Khusnutdinov,6,BOS
2026020003,1,257,287,8482177,Marat Khusnutdinov,6,BOS
2026020003,1,484,530,8482177,Marat Khusnutdinov,6,BOS
2026020003,1,627,667,8482177,Marat Khusnutdinov,6,BOS
2026020003,1,736,758,8482177,Marat Khusnutdinov,6,BOS
2026020003,1,800,843,8482177,Marat Khusnutdinov,6,BOS
2026020003,2,115,186,8482177,Marat Khusnutdinov,6,BOS
2026020003,2,386,444,8482177,Marat Khusnutdinov,6,BOS
2026020003,2,679,699,8482177,Marat Khusnutdinov,6,BOS
2026020003,2,750,798,8482177,Marat Khusnutdinov,6,BOS
2026020003,2,1009,1070,8482177,Marat Khusnutdinov,6,BOS
2026020003,3,179,236,8482177,Marat Khusnutdinov,6,BOS
2026020003,3,396,441,8482177,Marat Khusnutdinov,6,BOS
2026020003,3,517,548,8482177,Marat Khusnutdinov,6,BOS
2026020003,3,713,773,8482177,Marat Khusnutdinov,6,BOS
2026020003,3,877,915,8482177,Marat Khusnutdinov,6,BOS
2026020003,3,954,974,8482177,Marat Khusnutdinov,6,BOS
2026020003,3,1026,1049,8482177,Marat Khusnutdinov,6,BOS
2026020003,3,1096,1144,8482177,Marat Khusnutdinov,6,BOS
2026020003,1,123,173,8482460,Matt Rempe,3,NYR
2026020003,1,294,348,8482460,Matt Rempe,3,NYR
2026020003,1,517,572,8482460,Matt Rempe,3,NYR
2026020003,2,203,256,8482460,Matt Rempe,3,NYR
2026020003,2,448,511,8482460,Matt Rempe,3,NYR
2026020003,2,632,750,8482460,Matt Rempe,3,NYR
2026020003,3,152,193,8482460,Matt Rempe,3,NYR
2026020003,3,397,423,8482460,Matt Rempe,3,NYR
2026020003,3,548,595,8482460,Matt Rempe,3,NYR
2026020003,3,776,790,8482460,Matt Rempe,3,NYR
2026020003,3,1049,1102,8482460,Matt Rempe,3,NYR
2026020003,3,1185,1200,8482460,Matt Rempe,3,NYR
2026020003,1,76,153,8482511,Mason Lohrei,6,BOS
2026020003,1,257,294,8482511,Mason Lohrei,6,BOS
2026020003,1,360,398,8482511,Mason Lohrei,6,BOS
2026020003,1,510,601,8482511,Mason Lohrei,6,BOS
2026020003,1,701,750,8482511,Mason Lohrei,6,BOS
2026020003,1,843,887,8482511,Mason Lohrei,6,BOS
2026020003,1,1015,1016,8482511,Mason Lohrei,6,BOS
2026020003,1,1069,1140,8482511,Mason Lohrei,6,BOS
2026020003,2,112,188,8482511,Mason Lohrei,6,BOS
2026020003,2,334,396,8482511,Mason Lohrei,6,BOS
2026020003,2,584,666,8482511,Mason Lohrei,6,BOS
2026020003,2,750,799,8482511,Mason Lohrei,6,BOS
2026020003,2,1018,1107,8482511,Mason Lohrei,6,BOS
2026020003,3,71,125,8482511,Mason Lohrei,6,BOS
2026020003,3,158,193,8482511,Mason Lohrei,6,BOS
2026020003,3,283,352,8482511,Mason Lohrei,6,BOS
2026020003,3,467,481,8482511,Mason Lohrei,6,BOS
2026020003,3,548,595,8482511,Mason Lohrei,6,BOS
2026020003,3,722,784,8482511,Mason Lohrei,6,BOS
2026020003,3,911,915,8482511,Mason Lohrei,6,BOS
2026020003,3,950,974,8482511,Mason Lohrei,6,BOS
2026020003,3,1049,1096,8482511,Mason Lohrei,6,BOS
2026020003,3,1161,1200,8482511,Mason Lohrei,6,BOS
2026020003,1,74,125,8483489,Fraser Minten,6,BOS
2026020003,1,257,294,8483489,Fraser Minten,6,BOS
2026020003,1,484,532,8483489,Fraser Minten,6,BOS
2026020003,1,702,736,8483489,Fraser Minten,6,BOS
2026020003,1,787,843,8483489,Fraser Minten,6,BOS
2026020003,1,1091,1147,8483489,Fraser Minten,6,BOS
2026020003,2,110,197,8483489,Fraser Minten,6,BOS
2026020003,2,387,441,8483489,Fraser Minten,6,BOS
2026020003,2,684,699,8483489,Fraser Minten,6,BOS
2026020003,2,750,799,8483489,Fraser Minten,6,BOS
2026020003,2,1010,1074,8483489,Fraser Minten,6,BOS
2026020003,3,98,125,8483489,Fraser Minten,6,BOS
2026020003,3,193,234,8483489,Fraser Minten,6,BOS
2026020003,3,410,466,8483489,Fraser Minten,6,BOS
2026020003,3,515,548,8483489,Fraser Minten,6,BOS
2026020003,3,682,735,8483489,Fraser Minten,6,BOS
2026020003,3,874,915,8483489,Fraser Minten,6,BOS
2026020003,3,947,974,8483489,Fraser Minten,6,BOS
2026020003,3,1026,1049,8483489,Fraser Minten,6,BOS
2026020003,3,1107,1143,8483489,Fraser Minten,6,BOS
2026020003,1,76,125,8483690,Noah Laba,3,NYR
2026020003,1,273,294,8483690,Noah Laba,3,NYR
2026020003,1,356,391,8483690,Noah Laba,3,NYR
2026020003,1,484,515,8483690,Noah Laba,3,NYR
2026020003,1,820,881,8483690,Noah Laba,3,NYR
2026020003,1,983,1016,8483690,Noah Laba,3,NYR
2026020003,1,1136,1148,8483690,Noah Laba,3,NYR
2026020003,2,153,203,8483690,Noah Laba,3,NYR
2026020003,2,389,447,8483690,Noah Laba,3,NYR
2026020003,2,607,632,8483690,Noah Laba,3,NYR
2026020003,2,750,792,8483690,Noah Laba,3,NYR
2026020003,2,1061,1107,8483690,Noah Laba,3,NYR
2026020003,3,98,148,8483690,Noah Laba,3,NYR
2026020003,3,266,306,8483690,Noah Laba,3,NYR
2026020003,3,418,458,8483690,Noah Laba,3,NYR
2026020003,3,595,623,8483690,Noah Laba,3,NYR
2026020003,3,723,758,8483690,Noah Laba,3,NYR
2026020003,3,790,835,8483690,Noah Laba,3,NYR
2026020003,3,942,974,8483690,Noah Laba,3,NYR
2026020003,3,1021,1026,8483690,Noah Laba,3,NYR
2026020003,3,1102,1140,8483690,Noah Laba,3,NYR
2026020003,1,34,71,8484210,Gabe Perreault,3,NYR
2026020003,1,204,229,8484210,Gabe Perreault,3,NYR
2026020003,1,399,438,8484210,Gabe Perreault,3,NYR
2026020003,1,577,627,8484210,Gabe Perreault,3,NYR
2026020003,1,703,749,8484210,Gabe Perreault,3,NYR
2026020003,1,788,835,8484210,Gabe Perreault,3,NYR
2026020003,1,942,983,8484210,Gabe Perreault,3,NYR
2026020003,1,1183,1200,8484210,Gabe Perreault,3,NYR
2026020003,2,50,150,8484210,Gabe Perreault,3,NYR
2026020003,2,340,387,8484210,Gabe Perreault,3,NYR
2026020003,2,534,562,8484210,Gabe Perreault,3,NYR
2026020003,2,799,860,8484210,Gabe Perreault,3,NYR
2026020003,2,1004,1070,8484210,Gabe Perreault,3,NYR
2026020003,3,26,62,8484210,Gabe Perreault,3,NYR
2026020003,3,193,234,8484210,Gabe Perreault,3,NYR
2026020003,3,308,353,8484210,Gabe Perreault,3,NYR
2026020003,3,458,517,8484210,Gabe Perreault,3,NYR
2026020003,3,632,679,8484210,Gabe Perreault,3,NYR
2026020003,3,864,915,8484210,Gabe Perreault,3,NYR
2026020003,3,974,1026,8484210,Gabe Perreault,3,NYR
2026020003,3,1140,1185,8484210,Gabe Perreault,3,NYR
2026020003,1,83,127,8485395,James Hagens,6,BOS
2026020003,1,257,291,8485395,James Hagens,6,BOS
2026020003,1,484,530,8485395,James Hagens,6,BOS
2026020003,1,790,847,8485395,James Hagens,6,BOS
2026020003,1,1104,1142,8485395,James Hagens,6,BOS
2026020003,2,117,187,8485395,James Hagens,6,BOS
2026020003,2,396,442,8485395,James Hagens,6,BOS
2026020003,2,671,699,8485395,James Hagens,6,BOS
2026020003,2,750,799,8485395,James Hagens,6,BOS
2026020003,2,1007,1107,8485395,James Hagens,6,BOS
2026020003,3,182,235,8485395,James Hagens,6,BOS
2026020003,3,418,472,8485395,James Hagens,6,BOS
2026020003,3,517,548,8485395,James Hagens,6,BOS
2026020003,3,731,777,8485395,James Hagens,6,BOS
2026020003,3,867,915,8485395,James Hagens,6,BOS
2026020003,3,1105,1153,8485395,James Hagens,6,BOS
2026020003,3,1185,1200,8485395,James Hagens,6,BOS
2026020003,1,79,124,8485957,Alberts Smits,3,NYR
2026020003,1,212,229,8485957,Alberts Smits,3,NYR
2026020003,1,347,413,8485957,Alberts Smits,3,NYR
2026020003,1,483,515,8485957,Alberts Smits,3,NYR
2026020003,1,820,850,8485957,Alberts Smits,3,NYR
2026020003,1,930,983,8485957,Alberts Smits,3,NYR
2026020003,1,1160,1200,8485957,Alberts Smits,3,NYR
2026020003,2,154,203,8485957,Alberts Smits,3,NYR
2026020003,2,389,452,8485957,Alberts Smits,3,NYR
2026020003,2,534,562,8485957,Alberts Smits,3,NYR
2026020003,2,632,750,8485957,Alberts Smits,3,NYR
2026020003,2,915,954,8485957,Alberts Smits,3,NYR
2026020003,2,1077,1107,8485957,Alberts Smits,3,NYR
2026020003,3,61,121,8485957,Alberts Smits,3,NYR
2026020003,3,232,266,8485957,Alberts Smits,3,NYR
2026020003,3,346,396,8485957,Alberts Smits,3,NYR
2026020003,3,518,544,8485957,Alberts Smits,3,NYR
2026020003,3,623,677,8485957,Alberts Smits,3,NYR
2026020003,3,865,915,8485957,Alberts Smits,3,NYR
2026020003,3,946,954,8485957,Alberts Smits,3,NYR
2026020003,3,974,1026,8485957,Alberts Smits,3,NYR
2026020003,3,1049,1104,8485957,Alberts Smits,3,NYR
2026020003,3,1185,1200,8485957,Alberts Smits,3,NYR
2026020004,1,130,177,8474568,Luke Schenn,23,VAN
2026020004,1,328,350,8474568,Luke Schenn,23,VAN
2026020004,1,460,490,8474568,Luke Schenn,23,VAN
2026020004,1,534,561,8474568,Luke Schenn,23,VAN
2026020004,1,590,621,8474568,Luke Schenn,23,VAN
2026020004,1,788,817,8474568,Luke Schenn,23,VAN
2026020004,1,986,1011,8474568,Luke Schenn,23,VAN
2026020004,1,1077,1117,8474568,Luke Schenn,23,VAN
2026020004,2,127,182,8474568,Luke Schenn,23,VAN
2026020004,2,279,332,8474568,Luke Schenn,23,VAN
2026020004,2,458,498,8474568,Luke Schenn,23,VAN
2026020004,2,603,640,8474568,Luke Schenn,23,VAN
2026020004,2,736,775,8474568,Luke Schenn,23,VAN
2026020004,2,927,978,8474568,Luke Schenn,23,VAN
2026020004,2,1169,1200,8474568,Luke Schenn,23,VAN
2026020004,3,80,151,8474568,Luke Schenn,23,VAN
2026020004,3,231,289,8474568,Luke Schenn,23,VAN
2026020004,3,320,353,8474568,Luke Schenn,23,VAN
2026020004,3,437,477,8474568,Luke Schenn,23,VAN
2026020004,3,563,598,8474568,Luke Schenn,23,VAN
2026020004,3,663,708,8474568,Luke Schenn,23,VAN
2026020004,3,808,834,8474568,Luke Schenn,23,VAN
2026020004,1,0,32,8475218,Mattias Ekholm,22,EDM
2026020004,1,185,263,8475218,Mattias Ekholm,22,EDM
2026020004,1,376,426,8475218,Mattias Ekholm,22,EDM
2026020004,1,649,692,8475218,Mattias Ekholm,22,EDM
2026020004,1,803,887,8475218,Mattias Ekholm,22,EDM
2026020004,1,964,986,8475218,Mattias Ekholm,22,EDM
2026020004,1,1143,1200,8475218,Mattias Ekholm,22,EDM
2026020004,2,0,39,8475218,Mattias Ekholm,22,EDM
2026020004,2,127,226,8475218,Mattias Ekholm,22,EDM
2026020004,2,370,441,8475218,Mattias Ekholm,22,EDM
2026020004,2,507,549,8475218,Mattias Ekholm,22,EDM
2026020004,2,640,681,8475218,Mattias Ekholm,22,EDM
2026020004,2,835,874,8475218,Mattias Ekholm,22,EDM
2026020004,2,995,1100,8475218,Mattias Ekholm,22,EDM
2026020004,3,0,38,8475218,Mattias Ekholm,22,EDM
2026020004,3,110,164,8475218,Mattias Ekholm,22,EDM
2026020004,3,274,315,8475218,Mattias Ekholm,22,EDM
2026020004,3,471,506,8475218,Mattias Ekholm,22,EDM
2026020004,3,560,608,8475218,Mattias Ekholm,22,EDM
2026020004,3,782,823,8475218,Mattias Ekholm,22,EDM
2026020004,3,872,942,8475218,Mattias Ekholm,22,EDM
2026020004,3,981,1017,8475218,Mattias Ekholm,22,EDM
2026020004,3,1040,1088,8475218,Mattias Ekholm,22,EDM
2026020004,3,1157,1200,8475218,Mattias Ekholm,22,EDM
2026020004,1,0,33,8475786,Zach Hyman,22,EDM
2026020004,1,196,257,8475786,Zach Hyman,22,EDM
2026020004,1,376,409,8475786,Zach Hyman,22,EDM
2026020004,1,515,591,8475786,Zach Hyman,22,EDM
2026020004,1,693,723,8475786,Zach Hyman,22,EDM
2026020004,1,871,925,8475786,Zach Hyman,22,EDM
2026020004,1,981,986,8475786,Zach Hyman,22,EDM
2026020004,1,1011,1083,8475786,Zach Hyman,22,EDM
2026020004,1,1180,1200,8475786,Zach Hyman,22,EDM
2026020004,2,0,38,8475786,Zach Hyman,22,EDM
2026020004,2,173,227,8475786,Zach Hyman,22,EDM
2026020004,2,315,381,8475786,Zach Hyman,22,EDM
2026020004,2,496,551,8475786,Zach Hyman,22,EDM
2026020004,2,681,731,8475786,Zach Hyman,22,EDM
2026020004,2,827,874,8475786,Zach Hyman,22,EDM
2026020004,2,1007,1076,8475786,Zach Hyman,22,EDM
2026020004,3,0,38,8475786,Zach Hyman,22,EDM
2026020004,3,131,173,8475786,Zach Hyman,22,EDM
2026020004,3,382,437,8475786,Zach Hyman,22,EDM
2026020004,3,536,560,8475786,Zach Hyman,22,EDM
2026020004,3,602,745,8475786,Zach Hyman,22,EDM
2026020004,3,876,901,8475786,Zach Hyman,22,EDM
2026020004,3,948,981,8475786,Zach Hyman,22,EDM
2026020004,3,1105,1157,8475786,Zach Hyman,22,EDM
2026020004,4,61,119,8475786,Zach Hyman,22,EDM
2026020004,1,147,227,8475848,Brendan Gallagher,23,VAN
2026020004,1,328,355,8475848,Brendan Gallagher,23,VAN
2026020004,1,492,515,8475848,Brendan Gallagher,23,VAN
2026020004,1,811,883,8475848,Brendan Gallagher,23,VAN
2026020004,1,986,1011,8475848,Brendan Gallagher,23,VAN
2026020004,2,127,177,8475848,Brendan Gallagher,23,VAN
2026020004,2,396,419,8475848,Brendan Gallagher,23,VAN
2026020004,2,543,603,8475848,Brendan Gallagher,23,VAN
2026020004,2,775,835,8475848,Brendan Gallagher,23,VAN
2026020004,2,984,1064,8475848,Brendan Gallagher,23,VAN
2026020004,3,124,152,8475848,Brendan Gallagher,23,VAN
2026020004,3,285,303,8475848,Brendan Gallagher,23,VAN
2026020004,3,320,353,8475848,Brendan Gallagher,23,VAN
2026020004,3,708,745,8475848,Brendan Gallagher,23,VAN
2026020004,3,807,829,8475848,Brendan Gallagher,23,VAN
2026020004,3,965,981,8475848,Brendan Gallagher,23,VAN
2026020004,1,31,86,8476467,Jamieson Oleksiak,23,VAN
2026020004,1,176,226,8476467,Jamieson Oleksiak,23,VAN
2026020004,1,258,328,8476467,Jamieson Oleksiak,23,VAN
2026020004,1,376,414,8476467,Jamieson Oleksiak,23,VAN
2026020004,1,490,534,8476467,Jamieson Oleksiak,23,VAN
2026020004,1,561,588,8476467,Jamieson Oleksiak,23,VAN
2026020004,1,621,666,8476467,Jamieson Oleksiak,23,VAN
2026020004,1,716,723,8476467,Jamieson Oleksiak,23,VAN
2026020004,1,817,884,8476467,Jamieson Oleksiak,23,VAN
2026020004,1,938,986,8476467,Jamieson Oleksiak,23,VAN
2026020004,1,1011,1079,8476467,Jamieson Oleksiak,23,VAN
2026020004,1,1117,1183,8476467,Jamieson Oleksiak,23,VAN
2026020004,2,54,98,8476467,Jamieson Oleksiak,23,VAN
2026020004,2,181,233,8476467,Jamieson Oleksiak,23,VAN
2026020004,2,332,382,8476467,Jamieson Oleksiak,23,VAN
2026020004,2,419,458,8476467,Jamieson Oleksiak,23,VAN
2026020004,2,563,604,8476467,Jamieson Oleksiak,23,VAN
2026020004,2,694,736,8476467,Jamieson Oleksiak,23,VAN
2026020004,2,829,874,8476467,Jamieson Oleksiak,23,VAN
2026020004,2,979,1034,8476467,Jamieson Oleksiak,23,VAN
2026020004,2,1118,1172,8476467,Jamieson Oleksiak,23,VAN
2026020004,3,30,67,8476467,Jamieson Oleksiak,23,VAN
2026020004,3,175,231,8476467,Jamieson Oleksiak,23,VAN
2026020004,3,347,382,8476467,Jamieson Oleksiak,23,VAN
2026020004,3,432,437,8476467,Jamieson Oleksiak,23,VAN
2026020004,3,477,536,8476467,Jamieson Oleksiak,23,VAN
2026020004,3,598,613,8476467,Jamieson Oleksiak,23,VAN
2026020004,3,641,663,8476467,Jamieson Oleksiak,23,VAN
2026020004,3,707,764,8476467,Jamieson Oleksiak,23,VAN
2026020004,3,901,957,8476467,Jamieson Oleksiak,23,VAN
2026020004,3,1088,1157,8476467,Jamieson Oleksiak,23,VAN
2026020004,1,100,158,8476473,Connor Murphy,22,EDM
2026020004,1,259,301,8476473,Connor Murphy,22,EDM
2026020004,1,355,376,8476473,Connor Murphy,22,EDM
2026020004,1,466,506,8476473,Connor Murphy,22,EDM
2026020004,1,633,692,8476473,Connor Murphy,22,EDM
2026020004,1,750,803,8476473,Connor Murphy,22,EDM
2026020004,1,927,964,8476473,Connor Murphy,22,EDM
2026020004,1,1131,1172,8476473,Connor Murphy,22,EDM
2026020004,2,111,127,8476473,Connor Murphy,22,EDM
2026020004,2,273,315,8476473,Connor Murphy,22,EDM
2026020004,2,340,370,8476473,Connor Murphy,22,EDM
2026020004,2,441,509,8476473,Connor Murphy,22,EDM
2026020004,2,596,640,8476473,Connor Murphy,22,EDM
2026020004,2,680,784,8476473,Connor Murphy,22,EDM
2026020004,2,874,892,8476473,Connor Murphy,22,EDM
2026020004,2,1100,1149,8476473,Connor Murphy,22,EDM
2026020004,3,70,110,8476473,Connor Murphy,22,EDM
2026020004,3,219,274,8476473,Connor Murphy,22,EDM
2026020004,3,303,315,8476473,Connor Murphy,22,EDM
2026020004,3,353,382,8476473,Connor Murphy,22,EDM
2026020004,3,470,506,8476473,Connor Murphy,22,EDM
2026020004,3,560,609,8476473,Connor Murphy,22,EDM
2026020004,3,781,827,8476473,Connor Murphy,22,EDM
2026020004,3,981,1017,8476473,Connor Murphy,22,EDM
2026020004,3,1047,1088,8476473,Connor Murphy,22,EDM
2026020004,3,1157,1200,8476473,Connor Murphy,22,EDM
2026020004,1,0,1200,8477465,Tristan Jarry,22,EDM
2026020004,2,0,1200,8477465,Tristan Jarry,22,EDM
2026020004,3,0,1131,8477465,Tristan Jarry,22,EDM
2026020004,3,1157,1200,8477465,Tristan Jarry,22,EDM
2026020004,4,0,119,8477465,Tristan Jarry,22,EDM
2026020004,1,32,91,8477934,Leon Draisaitl,22,EDM
2026020004,1,258,314,8477934,Leon Draisaitl,22,EDM
2026020004,1,414,457,8477934,Leon Draisaitl,22,EDM
2026020004,1,515,591,8477934,Leon Draisaitl,22,EDM
2026020004,1,723,769,8477934,Leon Draisaitl,22,EDM
2026020004,1,920,969,8477934,Leon Draisaitl,22,EDM
2026020004,1,1011,1096,8477934,Leon Draisaitl,22,EDM
2026020004,1,1172,1200,8477934,Leon Draisaitl,22,EDM
2026020004,2,41,101,8477934,Leon Draisaitl,22,EDM
2026020004,2,226,275,8477934,Leon Draisaitl,22,EDM
2026020004,2,396,441,8477934,Leon Draisaitl,22,EDM
2026020004,2,640,683,8477934,Leon Draisaitl,22,EDM
2026020004,2,874,939,8477934,Leon Draisaitl,22,EDM
2026020004,2,1084,1139,8477934,Leon Draisaitl,22,EDM
2026020004,3,38,70,8477934,Leon Draisaitl,22,EDM
2026020004,3,175,221,8477934,Leon Draisaitl,22,EDM
2026020004,3,353,434,8477934,Leon Draisaitl,22,EDM
2026020004,3,506,536,8477934,Leon Draisaitl,22,EDM
2026020004,3,641,745,8477934,Leon Draisaitl,22,EDM
2026020004,3,820,866,8477934,Leon Draisaitl,22,EDM
2026020004,3,901,948,8477934,Leon Draisaitl,22,EDM
2026020004,3,1088,1157,8477934,Leon Draisaitl,22,EDM
2026020004,4,0,61,8477934,Leon Draisaitl,22,EDM
2026020004,1,31,94,8477953,Kasperi Kapanen,22,EDM
2026020004,1,257,313,8477953,Kasperi Kapanen,22,EDM
2026020004,1,409,459,8477953,Kasperi Kapanen,22,EDM
2026020004,1,591,643,8477953,Kasperi Kapanen,22,EDM
2026020004,1,723,770,8477953,Kasperi Kapanen,22,EDM
2026020004,1,925,970,8477953,Kasperi Kapanen,22,EDM
2026020004,1,1095,1143,8477953,Kasperi Kapanen,22,EDM
2026020004,2,38,96,8477953,Kasperi Kapanen,22,EDM
2026020004,2,226,279,8477953,Kasperi Kapanen,22,EDM
2026020004,2,396,441,8477953,Kasperi Kapanen,22,EDM
2026020004,2,640,680,8477953,Kasperi Kapanen,22,EDM
2026020004,2,874,941,8477953,Kasperi Kapanen,22,EDM
2026020004,2,1076,1153,8477953,Kasperi Kapanen,22,EDM
2026020004,3,33,70,8477953,Kasperi Kapanen,22,EDM
2026020004,3,173,230,8477953,Kasperi Kapanen,22,EDM
2026020004,3,353,382,8477953,Kasperi Kapanen,22,EDM
2026020004,3,506,536,8477953,Kasperi Kapanen,22,EDM
2026020004,3,745,790,8477953,Kasperi Kapanen,22,EDM
2026020004,3,822,876,8477953,Kasperi Kapanen,22,EDM
2026020004,3,901,947,8477953,Kasperi Kapanen,22,EDM
2026020004,3,1101,1115,8477953,Kasperi Kapanen,22,EDM
2026020004,3,1190,1200,8477953,Kasperi Kapanen,22,EDM
2026020004,4,67,119,8477953,Kasperi Kapanen,22,EDM
2026020004,1,101,158,8478013,Jake Walman,22,EDM
2026020004,1,263,301,8478013,Jake Walman,22,EDM
2026020004,1,355,376,8478013,Jake Walman,22,EDM
2026020004,1,467,506,8478013,Jake Walman,22,EDM
2026020004,1,591,633,8478013,Jake Walman,22,EDM
2026020004,1,751,802,8478013,Jake Walman,22,EDM
2026020004,1,922,964,8478013,Jake Walman,22,EDM
2026020004,1,1092,1131,8478013,Jake Walman,22,EDM
2026020004,2,111,127,8478013,Jake Walman,22,EDM
2026020004,2,267,315,8478013,Jake Walman,22,EDM
2026020004,2,437,507,8478013,Jake Walman,22,EDM
2026020004,2,595,640,8478013,Jake Walman,22,EDM
2026020004,2,784,837,8478013,Jake Walman,22,EDM
2026020004,2,939,1007,8478013,Jake Walman,22,EDM
2026020004,2,1158,1200,8478013,Jake Walman,22,EDM
2026020004,3,70,112,8478013,Jake Walman,22,EDM
2026020004,3,220,264,8478013,Jake Walman,22,EDM
2026020004,3,353,382,8478013,Jake Walman,22,EDM
2026020004,3,421,470,8478013,Jake Walman,22,EDM
2026020004,3,536,560,8478013,Jake Walman,22,EDM
2026020004,3,609,641,8478013,Jake Walman,22,EDM
2026020004,3,745,782,8478013,Jake Walman,22,EDM
2026020004,3,945,981,8478013,Jake Walman,22,EDM
2026020004,3,1017,1038,8478013,Jake Walman,22,EDM
2026020004,1,0,31,8478402,Connor McDavid,22,EDM
2026020004,1,192,258,8478402,Connor McDavid,22,EDM
2026020004,1,376,414,8478402,Connor McDavid,22,EDM
2026020004,1,515,591,8478402,Connor McDavid,22,EDM
2026020004,1,692,723,8478402,Connor McDavid,22,EDM
2026020004,1,862,920,8478402,Connor McDavid,22,EDM
2026020004,1,981,986,8478402,Connor McDavid,22,EDM
2026020004,1,1011,1095,8478402,Connor McDavid,22,EDM
2026020004,1,1178,1200,8478402,Connor McDavid,22,EDM
2026020004,2,0,41,8478402,Connor McDavid,22,EDM
2026020004,2,160,225,8478402,Connor McDavid,22,EDM
2026020004,2,315,370,8478402,Connor McDavid,22,EDM
2026020004,2,476,549,8478402,Connor McDavid,22,EDM
2026020004,2,683,746,8478402,Connor McDavid,22,EDM
2026020004,2,821,874,8478402,Connor McDavid,22,EDM
2026020004,2,1007,1084,8478402,Connor McDavid,22,EDM
2026020004,3,0,33,8478402,Connor McDavid,22,EDM
2026020004,3,131,175,8478402,Connor McDavid,22,EDM
2026020004,3,303,315,8478402,Connor McDavid,22,EDM
2026020004,3,382,429,8478402,Connor McDavid,22,EDM
2026020004,3,536,560,8478402,Connor McDavid,22,EDM
2026020004,3,598,745,8478402,Connor McDavid,22,EDM
2026020004,3,866,901,8478402,Connor McDavid,22,EDM
2026020004,3,947,981,8478402,Connor McDavid,22,EDM
2026020004,3,1020,1047,8478402,Connor McDavid,22,EDM
2026020004,3,1088,1157,8478402,Connor McDavid,22,EDM
2026020004,4,0,61,8478402,Connor McDavid,22,EDM
2026020004,1,91,147,8478444,Brock Boeser,23,VAN
2026020004,1,302,328,8478444,Brock Boeser,23,VAN
2026020004,1,456,492,8478444,Brock Boeser,23,VAN
2026020004,1,661,697,8478444,Brock Boeser,23,VAN
2026020004,1,771,813,8478444,Brock Boeser,23,VAN
2026020004,1,968,986,8478444,Brock Boeser,23,VAN
2026020004,1,1136,1183,8478444,Brock Boeser,23,VAN
2026020004,2,98,127,8478444,Brock Boeser,23,VAN
2026020004,2,281,340,8478444,Brock Boeser,23,VAN
2026020004,2,458,498,8478444,Brock Boeser,23,VAN
2026020004,2,729,775,8478444,Brock Boeser,23,VAN
2026020004,2,934,984,8478444,Brock Boeser,23,VAN
2026020004,2,1143,1200,8478444,Brock Boeser,23,VAN
2026020004,3,70,111,8478444,Brock Boeser,23,VAN
2026020004,3,223,285,8478444,Brock Boeser,23,VAN
2026020004,3,303,315,8478444,Brock Boeser,23,VAN
2026020004,3,472,536,8478444,Brock Boeser,23,VAN
2026020004,3,563,600,8478444,Brock Boeser,23,VAN
2026020004,3,771,807,8478444,Brock Boeser,23,VAN
2026020004,3,949,1046,8478444,Brock Boeser,23,VAN
2026020004,1,94,150,8478472,Mathieu Joseph,22,EDM
2026020004,1,313,328,8478472,Mathieu Joseph,22,EDM
2026020004,1,355,376,8478472,Mathieu Joseph,22,EDM
2026020004,1,459,496,8478472,Mathieu Joseph,22,EDM
2026020004,1,630,692,8478472,Mathieu Joseph,22,EDM
2026020004,1,809,871,8478472,Mathieu Joseph,22,EDM
2026020004,1,986,1011,8478472,Mathieu Joseph,22,EDM
2026020004,1,1143,1180,8478472,Mathieu Joseph,22,EDM
2026020004,2,96,127,8478472,Mathieu Joseph,22,EDM
2026020004,2,279,315,8478472,Mathieu Joseph,22,EDM
2026020004,2,441,496,8478472,Mathieu Joseph,22,EDM
2026020004,2,731,787,8478472,Mathieu Joseph,22,EDM
2026020004,2,941,987,8478472,Mathieu Joseph,22,EDM
2026020004,2,1153,1200,8478472,Mathieu Joseph,22,EDM
2026020004,3,70,80,8478472,Mathieu Joseph,22,EDM
2026020004,3,119,131,8478472,Mathieu Joseph,22,EDM
2026020004,3,277,303,8478472,Mathieu Joseph,22,EDM
2026020004,3,315,353,8478472,Mathieu Joseph,22,EDM
2026020004,3,437,478,8478472,Mathieu Joseph,22,EDM
2026020004,3,560,602,8478472,Mathieu Joseph,22,EDM
2026020004,3,790,820,8478472,Mathieu Joseph,22,EDM
2026020004,3,981,1020,8478472,Mathieu Joseph,22,EDM
2026020004,3,1048,1088,8478472,Mathieu Joseph,22,EDM
2026020004,3,1157,1190,8478472,Mathieu Joseph,22,EDM
2026020004,1,32,89,8478498,Jake DeBrusk,23,VAN
2026020004,1,259,298,8478498,Jake DeBrusk,23,VAN
2026020004,1,414,459,8478498,Jake DeBrusk,23,VAN
2026020004,1,723,770,8478498,Jake DeBrusk,23,VAN
2026020004,1,930,963,8478498,Jake DeBrusk,23,VAN
2026020004,1,1183,1200,8478498,Jake DeBrusk,23,VAN
2026020004,2,42,96,8478498,Jake DeBrusk,23,VAN
2026020004,2,221,279,8478498,Jake DeBrusk,23,VAN
2026020004,2,419,441,8478498,Jake DeBrusk,23,VAN
2026020004,2,590,640,8478498,Jake DeBrusk,23,VAN
2026020004,2,668,700,8478498,Jake DeBrusk,23,VAN
2026020004,2,874,930,8478498,Jake DeBrusk,23,VAN
2026020004,2,1094,1143,8478498,Jake DeBrusk,23,VAN
2026020004,3,33,70,8478498,Jake DeBrusk,23,VAN
2026020004,3,175,225,8478498,Jake DeBrusk,23,VAN
2026020004,3,303,315,8478498,Jake DeBrusk,23,VAN
2026020004,3,353,382,8478498,Jake DeBrusk,23,VAN
2026020004,3,435,486,8478498,Jake DeBrusk,23,VAN
2026020004,3,599,606,8478498,Jake DeBrusk,23,VAN
2026020004,3,834,875,8478498,Jake DeBrusk,23,VAN
2026020004,3,981,1050,8478498,Jake DeBrusk,23,VAN
2026020004,3,1157,1198,8478498,Jake DeBrusk,23,VAN
2026020004,4,0,39,8478498,Jake DeBrusk,23,VAN
2026020004,1,41,100,8478854,Ryan Shea,22,EDM
2026020004,1,158,185,8478854,Ryan Shea,22,EDM
2026020004,1,301,355,8478854,Ryan Shea,22,EDM
2026020004,1,426,466,8478854,Ryan Shea,22,EDM
2026020004,1,506,515,8478854,Ryan Shea,22,EDM
2026020004,1,591,649,8478854,Ryan Shea,22,EDM
2026020004,1,692,750,8478854,Ryan Shea,22,EDM
2026020004,1,897,922,8478854,Ryan Shea,22,EDM
2026020004,1,986,1011,8478854,Ryan Shea,22,EDM
2026020004,1,1096,1143,8478854,Ryan Shea,22,EDM
2026020004,2,38,111,8478854,Ryan Shea,22,EDM
2026020004,2,223,273,8478854,Ryan Shea,22,EDM
2026020004,2,315,372,8478854,Ryan Shea,22,EDM
2026020004,2,396,437,8478854,Ryan Shea,22,EDM
2026020004,2,549,596,8478854,Ryan Shea,22,EDM
2026020004,2,679,787,8478854,Ryan Shea,22,EDM
2026020004,2,874,940,8478854,Ryan Shea,22,EDM
2026020004,2,1100,1158,8478854,Ryan Shea,22,EDM
2026020004,3,38,70,8478854,Ryan Shea,22,EDM
2026020004,3,175,219,8478854,Ryan Shea,22,EDM
2026020004,3,315,353,8478854,Ryan Shea,22,EDM
2026020004,3,382,421,8478854,Ryan Shea,22,EDM
2026020004,3,506,536,8478854,Ryan Shea,22,EDM
2026020004,3,745,781,8478854,Ryan Shea,22,EDM
2026020004,3,827,871,8478854,Ryan Shea,22,EDM
2026020004,3,942,981,8478854,Ryan Shea,22,EDM
2026020004,3,1017,1048,8478854,Ryan Shea,22,EDM
2026020004,3,1088,1105,8478854,Ryan Shea,22,EDM
2026020004,3,1131,1157,8478854,Ryan Shea,22,EDM
2026020004,4,36,119,8478854,Ryan Shea,22,EDM
2026020004,1,150,196,8479365,Trent Frederic,22,EDM
2026020004,1,328,355,8479365,Trent Frederic,22,EDM
2026020004,1,496,515,8479365,Trent Frederic,22,EDM
2026020004,1,591,630,8479365,Trent Frederic,22,EDM
2026020004,1,770,809,8479365,Trent Frederic,22,EDM
2026020004,1,970,981,8479365,Trent Frederic,22,EDM
2026020004,1,1083,1140,8479365,Trent Frederic,22,EDM
2026020004,2,127,173,8479365,Trent Frederic,22,EDM
2026020004,2,381,396,8479365,Trent Frederic,22,EDM
2026020004,2,552,640,8479365,Trent Frederic,22,EDM
2026020004,2,787,827,8479365,Trent Frederic,22,EDM
2026020004,2,987,1007,8479365,Trent Frederic,22,EDM
2026020004,3,80,119,8479365,Trent Frederic,22,EDM
2026020004,3,230,277,8479365,Trent Frederic,22,EDM
2026020004,3,478,506,8479365,Trent Frederic,22,EDM
2026020004,1,90,144,8479368,Max Jones,22,EDM
2026020004,1,298,328,8479368,Max Jones,22,EDM
2026020004,1,355,376,8479368,Max Jones,22,EDM
2026020004,1,458,492,8479368,Max Jones,22,EDM
2026020004,1,643,695,8479368,Max Jones,22,EDM
2026020004,1,817,869,8479368,Max Jones,22,EDM
2026020004,1,986,1011,8479368,Max Jones,22,EDM
2026020004,1,1141,1172,8479368,Max Jones,22,EDM
2026020004,2,98,127,8479368,Max Jones,22,EDM
2026020004,2,281,315,8479368,Max Jones,22,EDM
2026020004,2,441,501,8479368,Max Jones,22,EDM
2026020004,2,927,978,8479368,Max Jones,22,EDM
2026020004,2,1148,1200,8479368,Max Jones,22,EDM
2026020004,3,70,80,8479368,Max Jones,22,EDM
2026020004,3,110,131,8479368,Max Jones,22,EDM
2026020004,3,271,303,8479368,Max Jones,22,EDM
2026020004,3,315,353,8479368,Max Jones,22,EDM
2026020004,3,437,471,8479368,Max Jones,22,EDM
2026020004,3,560,601,8479368,Max Jones,22,EDM
2026020004,3,777,814,8479368,Max Jones,22,EDM
2026020004,1,0,32,8479425,Filip Hronek,23,VAN
2026020004,1,91,126,8479425,Filip Hronek,23,VAN
2026020004,1,227,259,8479425,Filip Hronek,23,VAN
2026020004,1,350,376,8479425,Filip Hronek,23,VAN
2026020004,1,413,457,8479425,Filip Hronek,23,VAN
2026020004,1,515,534,8479425,Filip Hronek,23,VAN
2026020004,1,561,590,8479425,Filip Hronek,23,VAN
2026020004,1,622,664,8479425,Filip Hronek,23,VAN
2026020004,1,716,761,8479425,Filip Hronek,23,VAN
2026020004,1,884,938,8479425,Filip Hronek,23,VAN
2026020004,1,1011,1080,8479425,Filip Hronek,23,VAN
2026020004,1,1122,1183,8479425,Filip Hronek,23,VAN
2026020004,2,0,54,8479425,Filip Hronek,23,VAN
2026020004,2,96,127,8479425,Filip Hronek,23,VAN
2026020004,2,233,279,8479425,Filip Hronek,23,VAN
2026020004,2,381,419,8479425,Filip Hronek,23,VAN
2026020004,2,498,563,8479425,Filip Hronek,23,VAN
2026020004,2,640,695,8479425,Filip Hronek,23,VAN
2026020004,2,775,829,8479425,Filip Hronek,23,VAN
2026020004,2,874,930,8479425,Filip Hronek,23,VAN
2026020004,2,1034,1117,8479425,Filip Hronek,23,VAN
2026020004,3,0,33,8479425,Filip Hronek,23,VAN
2026020004,3,68,80,8479425,Filip Hronek,23,VAN
2026020004,3,151,175,8479425,Filip Hronek,23,VAN
2026020004,3,289,319,8479425,Filip Hronek,23,VAN
2026020004,3,382,432,8479425,Filip Hronek,23,VAN
2026020004,3,536,563,8479425,Filip Hronek,23,VAN
2026020004,3,613,662,8479425,Filip Hronek,23,VAN
2026020004,3,708,752,8479425,Filip Hronek,23,VAN
2026020004,3,836,901,8479425,Filip Hronek,23,VAN
2026020004,3,940,1022,8479425,Filip Hronek,23,VAN
2026020004,3,1088,1157,8479425,Filip Hronek,23,VAN
2026020004,4,0,53,8479425,Filip Hronek,23,VAN
2026020004,1,31,95,8480012,Elias Pettersson,23,VAN
2026020004,1,256,302,8480012,Elias Pettersson,23,VAN
2026020004,1,409,456,8480012,Elias Pettersson,23,VAN
2026020004,1,533,561,8480012,Elias Pettersson,23,VAN
2026020004,1,591,622,8480012,Elias Pettersson,23,VAN
2026020004,1,723,771,8480012,Elias Pettersson,23,VAN
2026020004,1,927,970,8480012,Elias Pettersson,23,VAN
2026020004,1,1039,1077,8480012,Elias Pettersson,23,VAN
2026020004,1,1183,1200,8480012,Elias Pettersson,23,VAN
2026020004,2,38,100,8480012,Elias Pettersson,23,VAN
2026020004,2,227,263,8480012,Elias Pettersson,23,VAN
2026020004,2,419,441,8480012,Elias Pettersson,23,VAN
2026020004,2,605,640,8480012,Elias Pettersson,23,VAN
2026020004,2,646,692,8480012,Elias Pettersson,23,VAN
2026020004,2,869,927,8480012,Elias Pettersson,23,VAN
2026020004,2,1090,1179,8480012,Elias Pettersson,23,VAN
2026020004,3,31,70,8480012,Elias Pettersson,23,VAN
2026020004,3,175,215,8480012,Elias Pettersson,23,VAN
2026020004,3,303,315,8480012,Elias Pettersson,23,VAN
2026020004,3,353,382,8480012,Elias Pettersson,23,VAN
2026020004,3,417,477,8480012,Elias Pettersson,23,VAN
2026020004,3,641,663,8480012,Elias Pettersson,23,VAN
2026020004,3,745,753,8480012,Elias Pettersson,23,VAN
2026020004,3,834,865,8480012,Elias Pettersson,23,VAN
2026020004,3,901,940,8480012,Elias Pettersson,23,VAN
2026020004,3,981,1051,8480012,Elias Pettersson,23,VAN
2026020004,3,1088,1113,8480012,Elias Pettersson,23,VAN
2026020004,3,1157,1198,8480012,Elias Pettersson,23,VAN
2026020004,4,0,37,8480012,Elias Pettersson,23,VAN
2026020004,1,0,31,8480029,Alex Formenton,22,EDM
2026020004,1,200,257,8480029,Alex Formenton,22,EDM
2026020004,1,376,413,8480029,Alex Formenton,22,EDM
2026020004,1,695,723,8480029,Alex Formenton,22,EDM
2026020004,1,869,919,8480029,Alex Formenton,22,EDM
2026020004,1,981,986,8480029,Alex Formenton,22,EDM
2026020004,2,0,38,8480029,Alex Formenton,22,EDM
2026020004,2,176,226,8480029,Alex Formenton,22,EDM
2026020004,2,315,373,8480029,Alex Formenton,22,EDM
2026020004,2,501,553,8480029,Alex Formenton,22,EDM
2026020004,2,687,785,8480029,Alex Formenton,22,EDM
2026020004,2,847,874,8480029,Alex Formenton,22,EDM
2026020004,2,1007,1097,8480029,Alex Formenton,22,EDM
2026020004,3,0,38,8480029,Alex Formenton,22,EDM
2026020004,3,131,163,8480029,Alex Formenton,22,EDM
2026020004,3,303,315,8480029,Alex Formenton,22,EDM
2026020004,3,536,560,8480029,Alex Formenton,22,EDM
2026020004,3,601,641,8480029,Alex Formenton,22,EDM
2026020004,3,868,901,8480029,Alex Formenton,22,EDM
2026020004,3,945,981,8480029,Alex Formenton,22,EDM
2026020004,3,994,1040,8480029,Alex Formenton,22,EDM
2026020004,3,1157,1184,8480029,Alex Formenton,22,EDM
2026020004,1,0,41,8480803,Evan Bouchard,22,EDM
2026020004,1,183,259,8480803,Evan Bouchard,22,EDM
2026020004,1,376,426,8480803,Evan Bouchard,22,EDM
2026020004,1,515,591,8480803,Evan Bouchard,22,EDM
2026020004,1,692,751,8480803,Evan Bouchard,22,EDM
2026020004,1,802,897,8480803,Evan Bouchard,22,EDM
2026020004,1,964,986,8480803,Evan Bouchard,22,EDM
2026020004,1,1011,1092,8480803,Evan Bouchard,22,EDM
2026020004,1,1172,1200,8480803,Evan Bouchard,22,EDM
2026020004,2,0,39,8480803,Evan Bouchard,22,EDM
2026020004,2,127,223,8480803,Evan Bouchard,22,EDM
2026020004,2,315,340,8480803,Evan Bouchard,22,EDM
2026020004,2,509,552,8480803,Evan Bouchard,22,EDM
2026020004,2,640,679,8480803,Evan Bouchard,22,EDM
2026020004,2,837,874,8480803,Evan Bouchard,22,EDM
2026020004,2,892,939,8480803,Evan Bouchard,22,EDM
2026020004,2,1007,1100,8480803,Evan Bouchard,22,EDM
2026020004,2,1149,1200,8480803,Evan Bouchard,22,EDM
2026020004,3,0,38,8480803,Evan Bouchard,22,EDM
2026020004,3,109,175,8480803,Evan Bouchard,22,EDM
2026020004,3,264,303,8480803,Evan Bouchard,22,EDM
2026020004,3,382,437,8480803,Evan Bouchard,22,EDM
2026020004,3,506,536,8480803,Evan Bouchard,22,EDM
2026020004,3,556,560,8480803,Evan Bouchard,22,EDM
2026020004,3,613,745,8480803,Evan Bouchard,22,EDM
2026020004,3,871,945,8480803,Evan Bouchard,22,EDM
2026020004,3,1088,1157,8480803,Evan Bouchard,22,EDM
2026020004,4,0,36,8480803,Evan Bouchard,22,EDM
2026020004,1,0,1200,8480947,Kevin Lankinen,23,VAN
2026020004,2,0,1200,8480947,Kevin Lankinen,23,VAN
2026020004,3,0,965,8480947,Kevin Lankinen,23,VAN
2026020004,3,981,1200,8480947,Kevin Lankinen,23,VAN
2026020004,4,0,119,8480947,Kevin Lankinen,23,VAN
2026020004,1,0,35,8481024,Linus Karlsson,23,VAN
2026020004,1,226,258,8481024,Linus Karlsson,23,VAN
2026020004,1,355,403,8481024,Linus Karlsson,23,VAN
2026020004,1,639,660,8481024,Linus Karlsson,23,VAN
2026020004,1,699,723,8481024,Linus Karlsson,23,VAN
2026020004,1,884,928,8481024,Linus Karlsson,23,VAN
2026020004,2,0,42,8481024,Linus Karlsson,23,VAN
2026020004,2,182,219,8481024,Linus Karlsson,23,VAN
2026020004,2,340,396,8481024,Linus Karlsson,23,VAN
2026020004,2,441,458,8481024,Linus Karlsson,23,VAN
2026020004,2,498,543,8481024,Linus Karlsson,23,VAN
2026020004,2,640,670,8481024,Linus Karlsson,23,VAN
2026020004,2,695,730,8481024,Linus Karlsson,23,VAN
2026020004,2,835,874,8481024,Linus Karlsson,23,VAN
2026020004,2,1064,1094,8481024,Linus Karlsson,23,VAN
2026020004,3,0,36,8481024,Linus Karlsson,23,VAN
2026020004,3,111,124,8481024,Linus Karlsson,23,VAN
2026020004,3,158,175,8481024,Linus Karlsson,23,VAN
2026020004,3,315,320,8481024,Linus Karlsson,23,VAN
2026020004,3,382,413,8481024,Linus Karlsson,23,VAN
2026020004,3,536,563,8481024,Linus Karlsson,23,VAN
2026020004,3,600,641,8481024,Linus Karlsson,23,VAN
2026020004,3,864,901,8481024,Linus Karlsson,23,VAN
2026020004,3,944,981,8481024,Linus Karlsson,23,VAN
2026020004,3,1050,1088,8481024,Linus Karlsson,23,VAN
2026020004,3,1157,1158,8481024,Linus Karlsson,23,VAN
2026020004,1,146,214,8481032,Paul Cotter,23,VAN
2026020004,1,328,355,8481032,Paul Cotter,23,VAN
2026020004,1,495,515,8481032,Paul Cotter,23,VAN
2026020004,1,561,591,8481032,Paul Cotter,23,VAN
2026020004,1,813,883,8481032,Paul Cotter,23,VAN
2026020004,1,986,1011,8481032,Paul Cotter,23,VAN
2026020004,1,1079,1118,8481032,Paul Cotter,23,VAN
2026020004,2,127,181,8481032,Paul Cotter,23,VAN
2026020004,2,387,419,8481032,Paul Cotter,23,VAN
2026020004,2,534,605,8481032,Paul Cotter,23,VAN
2026020004,2,775,832,8481032,Paul Cotter,23,VAN
2026020004,2,978,1038,8481032,Paul Cotter,23,VAN
2026020004,3,126,156,8481032,Paul Cotter,23,VAN
2026020004,3,283,303,8481032,Paul Cotter,23,VAN
2026020004,3,331,353,8481032,Paul Cotter,23,VAN
2026020004,3,663,707,8481032,Paul Cotter,23,VAN
2026020004,3,797,819,8481032,Paul Cotter,23,VAN
2026020004,4,99,119,8481032,Paul Cotter,23,VAN
2026020004,1,31,90,8481617,Vasily Podkolzin,22,EDM
2026020004,1,257,298,8481617,Vasily Podkolzin,22,EDM
2026020004,1,413,458,8481617,Vasily Podkolzin,22,EDM
2026020004,1,515,591,8481617,Vasily Podkolzin,22,EDM
2026020004,1,723,767,8481617,Vasily Podkolzin,22,EDM
2026020004,1,919,969,8481617,Vasily Podkolzin,22,EDM
2026020004,1,1011,1079,8481617,Vasily Podkolzin,22,EDM
2026020004,2,39,98,8481617,Vasily Podkolzin,22,EDM
2026020004,2,227,281,8481617,Vasily Podkolzin,22,EDM
2026020004,2,396,441,8481617,Vasily Podkolzin,22,EDM
2026020004,2,640,687,8481617,Vasily Podkolzin,22,EDM
2026020004,2,874,927,8481617,Vasily Podkolzin,22,EDM
2026020004,2,1097,1148,8481617,Vasily Podkolzin,22,EDM
2026020004,3,38,70,8481617,Vasily Podkolzin,22,EDM
2026020004,3,163,220,8481617,Vasily Podkolzin,22,EDM
2026020004,3,353,382,8481617,Vasily Podkolzin,22,EDM
2026020004,3,506,536,8481617,Vasily Podkolzin,22,EDM
2026020004,3,641,745,8481617,Vasily Podkolzin,22,EDM
2026020004,3,814,868,8481617,Vasily Podkolzin,22,EDM
2026020004,3,901,945,8481617,Vasily Podkolzin,22,EDM
2026020004,3,1115,1157,8481617,Vasily Podkolzin,22,EDM
2026020004,3,1184,1200,8481617,Vasily Podkolzin,22,EDM
2026020004,1,0,31,8482055,Drew O'Connor,23,VAN
2026020004,1,214,257,8482055,Drew O'Connor,23,VAN
2026020004,1,353,412,8482055,Drew O'Connor,23,VAN
2026020004,1,515,533,8482055,Drew O'Connor,23,VAN
2026020004,1,622,647,8482055,Drew O'Connor,23,VAN
2026020004,1,692,723,8482055,Drew O'Connor,23,VAN
2026020004,1,883,930,8482055,Drew O'Connor,23,VAN
2026020004,1,1011,1039,8482055,Drew O'Connor,23,VAN
2026020004,1,1118,1155,8482055,Drew O'Connor,23,VAN
2026020004,2,0,39,8482055,Drew O'Connor,23,VAN
2026020004,2,176,221,8482055,Drew O'Connor,23,VAN
2026020004,2,350,396,8482055,Drew O'Connor,23,VAN
2026020004,2,441,458,8482055,Drew O'Connor,23,VAN
2026020004,2,503,547,8482055,Drew O'Connor,23,VAN
2026020004,2,640,668,8482055,Drew O'Connor,23,VAN
2026020004,2,700,729,8482055,Drew O'Connor,23,VAN
2026020004,2,833,874,8482055,Drew O'Connor,23,VAN
2026020004,2,1019,1092,8482055,Drew O'Connor,23,VAN
2026020004,3,0,31,8482055,Drew O'Connor,23,VAN
2026020004,3,156,175,8482055,Drew O'Connor,23,VAN
2026020004,3,315,331,8482055,Drew O'Connor,23,VAN
2026020004,3,382,435,8482055,Drew O'Connor,23,VAN
2026020004,3,536,563,8482055,Drew O'Connor,23,VAN
2026020004,3,607,661,8482055,Drew O'Connor,23,VAN
2026020004,3,745,775,8482055,Drew O'Connor,23,VAN
2026020004,3,875,944,8482055,Drew O'Connor,23,VAN
2026020004,3,1051,1088,8482055,Drew O'Connor,23,VAN
2026020004,3,1157,1200,8482055,Drew O'Connor,23,VAN
2026020004,1,95,146,8482079,Marco Rossi,23,VAN
2026020004,1,300,328,8482079,Marco Rossi,23,VAN
2026020004,1,457,495,8482079,Marco Rossi,23,VAN
2026020004,1,660,699,8482079,Marco Rossi,23,VAN
2026020004,1,770,811,8482079,Marco Rossi,23,VAN
2026020004,1,970,986,8482079,Marco Rossi,23,VAN
2026020004,1,1160,1183,8482079,Marco Rossi,23,VAN
2026020004,2,100,127,8482079,Marco Rossi,23,VAN
2026020004,2,263,338,8482079,Marco Rossi,23,VAN
2026020004,2,458,499,8482079,Marco Rossi,23,VAN
2026020004,2,735,775,8482079,Marco Rossi,23,VAN
2026020004,2,930,978,8482079,Marco Rossi,23,VAN
2026020004,2,1179,1200,8482079,Marco Rossi,23,VAN
2026020004,3,70,126,8482079,Marco Rossi,23,VAN
2026020004,3,215,283,8482079,Marco Rossi,23,VAN
2026020004,3,303,315,8482079,Marco Rossi,23,VAN
2026020004,3,477,536,8482079,Marco Rossi,23,VAN
2026020004,3,563,607,8482079,Marco Rossi,23,VAN
2026020004,3,753,797,8482079,Marco Rossi,23,VAN
2026020004,3,957,981,8482079,Marco Rossi,23,VAN
2026020004,3,1046,1088,8482079,Marco Rossi,23,VAN
2026020004,3,1198,1200,8482079,Marco Rossi,23,VAN
2026020004,4,37,99,8482079,Marco Rossi,23,VAN
2026020004,1,33,101,8482166,Shakir Mukhamadullin,22,EDM
2026020004,1,158,183,8482166,Shakir Mukhamadullin,22,EDM
2026020004,1,301,355,8482166,Shakir Mukhamadullin,22,EDM
2026020004,1,426,467,8482166,Shakir Mukhamadullin,22,EDM
2026020004,1,506,515,8482166,Shakir Mukhamadullin,22,EDM
2026020004,1,887,927,8482166,Shakir Mukhamadullin,22,EDM
2026020004,1,986,1011,8482166,Shakir Mukhamadullin,22,EDM
2026020004,2,39,111,8482166,Shakir Mukhamadullin,22,EDM
2026020004,2,225,267,8482166,Shakir Mukhamadullin,22,EDM
2026020004,2,373,396,8482166,Shakir Mukhamadullin,22,EDM
2026020004,2,551,595,8482166,Shakir Mukhamadullin,22,EDM
2026020004,2,784,835,8482166,Shakir Mukhamadullin,22,EDM
2026020004,2,939,995,8482166,Shakir Mukhamadullin,22,EDM
2026020004,3,38,70,8482166,Shakir Mukhamadullin,22,EDM
2026020004,3,164,219,8482166,Shakir Mukhamadullin,22,EDM
2026020004,3,315,353,8482166,Shakir Mukhamadullin,22,EDM
2026020004,3,437,471,8482166,Shakir Mukhamadullin,22,EDM
2026020004,3,536,556,8482166,Shakir Mukhamadullin,22,EDM
2026020004,3,608,613,8482166,Shakir Mukhamadullin,22,EDM
2026020004,3,823,872,8482166,Shakir Mukhamadullin,22,EDM
2026020004,1,91,144,8482703,Colton Dach,22,EDM
2026020004,1,314,328,8482703,Colton Dach,22,EDM
2026020004,1,355,376,8482703,Colton Dach,22,EDM
2026020004,1,457,495,8482703,Colton Dach,22,EDM
2026020004,1,627,693,8482703,Colton Dach,22,EDM
2026020004,1,809,862,8482703,Colton Dach,22,EDM
2026020004,1,986,1011,8482703,Colton Dach,22,EDM
2026020004,1,1140,1178,8482703,Colton Dach,22,EDM
2026020004,2,101,127,8482703,Colton Dach,22,EDM
2026020004,2,275,315,8482703,Colton Dach,22,EDM
2026020004,2,441,476,8482703,Colton Dach,22,EDM
2026020004,2,746,784,8482703,Colton Dach,22,EDM
2026020004,2,940,983,8482703,Colton Dach,22,EDM
2026020004,2,1139,1200,8482703,Colton Dach,22,EDM
2026020004,3,70,80,8482703,Colton Dach,22,EDM
2026020004,3,112,131,8482703,Colton Dach,22,EDM
2026020004,3,261,303,8482703,Colton Dach,22,EDM
2026020004,3,315,353,8482703,Colton Dach,22,EDM
2026020004,3,437,478,8482703,Colton Dach,22,EDM
2026020004,3,560,598,8482703,Colton Dach,22,EDM
2026020004,3,745,796,8482703,Colton Dach,22,EDM
2026020004,3,1038,1088,8482703,Colton Dach,22,EDM
2026020004,3,1157,1200,8482703,Colton Dach,22,EDM
2026020004,4,61,67,8482703,Colton Dach,22,EDM
2026020004,1,145,214,8483395,Arshdeep Bains,23,VAN
2026020004,1,328,353,8483395,Arshdeep Bains,23,VAN
2026020004,1,506,515,8483395,Arshdeep Bains,23,VAN
2026020004,1,561,591,8483395,Arshdeep Bains,23,VAN
2026020004,1,809,884,8483395,Arshdeep Bains,23,VAN
2026020004,1,986,1011,8483395,Arshdeep Bains,23,VAN
2026020004,1,1077,1117,8483395,Arshdeep Bains,23,VAN
2026020004,2,127,176,8483395,Arshdeep Bains,23,VAN
2026020004,2,396,419,8483395,Arshdeep Bains,23,VAN
2026020004,2,547,590,8483395,Arshdeep Bains,23,VAN
2026020004,2,775,833,8483395,Arshdeep Bains,23,VAN
2026020004,2,982,1019,8483395,Arshdeep Bains,23,VAN
2026020004,3,121,158,8483395,Arshdeep Bains,23,VAN
2026020004,3,275,303,8483395,Arshdeep Bains,23,VAN
2026020004,3,321,353,8483395,Arshdeep Bains,23,VAN
2026020004,3,661,708,8483395,Arshdeep Bains,23,VAN
2026020004,3,810,835,8483395,Arshdeep Bains,23,VAN
2026020004,1,144,200,8483455,Isaac Howard,22,EDM
2026020004,1,328,355,8483455,Isaac Howard,22,EDM
2026020004,1,492,515,8483455,Isaac Howard,22,EDM
2026020004,1,591,627,8483455,Isaac Howard,22,EDM
2026020004,1,767,817,8483455,Isaac Howard,22,EDM
2026020004,1,969,981,8483455,Isaac Howard,22,EDM
2026020004,1,1079,1141,8483455,Isaac Howard,22,EDM
2026020004,2,127,176,8483455,Isaac Howard,22,EDM
2026020004,2,372,396,8483455,Isaac Howard,22,EDM
2026020004,2,553,640,8483455,Isaac Howard,22,EDM
2026020004,2,787,847,8483455,Isaac Howard,22,EDM
2026020004,2,978,1007,8483455,Isaac Howard,22,EDM
2026020004,3,80,109,8483455,Isaac Howard,22,EDM
2026020004,3,219,271,8483455,Isaac Howard,22,EDM
2026020004,3,434,437,8483455,Isaac Howard,22,EDM
2026020004,3,471,506,8483455,Isaac Howard,22,EDM
2026020004,3,745,777,8483455,Isaac Howard,22,EDM
2026020004,1,35,91,8483476,Jonathan Lekkerimaki,23,VAN
2026020004,1,257,300,8483476,Jonathan Lekkerimaki,23,VAN
2026020004,1,403,456,8483476,Jonathan Lekkerimaki,23,VAN
2026020004,1,723,768,8483476,Jonathan Lekkerimaki,23,VAN
2026020004,1,928,968,8483476,Jonathan Lekkerimaki,23,VAN
2026020004,2,39,97,8483476,Jonathan Lekkerimaki,23,VAN
2026020004,2,219,281,8483476,Jonathan Lekkerimaki,23,VAN
2026020004,2,419,441,8483476,Jonathan Lekkerimaki,23,VAN
2026020004,2,604,640,8483476,Jonathan Lekkerimaki,23,VAN
2026020004,2,670,693,8483476,Jonathan Lekkerimaki,23,VAN
2026020004,2,874,934,8483476,Jonathan Lekkerimaki,23,VAN
2026020004,2,1092,1145,8483476,Jonathan Lekkerimaki,23,VAN
2026020004,3,36,70,8483476,Jonathan Lekkerimaki,23,VAN
2026020004,3,175,223,8483476,Jonathan Lekkerimaki,23,VAN
2026020004,3,353,382,8483476,Jonathan Lekkerimaki,23,VAN
2026020004,3,413,472,8483476,Jonathan Lekkerimaki,23,VAN
2026020004,3,829,864,8483476,Jonathan Lekkerimaki,23,VAN
2026020004,1,89,145,8483499,Liam Ohgren,23,VAN
2026020004,1,299,328,8483499,Liam Ohgren,23,VAN
2026020004,1,459,506,8483499,Liam Ohgren,23,VAN
2026020004,1,534,561,8483499,Liam Ohgren,23,VAN
2026020004,1,591,622,8483499,Liam Ohgren,23,VAN
2026020004,1,647,692,8483499,Liam Ohgren,23,VAN
2026020004,1,768,809,8483499,Liam Ohgren,23,VAN
2026020004,1,963,986,8483499,Liam Ohgren,23,VAN
2026020004,1,1039,1077,8483499,Liam Ohgren,23,VAN
2026020004,1,1155,1183,8483499,Liam Ohgren,23,VAN
2026020004,2,97,127,8483499,Liam Ohgren,23,VAN
2026020004,2,278,350,8483499,Liam Ohgren,23,VAN
2026020004,2,458,503,8483499,Liam Ohgren,23,VAN
2026020004,2,730,775,8483499,Liam Ohgren,23,VAN
2026020004,2,928,982,8483499,Liam Ohgren,23,VAN
2026020004,2,1145,1200,8483499,Liam Ohgren,23,VAN
2026020004,3,70,121,8483499,Liam Ohgren,23,VAN
2026020004,3,225,275,8483499,Liam Ohgren,23,VAN
2026020004,3,486,536,8483499,Liam Ohgren,23,VAN
2026020004,3,563,599,8483499,Liam Ohgren,23,VAN
2026020004,3,708,745,8483499,Liam Ohgren,23,VAN
2026020004,3,775,810,8483499,Liam Ohgren,23,VAN
2026020004,3,1088,1157,8483499,Liam Ohgren,23,VAN
2026020004,3,1198,1200,8483499,Liam Ohgren,23,VAN
2026020004,4,39,92,8483499,Liam Ohgren,23,VAN
2026020004,1,126,176,8483678,Elias Pettersson,23,VAN
2026020004,1,298,350,8483678,Elias Pettersson,23,VAN
2026020004,1,456,494,8483678,Elias Pettersson,23,VAN
2026020004,1,533,561,8483678,Elias Pettersson,23,VAN
2026020004,1,588,621,8483678,Elias Pettersson,23,VAN
2026020004,1,761,818,8483678,Elias Pettersson,23,VAN
2026020004,1,968,1011,8483678,Elias Pettersson,23,VAN
2026020004,1,1131,1136,8483678,Elias Pettersson,23,VAN
2026020004,2,127,177,8483678,Elias Pettersson,23,VAN
2026020004,2,279,331,8483678,Elias Pettersson,23,VAN
2026020004,2,458,498,8483678,Elias Pettersson,23,VAN
2026020004,2,604,640,8483678,Elias Pettersson,23,VAN
2026020004,2,738,775,8483678,Elias Pettersson,23,VAN
2026020004,2,930,979,8483678,Elias Pettersson,23,VAN
2026020004,2,1172,1200,8483678,Elias Pettersson,23,VAN
2026020004,3,80,151,8483678,Elias Pettersson,23,VAN
2026020004,3,229,289,8483678,Elias Pettersson,23,VAN
2026020004,3,319,347,8483678,Elias Pettersson,23,VAN
2026020004,3,437,489,8483678,Elias Pettersson,23,VAN
2026020004,3,563,599,8483678,Elias Pettersson,23,VAN
2026020004,3,662,708,8483678,Elias Pettersson,23,VAN
2026020004,3,807,836,8483678,Elias Pettersson,23,VAN
2026020004,3,1047,1088,8483678,Elias Pettersson,23,VAN
2026020004,1,0,31,8484136,Max Sasson,23,VAN
2026020004,1,214,256,8484136,Max Sasson,23,VAN
2026020004,1,355,409,8484136,Max Sasson,23,VAN
2026020004,1,515,533,8484136,Max Sasson,23,VAN
2026020004,1,621,661,8484136,Max Sasson,23,VAN
2026020004,1,697,723,8484136,Max Sasson,23,VAN
2026020004,1,882,927,8484136,Max Sasson,23,VAN
2026020004,1,1011,1039,8484136,Max Sasson,23,VAN
2026020004,1,1117,1160,8484136,Max Sasson,23,VAN
2026020004,1,1183,1200,8484136,Max Sasson,23,VAN
2026020004,2,0,38,8484136,Max Sasson,23,VAN
2026020004,2,177,227,8484136,Max Sasson,23,VAN
2026020004,2,338,387,8484136,Max Sasson,23,VAN
2026020004,2,441,458,8484136,Max Sasson,23,VAN
2026020004,2,499,534,8484136,Max Sasson,23,VAN
2026020004,2,640,646,8484136,Max Sasson,23,VAN
2026020004,2,692,735,8484136,Max Sasson,23,VAN
2026020004,2,832,869,8484136,Max Sasson,23,VAN
2026020004,2,1038,1090,8484136,Max Sasson,23,VAN
2026020004,3,0,30,8484136,Max Sasson,23,VAN
2026020004,3,152,175,8484136,Max Sasson,23,VAN
2026020004,3,315,320,8484136,Max Sasson,23,VAN
2026020004,3,382,417,8484136,Max Sasson,23,VAN
2026020004,3,536,563,8484136,Max Sasson,23,VAN
2026020004,3,606,641,8484136,Max Sasson,23,VAN
2026020004,3,761,771,8484136,Max Sasson,23,VAN
2026020004,3,819,834,8484136,Max Sasson,23,VAN
2026020004,3,865,940,8484136,Max Sasson,23,VAN
2026020004,3,1113,1157,8484136,Max Sasson,23,VAN
2026020004,4,92,119,8484136,Max Sasson,23,VAN
2026020004,1,32,91,8484240,Tom Willander,23,VAN
2026020004,1,177,214,8484240,Tom Willander,23,VAN
2026020004,1,259,299,8484240,Tom Willander,23,VAN
2026020004,1,376,413,8484240,Tom Willander,23,VAN
2026020004,1,494,515,8484240,Tom Willander,23,VAN
2026020004,1,635,639,8484240,Tom Willander,23,VAN
2026020004,1,666,716,8484240,Tom Willander,23,VAN
2026020004,1,818,882,8484240,Tom Willander,23,VAN
2026020004,1,939,968,8484240,Tom Willander,23,VAN
2026020004,1,1080,1122,8484240,Tom Willander,23,VAN
2026020004,1,1183,1200,8484240,Tom Willander,23,VAN
2026020004,2,52,97,8484240,Tom Willander,23,VAN
2026020004,2,177,233,8484240,Tom Willander,23,VAN
2026020004,2,331,381,8484240,Tom Willander,23,VAN
2026020004,2,419,458,8484240,Tom Willander,23,VAN
2026020004,2,562,604,8484240,Tom Willander,23,VAN
2026020004,2,693,738,8484240,Tom Willander,23,VAN
2026020004,2,828,874,8484240,Tom Willander,23,VAN
2026020004,2,978,1039,8484240,Tom Willander,23,VAN
2026020004,2,1117,1169,8484240,Tom Willander,23,VAN
2026020004,3,31,68,8484240,Tom Willander,23,VAN
2026020004,3,175,229,8484240,Tom Willander,23,VAN
2026020004,3,353,382,8484240,Tom Willander,23,VAN
2026020004,3,433,437,8484240,Tom Willander,23,VAN
2026020004,3,489,536,8484240,Tom Willander,23,VAN
2026020004,3,599,613,8484240,Tom Willander,23,VAN
2026020004,3,764,807,8484240,Tom Willander,23,VAN
2026020004,3,901,949,8484240,Tom Willander,23,VAN
2026020004,3,1022,1088,8484240,Tom Willander,23,VAN
2026020004,3,1157,1200,8484240,Tom Willander,23,VAN
2026020004,4,100,119,8484240,Tom Willander,23,VAN
2026020004,1,0,32,8484798,Zeev Buium,23,VAN
2026020004,1,86,130,8484798,Zeev Buium,23,VAN
2026020004,1,214,259,8484798,Zeev Buium,23,VAN
2026020004,1,350,376,8484798,Zeev Buium,23,VAN
2026020004,1,412,460,8484798,Zeev Buium,23,VAN
2026020004,1,664,716,8484798,Zeev Buium,23,VAN
2026020004,1,723,788,8484798,Zeev Buium,23,VAN
2026020004,1,883,939,8484798,Zeev Buium,23,VAN
2026020004,1,1183,1200,8484798,Zeev Buium,23,VAN
2026020004,2,0,52,8484798,Zeev Buium,23,VAN
2026020004,2,97,127,8484798,Zeev Buium,23,VAN
2026020004,2,233,278,8484798,Zeev Buium,23,VAN
2026020004,2,382,419,8484798,Zeev Buium,23,VAN
2026020004,2,498,562,8484798,Zeev Buium,23,VAN
2026020004,2,640,694,8484798,Zeev Buium,23,VAN
2026020004,2,775,828,8484798,Zeev Buium,23,VAN
2026020004,2,874,928,8484798,Zeev Buium,23,VAN
2026020004,2,1039,1118,8484798,Zeev Buium,23,VAN
2026020004,3,0,31,8484798,Zeev Buium,23,VAN
2026020004,3,67,80,8484798,Zeev Buium,23,VAN
2026020004,3,151,175,8484798,Zeev Buium,23,VAN
2026020004,3,289,303,8484798,Zeev Buium,23,VAN
2026020004,3,315,321,8484798,Zeev Buium,23,VAN
2026020004,3,382,433,8484798,Zeev Buium,23,VAN
2026020004,3,536,563,8484798,Zeev Buium,23,VAN
2026020004,3,613,641,8484798,Zeev Buium,23,VAN
2026020004,3,752,808,8484798,Zeev Buium,23,VAN
2026020004,3,835,901,8484798,Zeev Buium,23,VAN
2026020004,3,940,1047,8484798,Zeev Buium,23,VAN
2026020004,3,1157,1200,8484798,Zeev Buium,23,VAN
2026020004,4,53,100,8484798,Zeev Buium,23,VAN
2026020004,1,144,192,8486161,Owen Michaels,22,EDM
2026020004,1,328,355,8486161,Owen Michaels,22,EDM
2026020004,1,495,515,8486161,Owen Michaels,22,EDM
2026020004,1,769,809,8486161,Owen Michaels,22,EDM
2026020004,1,969,981,8486161,Owen Michaels,22,EDM
2026020004,2,127,160,8486161,Owen Michaels,22,EDM
2026020004,2,370,396,8486161,Owen Michaels,22,EDM
2026020004,2,549,640,8486161,Owen Michaels,22,EDM
2026020004,2,785,821,8486161,Owen Michaels,22,EDM
2026020004,2,983,1007,8486161,Owen Michaels,22,EDM
2026020004,3,80,110,8486161,Owen Michaels,22,EDM
2026020004,3,221,261,8486161,Owen Michaels,22,EDM
2026020004,3,429,437,8486161,Owen Michaels,22,EDM
2026020004,3,478,506,8486161,Owen Michaels,22,EDM
2026020004,3,796,822,8486161,Owen Michaels,22,EDM
2026020004,3,981,994,8486161,Owen Michaels,22,EDM
2026020005,1,62,102,8474013,Ian Cole,16,CHI
2026020005,1,139,196,8474013,Ian Cole,16,CHI
2026020005,1,334,364,8474013,Ian Cole,16,CHI
2026020005,1,452,490,8474013,Ian Cole,16,CHI
2026020005,1,569,615,8474013,Ian Cole,16,CHI
2026020005,1,783,838,8474013,Ian Cole,16,CHI
2026020005,1,906,922,8474013,Ian Cole,16,CHI
2026020005,1,1063,1110,8474013,Ian Cole,16,CHI
2026020005,2,71,139,8474013,Ian Cole,16,CHI
2026020005,2,235,316,8474013,Ian Cole,16,CHI
2026020005,2,554,596,8474013,Ian Cole,16,CHI
2026020005,2,731,743,8474013,Ian Cole,16,CHI
2026020005,2,912,940,8474013,Ian Cole,16,CHI
2026020005,2,973,1076,8474013,Ian Cole,16,CHI
2026020005,3,87,108,8474013,Ian Cole,16,CHI
2026020005,3,228,242,8474013,Ian Cole,16,CHI
2026020005,3,417,479,8474013,Ian Cole,16,CHI
2026020005,1,196,250,8474141,Patrick Kane,16,CHI
2026020005,1,365,415,8474141,Patrick Kane,16,CHI
2026020005,1,517,532,8474141,Patrick Kane,16,CHI
2026020005,1,630,676,8474141,Patrick Kane,16,CHI
2026020005,1,841,872,8474141,Patrick Kane,16,CHI
2026020005,1,966,1031,8474141,Patrick Kane,16,CHI
2026020005,1,1147,1200,8474141,Patrick Kane,16,CHI
2026020005,2,30,69,8474141,Patrick Kane,16,CHI
2026020005,2,173,207,8474141,Patrick Kane,16,CHI
2026020005,2,271,340,8474141,Patrick Kane,16,CHI
2026020005,2,387,438,8474141,Patrick Kane,16,CHI
2026020005,2,593,693,8474141,Patrick Kane,16,CHI
2026020005,2,796,850,8474141,Patrick Kane,16,CHI
2026020005,2,912,940,8474141,Patrick Kane,16,CHI
2026020005,2,1018,1108,8474141,Patrick Kane,16,CHI
2026020005,3,53,87,8474141,Patrick Kane,16,CHI
2026020005,3,224,283,8474141,Patrick Kane,16,CHI
2026020005,3,328,423,8474141,Patrick Kane,16,CHI
2026020005,3,517,617,8474141,Patrick Kane,16,CHI
2026020005,3,678,795,8474141,Patrick Kane,16,CHI
2026020005,3,875,932,8474141,Patrick Kane,16,CHI
2026020005,3,1028,1083,8474141,Patrick Kane,16,CHI
2026020005,1,0,62,8475188,Brayden McNabb,54,VGK
2026020005,1,230,274,8475188,Brayden McNabb,54,VGK
2026020005,1,367,423,8475188,Brayden McNabb,54,VGK
2026020005,1,505,532,8475188,Brayden McNabb,54,VGK
2026020005,1,565,569,8475188,Brayden McNabb,54,VGK
2026020005,1,726,798,8475188,Brayden McNabb,54,VGK
2026020005,1,904,922,8475188,Brayden McNabb,54,VGK
2026020005,1,982,1022,8475188,Brayden McNabb,54,VGK
2026020005,1,1143,1200,8475188,Brayden McNabb,54,VGK
2026020005,2,0,30,8475188,Brayden McNabb,54,VGK
2026020005,2,139,175,8475188,Brayden McNabb,54,VGK
2026020005,2,329,392,8475188,Brayden McNabb,54,VGK
2026020005,2,482,548,8475188,Brayden McNabb,54,VGK
2026020005,2,596,656,8475188,Brayden McNabb,54,VGK
2026020005,2,721,743,8475188,Brayden McNabb,54,VGK
2026020005,2,864,912,8475188,Brayden McNabb,54,VGK
2026020005,2,1059,1108,8475188,Brayden McNabb,54,VGK
2026020005,3,0,57,8475188,Brayden McNabb,54,VGK
2026020005,3,283,313,8475188,Brayden McNabb,54,VGK
2026020005,3,454,504,8475188,Brayden McNabb,54,VGK
2026020005,3,617,691,8475188,Brayden McNabb,54,VGK
2026020005,3,709,734,8475188,Brayden McNabb,54,VGK
2026020005,3,795,822,8475188,Brayden McNabb,54,VGK
2026020005,3,875,921,8475188,Brayden McNabb,54,VGK
2026020005,3,1027,1089,8475188,Brayden McNabb,54,VGK
2026020005,1,196,255,8475343,Nic Dowd,54,VGK
2026020005,1,334,367,8475343,Nic Dowd,54,VGK
2026020005,1,505,532,8475343,Nic Dowd,54,VGK
2026020005,1,630,676,8475343,Nic Dowd,54,VGK
2026020005,1,922,977,8475343,Nic Dowd,54,VGK
2026020005,1,1120,1151,8475343,Nic Dowd,54,VGK
2026020005,2,139,175,8475343,Nic Dowd,54,VGK
2026020005,2,392,438,8475343,Nic Dowd,54,VGK
2026020005,2,596,630,8475343,Nic Dowd,54,VGK
2026020005,2,743,803,8475343,Nic Dowd,54,VGK
2026020005,2,912,940,8475343,Nic Dowd,54,VGK
2026020005,2,1082,1108,8475343,Nic Dowd,54,VGK
2026020005,3,87,108,8475343,Nic Dowd,54,VGK
2026020005,3,227,283,8475343,Nic Dowd,54,VGK
2026020005,3,399,456,8475343,Nic Dowd,54,VGK
2026020005,3,692,732,8475343,Nic Dowd,54,VGK
2026020005,3,795,813,8475343,Nic Dowd,54,VGK
2026020005,3,976,1027,8475343,Nic Dowd,54,VGK
2026020005,3,1167,1200,8475343,Nic Dowd,54,VGK
2026020005,1,0,38,8475913,Mark Stone,54,VGK
2026020005,1,62,141,8475913,Mark Stone,54,VGK
2026020005,1,289,334,8475913,Mark Stone,54,VGK
2026020005,1,447,491,8475913,Mark Stone,54,VGK
2026020005,1,569,620,8475913,Mark Stone,54,VGK
2026020005,1,773,826,8475913,Mark Stone,54,VGK
2026020005,1,872,906,8475913,Mark Stone,54,VGK
2026020005,1,1022,1066,8475913,Mark Stone,54,VGK
2026020005,2,0,30,8475913,Mark Stone,54,VGK
2026020005,2,185,207,8475913,Mark Stone,54,VGK
2026020005,2,365,412,8475913,Mark Stone,54,VGK
2026020005,2,553,596,8475913,Mark Stone,54,VGK
2026020005,2,798,809,8475913,Mark Stone,54,VGK
2026020005,2,847,912,8475913,Mark Stone,54,VGK
2026020005,2,1059,1082,8475913,Mark Stone,54,VGK
2026020005,2,1108,1163,8475913,Mark Stone,54,VGK
2026020005,3,0,57,8475913,Mark Stone,54,VGK
2026020005,3,108,194,8475913,Mark Stone,54,VGK
2026020005,3,330,354,8475913,Mark Stone,54,VGK
2026020005,3,508,517,8475913,Mark Stone,54,VGK
2026020005,3,546,614,8475913,Mark Stone,54,VGK
2026020005,3,771,795,8475913,Mark Stone,54,VGK
2026020005,3,858,918,8475913,Mark Stone,54,VGK
2026020005,3,1028,1047,8475913,Mark Stone,54,VGK
2026020005,1,36,62,8476448,William Karlsson,54,VGK
2026020005,1,141,197,8476448,William Karlsson,54,VGK
2026020005,1,255,297,8476448,William Karlsson,54,VGK
2026020005,1,367,415,8476448,William Karlsson,54,VGK
2026020005,1,532,569,8476448,William Karlsson,54,VGK
2026020005,1,676,726,8476448,William Karlsson,54,VGK
2026020005,1,826,872,8476448,William Karlsson,54,VGK
2026020005,1,977,1030,8476448,William Karlsson,54,VGK
2026020005,1,1151,1200,8476448,William Karlsson,54,VGK
2026020005,2,30,71,8476448,William Karlsson,54,VGK
2026020005,2,207,235,8476448,William Karlsson,54,VGK
2026020005,2,287,342,8476448,William Karlsson,54,VGK
2026020005,2,490,548,8476448,William Karlsson,54,VGK
2026020005,2,596,640,8476448,William Karlsson,54,VGK
2026020005,2,809,864,8476448,William Karlsson,54,VGK
2026020005,2,1010,1059,8476448,William Karlsson,54,VGK
2026020005,2,1169,1200,8476448,William Karlsson,54,VGK
2026020005,3,57,87,8476448,William Karlsson,54,VGK
2026020005,3,194,227,8476448,William Karlsson,54,VGK
2026020005,3,354,399,8476448,William Karlsson,54,VGK
2026020005,3,517,546,8476448,William Karlsson,54,VGK
2026020005,3,709,734,8476448,William Karlsson,54,VGK
2026020005,3,795,823,8476448,William Karlsson,54,VGK
2026020005,3,929,976,8476448,William Karlsson,54,VGK
2026020005,3,1047,1088,8476448,William Karlsson,54,VGK
2026020005,1,62,142,8476881,Tomas Hertl,54,VGK
2026020005,1,333,334,8476881,Tomas Hertl,54,VGK
2026020005,1,415,457,8476881,Tomas Hertl,54,VGK
2026020005,1,569,630,8476881,Tomas Hertl,54,VGK
2026020005,1,726,785,8476881,Tomas Hertl,54,VGK
2026020005,1,906,922,8476881,Tomas Hertl,54,VGK
2026020005,1,1066,1120,8476881,Tomas Hertl,54,VGK
2026020005,2,71,139,8476881,Tomas Hertl,54,VGK
2026020005,2,235,287,8476881,Tomas Hertl,54,VGK
2026020005,2,438,490,8476881,Tomas Hertl,54,VGK
2026020005,2,940,1010,8476881,Tomas Hertl,54,VGK
2026020005,3,108,194,8476881,Tomas Hertl,54,VGK
2026020005,3,283,330,8476881,Tomas Hertl,54,VGK
2026020005,3,456,508,8476881,Tomas Hertl,54,VGK
2026020005,3,617,692,8476881,Tomas Hertl,54,VGK
2026020005,3,822,872,8476881,Tomas Hertl,54,VGK
2026020005,3,1088,1168,8476881,Tomas Hertl,54,VGK
2026020005,1,0,34,8477447,Shea Theodore,54,VGK
2026020005,1,62,138,8477447,Shea Theodore,54,VGK
2026020005,1,231,275,8477447,Shea Theodore,54,VGK
2026020005,1,367,423,8477447,Shea Theodore,54,VGK
2026020005,1,517,532,8477447,Shea Theodore,54,VGK
2026020005,1,565,630,8477447,Shea Theodore,54,VGK
2026020005,1,726,782,8477447,Shea Theodore,54,VGK
2026020005,1,904,922,8477447,Shea Theodore,54,VGK
2026020005,1,982,1022,8477447,Shea Theodore,54,VGK
2026020005,1,1182,1200,8477447,Shea Theodore,54,VGK
2026020005,2,0,30,8477447,Shea Theodore,54,VGK
2026020005,2,139,207,8477447,Shea Theodore,54,VGK
2026020005,2,329,392,8477447,Shea Theodore,54,VGK
2026020005,2,482,556,8477447,Shea Theodore,54,VGK
2026020005,2,596,656,8477447,Shea Theodore,54,VGK
2026020005,2,721,743,8477447,Shea Theodore,54,VGK
2026020005,2,859,912,8477447,Shea Theodore,54,VGK
2026020005,2,1069,1108,8477447,Shea Theodore,54,VGK
2026020005,3,0,57,8477447,Shea Theodore,54,VGK
2026020005,3,108,192,8477447,Shea Theodore,54,VGK
2026020005,3,283,312,8477447,Shea Theodore,54,VGK
2026020005,3,463,517,8477447,Shea Theodore,54,VGK
2026020005,3,617,691,8477447,Shea Theodore,54,VGK
2026020005,3,822,873,8477447,Shea Theodore,54,VGK
2026020005,3,875,917,8477447,Shea Theodore,54,VGK
2026020005,3,1028,1088,8477447,Shea Theodore,54,VGK
2026020005,1,34,62,8477479,Tyler Bertuzzi,16,CHI
2026020005,1,296,334,8477479,Tyler Bertuzzi,16,CHI
2026020005,1,452,510,8477479,Tyler Bertuzzi,16,CHI
2026020005,1,676,726,8477479,Tyler Bertuzzi,16,CHI
2026020005,1,872,906,8477479,Tyler Bertuzzi,16,CHI
2026020005,1,1022,1090,8477479,Tyler Bertuzzi,16,CHI
2026020005,2,64,132,8477479,Tyler Bertuzzi,16,CHI
2026020005,2,274,334,8477479,Tyler Bertuzzi,16,CHI
2026020005,2,494,548,8477479,Tyler Bertuzzi,16,CHI
2026020005,2,596,654,8477479,Tyler Bertuzzi,16,CHI
2026020005,2,782,854,8477479,Tyler Bertuzzi,16,CHI
2026020005,2,1108,1160,8477479,Tyler Bertuzzi,16,CHI
2026020005,3,242,283,8477479,Tyler Bertuzzi,16,CHI
2026020005,3,517,613,8477479,Tyler Bertuzzi,16,CHI
2026020005,3,678,795,8477479,Tyler Bertuzzi,16,CHI
2026020005,3,875,931,8477479,Tyler Bertuzzi,16,CHI
2026020005,3,1022,1083,8477479,Tyler Bertuzzi,16,CHI
2026020005,1,0,54,8477964,Ivan Barbashev,54,VGK
2026020005,1,291,334,8477964,Ivan Barbashev,54,VGK
2026020005,1,455,505,8477964,Ivan Barbashev,54,VGK
2026020005,1,630,676,8477964,Ivan Barbashev,54,VGK
2026020005,1,777,826,8477964,Ivan Barbashev,54,VGK
2026020005,1,872,906,8477964,Ivan Barbashev,54,VGK
2026020005,1,1030,1104,8477964,Ivan Barbashev,54,VGK
2026020005,2,0,30,8477964,Ivan Barbashev,54,VGK
2026020005,2,175,207,8477964,Ivan Barbashev,54,VGK
2026020005,2,342,392,8477964,Ivan Barbashev,54,VGK
2026020005,2,548,596,8477964,Ivan Barbashev,54,VGK
2026020005,2,864,912,8477964,Ivan Barbashev,54,VGK
2026020005,2,1059,1082,8477964,Ivan Barbashev,54,VGK
2026020005,2,1108,1163,8477964,Ivan Barbashev,54,VGK
2026020005,3,0,57,8477964,Ivan Barbashev,54,VGK
2026020005,3,324,354,8477964,Ivan Barbashev,54,VGK
2026020005,3,546,617,8477964,Ivan Barbashev,54,VGK
2026020005,3,875,931,8477964,Ivan Barbashev,54,VGK
2026020005,3,1030,1047,8477964,Ivan Barbashev,54,VGK
2026020005,1,252,296,8477987,Ryan Donato,16,CHI
2026020005,1,421,452,8477987,Ryan Donato,16,CHI
2026020005,1,728,775,8477987,Ryan Donato,16,CHI
2026020005,1,906,922,8477987,Ryan Donato,16,CHI
2026020005,2,0,30,8477987,Ryan Donato,16,CHI
2026020005,2,207,224,8477987,Ryan Donato,16,CHI
2026020005,2,334,391,8477987,Ryan Donato,16,CHI
2026020005,2,548,596,8477987,Ryan Donato,16,CHI
2026020005,2,664,728,8477987,Ryan Donato,16,CHI
2026020005,2,854,912,8477987,Ryan Donato,16,CHI
2026020005,2,1160,1200,8477987,Ryan Donato,16,CHI
2026020005,3,0,50,8477987,Ryan Donato,16,CHI
2026020005,3,283,330,8477987,Ryan Donato,16,CHI
2026020005,3,486,517,8477987,Ryan Donato,16,CHI
2026020005,3,613,678,8477987,Ryan Donato,16,CHI
2026020005,3,795,850,8477987,Ryan Donato,16,CHI
2026020005,3,932,978,8477987,Ryan Donato,16,CHI
2026020005,3,1083,1107,8477987,Ryan Donato,16,CHI
2026020005,1,139,190,8478109,Victor Olofsson,54,VGK
2026020005,1,250,291,8478109,Victor Olofsson,54,VGK
2026020005,1,415,447,8478109,Victor Olofsson,54,VGK
2026020005,1,620,630,8478109,Victor Olofsson,54,VGK
2026020005,1,726,773,8478109,Victor Olofsson,54,VGK
2026020005,1,906,922,8478109,Victor Olofsson,54,VGK
2026020005,1,1066,1104,8478109,Victor Olofsson,54,VGK
2026020005,2,84,139,8478109,Victor Olofsson,54,VGK
2026020005,2,235,288,8478109,Victor Olofsson,54,VGK
2026020005,2,438,482,8478109,Victor Olofsson,54,VGK
2026020005,2,716,743,8478109,Victor Olofsson,54,VGK
2026020005,2,940,1001,8478109,Victor Olofsson,54,VGK
2026020005,3,194,224,8478109,Victor Olofsson,54,VGK
2026020005,3,283,329,8478109,Victor Olofsson,54,VGK
2026020005,3,463,508,8478109,Victor Olofsson,54,VGK
2026020005,3,614,690,8478109,Victor Olofsson,54,VGK
2026020005,3,824,858,8478109,Victor Olofsson,54,VGK
2026020005,3,978,1028,8478109,Victor Olofsson,54,VGK
2026020005,3,1088,1169,8478109,Victor Olofsson,54,VGK
2026020005,1,35,62,8478233,Andrew Mangiapane,16,CHI
2026020005,1,182,218,8478233,Andrew Mangiapane,16,CHI
2026020005,1,297,334,8478233,Andrew Mangiapane,16,CHI
2026020005,1,456,517,8478233,Andrew Mangiapane,16,CHI
2026020005,1,676,724,8478233,Andrew Mangiapane,16,CHI
2026020005,1,872,905,8478233,Andrew Mangiapane,16,CHI
2026020005,1,1031,1035,8478233,Andrew Mangiapane,16,CHI
2026020005,1,1061,1104,8478233,Andrew Mangiapane,16,CHI
2026020005,2,69,103,8478233,Andrew Mangiapane,16,CHI
2026020005,1,187,230,8478396,Noah Hanifin,54,VGK
2026020005,1,313,334,8478396,Noah Hanifin,54,VGK
2026020005,1,423,464,8478396,Noah Hanifin,54,VGK
2026020005,1,532,565,8478396,Noah Hanifin,54,VGK
2026020005,1,676,726,8478396,Noah Hanifin,54,VGK
2026020005,1,826,846,8478396,Noah Hanifin,54,VGK
2026020005,1,872,904,8478396,Noah Hanifin,54,VGK
2026020005,1,960,982,8478396,Noah Hanifin,54,VGK
2026020005,1,1022,1104,8478396,Noah Hanifin,54,VGK
2026020005,2,86,139,8478396,Noah Hanifin,54,VGK
2026020005,2,224,284,8478396,Noah Hanifin,54,VGK
2026020005,2,392,422,8478396,Noah Hanifin,54,VGK
2026020005,2,438,482,8478396,Noah Hanifin,54,VGK
2026020005,2,656,721,8478396,Noah Hanifin,54,VGK
2026020005,2,776,809,8478396,Noah Hanifin,54,VGK
2026020005,2,912,987,8478396,Noah Hanifin,54,VGK
2026020005,2,1108,1144,8478396,Noah Hanifin,54,VGK
2026020005,3,87,108,8478396,Noah Hanifin,54,VGK
2026020005,3,244,283,8478396,Noah Hanifin,54,VGK
2026020005,3,354,425,8478396,Noah Hanifin,54,VGK
2026020005,3,504,546,8478396,Noah Hanifin,54,VGK
2026020005,3,690,709,8478396,Noah Hanifin,54,VGK
2026020005,3,734,795,8478396,Noah Hanifin,54,VGK
2026020005,3,873,875,8478396,Noah Hanifin,54,VGK
2026020005,3,917,959,8478396,Noah Hanifin,54,VGK
2026020005,3,988,1027,8478396,Noah Hanifin,54,VGK
2026020005,3,1145,1200,8478396,Noah Hanifin,54,VGK
2026020005,1,59,62,8478397,Rasmus Andersson,54,VGK
2026020005,1,138,187,8478397,Rasmus Andersson,54,VGK
2026020005,1,275,313,8478397,Rasmus Andersson,54,VGK
2026020005,1,334,367,8478397,Rasmus Andersson,54,VGK
2026020005,1,464,505,8478397,Rasmus Andersson,54,VGK
2026020005,1,630,676,8478397,Rasmus Andersson,54,VGK
2026020005,1,798,826,8478397,Rasmus Andersson,54,VGK
2026020005,1,846,872,8478397,Rasmus Andersson,54,VGK
2026020005,1,922,960,8478397,Rasmus Andersson,54,VGK
2026020005,1,1104,1143,8478397,Rasmus Andersson,54,VGK
2026020005,2,30,86,8478397,Rasmus Andersson,54,VGK
2026020005,2,175,224,8478397,Rasmus Andersson,54,VGK
2026020005,2,284,329,8478397,Rasmus Andersson,54,VGK
2026020005,2,422,438,8478397,Rasmus Andersson,54,VGK
2026020005,2,548,596,8478397,Rasmus Andersson,54,VGK
2026020005,2,743,776,8478397,Rasmus Andersson,54,VGK
2026020005,2,809,859,8478397,Rasmus Andersson,54,VGK
2026020005,2,987,1059,8478397,Rasmus Andersson,54,VGK
2026020005,2,1144,1200,8478397,Rasmus Andersson,54,VGK
2026020005,3,57,87,8478397,Rasmus Andersson,54,VGK
2026020005,3,192,244,8478397,Rasmus Andersson,54,VGK
2026020005,3,313,354,8478397,Rasmus Andersson,54,VGK
2026020005,3,425,454,8478397,Rasmus Andersson,54,VGK
2026020005,3,546,617,8478397,Rasmus Andersson,54,VGK
2026020005,3,823,875,8478397,Rasmus Andersson,54,VGK
2026020005,3,959,988,8478397,Rasmus Andersson,54,VGK
2026020005,3,1089,1145,8478397,Rasmus Andersson,54,VGK
2026020005,1,0,36,8478403,Jack Eichel,54,VGK
2026020005,1,62,144,8478403,Jack Eichel,54,VGK
2026020005,1,297,333,8478403,Jack Eichel,54,VGK
2026020005,1,457,505,8478403,Jack Eichel,54,VGK
2026020005,1,569,630,8478403,Jack Eichel,54,VGK
2026020005,1,785,826,8478403,Jack Eichel,54,VGK
2026020005,1,872,906,8478403,Jack Eichel,54,VGK
2026020005,1,1030,1066,8478403,Jack Eichel,54,VGK
2026020005,2,0,30,8478403,Jack Eichel,54,VGK
2026020005,2,175,207,8478403,Jack Eichel,54,VGK
2026020005,2,342,392,8478403,Jack Eichel,54,VGK
2026020005,2,548,596,8478403,Jack Eichel,54,VGK
2026020005,2,690,743,8478403,Jack Eichel,54,VGK
2026020005,2,803,809,8478403,Jack Eichel,54,VGK
2026020005,2,864,912,8478403,Jack Eichel,54,VGK
2026020005,2,1059,1082,8478403,Jack Eichel,54,VGK
2026020005,2,1108,1169,8478403,Jack Eichel,54,VGK
2026020005,3,0,57,8478403,Jack Eichel,54,VGK
2026020005,3,108,198,8478403,Jack Eichel,54,VGK
2026020005,3,329,354,8478403,Jack Eichel,54,VGK
2026020005,3,508,517,8478403,Jack Eichel,54,VGK
2026020005,3,546,617,8478403,Jack Eichel,54,VGK
2026020005,3,769,795,8478403,Jack Eichel,54,VGK
2026020005,3,872,929,8478403,Jack Eichel,54,VGK
2026020005,3,1027,1047,8478403,Jack Eichel,54,VGK
2026020005,1,87,140,8478413,Jordan Greenway,16,CHI
2026020005,1,334,365,8478413,Jordan Greenway,16,CHI
2026020005,1,532,569,8478413,Jordan Greenway,16,CHI
2026020005,1,766,841,8478413,Jordan Greenway,16,CHI
2026020005,1,922,966,8478413,Jordan Greenway,16,CHI
2026020005,1,1104,1147,8478413,Jordan Greenway,16,CHI
2026020005,2,103,173,8478413,Jordan Greenway,16,CHI
2026020005,2,224,271,8478413,Jordan Greenway,16,CHI
2026020005,2,438,478,8478413,Jordan Greenway,16,CHI
2026020005,2,732,796,8478413,Jordan Greenway,16,CHI
2026020005,2,940,1018,8478413,Jordan Greenway,16,CHI
2026020005,3,87,137,8478413,Jordan Greenway,16,CHI
2026020005,3,168,195,8478413,Jordan Greenway,16,CHI
2026020005,3,423,486,8478413,Jordan Greenway,16,CHI
2026020005,3,850,875,8478413,Jordan Greenway,16,CHI
2026020005,3,988,1028,8478413,Jordan Greenway,16,CHI
2026020005,3,1107,1168,8478413,Jordan Greenway,16,CHI
2026020005,1,34,62,8478450,Parker Wotherspoon,54,VGK
2026020005,1,274,314,8478450,Parker Wotherspoon,54,VGK
2026020005,1,334,367,8478450,Parker Wotherspoon,54,VGK
2026020005,1,461,517,8478450,Parker Wotherspoon,54,VGK
2026020005,1,630,676,8478450,Parker Wotherspoon,54,VGK
2026020005,1,782,826,8478450,Parker Wotherspoon,54,VGK
2026020005,1,846,872,8478450,Parker Wotherspoon,54,VGK
2026020005,1,922,977,8478450,Parker Wotherspoon,54,VGK
2026020005,1,1104,1182,8478450,Parker Wotherspoon,54,VGK
2026020005,2,30,86,8478450,Parker Wotherspoon,54,VGK
2026020005,2,207,224,8478450,Parker Wotherspoon,54,VGK
2026020005,2,284,329,8478450,Parker Wotherspoon,54,VGK
2026020005,2,422,438,8478450,Parker Wotherspoon,54,VGK
2026020005,2,556,596,8478450,Parker Wotherspoon,54,VGK
2026020005,2,716,728,8478450,Parker Wotherspoon,54,VGK
2026020005,2,743,864,8478450,Parker Wotherspoon,54,VGK
2026020005,2,987,1069,8478450,Parker Wotherspoon,54,VGK
2026020005,2,1152,1200,8478450,Parker Wotherspoon,54,VGK
2026020005,3,57,87,8478450,Parker Wotherspoon,54,VGK
2026020005,3,224,244,8478450,Parker Wotherspoon,54,VGK
2026020005,3,312,354,8478450,Parker Wotherspoon,54,VGK
2026020005,3,425,463,8478450,Parker Wotherspoon,54,VGK
2026020005,3,546,617,8478450,Parker Wotherspoon,54,VGK
2026020005,3,709,734,8478450,Parker Wotherspoon,54,VGK
2026020005,3,795,824,8478450,Parker Wotherspoon,54,VGK
2026020005,3,959,988,8478450,Parker Wotherspoon,54,VGK
2026020005,3,1088,1169,8478450,Parker Wotherspoon,54,VGK
2026020005,1,190,231,8478468,Jeremy Lauzon,54,VGK
2026020005,1,314,334,8478468,Jeremy Lauzon,54,VGK
2026020005,1,423,461,8478468,Jeremy Lauzon,54,VGK
2026020005,1,532,565,8478468,Jeremy Lauzon,54,VGK
2026020005,1,676,726,8478468,Jeremy Lauzon,54,VGK
2026020005,1,826,846,8478468,Jeremy Lauzon,54,VGK
2026020005,1,872,904,8478468,Jeremy Lauzon,54,VGK
2026020005,1,977,982,8478468,Jeremy Lauzon,54,VGK
2026020005,1,1022,1104,8478468,Jeremy Lauzon,54,VGK
2026020005,2,86,139,8478468,Jeremy Lauzon,54,VGK
2026020005,2,224,284,8478468,Jeremy Lauzon,54,VGK
2026020005,2,392,422,8478468,Jeremy Lauzon,54,VGK
2026020005,2,438,482,8478468,Jeremy Lauzon,54,VGK
2026020005,2,656,721,8478468,Jeremy Lauzon,54,VGK
2026020005,2,912,987,8478468,Jeremy Lauzon,54,VGK
2026020005,2,1108,1152,8478468,Jeremy Lauzon,54,VGK
2026020005,3,87,108,8478468,Jeremy Lauzon,54,VGK
2026020005,3,244,283,8478468,Jeremy Lauzon,54,VGK
2026020005,3,354,425,8478468,Jeremy Lauzon,54,VGK
2026020005,3,517,546,8478468,Jeremy Lauzon,54,VGK
2026020005,3,691,709,8478468,Jeremy Lauzon,54,VGK
2026020005,3,734,795,8478468,Jeremy Lauzon,54,VGK
2026020005,3,921,959,8478468,Jeremy Lauzon,54,VGK
2026020005,3,988,1028,8478468,Jeremy Lauzon,54,VGK
2026020005,3,1169,1200,8478468,Jeremy Lauzon,54,VGK
2026020005,1,38,139,8478483,Mitch Marner,54,VGK
2026020005,1,251,289,8478483,Mitch Marner,54,VGK
2026020005,1,367,415,8478483,Mitch Marner,54,VGK
2026020005,1,532,620,8478483,Mitch Marner,54,VGK
2026020005,1,676,726,8478483,Mitch Marner,54,VGK
2026020005,1,826,872,8478483,Mitch Marner,54,VGK
2026020005,1,960,1022,8478483,Mitch Marner,54,VGK
2026020005,1,1182,1200,8478483,Mitch Marner,54,VGK
2026020005,2,30,84,8478483,Mitch Marner,54,VGK
2026020005,2,207,235,8478483,Mitch Marner,54,VGK
2026020005,2,288,365,8478483,Mitch Marner,54,VGK
2026020005,2,482,553,8478483,Mitch Marner,54,VGK
2026020005,2,630,716,8478483,Mitch Marner,54,VGK
2026020005,2,805,847,8478483,Mitch Marner,54,VGK
2026020005,2,1001,1059,8478483,Mitch Marner,54,VGK
2026020005,2,1163,1200,8478483,Mitch Marner,54,VGK
2026020005,3,57,87,8478483,Mitch Marner,54,VGK
2026020005,3,108,195,8478483,Mitch Marner,54,VGK
2026020005,3,354,431,8478483,Mitch Marner,54,VGK
2026020005,3,517,546,8478483,Mitch Marner,54,VGK
2026020005,3,732,769,8478483,Mitch Marner,54,VGK
2026020005,3,813,822,8478483,Mitch Marner,54,VGK
2026020005,3,918,985,8478483,Mitch Marner,54,VGK
2026020005,3,1047,1088,8478483,Mitch Marner,54,VGK
2026020005,1,54,62,8479353,Brett Howden,54,VGK
2026020005,1,197,251,8479353,Brett Howden,54,VGK
2026020005,1,367,415,8479353,Brett Howden,54,VGK
2026020005,1,532,569,8479353,Brett Howden,54,VGK
2026020005,1,676,726,8479353,Brett Howden,54,VGK
2026020005,1,826,872,8479353,Brett Howden,54,VGK
2026020005,1,977,1030,8479353,Brett Howden,54,VGK
2026020005,1,1169,1200,8479353,Brett Howden,54,VGK
2026020005,2,30,80,8479353,Brett Howden,54,VGK
2026020005,2,207,235,8479353,Brett Howden,54,VGK
2026020005,2,277,342,8479353,Brett Howden,54,VGK
2026020005,2,490,548,8479353,Brett Howden,54,VGK
2026020005,2,640,690,8479353,Brett Howden,54,VGK
2026020005,2,809,864,8479353,Brett Howden,54,VGK
2026020005,2,992,1059,8479353,Brett Howden,54,VGK
2026020005,2,1163,1200,8479353,Brett Howden,54,VGK
2026020005,3,57,87,8479353,Brett Howden,54,VGK
2026020005,3,244,283,8479353,Brett Howden,54,VGK
2026020005,3,354,419,8479353,Brett Howden,54,VGK
2026020005,3,517,546,8479353,Brett Howden,54,VGK
2026020005,3,734,771,8479353,Brett Howden,54,VGK
2026020005,3,931,978,8479353,Brett Howden,54,VGK
2026020005,3,1047,1099,8479353,Brett Howden,54,VGK
2026020005,1,0,59,8479394,Carter Hart,54,VGK
2026020005,1,62,1200,8479394,Carter Hart,54,VGK
2026020005,2,0,1200,8479394,Carter Hart,54,VGK
2026020005,3,0,1200,8479394,Carter Hart,54,VGK
2026020005,1,0,1200,8481519,Spencer Knight,16,CHI
2026020005,2,0,1200,8481519,Spencer Knight,16,CHI
2026020005,3,0,1034,8481519,Spencer Knight,16,CHI
2026020005,3,1047,1200,8481519,Spencer Knight,16,CHI
2026020005,1,0,37,8481524,Bowen Byram,16,CHI
2026020005,1,197,252,8481524,Bowen Byram,16,CHI
2026020005,1,300,334,8481524,Bowen Byram,16,CHI
2026020005,1,367,411,8481524,Bowen Byram,16,CHI
2026020005,1,490,532,8481524,Bowen Byram,16,CHI
2026020005,1,630,715,8481524,Bowen Byram,16,CHI
2026020005,1,838,872,8481524,Bowen Byram,16,CHI
2026020005,1,963,1016,8481524,Bowen Byram,16,CHI
2026020005,1,1110,1200,8481524,Bowen Byram,16,CHI
2026020005,2,30,96,8481524,Bowen Byram,16,CHI
2026020005,2,139,186,8481524,Bowen Byram,16,CHI
2026020005,2,195,207,8481524,Bowen Byram,16,CHI
2026020005,2,316,382,8481524,Bowen Byram,16,CHI
2026020005,2,511,556,8481524,Bowen Byram,16,CHI
2026020005,2,596,697,8481524,Bowen Byram,16,CHI
2026020005,2,783,912,8481524,Bowen Byram,16,CHI
2026020005,2,1076,1108,8481524,Bowen Byram,16,CHI
2026020005,2,1157,1200,8481524,Bowen Byram,16,CHI
2026020005,3,55,87,8481524,Bowen Byram,16,CHI
2026020005,3,193,223,8481524,Bowen Byram,16,CHI
2026020005,3,283,349,8481524,Bowen Byram,16,CHI
2026020005,3,479,617,8481524,Bowen Byram,16,CHI
2026020005,3,678,795,8481524,Bowen Byram,16,CHI
2026020005,3,875,933,8481524,Bowen Byram,16,CHI
2026020005,3,1031,1083,8481524,Bowen Byram,16,CHI
2026020005,1,0,25,8481568,Alex Vlasic,16,CHI
2026020005,1,62,101,8481568,Alex Vlasic,16,CHI
2026020005,1,140,195,8481568,Alex Vlasic,16,CHI
2026020005,1,296,334,8481568,Alex Vlasic,16,CHI
2026020005,1,367,411,8481568,Alex Vlasic,16,CHI
2026020005,1,508,532,8481568,Alex Vlasic,16,CHI
2026020005,1,569,615,8481568,Alex Vlasic,16,CHI
2026020005,1,676,714,8481568,Alex Vlasic,16,CHI
2026020005,1,839,872,8481568,Alex Vlasic,16,CHI
2026020005,1,965,1017,8481568,Alex Vlasic,16,CHI
2026020005,1,1126,1170,8481568,Alex Vlasic,16,CHI
2026020005,2,30,71,8481568,Alex Vlasic,16,CHI
2026020005,2,139,195,8481568,Alex Vlasic,16,CHI
2026020005,2,294,384,8481568,Alex Vlasic,16,CHI
2026020005,2,508,554,8481568,Alex Vlasic,16,CHI
2026020005,2,782,912,8481568,Alex Vlasic,16,CHI
2026020005,2,1074,1108,8481568,Alex Vlasic,16,CHI
2026020005,3,56,87,8481568,Alex Vlasic,16,CHI
2026020005,3,108,194,8481568,Alex Vlasic,16,CHI
2026020005,3,283,348,8481568,Alex Vlasic,16,CHI
2026020005,3,481,517,8481568,Alex Vlasic,16,CHI
2026020005,3,660,678,8481568,Alex Vlasic,16,CHI
2026020005,3,875,929,8481568,Alex Vlasic,16,CHI
2026020005,3,988,1031,8481568,Alex Vlasic,16,CHI
2026020005,3,1167,1200,8481568,Alex Vlasic,16,CHI
2026020005,1,0,34,8482062,Cole Smith,16,CHI
2026020005,1,62,87,8482062,Cole Smith,16,CHI
2026020005,1,140,197,8482062,Cole Smith,16,CHI
2026020005,1,334,367,8482062,Cole Smith,16,CHI
2026020005,1,532,560,8482062,Cole Smith,16,CHI
2026020005,1,616,630,8482062,Cole Smith,16,CHI
2026020005,1,775,839,8482062,Cole Smith,16,CHI
2026020005,1,922,961,8482062,Cole Smith,16,CHI
2026020005,1,1090,1141,8482062,Cole Smith,16,CHI
2026020005,2,132,179,8482062,Cole Smith,16,CHI
2026020005,2,224,274,8482062,Cole Smith,16,CHI
2026020005,2,438,494,8482062,Cole Smith,16,CHI
2026020005,2,737,782,8482062,Cole Smith,16,CHI
2026020005,2,940,1049,8482062,Cole Smith,16,CHI
2026020005,3,87,108,8482062,Cole Smith,16,CHI
2026020005,3,137,169,8482062,Cole Smith,16,CHI
2026020005,3,195,223,8482062,Cole Smith,16,CHI
2026020005,3,427,483,8482062,Cole Smith,16,CHI
2026020005,3,851,875,8482062,Cole Smith,16,CHI
2026020005,3,978,1022,8482062,Cole Smith,16,CHI
2026020005,3,1107,1166,8482062,Cole Smith,16,CHI
2026020005,1,25,62,8482176,Wyatt Kaiser,16,CHI
2026020005,1,102,139,8482176,Wyatt Kaiser,16,CHI
2026020005,1,251,297,8482176,Wyatt Kaiser,16,CHI
2026020005,1,364,367,8482176,Wyatt Kaiser,16,CHI
2026020005,1,411,452,8482176,Wyatt Kaiser,16,CHI
2026020005,1,532,569,8482176,Wyatt Kaiser,16,CHI
2026020005,1,615,630,8482176,Wyatt Kaiser,16,CHI
2026020005,1,715,783,8482176,Wyatt Kaiser,16,CHI
2026020005,1,872,906,8482176,Wyatt Kaiser,16,CHI
2026020005,1,922,963,8482176,Wyatt Kaiser,16,CHI
2026020005,1,1017,1063,8482176,Wyatt Kaiser,16,CHI
2026020005,1,1170,1200,8482176,Wyatt Kaiser,16,CHI
2026020005,2,0,30,8482176,Wyatt Kaiser,16,CHI
2026020005,2,207,235,8482176,Wyatt Kaiser,16,CHI
2026020005,2,382,511,8482176,Wyatt Kaiser,16,CHI
2026020005,2,728,783,8482176,Wyatt Kaiser,16,CHI
2026020005,2,940,973,8482176,Wyatt Kaiser,16,CHI
2026020005,2,1108,1159,8482176,Wyatt Kaiser,16,CHI
2026020005,3,0,55,8482176,Wyatt Kaiser,16,CHI
2026020005,3,108,168,8482176,Wyatt Kaiser,16,CHI
2026020005,3,223,283,8482176,Wyatt Kaiser,16,CHI
2026020005,3,348,417,8482176,Wyatt Kaiser,16,CHI
2026020005,3,617,660,8482176,Wyatt Kaiser,16,CHI
2026020005,3,826,875,8482176,Wyatt Kaiser,16,CHI
2026020005,3,931,988,8482176,Wyatt Kaiser,16,CHI
2026020005,3,1083,1166,8482176,Wyatt Kaiser,16,CHI
2026020005,1,62,88,8483450,Ryan Greene,16,CHI
2026020005,1,334,367,8483450,Ryan Greene,16,CHI
2026020005,1,532,569,8483450,Ryan Greene,16,CHI
2026020005,1,602,630,8483450,Ryan Greene,16,CHI
2026020005,1,780,839,8483450,Ryan Greene,16,CHI
2026020005,1,922,969,8483450,Ryan Greene,16,CHI
2026020005,1,1106,1151,8483450,Ryan Greene,16,CHI
2026020005,2,118,173,8483450,Ryan Greene,16,CHI
2026020005,2,224,272,8483450,Ryan Greene,16,CHI
2026020005,2,438,482,8483450,Ryan Greene,16,CHI
2026020005,2,730,795,8483450,Ryan Greene,16,CHI
2026020005,2,940,1050,8483450,Ryan Greene,16,CHI
2026020005,3,87,108,8483450,Ryan Greene,16,CHI
2026020005,3,142,167,8483450,Ryan Greene,16,CHI
2026020005,3,194,224,8483450,Ryan Greene,16,CHI
2026020005,3,417,479,8483450,Ryan Greene,16,CHI
2026020005,3,830,875,8483450,Ryan Greene,16,CHI
2026020005,3,979,1022,8483450,Ryan Greene,16,CHI
2026020005,3,1107,1167,8483450,Ryan Greene,16,CHI
2026020005,1,0,44,8483493,Frank Nazar,16,CHI
2026020005,1,138,196,8483493,Frank Nazar,16,CHI
2026020005,1,256,304,8483493,Frank Nazar,16,CHI
2026020005,1,411,476,8483493,Frank Nazar,16,CHI
2026020005,1,569,616,8483493,Frank Nazar,16,CHI
2026020005,1,726,780,8483493,Frank Nazar,16,CHI
2026020005,1,906,922,8483493,Frank Nazar,16,CHI
2026020005,1,1035,1061,8483493,Frank Nazar,16,CHI
2026020005,2,0,30,8483493,Frank Nazar,16,CHI
2026020005,2,207,224,8483493,Frank Nazar,16,CHI
2026020005,2,340,386,8483493,Frank Nazar,16,CHI
2026020005,2,546,596,8483493,Frank Nazar,16,CHI
2026020005,2,654,737,8483493,Frank Nazar,16,CHI
2026020005,2,1082,1108,8483493,Frank Nazar,16,CHI
2026020005,2,1176,1200,8483493,Frank Nazar,16,CHI
2026020005,3,0,53,8483493,Frank Nazar,16,CHI
2026020005,3,108,142,8483493,Frank Nazar,16,CHI
2026020005,3,169,193,8483493,Frank Nazar,16,CHI
2026020005,3,283,332,8483493,Frank Nazar,16,CHI
2026020005,3,479,557,8483493,Frank Nazar,16,CHI
2026020005,3,678,709,8483493,Frank Nazar,16,CHI
2026020005,3,795,851,8483493,Frank Nazar,16,CHI
2026020005,3,929,979,8483493,Frank Nazar,16,CHI
2026020005,3,1032,1047,8483493,Frank Nazar,16,CHI
2026020005,3,1083,1107,8483493,Frank Nazar,16,CHI
2026020005,3,1167,1200,8483493,Frank Nazar,16,CHI
2026020005,1,195,239,8483506,Sam Rinzel,16,CHI
2026020005,1,334,367,8483506,Sam Rinzel,16,CHI
2026020005,1,471,508,8483506,Sam Rinzel,16,CHI
2026020005,1,630,676,8483506,Sam Rinzel,16,CHI
2026020005,1,788,839,8483506,Sam Rinzel,16,CHI
2026020005,1,906,922,8483506,Sam Rinzel,16,CHI
2026020005,1,1065,1126,8483506,Sam Rinzel,16,CHI
2026020005,2,96,139,8483506,Sam Rinzel,16,CHI
2026020005,2,235,294,8483506,Sam Rinzel,16,CHI
2026020005,2,556,596,8483506,Sam Rinzel,16,CHI
2026020005,2,697,730,8483506,Sam Rinzel,16,CHI
2026020005,2,912,940,8483506,Sam Rinzel,16,CHI
2026020005,2,974,1074,8483506,Sam Rinzel,16,CHI
2026020005,2,1159,1200,8483506,Sam Rinzel,16,CHI
2026020005,3,87,108,8483506,Sam Rinzel,16,CHI
2026020005,3,224,283,8483506,Sam Rinzel,16,CHI
2026020005,3,417,481,8483506,Sam Rinzel,16,CHI
2026020005,3,517,617,8483506,Sam Rinzel,16,CHI
2026020005,3,678,709,8483506,Sam Rinzel,16,CHI
2026020005,3,795,853,8483506,Sam Rinzel,16,CHI
2026020005,3,927,988,8483506,Sam Rinzel,16,CHI
2026020005,3,1047,1083,8483506,Sam Rinzel,16,CHI
2026020005,3,1166,1200,8483506,Sam Rinzel,16,CHI
2026020005,1,198,250,8483553,Marc Gatcomb,54,VGK
2026020005,1,334,367,8483553,Marc Gatcomb,54,VGK
2026020005,1,491,532,8483553,Marc Gatcomb,54,VGK
2026020005,1,630,676,8483553,Marc Gatcomb,54,VGK
2026020005,1,922,960,8483553,Marc Gatcomb,54,VGK
2026020005,1,1104,1182,8483553,Marc Gatcomb,54,VGK
2026020005,2,139,185,8483553,Marc Gatcomb,54,VGK
2026020005,2,412,438,8483553,Marc Gatcomb,54,VGK
2026020005,2,743,798,8483553,Marc Gatcomb,54,VGK
2026020005,2,912,940,8483553,Marc Gatcomb,54,VGK
2026020005,2,1082,1108,8483553,Marc Gatcomb,54,VGK
2026020005,3,87,108,8483553,Marc Gatcomb,54,VGK
2026020005,3,244,283,8483553,Marc Gatcomb,54,VGK
2026020005,3,431,463,8483553,Marc Gatcomb,54,VGK
2026020005,3,691,709,8483553,Marc Gatcomb,54,VGK
2026020005,3,829,850,8483553,Marc Gatcomb,54,VGK
2026020005,3,1169,1200,8483553,Marc Gatcomb,54,VGK
2026020005,1,142,198,8483890,Braeden Bowman,54,VGK
2026020005,1,334,367,8483890,Braeden Bowman,54,VGK
2026020005,1,505,532,8483890,Braeden Bowman,54,VGK
2026020005,1,620,630,8483890,Braeden Bowman,54,VGK
2026020005,1,922,977,8483890,Braeden Bowman,54,VGK
2026020005,1,1104,1169,8483890,Braeden Bowman,54,VGK
2026020005,2,139,175,8483890,Braeden Bowman,54,VGK
2026020005,2,392,438,8483890,Braeden Bowman,54,VGK
2026020005,2,743,805,8483890,Braeden Bowman,54,VGK
2026020005,2,912,940,8483890,Braeden Bowman,54,VGK
2026020005,2,1082,1108,8483890,Braeden Bowman,54,VGK
2026020005,3,87,108,8483890,Braeden Bowman,54,VGK
2026020005,3,195,244,8483890,Braeden Bowman,54,VGK
2026020005,3,419,469,8483890,Braeden Bowman,54,VGK
2026020005,3,692,709,8483890,Braeden Bowman,54,VGK
2026020005,3,985,1030,8483890,Braeden Bowman,54,VGK
2026020005,3,1168,1200,8483890,Braeden Bowman,54,VGK
2026020005,1,0,35,8484185,Nick Lardis,16,CHI
2026020005,1,250,296,8484185,Nick Lardis,16,CHI
2026020005,1,415,456,8484185,Nick Lardis,16,CHI
2026020005,1,724,766,8484185,Nick Lardis,16,CHI
2026020005,1,905,922,8484185,Nick Lardis,16,CHI
2026020005,2,0,30,8484185,Nick Lardis,16,CHI
2026020005,2,207,224,8484185,Nick Lardis,16,CHI
2026020005,2,341,387,8484185,Nick Lardis,16,CHI
2026020005,2,552,593,8484185,Nick Lardis,16,CHI
2026020005,2,666,732,8484185,Nick Lardis,16,CHI
2026020005,2,850,912,8484185,Nick Lardis,16,CHI
2026020005,2,1162,1200,8484185,Nick Lardis,16,CHI
2026020005,3,0,53,8484185,Nick Lardis,16,CHI
2026020005,3,283,328,8484185,Nick Lardis,16,CHI
2026020005,3,483,517,8484185,Nick Lardis,16,CHI
2026020005,3,795,830,8484185,Nick Lardis,16,CHI
2026020005,3,1083,1107,8484185,Nick Lardis,16,CHI
2026020005,3,1168,1200,8484185,Nick Lardis,16,CHI
2026020005,1,218,251,8484197,Oliver Moore,16,CHI
2026020005,1,367,421,8484197,Oliver Moore,16,CHI
2026020005,1,510,532,8484197,Oliver Moore,16,CHI
2026020005,1,560,569,8484197,Oliver Moore,16,CHI
2026020005,1,630,676,8484197,Oliver Moore,16,CHI
2026020005,1,839,872,8484197,Oliver Moore,16,CHI
2026020005,1,961,1022,8484197,Oliver Moore,16,CHI
2026020005,1,1141,1200,8484197,Oliver Moore,16,CHI
2026020005,2,30,64,8484197,Oliver Moore,16,CHI
2026020005,2,179,207,8484197,Oliver Moore,16,CHI
2026020005,2,391,438,8484197,Oliver Moore,16,CHI
2026020005,2,693,731,8484197,Oliver Moore,16,CHI
2026020005,2,912,940,8484197,Oliver Moore,16,CHI
2026020005,2,1049,1082,8484197,Oliver Moore,16,CHI
2026020005,2,1108,1162,8484197,Oliver Moore,16,CHI
2026020005,3,50,87,8484197,Oliver Moore,16,CHI
2026020005,3,332,427,8484197,Oliver Moore,16,CHI
2026020005,3,617,678,8484197,Oliver Moore,16,CHI
2026020005,3,795,826,8484197,Oliver Moore,16,CHI
2026020005,3,1166,1200,8484197,Oliver Moore,16,CHI
2026020005,1,196,256,8484390,Roman Kantserov,16,CHI
2026020005,1,367,411,8484390,Roman Kantserov,16,CHI
2026020005,1,630,676,8484390,Roman Kantserov,16,CHI
2026020005,1,839,872,8484390,Roman Kantserov,16,CHI
2026020005,1,969,1022,8484390,Roman Kantserov,16,CHI
2026020005,1,1151,1200,8484390,Roman Kantserov,16,CHI
2026020005,2,30,76,8484390,Roman Kantserov,16,CHI
2026020005,2,173,207,8484390,Roman Kantserov,16,CHI
2026020005,2,386,438,8484390,Roman Kantserov,16,CHI
2026020005,2,478,552,8484390,Roman Kantserov,16,CHI
2026020005,2,596,666,8484390,Roman Kantserov,16,CHI
2026020005,2,912,940,8484390,Roman Kantserov,16,CHI
2026020005,2,1050,1108,8484390,Roman Kantserov,16,CHI
2026020005,3,53,87,8484390,Roman Kantserov,16,CHI
2026020005,3,330,417,8484390,Roman Kantserov,16,CHI
2026020005,3,557,617,8484390,Roman Kantserov,16,CHI
2026020005,3,709,795,8484390,Roman Kantserov,16,CHI
2026020005,3,875,927,8484390,Roman Kantserov,16,CHI
2026020005,3,1022,1083,8484390,Roman Kantserov,16,CHI
2026020005,1,37,62,8484783,Artyom Levshunov,16,CHI
2026020005,1,101,140,8484783,Artyom Levshunov,16,CHI
2026020005,1,239,300,8484783,Artyom Levshunov,16,CHI
2026020005,1,411,471,8484783,Artyom Levshunov,16,CHI
2026020005,1,532,569,8484783,Artyom Levshunov,16,CHI
2026020005,1,615,630,8484783,Artyom Levshunov,16,CHI
2026020005,1,714,788,8484783,Artyom Levshunov,16,CHI
2026020005,1,872,906,8484783,Artyom Levshunov,16,CHI
2026020005,1,922,965,8484783,Artyom Levshunov,16,CHI
2026020005,1,1016,1065,8484783,Artyom Levshunov,16,CHI
2026020005,2,0,30,8484783,Artyom Levshunov,16,CHI
2026020005,2,186,235,8484783,Artyom Levshunov,16,CHI
2026020005,2,384,508,8484783,Artyom Levshunov,16,CHI
2026020005,2,743,782,8484783,Artyom Levshunov,16,CHI
2026020005,2,940,974,8484783,Artyom Levshunov,16,CHI
2026020005,2,1108,1157,8484783,Artyom Levshunov,16,CHI
2026020005,3,0,56,8484783,Artyom Levshunov,16,CHI
2026020005,3,167,224,8484783,Artyom Levshunov,16,CHI
2026020005,3,349,417,8484783,Artyom Levshunov,16,CHI
2026020005,3,617,678,8484783,Artyom Levshunov,16,CHI
2026020005,3,853,875,8484783,Artyom Levshunov,16,CHI
2026020005,3,988,1032,8484783,Artyom Levshunov,16,CHI
2026020005,3,1083,1167,8484783,Artyom Levshunov,16,CHI
2026020005,1,144,196,8484803,Trevor Connelly,54,VGK
2026020005,1,415,455,8484803,Trevor Connelly,54,VGK
2026020005,1,726,777,8484803,Trevor Connelly,54,VGK
2026020005,1,906,922,8484803,Trevor Connelly,54,VGK
2026020005,2,80,139,8484803,Trevor Connelly,54,VGK
2026020005,2,235,277,8484803,Trevor Connelly,54,VGK
2026020005,2,438,490,8484803,Trevor Connelly,54,VGK
2026020005,2,728,743,8484803,Trevor Connelly,54,VGK
2026020005,2,940,992,8484803,Trevor Connelly,54,VGK
2026020005,3,198,244,8484803,Trevor Connelly,54,VGK
2026020005,3,283,324,8484803,Trevor Connelly,54,VGK
2026020005,3,469,517,8484803,Trevor Connelly,54,VGK
2026020005,3,617,692,8484803,Trevor Connelly,54,VGK
2026020005,3,850,875,8484803,Trevor Connelly,54,VGK
2026020005,3,1099,1167,8484803,Trevor Connelly,54,VGK
2026020005,1,44,62,8485391,Anton Frondell,16,CHI
2026020005,1,88,138,8485391,Anton Frondell,16,CHI
2026020005,1,304,334,8485391,Anton Frondell,16,CHI
2026020005,1,476,532,8485391,Anton Frondell,16,CHI
2026020005,1,569,602,8485391,Anton Frondell,16,CHI
2026020005,1,676,728,8485391,Anton Frondell,16,CHI
2026020005,1,872,906,8485391,Anton Frondell,16,CHI
2026020005,1,1022,1106,8485391,Anton Frondell,16,CHI
2026020005,2,76,118,8485391,Anton Frondell,16,CHI
2026020005,2,272,341,8485391,Anton Frondell,16,CHI
2026020005,2,482,546,8485391,Anton Frondell,16,CHI
2026020005,2,596,664,8485391,Anton Frondell,16,CHI
2026020005,2,795,912,8485391,Anton Frondell,16,CHI
2026020005,2,1108,1176,8485391,Anton Frondell,16,CHI
2026020005,3,223,283,8485391,Anton Frondell,16,CHI
2026020005,3,617,678,8485391,Anton Frondell,16,CHI
2026020005,3,709,795,8485391,Anton Frondell,16,CHI
2026020005,3,933,988,8485391,Anton Frondell,16,CHI
2026020005,3,1034,1047,8485391,Anton Frondell,16,CHI
2026020006,1,34,107,8471215,Evgeni Malkin,5,PIT
2026020006,1,286,339,8471215,Evgeni Malkin,5,PIT
2026020006,1,475,528,8471215,Evgeni Malkin,5,PIT
2026020006,1,698,775,8471215,Evgeni Malkin,5,PIT
2026020006,1,796,831,8471215,Evgeni Malkin,5,PIT
2026020006,1,996,1044,8471215,Evgeni Malkin,5,PIT
2026020006,1,1146,1200,8471215,Evgeni Malkin,5,PIT
2026020006,2,53,71,8471215,Evgeni Malkin,5,PIT
2026020006,2,115,185,8471215,Evgeni Malkin,5,PIT
2026020006,2,276,303,8471215,Evgeni Malkin,5,PIT
2026020006,2,446,506,8471215,Evgeni Malkin,5,PIT
2026020006,2,623,670,8471215,Evgeni Malkin,5,PIT
2026020006,2,948,1035,8471215,Evgeni Malkin,5,PIT
2026020006,3,75,142,8471215,Evgeni Malkin,5,PIT
2026020006,3,392,458,8471215,Evgeni Malkin,5,PIT
2026020006,3,750,825,8471215,Evgeni Malkin,5,PIT
2026020006,3,997,1034,8471215,Evgeni Malkin,5,PIT
2026020006,1,0,29,8471675,Sidney Crosby,5,PIT
2026020006,1,185,264,8471675,Sidney Crosby,5,PIT
2026020006,1,424,500,8471675,Sidney Crosby,5,PIT
2026020006,1,642,699,8471675,Sidney Crosby,5,PIT
2026020006,1,775,796,8471675,Sidney Crosby,5,PIT
2026020006,1,887,926,8471675,Sidney Crosby,5,PIT
2026020006,1,1092,1146,8471675,Sidney Crosby,5,PIT
2026020006,2,0,53,8471675,Sidney Crosby,5,PIT
2026020006,2,203,266,8471675,Sidney Crosby,5,PIT
2026020006,2,359,406,8471675,Sidney Crosby,5,PIT
2026020006,2,490,506,8471675,Sidney Crosby,5,PIT
2026020006,2,540,591,8471675,Sidney Crosby,5,PIT
2026020006,2,739,757,8471675,Sidney Crosby,5,PIT
2026020006,2,886,945,8471675,Sidney Crosby,5,PIT
2026020006,2,1136,1200,8471675,Sidney Crosby,5,PIT
2026020006,3,0,77,8471675,Sidney Crosby,5,PIT
2026020006,3,185,266,8471675,Sidney Crosby,5,PIT
2026020006,3,458,490,8471675,Sidney Crosby,5,PIT
2026020006,3,750,754,8471675,Sidney Crosby,5,PIT
2026020006,3,821,853,8471675,Sidney Crosby,5,PIT
2026020006,3,890,997,8471675,Sidney Crosby,5,PIT
2026020006,1,115,144,8471724,Kris Letang,5,PIT
2026020006,1,264,312,8471724,Kris Letang,5,PIT
2026020006,1,401,446,8471724,Kris Letang,5,PIT
2026020006,1,569,607,8471724,Kris Letang,5,PIT
2026020006,1,705,775,8471724,Kris Letang,5,PIT
2026020006,1,839,894,8471724,Kris Letang,5,PIT
2026020006,1,995,1046,8471724,Kris Letang,5,PIT
2026020006,1,1146,1200,8471724,Kris Letang,5,PIT
2026020006,2,113,191,8471724,Kris Letang,5,PIT
2026020006,2,277,303,8471724,Kris Letang,5,PIT
2026020006,2,359,405,8471724,Kris Letang,5,PIT
2026020006,2,490,540,8471724,Kris Letang,5,PIT
2026020006,2,677,749,8471724,Kris Letang,5,PIT
2026020006,2,867,945,8471724,Kris Letang,5,PIT
2026020006,2,1111,1182,8471724,Kris Letang,5,PIT
2026020006,3,76,105,8471724,Kris Letang,5,PIT
2026020006,3,142,208,8471724,Kris Letang,5,PIT
2026020006,3,373,448,8471724,Kris Letang,5,PIT
2026020006,3,554,625,8471724,Kris Letang,5,PIT
2026020006,3,749,806,8471724,Kris Letang,5,PIT
2026020006,3,1185,1200,8471724,Kris Letang,5,PIT
2026020006,1,0,74,8474578,Erik Karlsson,5,PIT
2026020006,1,146,202,8474578,Erik Karlsson,5,PIT
2026020006,1,312,366,8474578,Erik Karlsson,5,PIT
2026020006,1,446,515,8474578,Erik Karlsson,5,PIT
2026020006,1,606,709,8474578,Erik Karlsson,5,PIT
2026020006,1,775,796,8474578,Erik Karlsson,5,PIT
2026020006,1,894,929,8474578,Erik Karlsson,5,PIT
2026020006,1,1046,1092,8474578,Erik Karlsson,5,PIT
2026020006,2,0,51,8474578,Erik Karlsson,5,PIT
2026020006,2,192,277,8474578,Erik Karlsson,5,PIT
2026020006,2,405,446,8474578,Erik Karlsson,5,PIT
2026020006,2,539,591,8474578,Erik Karlsson,5,PIT
2026020006,2,749,757,8474578,Erik Karlsson,5,PIT
2026020006,2,818,868,8474578,Erik Karlsson,5,PIT
2026020006,2,1036,1111,8474578,Erik Karlsson,5,PIT
2026020006,2,1182,1200,8474578,Erik Karlsson,5,PIT
2026020006,3,0,75,8474578,Erik Karlsson,5,PIT
2026020006,3,206,266,8474578,Erik Karlsson,5,PIT
2026020006,3,307,373,8474578,Erik Karlsson,5,PIT
2026020006,3,448,499,8474578,Erik Karlsson,5,PIT
2026020006,3,750,789,8474578,Erik Karlsson,5,PIT
2026020006,3,927,997,8474578,Erik Karlsson,5,PIT
2026020006,1,103,158,8476372,Nick Seeler,4,PHI
2026020006,1,294,333,8476372,Nick Seeler,4,PHI
2026020006,1,503,559,8476372,Nick Seeler,4,PHI
2026020006,1,673,749,8476372,Nick Seeler,4,PHI
2026020006,1,837,900,8476372,Nick Seeler,4,PHI
2026020006,1,981,1029,8476372,Nick Seeler,4,PHI
2026020006,2,124,181,8476372,Nick Seeler,4,PHI
2026020006,2,241,277,8476372,Nick Seeler,4,PHI
2026020006,2,446,498,8476372,Nick Seeler,4,PHI
2026020006,2,623,669,8476372,Nick Seeler,4,PHI
2026020006,2,727,757,8476372,Nick Seeler,4,PHI
2026020006,2,901,954,8476372,Nick Seeler,4,PHI
2026020006,2,998,1045,8476372,Nick Seeler,4,PHI
2026020006,2,1095,1182,8476372,Nick Seeler,4,PHI
2026020006,3,102,142,8476372,Nick Seeler,4,PHI
2026020006,3,182,231,8476372,Nick Seeler,4,PHI
2026020006,3,400,437,8476372,Nick Seeler,4,PHI
2026020006,3,535,625,8476372,Nick Seeler,4,PHI
2026020006,3,751,813,8476372,Nick Seeler,4,PHI
2026020006,3,889,927,8476372,Nick Seeler,4,PHI
2026020006,3,997,1034,8476372,Nick Seeler,4,PHI
2026020006,3,1072,1131,8476372,Nick Seeler,4,PHI
2026020006,3,1163,1200,8476372,Nick Seeler,4,PHI
2026020006,1,158,202,8476461,Sean Couturier,4,PHI
2026020006,1,368,433,8476461,Sean Couturier,4,PHI
2026020006,1,566,607,8476461,Sean Couturier,4,PHI
2026020006,1,642,675,8476461,Sean Couturier,4,PHI
2026020006,1,749,775,8476461,Sean Couturier,4,PHI
2026020006,1,810,849,8476461,Sean Couturier,4,PHI
2026020006,1,994,1046,8476461,Sean Couturier,4,PHI
2026020006,1,1170,1200,8476461,Sean Couturier,4,PHI
2026020006,2,203,242,8476461,Sean Couturier,4,PHI
2026020006,2,398,446,8476461,Sean Couturier,4,PHI
2026020006,2,664,724,8476461,Sean Couturier,4,PHI
2026020006,2,886,901,8476461,Sean Couturier,4,PHI
2026020006,2,1103,1182,8476461,Sean Couturier,4,PHI
2026020006,3,0,25,8476461,Sean Couturier,4,PHI
2026020006,3,74,105,8476461,Sean Couturier,4,PHI
2026020006,3,182,237,8476461,Sean Couturier,4,PHI
2026020006,3,373,400,8476461,Sean Couturier,4,PHI
2026020006,3,490,550,8476461,Sean Couturier,4,PHI
2026020006,3,752,817,8476461,Sean Couturier,4,PHI
2026020006,3,927,997,8476461,Sean Couturier,4,PHI
2026020006,1,0,34,8476483,Rickard Rakell,5,PIT
2026020006,1,190,264,8476483,Rickard Rakell,5,PIT
2026020006,1,419,475,8476483,Rickard Rakell,5,PIT
2026020006,1,642,698,8476483,Rickard Rakell,5,PIT
2026020006,1,775,796,8476483,Rickard Rakell,5,PIT
2026020006,1,889,927,8476483,Rickard Rakell,5,PIT
2026020006,1,1098,1146,8476483,Rickard Rakell,5,PIT
2026020006,2,0,56,8476483,Rickard Rakell,5,PIT
2026020006,2,203,276,8476483,Rickard Rakell,5,PIT
2026020006,2,359,403,8476483,Rickard Rakell,5,PIT
2026020006,2,545,606,8476483,Rickard Rakell,5,PIT
2026020006,2,725,757,8476483,Rickard Rakell,5,PIT
2026020006,2,819,867,8476483,Rickard Rakell,5,PIT
2026020006,2,886,948,8476483,Rickard Rakell,5,PIT
2026020006,2,1144,1200,8476483,Rickard Rakell,5,PIT
2026020006,3,0,75,8476483,Rickard Rakell,5,PIT
2026020006,3,184,266,8476483,Rickard Rakell,5,PIT
2026020006,3,458,492,8476483,Rickard Rakell,5,PIT
2026020006,3,625,678,8476483,Rickard Rakell,5,PIT
2026020006,3,712,716,8476483,Rickard Rakell,5,PIT
2026020006,3,892,997,8476483,Rickard Rakell,5,PIT
2026020006,1,0,37,8477499,Rasmus Ristolainen,4,PHI
2026020006,1,194,261,8477499,Rasmus Ristolainen,4,PHI
2026020006,1,366,446,8477499,Rasmus Ristolainen,4,PHI
2026020006,1,559,606,8477499,Rasmus Ristolainen,4,PHI
2026020006,1,673,748,8477499,Rasmus Ristolainen,4,PHI
2026020006,1,775,796,8477499,Rasmus Ristolainen,4,PHI
2026020006,1,902,939,8477499,Rasmus Ristolainen,4,PHI
2026020006,1,1029,1081,8477499,Rasmus Ristolainen,4,PHI
2026020006,1,1128,1159,8477499,Rasmus Ristolainen,4,PHI
2026020006,2,0,67,8477499,Rasmus Ristolainen,4,PHI
2026020006,2,179,203,8477499,Rasmus Ristolainen,4,PHI
2026020006,2,240,271,8477499,Rasmus Ristolainen,4,PHI
2026020006,2,341,397,8477499,Rasmus Ristolainen,4,PHI
2026020006,2,496,550,8477499,Rasmus Ristolainen,4,PHI
2026020006,2,668,725,8477499,Rasmus Ristolainen,4,PHI
2026020006,2,886,901,8477499,Rasmus Ristolainen,4,PHI
2026020006,2,1045,1095,8477499,Rasmus Ristolainen,4,PHI
2026020006,3,74,105,8477499,Rasmus Ristolainen,4,PHI
2026020006,3,142,182,8477499,Rasmus Ristolainen,4,PHI
2026020006,3,373,400,8477499,Rasmus Ristolainen,4,PHI
2026020006,3,492,537,8477499,Rasmus Ristolainen,4,PHI
2026020006,3,814,891,8477499,Rasmus Ristolainen,4,PHI
2026020006,3,1034,1073,8477499,Rasmus Ristolainen,4,PHI
2026020006,1,117,146,8477845,Trevor van Riemsdyk,5,PIT
2026020006,1,264,313,8477845,Trevor van Riemsdyk,5,PIT
2026020006,1,409,446,8477845,Trevor van Riemsdyk,5,PIT
2026020006,1,569,606,8477845,Trevor van Riemsdyk,5,PIT
2026020006,1,839,892,8477845,Trevor van Riemsdyk,5,PIT
2026020006,1,993,1053,8477845,Trevor van Riemsdyk,5,PIT
2026020006,1,1146,1200,8477845,Trevor van Riemsdyk,5,PIT
2026020006,2,137,193,8477845,Trevor van Riemsdyk,5,PIT
2026020006,2,359,405,8477845,Trevor van Riemsdyk,5,PIT
2026020006,2,506,539,8477845,Trevor van Riemsdyk,5,PIT
2026020006,2,656,729,8477845,Trevor van Riemsdyk,5,PIT
2026020006,2,757,819,8477845,Trevor van Riemsdyk,5,PIT
2026020006,2,869,947,8477845,Trevor van Riemsdyk,5,PIT
2026020006,2,1111,1182,8477845,Trevor van Riemsdyk,5,PIT
2026020006,3,142,206,8477845,Trevor van Riemsdyk,5,PIT
2026020006,3,266,307,8477845,Trevor van Riemsdyk,5,PIT
2026020006,3,373,448,8477845,Trevor van Riemsdyk,5,PIT
2026020006,3,545,616,8477845,Trevor van Riemsdyk,5,PIT
2026020006,3,625,667,8477845,Trevor van Riemsdyk,5,PIT
2026020006,3,712,750,8477845,Trevor van Riemsdyk,5,PIT
2026020006,3,853,887,8477845,Trevor van Riemsdyk,5,PIT
2026020006,3,997,1065,8477845,Trevor van Riemsdyk,5,PIT
2026020006,3,1114,1185,8477845,Trevor van Riemsdyk,5,PIT
2026020006,1,0,35,8477948,Travis Sanheim,4,PHI
2026020006,1,188,264,8477948,Travis Sanheim,4,PHI
2026020006,1,363,446,8477948,Travis Sanheim,4,PHI
2026020006,1,557,611,8477948,Travis Sanheim,4,PHI
2026020006,1,642,673,8477948,Travis Sanheim,4,PHI
2026020006,1,748,796,8477948,Travis Sanheim,4,PHI
2026020006,1,900,944,8477948,Travis Sanheim,4,PHI
2026020006,1,1028,1084,8477948,Travis Sanheim,4,PHI
2026020006,1,1126,1159,8477948,Travis Sanheim,4,PHI
2026020006,2,0,54,8477948,Travis Sanheim,4,PHI
2026020006,2,181,241,8477948,Travis Sanheim,4,PHI
2026020006,2,271,303,8477948,Travis Sanheim,4,PHI
2026020006,2,343,399,8477948,Travis Sanheim,4,PHI
2026020006,2,499,551,8477948,Travis Sanheim,4,PHI
2026020006,2,671,723,8477948,Travis Sanheim,4,PHI
2026020006,2,869,901,8477948,Travis Sanheim,4,PHI
2026020006,2,1047,1094,8477948,Travis Sanheim,4,PHI
2026020006,2,1182,1200,8477948,Travis Sanheim,4,PHI
2026020006,3,0,76,8477948,Travis Sanheim,4,PHI
2026020006,3,142,184,8477948,Travis Sanheim,4,PHI
2026020006,3,373,400,8477948,Travis Sanheim,4,PHI
2026020006,3,476,535,8477948,Travis Sanheim,4,PHI
2026020006,3,813,891,8477948,Travis Sanheim,4,PHI
2026020006,3,927,997,8477948,Travis Sanheim,4,PHI
2026020006,1,0,35,8477989,Christian Dvorak,4,PHI
2026020006,1,202,261,8477989,Christian Dvorak,4,PHI
2026020006,1,433,468,8477989,Christian Dvorak,4,PHI
2026020006,1,607,642,8477989,Christian Dvorak,4,PHI
2026020006,1,697,749,8477989,Christian Dvorak,4,PHI
2026020006,1,775,796,8477989,Christian Dvorak,4,PHI
2026020006,1,944,995,8477989,Christian Dvorak,4,PHI
2026020006,1,1105,1146,8477989,Christian Dvorak,4,PHI
2026020006,1,1159,1170,8477989,Christian Dvorak,4,PHI
2026020006,2,0,52,8477989,Christian Dvorak,4,PHI
2026020006,2,277,303,8477989,Christian Dvorak,4,PHI
2026020006,2,446,499,8477989,Christian Dvorak,4,PHI
2026020006,2,506,532,8477989,Christian Dvorak,4,PHI
2026020006,2,724,757,8477989,Christian Dvorak,4,PHI
2026020006,2,870,886,8477989,Christian Dvorak,4,PHI
2026020006,2,947,1012,8477989,Christian Dvorak,4,PHI
2026020006,2,1182,1200,8477989,Christian Dvorak,4,PHI
2026020006,3,142,182,8477989,Christian Dvorak,4,PHI
2026020006,3,373,400,8477989,Christian Dvorak,4,PHI
2026020006,3,458,490,8477989,Christian Dvorak,4,PHI
2026020006,3,625,680,8477989,Christian Dvorak,4,PHI
2026020006,3,712,755,8477989,Christian Dvorak,4,PHI
2026020006,3,817,889,8477989,Christian Dvorak,4,PHI
2026020006,1,0,1200,8478435,Dan Vladar,4,PHI
2026020006,2,0,1200,8478435,Dan Vladar,4,PHI
2026020006,3,0,247,8478435,Dan Vladar,4,PHI
2026020006,3,266,1200,8478435,Dan Vladar,4,PHI
2026020006,1,29,89,8478438,Tommy Novak,5,PIT
2026020006,1,271,312,8478438,Tommy Novak,5,PIT
2026020006,1,500,559,8478438,Tommy Novak,5,PIT
2026020006,1,642,700,8478438,Tommy Novak,5,PIT
2026020006,1,796,832,8478438,Tommy Novak,5,PIT
2026020006,1,994,1035,8478438,Tommy Novak,5,PIT
2026020006,1,1152,1200,8478438,Tommy Novak,5,PIT
2026020006,2,56,71,8478438,Tommy Novak,5,PIT
2026020006,2,113,197,8478438,Tommy Novak,5,PIT
2026020006,2,277,303,8478438,Tommy Novak,5,PIT
2026020006,2,446,490,8478438,Tommy Novak,5,PIT
2026020006,2,623,665,8478438,Tommy Novak,5,PIT
2026020006,2,948,1040,8478438,Tommy Novak,5,PIT
2026020006,2,1182,1200,8478438,Tommy Novak,5,PIT
2026020006,3,0,74,8478438,Tommy Novak,5,PIT
2026020006,3,388,458,8478438,Tommy Novak,5,PIT
2026020006,3,606,625,8478438,Tommy Novak,5,PIT
2026020006,3,754,821,8478438,Tommy Novak,5,PIT
2026020006,3,927,997,8478438,Tommy Novak,5,PIT
2026020006,1,0,37,8478439,Travis Konecny,4,PHI
2026020006,1,202,264,8478439,Travis Konecny,4,PHI
2026020006,1,446,468,8478439,Travis Konecny,4,PHI
2026020006,1,605,642,8478439,Travis Konecny,4,PHI
2026020006,1,704,753,8478439,Travis Konecny,4,PHI
2026020006,1,775,796,8478439,Travis Konecny,4,PHI
2026020006,1,939,994,8478439,Travis Konecny,4,PHI
2026020006,1,1107,1146,8478439,Travis Konecny,4,PHI
2026020006,1,1159,1170,8478439,Travis Konecny,4,PHI
2026020006,2,0,55,8478439,Travis Konecny,4,PHI
2026020006,2,277,303,8478439,Travis Konecny,4,PHI
2026020006,2,446,506,8478439,Travis Konecny,4,PHI
2026020006,2,559,606,8478439,Travis Konecny,4,PHI
2026020006,2,818,883,8478439,Travis Konecny,4,PHI
2026020006,2,1034,1095,8478439,Travis Konecny,4,PHI
2026020006,3,105,142,8478439,Travis Konecny,4,PHI
2026020006,3,321,373,8478439,Travis Konecny,4,PHI
2026020006,3,437,458,8478439,Travis Konecny,4,PHI
2026020006,3,625,677,8478439,Travis Konecny,4,PHI
2026020006,3,712,754,8478439,Travis Konecny,4,PHI
2026020006,3,891,927,8478439,Travis Konecny,4,PHI
2026020006,1,147,202,8478569,Noel Acciari,4,PHI
2026020006,1,369,446,8478569,Noel Acciari,4,PHI
2026020006,1,572,605,8478569,Noel Acciari,4,PHI
2026020006,1,642,674,8478569,Noel Acciari,4,PHI
2026020006,1,753,775,8478569,Noel Acciari,4,PHI
2026020006,1,810,849,8478569,Noel Acciari,4,PHI
2026020006,1,995,1048,8478569,Noel Acciari,4,PHI
2026020006,1,1170,1200,8478569,Noel Acciari,4,PHI
2026020006,2,203,240,8478569,Noel Acciari,4,PHI
2026020006,2,400,446,8478569,Noel Acciari,4,PHI
2026020006,2,606,668,8478569,Noel Acciari,4,PHI
2026020006,2,901,956,8478569,Noel Acciari,4,PHI
2026020006,2,1182,1200,8478569,Noel Acciari,4,PHI
2026020006,3,0,25,8478569,Noel Acciari,4,PHI
2026020006,3,76,105,8478569,Noel Acciari,4,PHI
2026020006,3,237,266,8478569,Noel Acciari,4,PHI
2026020006,3,373,437,8478569,Noel Acciari,4,PHI
2026020006,3,545,625,8478569,Noel Acciari,4,PHI
2026020006,3,755,824,8478569,Noel Acciari,4,PHI
2026020006,3,927,953,8478569,Noel Acciari,4,PHI
2026020006,3,1034,1073,8478569,Noel Acciari,4,PHI
2026020006,1,146,202,8479336,Carl Grundstrom,4,PHI
2026020006,1,367,446,8479336,Carl Grundstrom,4,PHI
2026020006,1,563,606,8479336,Carl Grundstrom,4,PHI
2026020006,1,810,849,8479336,Carl Grundstrom,4,PHI
2026020006,1,993,1044,8479336,Carl Grundstrom,4,PHI
2026020006,1,1170,1200,8479336,Carl Grundstrom,4,PHI
2026020006,2,163,203,8479336,Carl Grundstrom,4,PHI
2026020006,2,399,446,8479336,Carl Grundstrom,4,PHI
2026020006,2,669,723,8479336,Carl Grundstrom,4,PHI
2026020006,2,886,901,8479336,Carl Grundstrom,4,PHI
2026020006,2,1107,1182,8479336,Carl Grundstrom,4,PHI
2026020006,3,203,237,8479336,Carl Grundstrom,4,PHI
2026020006,3,495,546,8479336,Carl Grundstrom,4,PHI
2026020006,3,754,818,8479336,Carl Grundstrom,4,PHI
2026020006,3,1034,1077,8479336,Carl Grundstrom,4,PHI
2026020006,1,74,117,8479398,Samuel Girard,5,PIT
2026020006,1,184,264,8479398,Samuel Girard,5,PIT
2026020006,1,366,409,8479398,Samuel Girard,5,PIT
2026020006,1,500,569,8479398,Samuel Girard,5,PIT
2026020006,1,709,775,8479398,Samuel Girard,5,PIT
2026020006,1,796,839,8479398,Samuel Girard,5,PIT
2026020006,1,928,995,8479398,Samuel Girard,5,PIT
2026020006,1,1089,1146,8479398,Samuel Girard,5,PIT
2026020006,2,52,137,8479398,Samuel Girard,5,PIT
2026020006,2,277,359,8479398,Samuel Girard,5,PIT
2026020006,2,446,506,8479398,Samuel Girard,5,PIT
2026020006,2,596,656,8479398,Samuel Girard,5,PIT
2026020006,2,757,816,8479398,Samuel Girard,5,PIT
2026020006,2,945,1036,8479398,Samuel Girard,5,PIT
2026020006,3,74,142,8479398,Samuel Girard,5,PIT
2026020006,3,266,312,8479398,Samuel Girard,5,PIT
2026020006,3,492,545,8479398,Samuel Girard,5,PIT
2026020006,3,667,712,8479398,Samuel Girard,5,PIT
2026020006,3,789,838,8479398,Samuel Girard,5,PIT
2026020006,3,880,927,8479398,Samuel Girard,5,PIT
2026020006,3,1064,1113,8479398,Samuel Girard,5,PIT
2026020006,1,104,147,8480015,Owen Tippett,4,PHI
2026020006,1,306,366,8480015,Owen Tippett,4,PHI
2026020006,1,526,563,8480015,Owen Tippett,4,PHI
2026020006,1,796,810,8480015,Owen Tippett,4,PHI
2026020006,1,900,938,8480015,Owen Tippett,4,PHI
2026020006,1,1044,1082,8480015,Owen Tippett,4,PHI
2026020006,1,1146,1159,8480015,Owen Tippett,4,PHI
2026020006,2,113,163,8480015,Owen Tippett,4,PHI
2026020006,2,343,400,8480015,Owen Tippett,4,PHI
2026020006,2,529,623,8480015,Owen Tippett,4,PHI
2026020006,2,817,870,8480015,Owen Tippett,4,PHI
2026020006,2,1035,1107,8480015,Owen Tippett,4,PHI
2026020006,3,105,142,8480015,Owen Tippett,4,PHI
2026020006,3,320,373,8480015,Owen Tippett,4,PHI
2026020006,3,437,458,8480015,Owen Tippett,4,PHI
2026020006,3,625,678,8480015,Owen Tippett,4,PHI
2026020006,3,712,752,8480015,Owen Tippett,4,PHI
2026020006,3,888,927,8480015,Owen Tippett,4,PHI
2026020006,3,1116,1155,8480015,Owen Tippett,4,PHI
2026020006,1,35,106,8480220,Noah Cates,4,PHI
2026020006,1,261,294,8480220,Noah Cates,4,PHI
2026020006,1,468,526,8480220,Noah Cates,4,PHI
2026020006,1,674,697,8480220,Noah Cates,4,PHI
2026020006,1,849,886,8480220,Noah Cates,4,PHI
2026020006,2,54,105,8480220,Noah Cates,4,PHI
2026020006,2,240,277,8480220,Noah Cates,4,PHI
2026020006,2,303,341,8480220,Noah Cates,4,PHI
2026020006,2,498,506,8480220,Noah Cates,4,PHI
2026020006,2,588,664,8480220,Noah Cates,4,PHI
2026020006,2,821,872,8480220,Noah Cates,4,PHI
2026020006,2,901,947,8480220,Noah Cates,4,PHI
2026020006,3,25,74,8480220,Noah Cates,4,PHI
2026020006,3,237,266,8480220,Noah Cates,4,PHI
2026020006,3,323,373,8480220,Noah Cates,4,PHI
2026020006,3,400,437,8480220,Noah Cates,4,PHI
2026020006,3,550,625,8480220,Noah Cates,4,PHI
2026020006,3,953,997,8480220,Noah Cates,4,PHI
2026020006,3,1114,1158,8480220,Noah Cates,4,PHI
2026020006,1,143,185,8480842,Filip Hallander,5,PIT
2026020006,1,366,400,8480842,Filip Hallander,5,PIT
2026020006,1,606,642,8480842,Filip Hallander,5,PIT
2026020006,1,938,991,8480842,Filip Hallander,5,PIT
2026020006,2,193,203,8480842,Filip Hallander,5,PIT
2026020006,2,408,446,8480842,Filip Hallander,5,PIT
2026020006,2,603,623,8480842,Filip Hallander,5,PIT
2026020006,2,680,732,8480842,Filip Hallander,5,PIT
2026020006,2,819,852,8480842,Filip Hallander,5,PIT
2026020006,2,1092,1134,8480842,Filip Hallander,5,PIT
2026020006,3,142,185,8480842,Filip Hallander,5,PIT
2026020006,3,305,373,8480842,Filip Hallander,5,PIT
2026020006,3,490,544,8480842,Filip Hallander,5,PIT
2026020006,3,666,712,8480842,Filip Hallander,5,PIT
2026020006,3,1034,1074,8480842,Filip Hallander,5,PIT
2026020006,3,1116,1160,8480842,Filip Hallander,5,PIT
2026020006,1,98,143,8480980,Connor Dewar,5,PIT
2026020006,1,264,283,8480980,Connor Dewar,5,PIT
2026020006,1,328,366,8480980,Connor Dewar,5,PIT
2026020006,1,538,606,8480980,Connor Dewar,5,PIT
2026020006,1,839,889,8480980,Connor Dewar,5,PIT
2026020006,1,1043,1091,8480980,Connor Dewar,5,PIT
2026020006,2,71,137,8480980,Connor Dewar,5,PIT
2026020006,2,303,350,8480980,Connor Dewar,5,PIT
2026020006,2,506,540,8480980,Connor Dewar,5,PIT
2026020006,2,757,818,8480980,Connor Dewar,5,PIT
2026020006,2,852,886,8480980,Connor Dewar,5,PIT
2026020006,2,1035,1092,8480980,Connor Dewar,5,PIT
2026020006,3,142,205,8480980,Connor Dewar,5,PIT
2026020006,3,266,305,8480980,Connor Dewar,5,PIT
2026020006,3,373,386,8480980,Connor Dewar,5,PIT
2026020006,3,545,625,8480980,Connor Dewar,5,PIT
2026020006,3,745,749,8480980,Connor Dewar,5,PIT
2026020006,3,853,892,8480980,Connor Dewar,5,PIT
2026020006,3,1073,1112,8480980,Connor Dewar,5,PIT
2026020006,3,1153,1200,8480980,Connor Dewar,5,PIT
2026020006,1,103,158,8481122,Simon Benoit,4,PHI
2026020006,1,295,329,8481122,Simon Benoit,4,PHI
2026020006,1,504,557,8481122,Simon Benoit,4,PHI
2026020006,1,796,810,8481122,Simon Benoit,4,PHI
2026020006,1,849,902,8481122,Simon Benoit,4,PHI
2026020006,1,982,1028,8481122,Simon Benoit,4,PHI
2026020006,2,123,179,8481122,Simon Benoit,4,PHI
2026020006,2,303,341,8481122,Simon Benoit,4,PHI
2026020006,2,446,496,8481122,Simon Benoit,4,PHI
2026020006,2,606,671,8481122,Simon Benoit,4,PHI
2026020006,2,723,757,8481122,Simon Benoit,4,PHI
2026020006,2,901,955,8481122,Simon Benoit,4,PHI
2026020006,2,997,1047,8481122,Simon Benoit,4,PHI
2026020006,2,1094,1182,8481122,Simon Benoit,4,PHI
2026020006,3,73,105,8481122,Simon Benoit,4,PHI
2026020006,3,184,229,8481122,Simon Benoit,4,PHI
2026020006,3,400,434,8481122,Simon Benoit,4,PHI
2026020006,3,537,625,8481122,Simon Benoit,4,PHI
2026020006,3,761,814,8481122,Simon Benoit,4,PHI
2026020006,3,891,927,8481122,Simon Benoit,4,PHI
2026020006,3,997,1034,8481122,Simon Benoit,4,PHI
2026020006,3,1073,1130,8481122,Simon Benoit,4,PHI
2026020006,3,1163,1200,8481122,Simon Benoit,4,PHI
2026020006,1,89,146,8481481,Blake Lizotte,5,PIT
2026020006,1,264,271,8481481,Blake Lizotte,5,PIT
2026020006,1,312,371,8481481,Blake Lizotte,5,PIT
2026020006,1,559,604,8481481,Blake Lizotte,5,PIT
2026020006,1,831,887,8481481,Blake Lizotte,5,PIT
2026020006,1,1035,1089,8481481,Blake Lizotte,5,PIT
2026020006,1,1146,1152,8481481,Blake Lizotte,5,PIT
2026020006,2,71,113,8481481,Blake Lizotte,5,PIT
2026020006,2,303,359,8481481,Blake Lizotte,5,PIT
2026020006,2,506,539,8481481,Blake Lizotte,5,PIT
2026020006,2,757,819,8481481,Blake Lizotte,5,PIT
2026020006,2,868,886,8481481,Blake Lizotte,5,PIT
2026020006,2,1040,1073,8481481,Blake Lizotte,5,PIT
2026020006,3,142,184,8481481,Blake Lizotte,5,PIT
2026020006,3,266,292,8481481,Blake Lizotte,5,PIT
2026020006,3,373,388,8481481,Blake Lizotte,5,PIT
2026020006,3,544,606,8481481,Blake Lizotte,5,PIT
2026020006,3,630,666,8481481,Blake Lizotte,5,PIT
2026020006,3,853,890,8481481,Blake Lizotte,5,PIT
2026020006,3,1026,1073,8481481,Blake Lizotte,5,PIT
2026020006,1,74,115,8481527,Kaedan Korczak,5,PIT
2026020006,1,202,264,8481527,Kaedan Korczak,5,PIT
2026020006,1,366,401,8481527,Kaedan Korczak,5,PIT
2026020006,1,515,569,8481527,Kaedan Korczak,5,PIT
2026020006,1,796,839,8481527,Kaedan Korczak,5,PIT
2026020006,1,929,994,8481527,Kaedan Korczak,5,PIT
2026020006,1,1089,1146,8481527,Kaedan Korczak,5,PIT
2026020006,2,51,113,8481527,Kaedan Korczak,5,PIT
2026020006,2,303,359,8481527,Kaedan Korczak,5,PIT
2026020006,2,446,490,8481527,Kaedan Korczak,5,PIT
2026020006,2,591,677,8481527,Kaedan Korczak,5,PIT
2026020006,2,816,869,8481527,Kaedan Korczak,5,PIT
2026020006,2,945,1035,8481527,Kaedan Korczak,5,PIT
2026020006,3,105,142,8481527,Kaedan Korczak,5,PIT
2026020006,3,312,373,8481527,Kaedan Korczak,5,PIT
2026020006,3,499,554,8481527,Kaedan Korczak,5,PIT
2026020006,3,666,712,8481527,Kaedan Korczak,5,PIT
2026020006,3,806,853,8481527,Kaedan Korczak,5,PIT
2026020006,3,887,927,8481527,Kaedan Korczak,5,PIT
2026020006,3,1065,1114,8481527,Kaedan Korczak,5,PIT
2026020006,3,1172,1200,8481527,Kaedan Korczak,5,PIT
2026020006,1,106,158,8481533,Trevor Zegras,4,PHI
2026020006,1,295,368,8481533,Trevor Zegras,4,PHI
2026020006,1,525,566,8481533,Trevor Zegras,4,PHI
2026020006,1,796,810,8481533,Trevor Zegras,4,PHI
2026020006,1,886,944,8481533,Trevor Zegras,4,PHI
2026020006,1,1046,1105,8481533,Trevor Zegras,4,PHI
2026020006,1,1146,1159,8481533,Trevor Zegras,4,PHI
2026020006,2,105,203,8481533,Trevor Zegras,4,PHI
2026020006,2,341,398,8481533,Trevor Zegras,4,PHI
2026020006,2,532,588,8481533,Trevor Zegras,4,PHI
2026020006,2,757,821,8481533,Trevor Zegras,4,PHI
2026020006,2,1012,1103,8481533,Trevor Zegras,4,PHI
2026020006,3,105,142,8481533,Trevor Zegras,4,PHI
2026020006,3,266,322,8481533,Trevor Zegras,4,PHI
2026020006,3,437,458,8481533,Trevor Zegras,4,PHI
2026020006,3,677,712,8481533,Trevor Zegras,4,PHI
2026020006,3,891,927,8481533,Trevor Zegras,4,PHI
2026020006,3,997,1034,8481533,Trevor Zegras,4,PHI
2026020006,3,1073,1118,8481533,Trevor Zegras,4,PHI
2026020006,3,1158,1200,8481533,Trevor Zegras,4,PHI
2026020006,1,35,103,8481546,Cam York,4,PHI
2026020006,1,158,194,8481546,Cam York,4,PHI
2026020006,1,261,295,8481546,Cam York,4,PHI
2026020006,1,329,363,8481546,Cam York,4,PHI
2026020006,1,446,503,8481546,Cam York,4,PHI
2026020006,1,606,673,8481546,Cam York,4,PHI
2026020006,1,749,775,8481546,Cam York,4,PHI
2026020006,1,810,849,8481546,Cam York,4,PHI
2026020006,1,939,982,8481546,Cam York,4,PHI
2026020006,1,1081,1126,8481546,Cam York,4,PHI
2026020006,1,1159,1200,8481546,Cam York,4,PHI
2026020006,2,67,123,8481546,Cam York,4,PHI
2026020006,2,203,240,8481546,Cam York,4,PHI
2026020006,2,277,303,8481546,Cam York,4,PHI
2026020006,2,399,446,8481546,Cam York,4,PHI
2026020006,2,551,606,8481546,Cam York,4,PHI
2026020006,2,723,727,8481546,Cam York,4,PHI
2026020006,2,828,886,8481546,Cam York,4,PHI
2026020006,2,955,997,8481546,Cam York,4,PHI
2026020006,2,1182,1200,8481546,Cam York,4,PHI
2026020006,3,0,73,8481546,Cam York,4,PHI
2026020006,3,229,266,8481546,Cam York,4,PHI
2026020006,3,317,373,8481546,Cam York,4,PHI
2026020006,3,434,492,8481546,Cam York,4,PHI
2026020006,3,625,684,8481546,Cam York,4,PHI
2026020006,3,712,761,8481546,Cam York,4,PHI
2026020006,3,927,997,8481546,Cam York,4,PHI
2026020006,3,1130,1163,8481546,Cam York,4,PHI
2026020006,1,0,34,8481582,Nick Robertson,5,PIT
2026020006,1,202,263,8481582,Nick Robertson,5,PIT
2026020006,1,400,499,8481582,Nick Robertson,5,PIT
2026020006,1,775,796,8481582,Nick Robertson,5,PIT
2026020006,1,889,938,8481582,Nick Robertson,5,PIT
2026020006,1,1091,1146,8481582,Nick Robertson,5,PIT
2026020006,2,0,52,8481582,Nick Robertson,5,PIT
2026020006,2,350,408,8481582,Nick Robertson,5,PIT
2026020006,2,493,506,8481582,Nick Robertson,5,PIT
2026020006,2,540,603,8481582,Nick Robertson,5,PIT
2026020006,2,732,757,8481582,Nick Robertson,5,PIT
2026020006,2,886,948,8481582,Nick Robertson,5,PIT
2026020006,2,1134,1182,8481582,Nick Robertson,5,PIT
2026020006,3,208,266,8481582,Nick Robertson,5,PIT
2026020006,3,458,490,8481582,Nick Robertson,5,PIT
2026020006,3,625,630,8481582,Nick Robertson,5,PIT
2026020006,3,678,712,8481582,Nick Robertson,5,PIT
2026020006,3,894,927,8481582,Nick Robertson,5,PIT
2026020006,3,997,1034,8481582,Nick Robertson,5,PIT
2026020006,3,1081,1116,8481582,Nick Robertson,5,PIT
2026020006,3,1172,1200,8481582,Nick Robertson,5,PIT
2026020006,1,0,1200,8481668,Arturs Silovs,5,PIT
2026020006,2,0,1200,8481668,Arturs Silovs,5,PIT
2026020006,3,0,1200,8481668,Arturs Silovs,5,PIT
2026020006,1,107,152,8481725,Elmer Soderblom,5,PIT
2026020006,1,264,286,8481725,Elmer Soderblom,5,PIT
2026020006,1,339,366,8481725,Elmer Soderblom,5,PIT
2026020006,1,528,579,8481725,Elmer Soderblom,5,PIT
2026020006,1,832,889,8481725,Elmer Soderblom,5,PIT
2026020006,1,1044,1098,8481725,Elmer Soderblom,5,PIT
2026020006,2,71,115,8481725,Elmer Soderblom,5,PIT
2026020006,2,303,359,8481725,Elmer Soderblom,5,PIT
2026020006,2,506,545,8481725,Elmer Soderblom,5,PIT
2026020006,2,1035,1089,8481725,Elmer Soderblom,5,PIT
2026020006,3,292,373,8481725,Elmer Soderblom,5,PIT
2026020006,3,551,625,8481725,Elmer Soderblom,5,PIT
2026020006,3,716,750,8481725,Elmer Soderblom,5,PIT
2026020006,3,853,894,8481725,Elmer Soderblom,5,PIT
2026020006,3,1074,1114,8481725,Elmer Soderblom,5,PIT
2026020006,3,1160,1200,8481725,Elmer Soderblom,5,PIT
2026020006,1,37,104,8482142,Jamie Drysdale,4,PHI
2026020006,1,158,188,8482142,Jamie Drysdale,4,PHI
2026020006,1,263,295,8482142,Jamie Drysdale,4,PHI
2026020006,1,333,367,8482142,Jamie Drysdale,4,PHI
2026020006,1,446,504,8482142,Jamie Drysdale,4,PHI
2026020006,1,611,642,8482142,Jamie Drysdale,4,PHI
2026020006,1,762,775,8482142,Jamie Drysdale,4,PHI
2026020006,1,796,837,8482142,Jamie Drysdale,4,PHI
2026020006,1,944,981,8482142,Jamie Drysdale,4,PHI
2026020006,1,1082,1128,8482142,Jamie Drysdale,4,PHI
2026020006,1,1159,1200,8482142,Jamie Drysdale,4,PHI
2026020006,2,52,124,8482142,Jamie Drysdale,4,PHI
2026020006,2,303,343,8482142,Jamie Drysdale,4,PHI
2026020006,2,397,446,8482142,Jamie Drysdale,4,PHI
2026020006,2,550,623,8482142,Jamie Drysdale,4,PHI
2026020006,2,757,828,8482142,Jamie Drysdale,4,PHI
2026020006,2,954,998,8482142,Jamie Drysdale,4,PHI
2026020006,3,105,142,8482142,Jamie Drysdale,4,PHI
2026020006,3,231,317,8482142,Jamie Drysdale,4,PHI
2026020006,3,437,476,8482142,Jamie Drysdale,4,PHI
2026020006,3,684,712,8482142,Jamie Drysdale,4,PHI
2026020006,3,1034,1074,8482142,Jamie Drysdale,4,PHI
2026020006,3,1131,1163,8482142,Jamie Drysdale,4,PHI
2026020006,1,144,190,8482148,Hendrix Lapierre,5,PIT
2026020006,1,371,424,8482148,Hendrix Lapierre,5,PIT
2026020006,1,604,642,8482148,Hendrix Lapierre,5,PIT
2026020006,1,700,775,8482148,Hendrix Lapierre,5,PIT
2026020006,1,926,993,8482148,Hendrix Lapierre,5,PIT
2026020006,2,197,203,8482148,Hendrix Lapierre,5,PIT
2026020006,2,266,303,8482148,Hendrix Lapierre,5,PIT
2026020006,2,406,446,8482148,Hendrix Lapierre,5,PIT
2026020006,2,591,623,8482148,Hendrix Lapierre,5,PIT
2026020006,2,665,739,8482148,Hendrix Lapierre,5,PIT
2026020006,2,1073,1136,8482148,Hendrix Lapierre,5,PIT
2026020006,3,75,142,8482148,Hendrix Lapierre,5,PIT
2026020006,3,490,545,8482148,Hendrix Lapierre,5,PIT
2026020006,3,793,853,8482148,Hendrix Lapierre,5,PIT
2026020006,3,997,1026,8482148,Hendrix Lapierre,5,PIT
2026020006,3,1113,1153,8482148,Hendrix Lapierre,5,PIT
2026020006,1,0,46,8482159,Tyson Foerster,4,PHI
2026020006,1,202,263,8482159,Tyson Foerster,4,PHI
2026020006,1,446,468,8482159,Tyson Foerster,4,PHI
2026020006,1,606,642,8482159,Tyson Foerster,4,PHI
2026020006,1,675,704,8482159,Tyson Foerster,4,PHI
2026020006,1,775,796,8482159,Tyson Foerster,4,PHI
2026020006,1,938,993,8482159,Tyson Foerster,4,PHI
2026020006,1,1084,1146,8482159,Tyson Foerster,4,PHI
2026020006,1,1159,1170,8482159,Tyson Foerster,4,PHI
2026020006,2,0,51,8482159,Tyson Foerster,4,PHI
2026020006,2,242,277,8482159,Tyson Foerster,4,PHI
2026020006,2,446,529,8482159,Tyson Foerster,4,PHI
2026020006,2,725,818,8482159,Tyson Foerster,4,PHI
2026020006,2,872,886,8482159,Tyson Foerster,4,PHI
2026020006,2,973,1035,8482159,Tyson Foerster,4,PHI
2026020006,3,25,74,8482159,Tyson Foerster,4,PHI
2026020006,3,142,203,8482159,Tyson Foerster,4,PHI
2026020006,3,266,320,8482159,Tyson Foerster,4,PHI
2026020006,3,458,495,8482159,Tyson Foerster,4,PHI
2026020006,3,678,712,8482159,Tyson Foerster,4,PHI
2026020006,3,818,888,8482159,Tyson Foerster,4,PHI
2026020006,3,1118,1160,8482159,Tyson Foerster,4,PHI
2026020006,1,34,98,8482475,Egor Chinakhov,5,PIT
2026020006,1,263,264,8482475,Egor Chinakhov,5,PIT
2026020006,1,283,328,8482475,Egor Chinakhov,5,PIT
2026020006,1,499,538,8482475,Egor Chinakhov,5,PIT
2026020006,1,642,705,8482475,Egor Chinakhov,5,PIT
2026020006,1,796,839,8482475,Egor Chinakhov,5,PIT
2026020006,1,991,1043,8482475,Egor Chinakhov,5,PIT
2026020006,1,1146,1200,8482475,Egor Chinakhov,5,PIT
2026020006,2,52,71,8482475,Egor Chinakhov,5,PIT
2026020006,2,137,192,8482475,Egor Chinakhov,5,PIT
2026020006,2,203,277,8482475,Egor Chinakhov,5,PIT
2026020006,2,446,493,8482475,Egor Chinakhov,5,PIT
2026020006,2,623,680,8482475,Egor Chinakhov,5,PIT
2026020006,2,947,1035,8482475,Egor Chinakhov,5,PIT
2026020006,2,1182,1200,8482475,Egor Chinakhov,5,PIT
2026020006,3,0,76,8482475,Egor Chinakhov,5,PIT
2026020006,3,386,458,8482475,Egor Chinakhov,5,PIT
2026020006,3,712,793,8482475,Egor Chinakhov,5,PIT
2026020006,3,927,997,8482475,Egor Chinakhov,5,PIT
2026020006,1,152,202,8482758,Ville Koivunen,5,PIT
2026020006,1,366,419,8482758,Ville Koivunen,5,PIT
2026020006,1,579,642,8482758,Ville Koivunen,5,PIT
2026020006,1,699,775,8482758,Ville Koivunen,5,PIT
2026020006,1,927,996,8482758,Ville Koivunen,5,PIT
2026020006,2,185,277,8482758,Ville Koivunen,5,PIT
2026020006,2,403,446,8482758,Ville Koivunen,5,PIT
2026020006,2,606,623,8482758,Ville Koivunen,5,PIT
2026020006,2,670,725,8482758,Ville Koivunen,5,PIT
2026020006,2,1089,1144,8482758,Ville Koivunen,5,PIT
2026020006,3,77,142,8482758,Ville Koivunen,5,PIT
2026020006,3,492,551,8482758,Ville Koivunen,5,PIT
2026020006,3,825,853,8482758,Ville Koivunen,5,PIT
2026020006,3,1034,1081,8482758,Ville Koivunen,5,PIT
2026020006,3,1114,1172,8482758,Ville Koivunen,5,PIT
2026020006,1,0,74,8483398,Declan Carlile,5,PIT
2026020006,1,146,184,8483398,Declan Carlile,5,PIT
2026020006,1,313,366,8483398,Declan Carlile,5,PIT
2026020006,1,446,500,8483398,Declan Carlile,5,PIT
2026020006,1,607,642,8483398,Declan Carlile,5,PIT
2026020006,1,775,796,8483398,Declan Carlile,5,PIT
2026020006,1,892,928,8483398,Declan Carlile,5,PIT
2026020006,1,1053,1089,8483398,Declan Carlile,5,PIT
2026020006,2,0,52,8483398,Declan Carlile,5,PIT
2026020006,2,191,203,8483398,Declan Carlile,5,PIT
2026020006,2,405,446,8483398,Declan Carlile,5,PIT
2026020006,2,539,596,8483398,Declan Carlile,5,PIT
2026020006,2,729,757,8483398,Declan Carlile,5,PIT
2026020006,2,877,886,8483398,Declan Carlile,5,PIT
2026020006,2,1035,1111,8483398,Declan Carlile,5,PIT
2026020006,3,205,266,8483398,Declan Carlile,5,PIT
2026020006,3,386,392,8483398,Declan Carlile,5,PIT
2026020006,3,448,492,8483398,Declan Carlile,5,PIT
2026020006,3,616,666,8483398,Declan Carlile,5,PIT
2026020006,3,712,750,8483398,Declan Carlile,5,PIT
2026020006,3,838,880,8483398,Declan Carlile,5,PIT
2026020006,3,997,1064,8483398,Declan Carlile,5,PIT
2026020006,3,1112,1172,8483398,Declan Carlile,5,PIT
2026020006,1,46,103,8483731,Alex Bump,4,PHI
2026020006,1,264,306,8483731,Alex Bump,4,PHI
2026020006,1,468,524,8483731,Alex Bump,4,PHI
2026020006,1,849,900,8483731,Alex Bump,4,PHI
2026020006,2,51,113,8483731,Alex Bump,4,PHI
2026020006,2,303,343,8483731,Alex Bump,4,PHI
2026020006,2,623,669,8483731,Alex Bump,4,PHI
2026020006,2,819,869,8483731,Alex Bump,4,PHI
2026020006,2,901,973,8483731,Alex Bump,4,PHI
2026020006,3,237,266,8483731,Alex Bump,4,PHI
2026020006,3,322,373,8483731,Alex Bump,4,PHI
2026020006,3,400,437,8483731,Alex Bump,4,PHI
2026020006,3,546,677,8483731,Alex Bump,4,PHI
2026020006,3,712,751,8483731,Alex Bump,4,PHI
2026020006,3,997,1034,8483731,Alex Bump,4,PHI
2026020006,3,1077,1116,8483731,Alex Bump,4,PHI
2026020006,3,1160,1200,8483731,Alex Bump,4,PHI
2026020006,1,37,101,8484387,Matvei Michkov,4,PHI
2026020006,1,264,320,8484387,Matvei Michkov,4,PHI
2026020006,1,468,525,8484387,Matvei Michkov,4,PHI
2026020006,1,849,886,8484387,Matvei Michkov,4,PHI
2026020006,1,1048,1107,8484387,Matvei Michkov,4,PHI
2026020006,1,1146,1159,8484387,Matvei Michkov,4,PHI
2026020006,2,55,135,8484387,Matvei Michkov,4,PHI
2026020006,2,303,347,8484387,Matvei Michkov,4,PHI
2026020006,2,506,559,8484387,Matvei Michkov,4,PHI
2026020006,2,729,819,8484387,Matvei Michkov,4,PHI
2026020006,2,883,886,8484387,Matvei Michkov,4,PHI
2026020006,2,956,1034,8484387,Matvei Michkov,4,PHI
2026020006,3,142,208,8484387,Matvei Michkov,4,PHI
2026020006,3,247,321,8484387,Matvei Michkov,4,PHI
2026020006,3,458,491,8484387,Matvei Michkov,4,PHI
2026020006,3,677,712,8484387,Matvei Michkov,4,PHI
2026020006,3,824,891,8484387,Matvei Michkov,4,PHI
2026020006,3,1034,1072,8484387,Matvei Michkov,4,PHI
2026020006,1,101,146,8485406,Porter Martone,4,PHI
2026020006,1,320,369,8485406,Porter Martone,4,PHI
2026020006,1,524,572,8485406,Porter Martone,4,PHI
2026020006,1,796,810,8485406,Porter Martone,4,PHI
2026020006,1,886,939,8485406,Porter Martone,4,PHI
2026020006,2,135,203,8485406,Porter Martone,4,PHI
2026020006,2,347,399,8485406,Porter Martone,4,PHI
2026020006,2,669,729,8485406,Porter Martone,4,PHI
2026020006,2,757,817,8485406,Porter Martone,4,PHI
2026020006,2,886,901,8485406,Porter Martone,4,PHI
2026020006,2,1095,1182,8485406,Porter Martone,4,PHI
2026020006,3,208,237,8485406,Porter Martone,4,PHI
2026020006,3,266,323,8485406,Porter Martone,4,PHI
2026020006,3,491,545,8485406,Porter Martone,4,PHI
2026020006,3,680,712,8485406,Porter Martone,4,PHI
2026020006,3,997,1034,8485406,Porter Martone,4,PHI
2026020006,3,1074,1114,8485406,Porter Martone,4,PHI
2026020006,3,1155,1200,8485406,Porter Martone,4,PHI
2026020007,1,75,107,8470613,Brent Burns,21,COL
2026020007,1,229,283,8470613,Brent Burns,21,COL
2026020007,1,529,579,8470613,Brent Burns,21,COL
2026020007,1,642,703,8470613,Brent Burns,21,COL
2026020007,1,852,914,8470613,Brent Burns,21,COL
2026020007,1,955,992,8470613,Brent Burns,21,COL
2026020007,1,1030,1075,8470613,Brent Burns,21,COL
2026020007,1,1144,1152,8470613,Brent Burns,21,COL
2026020007,2,256,301,8470613,Brent Burns,21,COL
2026020007,2,395,426,8470613,Brent Burns,21,COL
2026020007,2,504,588,8470613,Brent Burns,21,COL
2026020007,2,718,784,8470613,Brent Burns,21,COL
2026020007,2,928,1007,8470613,Brent Burns,21,COL
2026020007,3,140,190,8470613,Brent Burns,21,COL
2026020007,3,309,383,8470613,Brent Burns,21,COL
2026020007,3,475,519,8470613,Brent Burns,21,COL
2026020007,3,664,711,8470613,Brent Burns,21,COL
2026020007,3,843,855,8470613,Brent Burns,21,COL
2026020007,3,1071,1113,8470613,Brent Burns,21,COL
2026020007,1,0,38,8474563,Drew Doughty,26,LAK
2026020007,1,117,180,8474563,Drew Doughty,26,LAK
2026020007,1,229,263,8474563,Drew Doughty,26,LAK
2026020007,1,288,323,8474563,Drew Doughty,26,LAK
2026020007,1,363,393,8474563,Drew Doughty,26,LAK
2026020007,1,457,519,8474563,Drew Doughty,26,LAK
2026020007,1,713,763,8474563,Drew Doughty,26,LAK
2026020007,1,904,943,8474563,Drew Doughty,26,LAK
2026020007,1,1021,1078,8474563,Drew Doughty,26,LAK
2026020007,1,1152,1192,8474563,Drew Doughty,26,LAK
2026020007,2,112,121,8474563,Drew Doughty,26,LAK
2026020007,2,159,210,8474563,Drew Doughty,26,LAK
2026020007,2,325,403,8474563,Drew Doughty,26,LAK
2026020007,2,473,513,8474563,Drew Doughty,26,LAK
2026020007,2,613,672,8474563,Drew Doughty,26,LAK
2026020007,2,719,783,8474563,Drew Doughty,26,LAK
2026020007,2,901,961,8474563,Drew Doughty,26,LAK
2026020007,2,1070,1114,8474563,Drew Doughty,26,LAK
2026020007,2,1172,1200,8474563,Drew Doughty,26,LAK
2026020007,3,0,65,8474563,Drew Doughty,26,LAK
2026020007,3,187,229,8474563,Drew Doughty,26,LAK
2026020007,3,331,392,8474563,Drew Doughty,26,LAK
2026020007,3,487,540,8474563,Drew Doughty,26,LAK
2026020007,3,642,711,8474563,Drew Doughty,26,LAK
2026020007,3,800,843,8474563,Drew Doughty,26,LAK
2026020007,3,906,940,8474563,Drew Doughty,26,LAK
2026020007,3,1037,1089,8474563,Drew Doughty,26,LAK
2026020007,3,1139,1200,8474563,Drew Doughty,26,LAK
2026020007,1,38,75,8475172,Nazem Kadri,21,COL
2026020007,1,141,180,8475172,Nazem Kadri,21,COL
2026020007,1,229,264,8475172,Nazem Kadri,21,COL
2026020007,1,368,393,8475172,Nazem Kadri,21,COL
2026020007,1,523,574,8475172,Nazem Kadri,21,COL
2026020007,1,805,854,8475172,Nazem Kadri,21,COL
2026020007,1,1078,1117,8475172,Nazem Kadri,21,COL
2026020007,1,1192,1200,8475172,Nazem Kadri,21,COL
2026020007,2,0,23,8475172,Nazem Kadri,21,COL
2026020007,2,88,145,8475172,Nazem Kadri,21,COL
2026020007,2,256,317,8475172,Nazem Kadri,21,COL
2026020007,2,435,473,8475172,Nazem Kadri,21,COL
2026020007,2,578,636,8475172,Nazem Kadri,21,COL
2026020007,2,722,739,8475172,Nazem Kadri,21,COL
2026020007,2,872,928,8475172,Nazem Kadri,21,COL
2026020007,2,961,1025,8475172,Nazem Kadri,21,COL
2026020007,2,1070,1114,8475172,Nazem Kadri,21,COL
2026020007,3,64,128,8475172,Nazem Kadri,21,COL
2026020007,3,229,265,8475172,Nazem Kadri,21,COL
2026020007,3,382,437,8475172,Nazem Kadri,21,COL
2026020007,3,611,638,8475172,Nazem Kadri,21,COL
2026020007,3,711,748,8475172,Nazem Kadri,21,COL
2026020007,3,800,843,8475172,Nazem Kadri,21,COL
2026020007,3,855,906,8475172,Nazem Kadri,21,COL
2026020007,3,995,1029,8475172,Nazem Kadri,21,COL
2026020007,3,1129,1158,8475172,Nazem Kadri,21,COL
2026020007,1,0,38,8475208,Brian Dumoulin,26,LAK
2026020007,1,139,180,8475208,Brian Dumoulin,26,LAK
2026020007,1,229,262,8475208,Brian Dumoulin,26,LAK
2026020007,1,288,322,8475208,Brian Dumoulin,26,LAK
2026020007,1,466,519,8475208,Brian Dumoulin,26,LAK
2026020007,1,729,763,8475208,Brian Dumoulin,26,LAK
2026020007,1,906,943,8475208,Brian Dumoulin,26,LAK
2026020007,1,1117,1192,8475208,Brian Dumoulin,26,LAK
2026020007,2,23,64,8475208,Brian Dumoulin,26,LAK
2026020007,2,151,182,8475208,Brian Dumoulin,26,LAK
2026020007,2,325,357,8475208,Brian Dumoulin,26,LAK
2026020007,2,473,513,8475208,Brian Dumoulin,26,LAK
2026020007,2,612,675,8475208,Brian Dumoulin,26,LAK
2026020007,2,901,961,8475208,Brian Dumoulin,26,LAK
2026020007,2,1068,1114,8475208,Brian Dumoulin,26,LAK
2026020007,3,0,65,8475208,Brian Dumoulin,26,LAK
2026020007,3,188,229,8475208,Brian Dumoulin,26,LAK
2026020007,3,509,552,8475208,Brian Dumoulin,26,LAK
2026020007,3,642,681,8475208,Brian Dumoulin,26,LAK
2026020007,3,800,843,8475208,Brian Dumoulin,26,LAK
2026020007,3,940,1000,8475208,Brian Dumoulin,26,LAK
2026020007,3,1037,1078,8475208,Brian Dumoulin,26,LAK
2026020007,1,38,75,8475287,Erik Haula,26,LAK
2026020007,1,180,196,8475287,Erik Haula,26,LAK
2026020007,1,229,237,8475287,Erik Haula,26,LAK
2026020007,1,322,364,8475287,Erik Haula,26,LAK
2026020007,1,574,621,8475287,Erik Haula,26,LAK
2026020007,1,705,755,8475287,Erik Haula,26,LAK
2026020007,1,914,948,8475287,Erik Haula,26,LAK
2026020007,1,1012,1078,8475287,Erik Haula,26,LAK
2026020007,1,1117,1124,8475287,Erik Haula,26,LAK
2026020007,1,1152,1192,8475287,Erik Haula,26,LAK
2026020007,2,0,23,8475287,Erik Haula,26,LAK
2026020007,2,65,110,8475287,Erik Haula,26,LAK
2026020007,2,227,249,8475287,Erik Haula,26,LAK
2026020007,2,399,445,8475287,Erik Haula,26,LAK
2026020007,2,513,561,8475287,Erik Haula,26,LAK
2026020007,2,652,675,8475287,Erik Haula,26,LAK
2026020007,2,821,857,8475287,Erik Haula,26,LAK
2026020007,2,949,961,8475287,Erik Haula,26,LAK
2026020007,2,1002,1035,8475287,Erik Haula,26,LAK
2026020007,2,1070,1114,8475287,Erik Haula,26,LAK
2026020007,3,130,187,8475287,Erik Haula,26,LAK
2026020007,3,346,389,8475287,Erik Haula,26,LAK
2026020007,3,413,437,8475287,Erik Haula,26,LAK
2026020007,3,552,574,8475287,Erik Haula,26,LAK
2026020007,3,711,735,8475287,Erik Haula,26,LAK
2026020007,3,966,1005,8475287,Erik Haula,26,LAK
2026020007,3,1162,1200,8475287,Erik Haula,26,LAK
2026020007,1,0,613,8475311,Darcy Kuemper,26,LAK
2026020007,1,621,1200,8475311,Darcy Kuemper,26,LAK
2026020007,2,0,718,8475311,Darcy Kuemper,26,LAK
2026020007,2,739,1200,8475311,Darcy Kuemper,26,LAK
2026020007,3,0,705,8475311,Darcy Kuemper,26,LAK
2026020007,3,711,1200,8475311,Darcy Kuemper,26,LAK
2026020007,1,75,132,8475692,Mats Zuccarello,26,LAK
2026020007,1,237,278,8475692,Mats Zuccarello,26,LAK
2026020007,1,434,473,8475692,Mats Zuccarello,26,LAK
2026020007,1,519,569,8475692,Mats Zuccarello,26,LAK
2026020007,1,621,705,8475692,Mats Zuccarello,26,LAK
2026020007,1,843,914,8475692,Mats Zuccarello,26,LAK
2026020007,1,955,1014,8475692,Mats Zuccarello,26,LAK
2026020007,2,151,227,8475692,Mats Zuccarello,26,LAK
2026020007,2,445,473,8475692,Mats Zuccarello,26,LAK
2026020007,2,675,821,8475692,Mats Zuccarello,26,LAK
2026020007,2,961,1002,8475692,Mats Zuccarello,26,LAK
2026020007,2,1172,1200,8475692,Mats Zuccarello,26,LAK
2026020007,3,55,130,8475692,Mats Zuccarello,26,LAK
2026020007,3,229,347,8475692,Mats Zuccarello,26,LAK
2026020007,3,487,539,8475692,Mats Zuccarello,26,LAK
2026020007,3,678,711,8475692,Mats Zuccarello,26,LAK
2026020007,3,843,855,8475692,Mats Zuccarello,26,LAK
2026020007,3,1053,1122,8475692,Mats Zuccarello,26,LAK
2026020007,1,38,75,8475754,Brock Nelson,21,COL
2026020007,1,229,279,8475754,Brock Nelson,21,COL
2026020007,1,366,393,8475754,Brock Nelson,21,COL
2026020007,1,520,577,8475754,Brock Nelson,21,COL
2026020007,1,621,704,8475754,Brock Nelson,21,COL
2026020007,1,800,845,8475754,Brock Nelson,21,COL
2026020007,1,914,943,8475754,Brock Nelson,21,COL
2026020007,1,955,979,8475754,Brock Nelson,21,COL
2026020007,1,1010,1051,8475754,Brock Nelson,21,COL
2026020007,1,1117,1144,8475754,Brock Nelson,21,COL
2026020007,2,88,107,8475754,Brock Nelson,21,COL
2026020007,2,256,300,8475754,Brock Nelson,21,COL
2026020007,2,433,473,8475754,Brock Nelson,21,COL
2026020007,2,560,634,8475754,Brock Nelson,21,COL
2026020007,2,720,783,8475754,Brock Nelson,21,COL
2026020007,2,821,849,8475754,Brock Nelson,21,COL
2026020007,2,961,1003,8475754,Brock Nelson,21,COL
2026020007,2,1070,1114,8475754,Brock Nelson,21,COL
2026020007,3,24,74,8475754,Brock Nelson,21,COL
2026020007,3,229,278,8475754,Brock Nelson,21,COL
2026020007,3,344,382,8475754,Brock Nelson,21,COL
2026020007,3,596,633,8475754,Brock Nelson,21,COL
2026020007,3,711,746,8475754,Brock Nelson,21,COL
2026020007,3,800,837,8475754,Brock Nelson,21,COL
2026020007,3,855,906,8475754,Brock Nelson,21,COL
2026020007,3,960,995,8475754,Brock Nelson,21,COL
2026020007,3,1081,1129,8475754,Brock Nelson,21,COL
2026020007,1,75,143,8475768,Jaden Schwartz,21,COL
2026020007,1,278,288,8475768,Jaden Schwartz,21,COL
2026020007,1,365,393,8475768,Jaden Schwartz,21,COL
2026020007,1,583,621,8475768,Jaden Schwartz,21,COL
2026020007,1,741,746,8475768,Jaden Schwartz,21,COL
2026020007,1,854,914,8475768,Jaden Schwartz,21,COL
2026020007,1,1144,1152,8475768,Jaden Schwartz,21,COL
2026020007,2,88,131,8475768,Jaden Schwartz,21,COL
2026020007,2,204,256,8475768,Jaden Schwartz,21,COL
2026020007,2,513,579,8475768,Jaden Schwartz,21,COL
2026020007,2,931,961,8475768,Jaden Schwartz,21,COL
2026020007,2,1070,1114,8475768,Jaden Schwartz,21,COL
2026020007,3,126,181,8475768,Jaden Schwartz,21,COL
2026020007,3,265,270,8475768,Jaden Schwartz,21,COL
2026020007,3,437,492,8475768,Jaden Schwartz,21,COL
2026020007,3,637,711,8475768,Jaden Schwartz,21,COL
2026020007,3,855,906,8475768,Jaden Schwartz,21,COL
2026020007,3,1037,1082,8475768,Jaden Schwartz,21,COL
2026020007,3,1168,1200,8475768,Jaden Schwartz,21,COL
2026020007,1,75,107,8476312,Josh Manson,21,COL
2026020007,1,143,178,8476312,Josh Manson,21,COL
2026020007,1,524,580,8476312,Josh Manson,21,COL
2026020007,1,704,753,8476312,Josh Manson,21,COL
2026020007,1,844,914,8476312,Josh Manson,21,COL
2026020007,1,955,980,8476312,Josh Manson,21,COL
2026020007,1,1051,1076,8476312,Josh Manson,21,COL
2026020007,2,256,291,8476312,Josh Manson,21,COL
2026020007,2,424,445,8476312,Josh Manson,21,COL
2026020007,2,510,590,8476312,Josh Manson,21,COL
2026020007,2,739,784,8476312,Josh Manson,21,COL
2026020007,2,929,1008,8476312,Josh Manson,21,COL
2026020007,3,139,201,8476312,Josh Manson,21,COL
2026020007,3,270,308,8476312,Josh Manson,21,COL
2026020007,3,473,520,8476312,Josh Manson,21,COL
2026020007,3,648,711,8476312,Josh Manson,21,COL
2026020007,3,906,958,8476312,Josh Manson,21,COL
2026020007,3,1103,1160,8476312,Josh Manson,21,COL
2026020007,1,75,117,8476441,Joel Edmundson,26,LAK
2026020007,1,263,288,8476441,Joel Edmundson,26,LAK
2026020007,1,364,425,8476441,Joel Edmundson,26,LAK
2026020007,1,589,621,8476441,Joel Edmundson,26,LAK
2026020007,1,851,904,8476441,Joel Edmundson,26,LAK
2026020007,1,1117,1152,8476441,Joel Edmundson,26,LAK
2026020007,2,23,65,8476441,Joel Edmundson,26,LAK
2026020007,2,121,151,8476441,Joel Edmundson,26,LAK
2026020007,2,254,325,8476441,Joel Edmundson,26,LAK
2026020007,2,403,473,8476441,Joel Edmundson,26,LAK
2026020007,2,577,613,8476441,Joel Edmundson,26,LAK
2026020007,2,675,719,8476441,Joel Edmundson,26,LAK
2026020007,2,1016,1035,8476441,Joel Edmundson,26,LAK
2026020007,2,1114,1149,8476441,Joel Edmundson,26,LAK
2026020007,3,124,186,8476441,Joel Edmundson,26,LAK
2026020007,3,265,270,8476441,Joel Edmundson,26,LAK
2026020007,3,437,487,8476441,Joel Edmundson,26,LAK
2026020007,3,599,642,8476441,Joel Edmundson,26,LAK
2026020007,3,752,800,8476441,Joel Edmundson,26,LAK
2026020007,3,906,939,8476441,Joel Edmundson,26,LAK
2026020007,3,1001,1037,8476441,Joel Edmundson,26,LAK
2026020007,3,1138,1200,8476441,Joel Edmundson,26,LAK
2026020007,1,33,75,8476455,Gabriel Landeskog,21,COL
2026020007,1,229,278,8476455,Gabriel Landeskog,21,COL
2026020007,1,288,365,8476455,Gabriel Landeskog,21,COL
2026020007,1,520,583,8476455,Gabriel Landeskog,21,COL
2026020007,1,793,856,8476455,Gabriel Landeskog,21,COL
2026020007,1,1117,1144,8476455,Gabriel Landeskog,21,COL
2026020007,1,1152,1200,8476455,Gabriel Landeskog,21,COL
2026020007,2,0,88,8476455,Gabriel Landeskog,21,COL
2026020007,2,256,321,8476455,Gabriel Landeskog,21,COL
2026020007,2,433,473,8476455,Gabriel Landeskog,21,COL
2026020007,2,579,637,8476455,Gabriel Landeskog,21,COL
2026020007,2,961,1009,8476455,Gabriel Landeskog,21,COL
2026020007,2,1035,1070,8476455,Gabriel Landeskog,21,COL
2026020007,3,53,126,8476455,Gabriel Landeskog,21,COL
2026020007,3,229,265,8476455,Gabriel Landeskog,21,COL
2026020007,3,437,489,8476455,Gabriel Landeskog,21,COL
2026020007,3,596,637,8476455,Gabriel Landeskog,21,COL
2026020007,3,711,747,8476455,Gabriel Landeskog,21,COL
2026020007,3,800,843,8476455,Gabriel Landeskog,21,COL
2026020007,3,934,984,8476455,Gabriel Landeskog,21,COL
2026020007,3,1082,1120,8476455,Gabriel Landeskog,21,COL
2026020007,1,132,180,8476469,Joel Armia,26,LAK
2026020007,1,279,288,8476469,Joel Armia,26,LAK
2026020007,1,322,364,8476469,Joel Armia,26,LAK
2026020007,1,710,729,8476469,Joel Armia,26,LAK
2026020007,1,755,793,8476469,Joel Armia,26,LAK
2026020007,1,943,955,8476469,Joel Armia,26,LAK
2026020007,1,1078,1106,8476469,Joel Armia,26,LAK
2026020007,1,1152,1192,8476469,Joel Armia,26,LAK
2026020007,2,64,107,8476469,Joel Armia,26,LAK
2026020007,2,251,325,8476469,Joel Armia,26,LAK
2026020007,2,561,612,8476469,Joel Armia,26,LAK
2026020007,2,821,872,8476469,Joel Armia,26,LAK
2026020007,2,1070,1114,8476469,Joel Armia,26,LAK
2026020007,3,186,229,8476469,Joel Armia,26,LAK
2026020007,3,347,384,8476469,Joel Armia,26,LAK
2026020007,3,437,487,8476469,Joel Armia,26,LAK
2026020007,3,632,678,8476469,Joel Armia,26,LAK
2026020007,3,906,966,8476469,Joel Armia,26,LAK
2026020007,3,1122,1162,8476469,Joel Armia,26,LAK
2026020007,1,38,75,8476872,Scott Laughton,26,LAK
2026020007,1,179,196,8476872,Scott Laughton,26,LAK
2026020007,1,288,322,8476872,Scott Laughton,26,LAK
2026020007,1,564,621,8476872,Scott Laughton,26,LAK
2026020007,1,753,793,8476872,Scott Laughton,26,LAK
2026020007,1,914,943,8476872,Scott Laughton,26,LAK
2026020007,1,1078,1117,8476872,Scott Laughton,26,LAK
2026020007,1,1192,1200,8476872,Scott Laughton,26,LAK
2026020007,2,23,63,8476872,Scott Laughton,26,LAK
2026020007,2,207,254,8476872,Scott Laughton,26,LAK
2026020007,2,409,445,8476872,Scott Laughton,26,LAK
2026020007,2,513,561,8476872,Scott Laughton,26,LAK
2026020007,2,645,675,8476872,Scott Laughton,26,LAK
2026020007,2,857,901,8476872,Scott Laughton,26,LAK
2026020007,2,949,961,8476872,Scott Laughton,26,LAK
2026020007,2,1000,1070,8476872,Scott Laughton,26,LAK
2026020007,3,125,187,8476872,Scott Laughton,26,LAK
2026020007,3,384,437,8476872,Scott Laughton,26,LAK
2026020007,3,552,594,8476872,Scott Laughton,26,LAK
2026020007,3,711,747,8476872,Scott Laughton,26,LAK
2026020007,3,855,906,8476872,Scott Laughton,26,LAK
2026020007,3,967,999,8476872,Scott Laughton,26,LAK
2026020007,3,1157,1200,8476872,Scott Laughton,26,LAK
2026020007,1,38,75,8476879,Cody Ceci,26,LAK
2026020007,1,180,229,8476879,Cody Ceci,26,LAK
2026020007,1,322,363,8476879,Cody Ceci,26,LAK
2026020007,1,425,466,8476879,Cody Ceci,26,LAK
2026020007,1,519,589,8476879,Cody Ceci,26,LAK
2026020007,1,763,834,8476879,Cody Ceci,26,LAK
2026020007,1,943,955,8476879,Cody Ceci,26,LAK
2026020007,1,1078,1117,8476879,Cody Ceci,26,LAK
2026020007,1,1192,1200,8476879,Cody Ceci,26,LAK
2026020007,2,0,23,8476879,Cody Ceci,26,LAK
2026020007,2,65,121,8476879,Cody Ceci,26,LAK
2026020007,2,210,253,8476879,Cody Ceci,26,LAK
2026020007,2,404,445,8476879,Cody Ceci,26,LAK
2026020007,2,513,548,8476879,Cody Ceci,26,LAK
2026020007,2,855,901,8476879,Cody Ceci,26,LAK
2026020007,2,961,1016,8476879,Cody Ceci,26,LAK
2026020007,2,1035,1070,8476879,Cody Ceci,26,LAK
2026020007,2,1167,1172,8476879,Cody Ceci,26,LAK
2026020007,3,65,125,8476879,Cody Ceci,26,LAK
2026020007,3,229,265,8476879,Cody Ceci,26,LAK
2026020007,3,392,437,8476879,Cody Ceci,26,LAK
2026020007,3,539,599,8476879,Cody Ceci,26,LAK
2026020007,3,681,752,8476879,Cody Ceci,26,LAK
2026020007,3,843,906,8476879,Cody Ceci,26,LAK
2026020007,3,939,1001,8476879,Cody Ceci,26,LAK
2026020007,3,1078,1138,8476879,Cody Ceci,26,LAK
2026020007,1,33,75,8476967,Brett Kulak,21,COL
2026020007,1,107,143,8476967,Brett Kulak,21,COL
2026020007,1,229,284,8476967,Brett Kulak,21,COL
2026020007,1,446,473,8476967,Brett Kulak,21,COL
2026020007,1,579,621,8476967,Brett Kulak,21,COL
2026020007,1,703,753,8476967,Brett Kulak,21,COL
2026020007,1,980,1050,8476967,Brett Kulak,21,COL
2026020007,1,1106,1144,8476967,Brett Kulak,21,COL
2026020007,2,143,256,8476967,Brett Kulak,21,COL
2026020007,2,375,424,8476967,Brett Kulak,21,COL
2026020007,2,445,473,8476967,Brett Kulak,21,COL
2026020007,2,590,634,8476967,Brett Kulak,21,COL
2026020007,2,784,821,8476967,Brett Kulak,21,COL
2026020007,2,864,931,8476967,Brett Kulak,21,COL
2026020007,2,1114,1172,8476967,Brett Kulak,21,COL
2026020007,3,54,140,8476967,Brett Kulak,21,COL
2026020007,3,227,270,8476967,Brett Kulak,21,COL
2026020007,3,308,381,8476967,Brett Kulak,21,COL
2026020007,3,437,475,8476967,Brett Kulak,21,COL
2026020007,3,595,664,8476967,Brett Kulak,21,COL
2026020007,3,837,855,8476967,Brett Kulak,21,COL
2026020007,3,957,1014,8476967,Brett Kulak,21,COL
2026020007,3,1156,1200,8476967,Brett Kulak,21,COL
2026020007,1,0,33,8477476,Artturi Lehkonen,21,COL
2026020007,1,180,229,8477476,Artturi Lehkonen,21,COL
2026020007,1,366,393,8477476,Artturi Lehkonen,21,COL
2026020007,1,434,520,8477476,Artturi Lehkonen,21,COL
2026020007,1,621,663,8477476,Artturi Lehkonen,21,COL
2026020007,1,753,794,8477476,Artturi Lehkonen,21,COL
2026020007,1,943,985,8477476,Artturi Lehkonen,21,COL
2026020007,1,1011,1051,8477476,Artturi Lehkonen,21,COL
2026020007,1,1117,1144,8477476,Artturi Lehkonen,21,COL
2026020007,2,88,146,8477476,Artturi Lehkonen,21,COL
2026020007,2,375,435,8477476,Artturi Lehkonen,21,COL
2026020007,2,473,513,8477476,Artturi Lehkonen,21,COL
2026020007,2,637,675,8477476,Artturi Lehkonen,21,COL
2026020007,2,739,783,8477476,Artturi Lehkonen,21,COL
2026020007,2,821,852,8477476,Artturi Lehkonen,21,COL
2026020007,2,1025,1035,8477476,Artturi Lehkonen,21,COL
2026020007,2,1070,1114,8477476,Artturi Lehkonen,21,COL
2026020007,2,1165,1200,8477476,Artturi Lehkonen,21,COL
2026020007,3,0,53,8477476,Artturi Lehkonen,21,COL
2026020007,3,181,229,8477476,Artturi Lehkonen,21,COL
2026020007,3,270,325,8477476,Artturi Lehkonen,21,COL
2026020007,3,537,596,8477476,Artturi Lehkonen,21,COL
2026020007,3,746,800,8477476,Artturi Lehkonen,21,COL
2026020007,3,855,906,8477476,Artturi Lehkonen,21,COL
2026020007,3,984,1037,8477476,Artturi Lehkonen,21,COL
2026020007,3,1120,1167,8477476,Artturi Lehkonen,21,COL
2026020007,1,0,38,8477492,Nathan MacKinnon,21,COL
2026020007,1,180,229,8477492,Nathan MacKinnon,21,COL
2026020007,1,288,366,8477492,Nathan MacKinnon,21,COL
2026020007,1,445,520,8477492,Nathan MacKinnon,21,COL
2026020007,1,746,800,8477492,Nathan MacKinnon,21,COL
2026020007,1,943,955,8477492,Nathan MacKinnon,21,COL
2026020007,1,1078,1117,8477492,Nathan MacKinnon,21,COL
2026020007,1,1152,1200,8477492,Nathan MacKinnon,21,COL
2026020007,2,0,88,8477492,Nathan MacKinnon,21,COL
2026020007,2,200,256,8477492,Nathan MacKinnon,21,COL
2026020007,2,366,433,8477492,Nathan MacKinnon,21,COL
2026020007,2,473,513,8477492,Nathan MacKinnon,21,COL
2026020007,2,636,675,8477492,Nathan MacKinnon,21,COL
2026020007,2,902,931,8477492,Nathan MacKinnon,21,COL
2026020007,2,1003,1070,8477492,Nathan MacKinnon,21,COL
2026020007,2,1172,1200,8477492,Nathan MacKinnon,21,COL
2026020007,3,0,24,8477492,Nathan MacKinnon,21,COL
2026020007,3,190,229,8477492,Nathan MacKinnon,21,COL
2026020007,3,383,437,8477492,Nathan MacKinnon,21,COL
2026020007,3,541,596,8477492,Nathan MacKinnon,21,COL
2026020007,3,679,711,8477492,Nathan MacKinnon,21,COL
2026020007,3,747,800,8477492,Nathan MacKinnon,21,COL
2026020007,1,0,38,8477960,Adrian Kempe,26,LAK
2026020007,1,196,229,8477960,Adrian Kempe,26,LAK
2026020007,1,393,434,8477960,Adrian Kempe,26,LAK
2026020007,1,473,519,8477960,Adrian Kempe,26,LAK
2026020007,1,619,705,8477960,Adrian Kempe,26,LAK
2026020007,1,792,843,8477960,Adrian Kempe,26,LAK
2026020007,1,955,1011,8477960,Adrian Kempe,26,LAK
2026020007,1,1106,1152,8477960,Adrian Kempe,26,LAK
2026020007,2,107,151,8477960,Adrian Kempe,26,LAK
2026020007,2,325,399,8477960,Adrian Kempe,26,LAK
2026020007,2,473,513,8477960,Adrian Kempe,26,LAK
2026020007,2,612,652,8477960,Adrian Kempe,26,LAK
2026020007,2,718,821,8477960,Adrian Kempe,26,LAK
2026020007,2,924,949,8477960,Adrian Kempe,26,LAK
2026020007,2,1114,1172,8477960,Adrian Kempe,26,LAK
2026020007,3,0,55,8477960,Adrian Kempe,26,LAK
2026020007,3,270,347,8477960,Adrian Kempe,26,LAK
2026020007,3,389,413,8477960,Adrian Kempe,26,LAK
2026020007,3,540,552,8477960,Adrian Kempe,26,LAK
2026020007,3,574,632,8477960,Adrian Kempe,26,LAK
2026020007,3,735,843,8477960,Adrian Kempe,26,LAK
2026020007,3,1005,1053,8477960,Adrian Kempe,26,LAK
2026020007,1,0,33,8478038,Devon Toews,21,COL
2026020007,1,178,229,8478038,Devon Toews,21,COL
2026020007,1,365,446,8478038,Devon Toews,21,COL
2026020007,1,473,523,8478038,Devon Toews,21,COL
2026020007,1,621,642,8478038,Devon Toews,21,COL
2026020007,1,794,844,8478038,Devon Toews,21,COL
2026020007,1,914,955,8478038,Devon Toews,21,COL
2026020007,1,1075,1106,8478038,Devon Toews,21,COL
2026020007,2,88,143,8478038,Devon Toews,21,COL
2026020007,2,301,363,8478038,Devon Toews,21,COL
2026020007,2,473,510,8478038,Devon Toews,21,COL
2026020007,2,658,739,8478038,Devon Toews,21,COL
2026020007,2,783,862,8478038,Devon Toews,21,COL
2026020007,2,1009,1035,8478038,Devon Toews,21,COL
2026020007,2,1070,1114,8478038,Devon Toews,21,COL
2026020007,2,1172,1200,8478038,Devon Toews,21,COL
2026020007,3,0,54,8478038,Devon Toews,21,COL
2026020007,3,190,227,8478038,Devon Toews,21,COL
2026020007,3,270,309,8478038,Devon Toews,21,COL
2026020007,3,381,437,8478038,Devon Toews,21,COL
2026020007,3,552,595,8478038,Devon Toews,21,COL
2026020007,3,745,837,8478038,Devon Toews,21,COL
2026020007,3,855,906,8478038,Devon Toews,21,COL
2026020007,3,1009,1071,8478038,Devon Toews,21,COL
2026020007,1,0,1200,8478406,Mackenzie Blackwood,21,COL
2026020007,2,0,1200,8478406,Mackenzie Blackwood,21,COL
2026020007,3,0,1200,8478406,Mackenzie Blackwood,21,COL
2026020007,1,107,143,8478454,Noah Juulsen,21,COL
2026020007,1,284,288,8478454,Noah Juulsen,21,COL
2026020007,1,446,473,8478454,Noah Juulsen,21,COL
2026020007,1,580,621,8478454,Noah Juulsen,21,COL
2026020007,1,753,793,8478454,Noah Juulsen,21,COL
2026020007,1,914,943,8478454,Noah Juulsen,21,COL
2026020007,1,1076,1078,8478454,Noah Juulsen,21,COL
2026020007,1,1117,1144,8478454,Noah Juulsen,21,COL
2026020007,2,291,325,8478454,Noah Juulsen,21,COL
2026020007,2,363,395,8478454,Noah Juulsen,21,COL
2026020007,2,473,504,8478454,Noah Juulsen,21,COL
2026020007,2,862,929,8478454,Noah Juulsen,21,COL
2026020007,2,1172,1200,8478454,Noah Juulsen,21,COL
2026020007,3,229,270,8478454,Noah Juulsen,21,COL
2026020007,3,390,393,8478454,Noah Juulsen,21,COL
2026020007,3,437,473,8478454,Noah Juulsen,21,COL
2026020007,3,609,648,8478454,Noah Juulsen,21,COL
2026020007,3,711,745,8478454,Noah Juulsen,21,COL
2026020007,3,906,957,8478454,Noah Juulsen,21,COL
2026020007,3,1070,1103,8478454,Noah Juulsen,21,COL
2026020007,3,1160,1200,8478454,Noah Juulsen,21,COL
2026020007,1,143,180,8478462,Nicolas Roy,21,COL
2026020007,1,393,433,8478462,Nicolas Roy,21,COL
2026020007,1,614,621,8478462,Nicolas Roy,21,COL
2026020007,1,704,756,8478462,Nicolas Roy,21,COL
2026020007,1,914,943,8478462,Nicolas Roy,21,COL
2026020007,1,979,1011,8478462,Nicolas Roy,21,COL
2026020007,1,1144,1152,8478462,Nicolas Roy,21,COL
2026020007,2,131,176,8478462,Nicolas Roy,21,COL
2026020007,2,513,578,8478462,Nicolas Roy,21,COL
2026020007,2,784,821,8478462,Nicolas Roy,21,COL
2026020007,2,931,961,8478462,Nicolas Roy,21,COL
2026020007,2,1114,1172,8478462,Nicolas Roy,21,COL
2026020007,3,126,190,8478462,Nicolas Roy,21,COL
2026020007,3,309,344,8478462,Nicolas Roy,21,COL
2026020007,3,489,539,8478462,Nicolas Roy,21,COL
2026020007,3,633,679,8478462,Nicolas Roy,21,COL
2026020007,3,843,855,8478462,Nicolas Roy,21,COL
2026020007,3,958,1005,8478462,Nicolas Roy,21,COL
2026020007,3,1130,1168,8478462,Nicolas Roy,21,COL
2026020007,1,0,38,8478550,Artemi Panarin,26,LAK
2026020007,1,196,229,8478550,Artemi Panarin,26,LAK
2026020007,1,393,447,8478550,Artemi Panarin,26,LAK
2026020007,1,473,524,8478550,Artemi Panarin,26,LAK
2026020007,1,613,705,8478550,Artemi Panarin,26,LAK
2026020007,1,793,846,8478550,Artemi Panarin,26,LAK
2026020007,1,955,1078,8478550,Artemi Panarin,26,LAK
2026020007,1,1124,1152,8478550,Artemi Panarin,26,LAK
2026020007,2,121,175,8478550,Artemi Panarin,26,LAK
2026020007,2,325,374,8478550,Artemi Panarin,26,LAK
2026020007,2,473,513,8478550,Artemi Panarin,26,LAK
2026020007,2,612,654,8478550,Artemi Panarin,26,LAK
2026020007,2,727,821,8478550,Artemi Panarin,26,LAK
2026020007,2,902,949,8478550,Artemi Panarin,26,LAK
2026020007,2,1114,1172,8478550,Artemi Panarin,26,LAK
2026020007,3,0,66,8478550,Artemi Panarin,26,LAK
2026020007,3,270,346,8478550,Artemi Panarin,26,LAK
2026020007,3,540,552,8478550,Artemi Panarin,26,LAK
2026020007,3,595,635,8478550,Artemi Panarin,26,LAK
2026020007,3,705,711,8478550,Artemi Panarin,26,LAK
2026020007,3,747,843,8478550,Artemi Panarin,26,LAK
2026020007,3,998,1062,8478550,Artemi Panarin,26,LAK
2026020007,1,38,75,8479675,Trevor Moore,26,LAK
2026020007,1,180,196,8479675,Trevor Moore,26,LAK
2026020007,1,288,322,8479675,Trevor Moore,26,LAK
2026020007,1,577,619,8479675,Trevor Moore,26,LAK
2026020007,1,758,792,8479675,Trevor Moore,26,LAK
2026020007,1,914,943,8479675,Trevor Moore,26,LAK
2026020007,1,1078,1117,8479675,Trevor Moore,26,LAK
2026020007,2,23,65,8479675,Trevor Moore,26,LAK
2026020007,2,221,256,8479675,Trevor Moore,26,LAK
2026020007,2,374,445,8479675,Trevor Moore,26,LAK
2026020007,2,513,552,8479675,Trevor Moore,26,LAK
2026020007,2,654,675,8479675,Trevor Moore,26,LAK
2026020007,2,730,739,8479675,Trevor Moore,26,LAK
2026020007,2,860,903,8479675,Trevor Moore,26,LAK
2026020007,2,949,961,8479675,Trevor Moore,26,LAK
2026020007,2,1003,1070,8479675,Trevor Moore,26,LAK
2026020007,3,126,190,8479675,Trevor Moore,26,LAK
2026020007,3,385,437,8479675,Trevor Moore,26,LAK
2026020007,3,552,595,8479675,Trevor Moore,26,LAK
2026020007,3,711,746,8479675,Trevor Moore,26,LAK
2026020007,3,855,906,8479675,Trevor Moore,26,LAK
2026020007,3,957,998,8479675,Trevor Moore,26,LAK
2026020007,3,1160,1200,8479675,Trevor Moore,26,LAK
2026020007,1,38,75,8479998,Mikey Anderson,26,LAK
2026020007,1,180,229,8479998,Mikey Anderson,26,LAK
2026020007,1,323,363,8479998,Mikey Anderson,26,LAK
2026020007,1,519,574,8479998,Mikey Anderson,26,LAK
2026020007,1,763,851,8479998,Mikey Anderson,26,LAK
2026020007,1,943,955,8479998,Mikey Anderson,26,LAK
2026020007,1,1078,1117,8479998,Mikey Anderson,26,LAK
2026020007,1,1192,1200,8479998,Mikey Anderson,26,LAK
2026020007,2,0,23,8479998,Mikey Anderson,26,LAK
2026020007,2,63,122,8479998,Mikey Anderson,26,LAK
2026020007,2,182,251,8479998,Mikey Anderson,26,LAK
2026020007,2,357,404,8479998,Mikey Anderson,26,LAK
2026020007,2,513,577,8479998,Mikey Anderson,26,LAK
2026020007,2,672,675,8479998,Mikey Anderson,26,LAK
2026020007,2,855,902,8479998,Mikey Anderson,26,LAK
2026020007,2,961,1017,8479998,Mikey Anderson,26,LAK
2026020007,2,1035,1068,8479998,Mikey Anderson,26,LAK
2026020007,2,1149,1200,8479998,Mikey Anderson,26,LAK
2026020007,3,65,124,8479998,Mikey Anderson,26,LAK
2026020007,3,229,263,8479998,Mikey Anderson,26,LAK
2026020007,3,382,437,8479998,Mikey Anderson,26,LAK
2026020007,3,552,595,8479998,Mikey Anderson,26,LAK
2026020007,3,711,751,8479998,Mikey Anderson,26,LAK
2026020007,3,843,906,8479998,Mikey Anderson,26,LAK
2026020007,3,1000,1037,8479998,Mikey Anderson,26,LAK
2026020007,3,1089,1139,8479998,Mikey Anderson,26,LAK
2026020007,1,0,38,8480039,Martin Necas,21,COL
2026020007,1,180,229,8480039,Martin Necas,21,COL
2026020007,1,288,368,8480039,Martin Necas,21,COL
2026020007,1,433,524,8480039,Martin Necas,21,COL
2026020007,1,756,805,8480039,Martin Necas,21,COL
2026020007,1,943,955,8480039,Martin Necas,21,COL
2026020007,1,1078,1117,8480039,Martin Necas,21,COL
2026020007,1,1152,1200,8480039,Martin Necas,21,COL
2026020007,2,0,88,8480039,Martin Necas,21,COL
2026020007,2,176,256,8480039,Martin Necas,21,COL
2026020007,2,375,433,8480039,Martin Necas,21,COL
2026020007,2,473,513,8480039,Martin Necas,21,COL
2026020007,2,634,675,8480039,Martin Necas,21,COL
2026020007,2,900,949,8480039,Martin Necas,21,COL
2026020007,2,1007,1070,8480039,Martin Necas,21,COL
2026020007,2,1172,1200,8480039,Martin Necas,21,COL
2026020007,3,0,64,8480039,Martin Necas,21,COL
2026020007,3,187,229,8480039,Martin Necas,21,COL
2026020007,3,393,437,8480039,Martin Necas,21,COL
2026020007,3,539,611,8480039,Martin Necas,21,COL
2026020007,3,748,800,8480039,Martin Necas,21,COL
2026020007,3,1005,1029,8480039,Martin Necas,21,COL
2026020007,1,0,33,8480069,Cale Makar,21,COL
2026020007,1,178,229,8480069,Cale Makar,21,COL
2026020007,1,288,365,8480069,Cale Makar,21,COL
2026020007,1,473,529,8480069,Cale Makar,21,COL
2026020007,1,621,705,8480069,Cale Makar,21,COL
2026020007,1,810,852,8480069,Cale Makar,21,COL
2026020007,1,943,955,8480069,Cale Makar,21,COL
2026020007,1,992,1030,8480069,Cale Makar,21,COL
2026020007,1,1152,1200,8480069,Cale Makar,21,COL
2026020007,2,0,88,8480069,Cale Makar,21,COL
2026020007,2,325,375,8480069,Cale Makar,21,COL
2026020007,2,426,445,8480069,Cale Makar,21,COL
2026020007,2,634,718,8480069,Cale Makar,21,COL
2026020007,2,1008,1070,8480069,Cale Makar,21,COL
2026020007,3,0,56,8480069,Cale Makar,21,COL
2026020007,3,201,229,8480069,Cale Makar,21,COL
2026020007,3,413,437,8480069,Cale Makar,21,COL
2026020007,3,519,609,8480069,Cale Makar,21,COL
2026020007,3,747,843,8480069,Cale Makar,21,COL
2026020007,3,1014,1070,8480069,Cale Makar,21,COL
2026020007,1,143,180,8480448,Parker Kelly,21,COL
2026020007,1,393,434,8480448,Parker Kelly,21,COL
2026020007,1,663,704,8480448,Parker Kelly,21,COL
2026020007,1,914,943,8480448,Parker Kelly,21,COL
2026020007,1,985,1010,8480448,Parker Kelly,21,COL
2026020007,1,1050,1078,8480448,Parker Kelly,21,COL
2026020007,2,146,204,8480448,Parker Kelly,21,COL
2026020007,2,321,375,8480448,Parker Kelly,21,COL
2026020007,2,513,560,8480448,Parker Kelly,21,COL
2026020007,2,675,720,8480448,Parker Kelly,21,COL
2026020007,2,783,821,8480448,Parker Kelly,21,COL
2026020007,2,849,872,8480448,Parker Kelly,21,COL
2026020007,2,949,961,8480448,Parker Kelly,21,COL
2026020007,2,1114,1165,8480448,Parker Kelly,21,COL
2026020007,3,265,270,8480448,Parker Kelly,21,COL
2026020007,3,278,309,8480448,Parker Kelly,21,COL
2026020007,3,345,383,8480448,Parker Kelly,21,COL
2026020007,3,492,537,8480448,Parker Kelly,21,COL
2026020007,3,843,855,8480448,Parker Kelly,21,COL
2026020007,3,906,934,8480448,Parker Kelly,21,COL
2026020007,3,1029,1081,8480448,Parker Kelly,21,COL
2026020007,3,1167,1200,8480448,Parker Kelly,21,COL
2026020007,1,75,128,8481532,Alex Turcotte,26,LAK
2026020007,1,229,277,8481532,Alex Turcotte,26,LAK
2026020007,1,364,393,8481532,Alex Turcotte,26,LAK
2026020007,1,435,473,8481532,Alex Turcotte,26,LAK
2026020007,1,519,564,8481532,Alex Turcotte,26,LAK
2026020007,1,705,758,8481532,Alex Turcotte,26,LAK
2026020007,1,850,914,8481532,Alex Turcotte,26,LAK
2026020007,1,1014,1078,8481532,Alex Turcotte,26,LAK
2026020007,2,160,207,8481532,Alex Turcotte,26,LAK
2026020007,2,445,473,8481532,Alex Turcotte,26,LAK
2026020007,2,675,724,8481532,Alex Turcotte,26,LAK
2026020007,2,821,860,8481532,Alex Turcotte,26,LAK
2026020007,2,961,1000,8481532,Alex Turcotte,26,LAK
2026020007,2,1172,1200,8481532,Alex Turcotte,26,LAK
2026020007,3,52,124,8481532,Alex Turcotte,26,LAK
2026020007,3,229,270,8481532,Alex Turcotte,26,LAK
2026020007,3,347,382,8481532,Alex Turcotte,26,LAK
2026020007,3,491,537,8481532,Alex Turcotte,26,LAK
2026020007,3,666,711,8481532,Alex Turcotte,26,LAK
2026020007,3,843,855,8481532,Alex Turcotte,26,LAK
2026020007,3,1054,1114,8481532,Alex Turcotte,26,LAK
2026020007,1,130,179,8481732,Andre Lee,26,LAK
2026020007,1,278,288,8481732,Andre Lee,26,LAK
2026020007,1,948,955,8481732,Andre Lee,26,LAK
2026020007,2,256,325,8481732,Andre Lee,26,LAK
2026020007,2,552,612,8481732,Andre Lee,26,LAK
2026020007,2,872,924,8481732,Andre Lee,26,LAK
2026020007,3,190,229,8481732,Andre Lee,26,LAK
2026020007,3,437,491,8481732,Andre Lee,26,LAK
2026020007,3,635,678,8481732,Andre Lee,26,LAK
2026020007,3,906,957,8481732,Andre Lee,26,LAK
2026020007,3,1118,1160,8481732,Andre Lee,26,LAK
2026020007,1,0,38,8482124,Quinton Byfield,26,LAK
2026020007,1,196,229,8482124,Quinton Byfield,26,LAK
2026020007,1,393,435,8482124,Quinton Byfield,26,LAK
2026020007,1,473,519,8482124,Quinton Byfield,26,LAK
2026020007,1,621,710,8482124,Quinton Byfield,26,LAK
2026020007,1,793,850,8482124,Quinton Byfield,26,LAK
2026020007,1,955,1012,8482124,Quinton Byfield,26,LAK
2026020007,1,1117,1152,8482124,Quinton Byfield,26,LAK
2026020007,2,110,160,8482124,Quinton Byfield,26,LAK
2026020007,2,325,409,8482124,Quinton Byfield,26,LAK
2026020007,2,473,513,8482124,Quinton Byfield,26,LAK
2026020007,2,601,645,8482124,Quinton Byfield,26,LAK
2026020007,2,724,805,8482124,Quinton Byfield,26,LAK
2026020007,2,903,949,8482124,Quinton Byfield,26,LAK
2026020007,2,1114,1172,8482124,Quinton Byfield,26,LAK
2026020007,3,0,52,8482124,Quinton Byfield,26,LAK
2026020007,3,270,349,8482124,Quinton Byfield,26,LAK
2026020007,3,537,552,8482124,Quinton Byfield,26,LAK
2026020007,3,595,636,8482124,Quinton Byfield,26,LAK
2026020007,3,746,843,8482124,Quinton Byfield,26,LAK
2026020007,3,999,1054,8482124,Quinton Byfield,26,LAK
2026020007,1,75,130,8482155,Alex Laferriere,26,LAK
2026020007,1,229,279,8482155,Alex Laferriere,26,LAK
2026020007,1,363,393,8482155,Alex Laferriere,26,LAK
2026020007,1,447,473,8482155,Alex Laferriere,26,LAK
2026020007,1,524,577,8482155,Alex Laferriere,26,LAK
2026020007,1,705,753,8482155,Alex Laferriere,26,LAK
2026020007,1,846,914,8482155,Alex Laferriere,26,LAK
2026020007,1,1011,1078,8482155,Alex Laferriere,26,LAK
2026020007,2,175,221,8482155,Alex Laferriere,26,LAK
2026020007,2,445,473,8482155,Alex Laferriere,26,LAK
2026020007,2,675,730,8482155,Alex Laferriere,26,LAK
2026020007,2,805,855,8482155,Alex Laferriere,26,LAK
2026020007,2,961,1003,8482155,Alex Laferriere,26,LAK
2026020007,2,1172,1200,8482155,Alex Laferriere,26,LAK
2026020007,3,66,126,8482155,Alex Laferriere,26,LAK
2026020007,3,229,270,8482155,Alex Laferriere,26,LAK
2026020007,3,349,385,8482155,Alex Laferriere,26,LAK
2026020007,3,493,540,8482155,Alex Laferriere,26,LAK
2026020007,3,678,711,8482155,Alex Laferriere,26,LAK
2026020007,3,843,855,8482155,Alex Laferriere,26,LAK
2026020007,3,1062,1118,8482155,Alex Laferriere,26,LAK
2026020007,1,128,180,8482726,Samuel Helenius,26,LAK
2026020007,1,277,288,8482726,Samuel Helenius,26,LAK
2026020007,1,943,955,8482726,Samuel Helenius,26,LAK
2026020007,2,253,325,8482726,Samuel Helenius,26,LAK
2026020007,2,561,601,8482726,Samuel Helenius,26,LAK
2026020007,3,187,229,8482726,Samuel Helenius,26,LAK
2026020007,3,437,493,8482726,Samuel Helenius,26,LAK
2026020007,3,636,666,8482726,Samuel Helenius,26,LAK
2026020007,3,906,967,8482726,Samuel Helenius,26,LAK
2026020007,3,1114,1157,8482726,Samuel Helenius,26,LAK
2026020007,1,75,139,8482730,Brandt Clarke,26,LAK
2026020007,1,262,288,8482730,Brandt Clarke,26,LAK
2026020007,1,393,457,8482730,Brandt Clarke,26,LAK
2026020007,1,569,713,8482730,Brandt Clarke,26,LAK
2026020007,1,834,906,8482730,Brandt Clarke,26,LAK
2026020007,1,955,1021,8482730,Brandt Clarke,26,LAK
2026020007,2,122,159,8482730,Brandt Clarke,26,LAK
2026020007,2,249,325,8482730,Brandt Clarke,26,LAK
2026020007,2,445,473,8482730,Brandt Clarke,26,LAK
2026020007,2,548,612,8482730,Brandt Clarke,26,LAK
2026020007,2,675,727,8482730,Brandt Clarke,26,LAK
2026020007,2,783,855,8482730,Brandt Clarke,26,LAK
2026020007,2,1017,1035,8482730,Brandt Clarke,26,LAK
2026020007,2,1114,1167,8482730,Brandt Clarke,26,LAK
2026020007,3,124,188,8482730,Brandt Clarke,26,LAK
2026020007,3,263,331,8482730,Brandt Clarke,26,LAK
2026020007,3,437,509,8482730,Brandt Clarke,26,LAK
2026020007,3,594,642,8482730,Brandt Clarke,26,LAK
2026020007,3,751,800,8482730,Brandt Clarke,26,LAK
2026020007,1,75,143,8482768,Fedor Svechkov,21,COL
2026020007,1,279,288,8482768,Fedor Svechkov,21,COL
2026020007,1,393,445,8482768,Fedor Svechkov,21,COL
2026020007,1,574,614,8482768,Fedor Svechkov,21,COL
2026020007,1,705,752,8482768,Fedor Svechkov,21,COL
2026020007,1,845,914,8482768,Fedor Svechkov,21,COL
2026020007,1,1051,1078,8482768,Fedor Svechkov,21,COL
2026020007,2,145,200,8482768,Fedor Svechkov,21,COL
2026020007,2,300,366,8482768,Fedor Svechkov,21,COL
2026020007,2,675,739,8482768,Fedor Svechkov,21,COL
2026020007,2,852,902,8482768,Fedor Svechkov,21,COL
2026020007,2,1114,1172,8482768,Fedor Svechkov,21,COL
2026020007,3,74,126,8482768,Fedor Svechkov,21,COL
2026020007,3,325,345,8482768,Fedor Svechkov,21,COL
2026020007,3,490,541,8482768,Fedor Svechkov,21,COL
2026020007,3,678,711,8482768,Fedor Svechkov,21,COL
2026020007,3,837,855,8482768,Fedor Svechkov,21,COL
2026020007,3,906,960,8482768,Fedor Svechkov,21,COL
2026020007,3,1029,1082,8482768,Fedor Svechkov,21,COL
2026020007,3,1158,1200,8482768,Fedor Svechkov,21,COL
2026020007,1,33,75,8484258,Sam Malinski,21,COL
2026020007,1,143,178,8484258,Sam Malinski,21,COL
2026020007,1,283,288,8484258,Sam Malinski,21,COL
2026020007,1,393,446,8484258,Sam Malinski,21,COL
2026020007,1,752,810,8484258,Sam Malinski,21,COL
2026020007,1,1075,1117,8484258,Sam Malinski,21,COL
2026020007,1,1144,1152,8484258,Sam Malinski,21,COL
2026020007,2,107,256,8484258,Sam Malinski,21,COL
2026020007,2,445,473,8484258,Sam Malinski,21,COL
2026020007,2,588,658,8484258,Sam Malinski,21,COL
2026020007,2,821,864,8484258,Sam Malinski,21,COL
2026020007,2,1114,1172,8484258,Sam Malinski,21,COL
2026020007,3,56,139,8484258,Sam Malinski,21,COL
2026020007,3,383,413,8484258,Sam Malinski,21,COL
2026020007,3,520,552,8484258,Sam Malinski,21,COL
2026020007,3,711,747,8484258,Sam Malinski,21,COL
2026020007,3,957,1009,8484258,Sam Malinski,21,COL
2026020007,3,1113,1156,8484258,Sam Malinski,21,COL
2026020007,1,75,141,8486171,T.J. Hughes,21,COL
2026020007,1,264,366,8486171,T.J. Hughes,21,COL
2026020007,1,577,621,8486171,T.J. Hughes,21,COL
2026020007,1,856,914,8486171,T.J. Hughes,21,COL
2026020007,1,1144,1192,8486171,T.J. Hughes,21,COL
2026020007,2,23,88,8486171,T.J. Hughes,21,COL
2026020007,2,317,375,8486171,T.J. Hughes,21,COL
2026020007,2,675,722,8486171,T.J. Hughes,21,COL
2026020007,2,859,900,8486171,T.J. Hughes,21,COL
2026020007,2,1035,1070,8486171,T.J. Hughes,21,COL
2026020007,3,128,187,8486171,T.J. Hughes,21,COL
2026020007,3,437,490,8486171,T.J. Hughes,21,COL
2026020007,3,638,678,8486171,T.J. Hughes,21,COL
2026020007,3,906,957,8486171,T.J. Hughes,21,COL
2026020007,3,1082,1130,8486171,T.J. Hughes,21,COL
2026020008,1,0,35,8475151,Kyle Palmieri,2,NYI
2026020008,1,164,215,8475151,Kyle Palmieri,2,NYI
2026020008,1,339,404,8475151,Kyle Palmieri,2,NYI
2026020008,1,525,564,8475151,Kyle Palmieri,2,NYI
2026020008,1,737,801,8475151,Kyle Palmieri,2,NYI
2026020008,1,1102,1159,8475151,Kyle Palmieri,2,NYI
2026020008,2,39,92,8475151,Kyle Palmieri,2,NYI
2026020008,2,218,320,8475151,Kyle Palmieri,2,NYI
2026020008,2,485,509,8475151,Kyle Palmieri,2,NYI
2026020008,2,515,617,8475151,Kyle Palmieri,2,NYI
2026020008,2,775,822,8475151,Kyle Palmieri,2,NYI
2026020008,2,948,974,8475151,Kyle Palmieri,2,NYI
2026020008,2,1070,1094,8475151,Kyle Palmieri,2,NYI
2026020008,3,55,99,8475151,Kyle Palmieri,2,NYI
2026020008,3,220,257,8475151,Kyle Palmieri,2,NYI
2026020008,3,419,472,8475151,Kyle Palmieri,2,NYI
2026020008,3,645,701,8475151,Kyle Palmieri,2,NYI
2026020008,3,746,780,8475151,Kyle Palmieri,2,NYI
2026020008,3,946,1003,8475151,Kyle Palmieri,2,NYI
2026020008,3,1055,1200,8475151,Kyle Palmieri,2,NYI
2026020008,1,78,125,8475166,John Tavares,10,TOR
2026020008,1,286,341,8475166,John Tavares,10,TOR
2026020008,1,536,592,8475166,John Tavares,10,TOR
2026020008,1,601,678,8475166,John Tavares,10,TOR
2026020008,1,834,877,8475166,John Tavares,10,TOR
2026020008,1,925,1001,8475166,John Tavares,10,TOR
2026020008,2,79,119,8475166,John Tavares,10,TOR
2026020008,2,200,221,8475166,John Tavares,10,TOR
2026020008,2,341,401,8475166,John Tavares,10,TOR
2026020008,2,665,776,8475166,John Tavares,10,TOR
2026020008,2,893,942,8475166,John Tavares,10,TOR
2026020008,2,1065,1170,8475166,John Tavares,10,TOR
2026020008,3,100,159,8475166,John Tavares,10,TOR
2026020008,3,337,412,8475166,John Tavares,10,TOR
2026020008,3,572,609,8475166,John Tavares,10,TOR
2026020008,3,794,849,8475166,John Tavares,10,TOR
2026020008,3,1148,1200,8475166,John Tavares,10,TOR
2026020008,1,78,125,8475170,Brayden Schenn,2,NYI
2026020008,1,263,308,8475170,Brayden Schenn,2,NYI
2026020008,1,434,479,8475170,Brayden Schenn,2,NYI
2026020008,1,715,737,8475170,Brayden Schenn,2,NYI
2026020008,1,877,925,8475170,Brayden Schenn,2,NYI
2026020008,1,1159,1200,8475170,Brayden Schenn,2,NYI
2026020008,2,92,159,8475170,Brayden Schenn,2,NYI
2026020008,2,219,281,8475170,Brayden Schenn,2,NYI
2026020008,2,509,615,8475170,Brayden Schenn,2,NYI
2026020008,2,825,885,8475170,Brayden Schenn,2,NYI
2026020008,2,1021,1094,8475170,Brayden Schenn,2,NYI
2026020008,3,14,55,8475170,Brayden Schenn,2,NYI
2026020008,3,187,220,8475170,Brayden Schenn,2,NYI
2026020008,3,409,497,8475170,Brayden Schenn,2,NYI
2026020008,3,650,700,8475170,Brayden Schenn,2,NYI
2026020008,3,746,785,8475170,Brayden Schenn,2,NYI
2026020008,1,76,108,8475171,Oliver Ekman-Larsson,10,TOR
2026020008,1,222,264,8475171,Oliver Ekman-Larsson,10,TOR
2026020008,1,414,434,8475171,Oliver Ekman-Larsson,10,TOR
2026020008,1,536,582,8475171,Oliver Ekman-Larsson,10,TOR
2026020008,1,715,737,8475171,Oliver Ekman-Larsson,10,TOR
2026020008,1,834,873,8475171,Oliver Ekman-Larsson,10,TOR
2026020008,1,1042,1106,8475171,Oliver Ekman-Larsson,10,TOR
2026020008,1,1184,1200,8475171,Oliver Ekman-Larsson,10,TOR
2026020008,2,78,111,8475171,Oliver Ekman-Larsson,10,TOR
2026020008,2,150,198,8475171,Oliver Ekman-Larsson,10,TOR
2026020008,2,243,281,8475171,Oliver Ekman-Larsson,10,TOR
2026020008,2,335,401,8475171,Oliver Ekman-Larsson,10,TOR
2026020008,2,509,515,8475171,Oliver Ekman-Larsson,10,TOR
2026020008,2,775,816,8475171,Oliver Ekman-Larsson,10,TOR
2026020008,2,953,1008,8475171,Oliver Ekman-Larsson,10,TOR
2026020008,3,104,136,8475171,Oliver Ekman-Larsson,10,TOR
2026020008,3,220,257,8475171,Oliver Ekman-Larsson,10,TOR
2026020008,3,415,419,8475171,Oliver Ekman-Larsson,10,TOR
2026020008,3,471,518,8475171,Oliver Ekman-Larsson,10,TOR
2026020008,3,572,600,8475171,Oliver Ekman-Larsson,10,TOR
2026020008,3,650,696,8475171,Oliver Ekman-Larsson,10,TOR
2026020008,3,746,812,8475171,Oliver Ekman-Larsson,10,TOR
2026020008,3,1003,1052,8475171,Oliver Ekman-Larsson,10,TOR
2026020008,3,1147,1200,8475171,Oliver Ekman-Larsson,10,TOR
2026020008,1,109,161,8475231,Casey Cizikas,2,NYI
2026020008,1,308,341,8475231,Casey Cizikas,2,NYI
2026020008,1,481,526,8475231,Casey Cizikas,2,NYI
2026020008,1,678,715,8475231,Casey Cizikas,2,NYI
2026020008,1,834,873,8475231,Casey Cizikas,2,NYI
2026020008,1,1001,1020,8475231,Casey Cizikas,2,NYI
2026020008,2,168,216,8475231,Casey Cizikas,2,NYI
2026020008,2,373,443,8475231,Casey Cizikas,2,NYI
2026020008,2,683,718,8475231,Casey Cizikas,2,NYI
2026020008,2,880,942,8475231,Casey Cizikas,2,NYI
2026020008,2,1170,1200,8475231,Casey Cizikas,2,NYI
2026020008,3,0,54,8475231,Casey Cizikas,2,NYI
2026020008,3,187,220,8475231,Casey Cizikas,2,NYI
2026020008,3,407,419,8475231,Casey Cizikas,2,NYI
2026020008,1,0,35,8475690,Chris Tanev,10,TOR
2026020008,1,108,148,8475690,Chris Tanev,10,TOR
2026020008,1,257,317,8475690,Chris Tanev,10,TOR
2026020008,1,412,414,8475690,Chris Tanev,10,TOR
2026020008,1,434,468,8475690,Chris Tanev,10,TOR
2026020008,1,582,601,8475690,Chris Tanev,10,TOR
2026020008,1,737,783,8475690,Chris Tanev,10,TOR
2026020008,1,873,925,8475690,Chris Tanev,10,TOR
2026020008,1,1113,1140,8475690,Chris Tanev,10,TOR
2026020008,2,0,44,8475690,Chris Tanev,10,TOR
2026020008,2,119,150,8475690,Chris Tanev,10,TOR
2026020008,2,221,242,8475690,Chris Tanev,10,TOR
2026020008,2,334,401,8475690,Chris Tanev,10,TOR
2026020008,2,485,509,8475690,Chris Tanev,10,TOR
2026020008,2,515,666,8475690,Chris Tanev,10,TOR
2026020008,2,827,871,8475690,Chris Tanev,10,TOR
2026020008,2,1010,1046,8475690,Chris Tanev,10,TOR
2026020008,3,60,94,8475690,Chris Tanev,10,TOR
2026020008,3,160,220,8475690,Chris Tanev,10,TOR
2026020008,3,335,406,8475690,Chris Tanev,10,TOR
2026020008,3,419,470,8475690,Chris Tanev,10,TOR
2026020008,3,519,544,8475690,Chris Tanev,10,TOR
2026020008,3,600,632,8475690,Chris Tanev,10,TOR
2026020008,3,650,697,8475690,Chris Tanev,10,TOR
2026020008,3,746,778,8475690,Chris Tanev,10,TOR
2026020008,3,939,999,8475690,Chris Tanev,10,TOR
2026020008,3,1052,1146,8475690,Chris Tanev,10,TOR
2026020008,1,125,162,8476292,Ondrej Palat,2,NYI
2026020008,1,308,338,8476292,Ondrej Palat,2,NYI
2026020008,1,477,525,8476292,Ondrej Palat,2,NYI
2026020008,1,680,715,8476292,Ondrej Palat,2,NYI
2026020008,1,834,873,8476292,Ondrej Palat,2,NYI
2026020008,1,1001,1021,8476292,Ondrej Palat,2,NYI
2026020008,2,181,218,8476292,Ondrej Palat,2,NYI
2026020008,2,341,396,8476292,Ondrej Palat,2,NYI
2026020008,2,401,447,8476292,Ondrej Palat,2,NYI
2026020008,2,682,732,8476292,Ondrej Palat,2,NYI
2026020008,2,885,943,8476292,Ondrej Palat,2,NYI
2026020008,3,0,55,8476292,Ondrej Palat,2,NYI
2026020008,3,187,220,8476292,Ondrej Palat,2,NYI
2026020008,3,408,419,8476292,Ondrej Palat,2,NYI
2026020008,3,544,596,8476292,Ondrej Palat,2,NYI
2026020008,1,35,63,8476419,Jean-Gabriel Pageau,2,NYI
2026020008,1,219,265,8476419,Jean-Gabriel Pageau,2,NYI
2026020008,1,404,434,8476419,Jean-Gabriel Pageau,2,NYI
2026020008,1,570,634,8476419,Jean-Gabriel Pageau,2,NYI
2026020008,1,803,834,8476419,Jean-Gabriel Pageau,2,NYI
2026020008,1,925,948,8476419,Jean-Gabriel Pageau,2,NYI
2026020008,1,1020,1084,8476419,Jean-Gabriel Pageau,2,NYI
2026020008,2,0,39,8476419,Jean-Gabriel Pageau,2,NYI
2026020008,2,443,485,8476419,Jean-Gabriel Pageau,2,NYI
2026020008,2,718,768,8476419,Jean-Gabriel Pageau,2,NYI
2026020008,2,974,1019,8476419,Jean-Gabriel Pageau,2,NYI
2026020008,2,1094,1116,8476419,Jean-Gabriel Pageau,2,NYI
2026020008,2,1170,1200,8476419,Jean-Gabriel Pageau,2,NYI
2026020008,3,159,187,8476419,Jean-Gabriel Pageau,2,NYI
2026020008,3,257,337,8476419,Jean-Gabriel Pageau,2,NYI
2026020008,3,544,581,8476419,Jean-Gabriel Pageau,2,NYI
2026020008,3,812,827,8476419,Jean-Gabriel Pageau,2,NYI
2026020008,3,849,947,8476419,Jean-Gabriel Pageau,2,NYI
2026020008,3,1004,1062,8476419,Jean-Gabriel Pageau,2,NYI
2026020008,1,35,77,8476853,Morgan Rielly,10,TOR
2026020008,1,149,222,8476853,Morgan Rielly,10,TOR
2026020008,1,319,403,8476853,Morgan Rielly,10,TOR
2026020008,1,472,536,8476853,Morgan Rielly,10,TOR
2026020008,1,688,715,8476853,Morgan Rielly,10,TOR
2026020008,1,799,834,8476853,Morgan Rielly,10,TOR
2026020008,1,1001,1081,8476853,Morgan Rielly,10,TOR
2026020008,1,1147,1184,8476853,Morgan Rielly,10,TOR
2026020008,2,30,78,8476853,Morgan Rielly,10,TOR
2026020008,2,198,221,8476853,Morgan Rielly,10,TOR
2026020008,2,401,485,8476853,Morgan Rielly,10,TOR
2026020008,2,674,775,8476853,Morgan Rielly,10,TOR
2026020008,2,871,952,8476853,Morgan Rielly,10,TOR
2026020008,2,1046,1094,8476853,Morgan Rielly,10,TOR
2026020008,2,1170,1200,8476853,Morgan Rielly,10,TOR
2026020008,3,0,60,8476853,Morgan Rielly,10,TOR
2026020008,3,136,160,8476853,Morgan Rielly,10,TOR
2026020008,3,257,337,8476853,Morgan Rielly,10,TOR
2026020008,3,544,572,8476853,Morgan Rielly,10,TOR
2026020008,3,696,746,8476853,Morgan Rielly,10,TOR
2026020008,3,849,939,8476853,Morgan Rielly,10,TOR
2026020008,1,0,35,8476917,Adam Pelech,2,NYI
2026020008,1,77,117,8476917,Adam Pelech,2,NYI
2026020008,1,212,262,8476917,Adam Pelech,2,NYI
2026020008,1,359,404,8476917,Adam Pelech,2,NYI
2026020008,1,434,476,8476917,Adam Pelech,2,NYI
2026020008,1,601,634,8476917,Adam Pelech,2,NYI
2026020008,1,679,715,8476917,Adam Pelech,2,NYI
2026020008,1,757,807,8476917,Adam Pelech,2,NYI
2026020008,1,834,857,8476917,Adam Pelech,2,NYI
2026020008,1,925,964,8476917,Adam Pelech,2,NYI
2026020008,1,1001,1020,8476917,Adam Pelech,2,NYI
2026020008,1,1114,1159,8476917,Adam Pelech,2,NYI
2026020008,2,0,53,8476917,Adam Pelech,2,NYI
2026020008,2,179,221,8476917,Adam Pelech,2,NYI
2026020008,2,326,361,8476917,Adam Pelech,2,NYI
2026020008,2,426,477,8476917,Adam Pelech,2,NYI
2026020008,2,498,515,8476917,Adam Pelech,2,NYI
2026020008,2,618,683,8476917,Adam Pelech,2,NYI
2026020008,2,768,793,8476917,Adam Pelech,2,NYI
2026020008,2,893,944,8476917,Adam Pelech,2,NYI
2026020008,2,974,998,8476917,Adam Pelech,2,NYI
2026020008,2,1094,1170,8476917,Adam Pelech,2,NYI
2026020008,2,1190,1200,8476917,Adam Pelech,2,NYI
2026020008,3,0,53,8476917,Adam Pelech,2,NYI
2026020008,3,145,187,8476917,Adam Pelech,2,NYI
2026020008,3,361,419,8476917,Adam Pelech,2,NYI
2026020008,3,544,577,8476917,Adam Pelech,2,NYI
2026020008,3,646,650,8476917,Adam Pelech,2,NYI
2026020008,3,780,844,8476917,Adam Pelech,2,NYI
2026020008,3,952,954,8476917,Adam Pelech,2,NYI
2026020008,3,1026,1055,8476917,Adam Pelech,2,NYI
2026020008,1,0,35,8476925,Colton Sissons,10,TOR
2026020008,1,167,214,8476925,Colton Sissons,10,TOR
2026020008,1,407,434,8476925,Colton Sissons,10,TOR
2026020008,1,483,529,8476925,Colton Sissons,10,TOR
2026020008,1,757,799,8476925,Colton Sissons,10,TOR
2026020008,1,1114,1160,8476925,Colton Sissons,10,TOR
2026020008,2,44,69,8476925,Colton Sissons,10,TOR
2026020008,2,221,243,8476925,Colton Sissons,10,TOR
2026020008,2,485,526,8476925,Colton Sissons,10,TOR
2026020008,2,829,866,8476925,Colton Sissons,10,TOR
2026020008,3,58,99,8476925,Colton Sissons,10,TOR
2026020008,3,220,257,8476925,Colton Sissons,10,TOR
2026020008,3,419,469,8476925,Colton Sissons,10,TOR
2026020008,3,650,696,8476925,Colton Sissons,10,TOR
2026020008,3,746,794,8476925,Colton Sissons,10,TOR
2026020008,3,1055,1147,8476925,Colton Sissons,10,TOR
2026020008,1,125,167,8476927,Teddy Blueger,10,TOR
2026020008,1,341,403,8476927,Teddy Blueger,10,TOR
2026020008,1,715,757,8476927,Teddy Blueger,10,TOR
2026020008,1,1080,1114,8476927,Teddy Blueger,10,TOR
2026020008,1,1160,1200,8476927,Teddy Blueger,10,TOR
2026020008,2,119,150,8476927,Teddy Blueger,10,TOR
2026020008,2,241,283,8476927,Teddy Blueger,10,TOR
2026020008,2,476,485,8476927,Teddy Blueger,10,TOR
2026020008,2,526,615,8476927,Teddy Blueger,10,TOR
2026020008,2,879,893,8476927,Teddy Blueger,10,TOR
2026020008,2,1026,1062,8476927,Teddy Blueger,10,TOR
2026020008,3,157,187,8476927,Teddy Blueger,10,TOR
2026020008,3,257,334,8476927,Teddy Blueger,10,TOR
2026020008,3,469,520,8476927,Teddy Blueger,10,TOR
2026020008,3,695,746,8476927,Teddy Blueger,10,TOR
2026020008,3,1003,1051,8476927,Teddy Blueger,10,TOR
2026020008,3,1146,1200,8476927,Teddy Blueger,10,TOR
2026020008,1,0,35,8476931,Jake McCabe,10,TOR
2026020008,1,108,149,8476931,Jake McCabe,10,TOR
2026020008,1,264,319,8476931,Jake McCabe,10,TOR
2026020008,1,403,414,8476931,Jake McCabe,10,TOR
2026020008,1,434,472,8476931,Jake McCabe,10,TOR
2026020008,1,581,601,8476931,Jake McCabe,10,TOR
2026020008,1,737,803,8476931,Jake McCabe,10,TOR
2026020008,1,871,925,8476931,Jake McCabe,10,TOR
2026020008,1,1106,1147,8476931,Jake McCabe,10,TOR
2026020008,2,0,30,8476931,Jake McCabe,10,TOR
2026020008,2,113,150,8476931,Jake McCabe,10,TOR
2026020008,2,221,243,8476931,Jake McCabe,10,TOR
2026020008,2,281,335,8476931,Jake McCabe,10,TOR
2026020008,2,485,509,8476931,Jake McCabe,10,TOR
2026020008,2,515,614,8476931,Jake McCabe,10,TOR
2026020008,2,816,870,8476931,Jake McCabe,10,TOR
2026020008,2,1008,1046,8476931,Jake McCabe,10,TOR
2026020008,3,60,104,8476931,Jake McCabe,10,TOR
2026020008,3,160,220,8476931,Jake McCabe,10,TOR
2026020008,3,334,415,8476931,Jake McCabe,10,TOR
2026020008,3,419,471,8476931,Jake McCabe,10,TOR
2026020008,3,517,544,8476931,Jake McCabe,10,TOR
2026020008,3,600,650,8476931,Jake McCabe,10,TOR
2026020008,3,770,777,8476931,Jake McCabe,10,TOR
2026020008,3,921,1003,8476931,Jake McCabe,10,TOR
2026020008,3,1051,1148,8476931,Jake McCabe,10,TOR
2026020008,1,0,586,8476932,Anthony Stolarz,10,TOR
2026020008,1,601,903,8476932,Anthony Stolarz,10,TOR
2026020008,1,925,1200,8476932,Anthony Stolarz,10,TOR
2026020008,2,0,1060,8476932,Anthony Stolarz,10,TOR
2026020008,2,1094,1200,8476932,Anthony Stolarz,10,TOR
2026020008,3,0,785,8476932,Anthony Stolarz,10,TOR
2026020008,3,812,1200,8476932,Anthony Stolarz,10,TOR
2026020008,1,125,164,8477407,Anthony Duclair,2,NYI
2026020008,1,306,339,8477407,Anthony Duclair,2,NYI
2026020008,1,479,525,8477407,Anthony Duclair,2,NYI
2026020008,1,834,877,8477407,Anthony Duclair,2,NYI
2026020008,2,159,216,8477407,Anthony Duclair,2,NYI
2026020008,2,376,442,8477407,Anthony Duclair,2,NYI
2026020008,2,666,723,8477407,Anthony Duclair,2,NYI
2026020008,2,822,870,8477407,Anthony Duclair,2,NYI
2026020008,2,1022,1070,8477407,Anthony Duclair,2,NYI
2026020008,3,99,146,8477407,Anthony Duclair,2,NYI
2026020008,3,335,407,8477407,Anthony Duclair,2,NYI
2026020008,3,497,524,8477407,Anthony Duclair,2,NYI
2026020008,3,596,645,8477407,Anthony Duclair,2,NYI
2026020008,3,699,746,8477407,Anthony Duclair,2,NYI
2026020008,3,785,812,8477407,Anthony Duclair,2,NYI
2026020008,3,1003,1034,8477407,Anthony Duclair,2,NYI
2026020008,1,0,35,8477426,Nick Paul,10,TOR
2026020008,1,164,217,8477426,Nick Paul,10,TOR
2026020008,1,403,434,8477426,Nick Paul,10,TOR
2026020008,1,480,536,8477426,Nick Paul,10,TOR
2026020008,1,683,715,8477426,Nick Paul,10,TOR
2026020008,1,757,801,8477426,Nick Paul,10,TOR
2026020008,1,1001,1080,8477426,Nick Paul,10,TOR
2026020008,2,30,79,8477426,Nick Paul,10,TOR
2026020008,2,243,281,8477426,Nick Paul,10,TOR
2026020008,2,485,515,8477426,Nick Paul,10,TOR
2026020008,2,635,665,8477426,Nick Paul,10,TOR
2026020008,2,820,879,8477426,Nick Paul,10,TOR
2026020008,2,1170,1200,8477426,Nick Paul,10,TOR
2026020008,3,56,100,8477426,Nick Paul,10,TOR
2026020008,3,220,257,8477426,Nick Paul,10,TOR
2026020008,3,471,517,8477426,Nick Paul,10,TOR
2026020008,3,696,789,8477426,Nick Paul,10,TOR
2026020008,3,849,953,8477426,Nick Paul,10,TOR
2026020008,3,1147,1200,8477426,Nick Paul,10,TOR
2026020008,1,0,35,8477500,Bo Horvat,2,NYI
2026020008,1,161,219,8477500,Bo Horvat,2,NYI
2026020008,1,341,403,8477500,Bo Horvat,2,NYI
2026020008,1,526,570,8477500,Bo Horvat,2,NYI
2026020008,1,635,679,8477500,Bo Horvat,2,NYI
2026020008,1,737,803,8477500,Bo Horvat,2,NYI
2026020008,1,948,1001,8477500,Bo Horvat,2,NYI
2026020008,1,1084,1160,8477500,Bo Horvat,2,NYI
2026020008,2,38,89,8477500,Bo Horvat,2,NYI
2026020008,2,216,326,8477500,Bo Horvat,2,NYI
2026020008,2,485,509,8477500,Bo Horvat,2,NYI
2026020008,2,515,618,8477500,Bo Horvat,2,NYI
2026020008,2,769,822,8477500,Bo Horvat,2,NYI
2026020008,2,943,974,8477500,Bo Horvat,2,NYI
2026020008,2,1116,1170,8477500,Bo Horvat,2,NYI
2026020008,3,55,99,8477500,Bo Horvat,2,NYI
2026020008,3,220,257,8477500,Bo Horvat,2,NYI
2026020008,3,419,497,8477500,Bo Horvat,2,NYI
2026020008,3,627,699,8477500,Bo Horvat,2,NYI
2026020008,3,746,786,8477500,Bo Horvat,2,NYI
2026020008,3,827,849,8477500,Bo Horvat,2,NYI
2026020008,3,947,1004,8477500,Bo Horvat,2,NYI
2026020008,3,1063,1200,8477500,Bo Horvat,2,NYI
2026020008,1,35,64,8477506,Ryan Pulock,2,NYI
2026020008,1,162,212,8477506,Ryan Pulock,2,NYI
2026020008,1,262,304,8477506,Ryan Pulock,2,NYI
2026020008,1,476,519,8477506,Ryan Pulock,2,NYI
2026020008,1,562,635,8477506,Ryan Pulock,2,NYI
2026020008,1,678,715,8477506,Ryan Pulock,2,NYI
2026020008,1,807,834,8477506,Ryan Pulock,2,NYI
2026020008,1,925,963,8477506,Ryan Pulock,2,NYI
2026020008,1,1001,1022,8477506,Ryan Pulock,2,NYI
2026020008,1,1159,1191,8477506,Ryan Pulock,2,NYI
2026020008,2,104,179,8477506,Ryan Pulock,2,NYI
2026020008,2,361,396,8477506,Ryan Pulock,2,NYI
2026020008,2,401,426,8477506,Ryan Pulock,2,NYI
2026020008,2,683,718,8477506,Ryan Pulock,2,NYI
2026020008,2,820,893,8477506,Ryan Pulock,2,NYI
2026020008,2,944,974,8477506,Ryan Pulock,2,NYI
2026020008,2,1094,1170,8477506,Ryan Pulock,2,NYI
2026020008,2,1190,1200,8477506,Ryan Pulock,2,NYI
2026020008,3,0,24,8477506,Ryan Pulock,2,NYI
2026020008,3,54,99,8477506,Ryan Pulock,2,NYI
2026020008,3,187,214,8477506,Ryan Pulock,2,NYI
2026020008,3,257,283,8477506,Ryan Pulock,2,NYI
2026020008,3,577,609,8477506,Ryan Pulock,2,NYI
2026020008,3,812,846,8477506,Ryan Pulock,2,NYI
2026020008,3,1015,1063,8477506,Ryan Pulock,2,NYI
2026020008,1,77,125,8477939,William Nylander,10,TOR
2026020008,1,285,337,8477939,William Nylander,10,TOR
2026020008,1,529,565,8477939,William Nylander,10,TOR
2026020008,1,592,681,8477939,William Nylander,10,TOR
2026020008,1,834,871,8477939,William Nylander,10,TOR
2026020008,1,903,1001,8477939,William Nylander,10,TOR
2026020008,1,1106,1163,8477939,William Nylander,10,TOR
2026020008,2,69,107,8477939,William Nylander,10,TOR
2026020008,2,203,221,8477939,William Nylander,10,TOR
2026020008,2,334,401,8477939,William Nylander,10,TOR
2026020008,2,666,765,8477939,William Nylander,10,TOR
2026020008,2,893,959,8477939,William Nylander,10,TOR
2026020008,2,1062,1170,8477939,William Nylander,10,TOR
2026020008,3,99,159,8477939,William Nylander,10,TOR
2026020008,3,334,406,8477939,William Nylander,10,TOR
2026020008,3,572,612,8477939,William Nylander,10,TOR
2026020008,3,785,849,8477939,William Nylander,10,TOR
2026020008,1,117,162,8477950,Tony DeAngelo,2,NYI
2026020008,1,303,359,8477950,Tony DeAngelo,2,NYI
2026020008,1,400,434,8477950,Tony DeAngelo,2,NYI
2026020008,1,517,562,8477950,Tony DeAngelo,2,NYI
2026020008,1,715,757,8477950,Tony DeAngelo,2,NYI
2026020008,1,857,925,8477950,Tony DeAngelo,2,NYI
2026020008,1,1102,1159,8477950,Tony DeAngelo,2,NYI
2026020008,2,53,104,8477950,Tony DeAngelo,2,NYI
2026020008,2,295,361,8477950,Tony DeAngelo,2,NYI
2026020008,2,485,498,8477950,Tony DeAngelo,2,NYI
2026020008,2,626,682,8477950,Tony DeAngelo,2,NYI
2026020008,2,785,820,8477950,Tony DeAngelo,2,NYI
2026020008,2,1019,1062,8477950,Tony DeAngelo,2,NYI
2026020008,3,96,145,8477950,Tony DeAngelo,2,NYI
2026020008,3,214,257,8477950,Tony DeAngelo,2,NYI
2026020008,3,380,419,8477950,Tony DeAngelo,2,NYI
2026020008,3,518,577,8477950,Tony DeAngelo,2,NYI
2026020008,3,645,650,8477950,Tony DeAngelo,2,NYI
2026020008,3,717,746,8477950,Tony DeAngelo,2,NYI
2026020008,3,954,1015,8477950,Tony DeAngelo,2,NYI
2026020008,3,1062,1200,8477950,Tony DeAngelo,2,NYI
2026020008,1,0,1200,8478009,Ilya Sorokin,2,NYI
2026020008,2,0,1200,8478009,Ilya Sorokin,2,NYI
2026020008,3,0,1076,8478009,Ilya Sorokin,2,NYI
2026020008,1,35,76,8478178,Darren Raddysh,10,TOR
2026020008,1,148,221,8478178,Darren Raddysh,10,TOR
2026020008,1,317,344,8478178,Darren Raddysh,10,TOR
2026020008,1,468,535,8478178,Darren Raddysh,10,TOR
2026020008,1,601,688,8478178,Darren Raddysh,10,TOR
2026020008,1,783,834,8478178,Darren Raddysh,10,TOR
2026020008,1,925,1001,8478178,Darren Raddysh,10,TOR
2026020008,1,1140,1200,8478178,Darren Raddysh,10,TOR
2026020008,2,44,113,8478178,Darren Raddysh,10,TOR
2026020008,2,199,221,8478178,Darren Raddysh,10,TOR
2026020008,2,401,485,8478178,Darren Raddysh,10,TOR
2026020008,2,666,776,8478178,Darren Raddysh,10,TOR
2026020008,2,870,953,8478178,Darren Raddysh,10,TOR
2026020008,2,1046,1170,8478178,Darren Raddysh,10,TOR
2026020008,3,0,60,8478178,Darren Raddysh,10,TOR
2026020008,3,124,160,8478178,Darren Raddysh,10,TOR
2026020008,3,257,335,8478178,Darren Raddysh,10,TOR
2026020008,3,544,572,8478178,Darren Raddysh,10,TOR
2026020008,3,632,650,8478178,Darren Raddysh,10,TOR
2026020008,3,807,849,8478178,Darren Raddysh,10,TOR
2026020008,1,35,76,8478458,Jack Roslovic,10,TOR
2026020008,1,214,286,8478458,Jack Roslovic,10,TOR
2026020008,1,434,484,8478458,Jack Roslovic,10,TOR
2026020008,1,681,715,8478458,Jack Roslovic,10,TOR
2026020008,1,803,834,8478458,Jack Roslovic,10,TOR
2026020008,1,1001,1042,8478458,Jack Roslovic,10,TOR
2026020008,2,0,44,8478458,Jack Roslovic,10,TOR
2026020008,2,150,203,8478458,Jack Roslovic,10,TOR
2026020008,2,401,476,8478458,Jack Roslovic,10,TOR
2026020008,2,786,829,8478458,Jack Roslovic,10,TOR
2026020008,2,960,1020,8478458,Jack Roslovic,10,TOR
2026020008,2,1170,1200,8478458,Jack Roslovic,10,TOR
2026020008,3,0,54,8478458,Jack Roslovic,10,TOR
2026020008,3,187,220,8478458,Jack Roslovic,10,TOR
2026020008,3,406,419,8478458,Jack Roslovic,10,TOR
2026020008,3,544,572,8478458,Jack Roslovic,10,TOR
2026020008,3,609,650,8478458,Jack Roslovic,10,TOR
2026020008,3,849,946,8478458,Jack Roslovic,10,TOR
2026020008,3,1001,1054,8478458,Jack Roslovic,10,TOR
2026020008,1,35,78,8479318,Auston Matthews,10,TOR
2026020008,1,217,285,8479318,Auston Matthews,10,TOR
2026020008,1,434,480,8479318,Auston Matthews,10,TOR
2026020008,1,586,683,8479318,Auston Matthews,10,TOR
2026020008,1,801,834,8479318,Auston Matthews,10,TOR
2026020008,1,877,1001,8479318,Auston Matthews,10,TOR
2026020008,2,0,30,8479318,Auston Matthews,10,TOR
2026020008,2,150,199,8479318,Auston Matthews,10,TOR
2026020008,2,401,476,8479318,Auston Matthews,10,TOR
2026020008,2,765,820,8479318,Auston Matthews,10,TOR
2026020008,2,942,1026,8479318,Auston Matthews,10,TOR
2026020008,2,1060,1170,8479318,Auston Matthews,10,TOR
2026020008,3,0,56,8479318,Auston Matthews,10,TOR
2026020008,3,187,220,8479318,Auston Matthews,10,TOR
2026020008,3,406,419,8479318,Auston Matthews,10,TOR
2026020008,3,544,572,8479318,Auston Matthews,10,TOR
2026020008,3,612,650,8479318,Auston Matthews,10,TOR
2026020008,3,777,849,8479318,Auston Matthews,10,TOR
2026020008,3,946,1003,8479318,Auston Matthews,10,TOR
2026020008,3,1054,1147,8479318,Auston Matthews,10,TOR
2026020008,1,125,163,8479378,Logan Stanley,2,NYI
2026020008,1,304,358,8479378,Logan Stanley,2,NYI
2026020008,1,406,434,8479378,Logan Stanley,2,NYI
2026020008,1,519,563,8479378,Logan Stanley,2,NYI
2026020008,1,634,680,8479378,Logan Stanley,2,NYI
2026020008,1,737,757,8479378,Logan Stanley,2,NYI
2026020008,1,963,1001,8479378,Logan Stanley,2,NYI
2026020008,1,1020,1102,8479378,Logan Stanley,2,NYI
2026020008,1,1191,1200,8479378,Logan Stanley,2,NYI
2026020008,2,43,97,8479378,Logan Stanley,2,NYI
2026020008,2,396,401,8479378,Logan Stanley,2,NYI
2026020008,2,485,498,8479378,Logan Stanley,2,NYI
2026020008,2,718,785,8479378,Logan Stanley,2,NYI
2026020008,2,998,1094,8479378,Logan Stanley,2,NYI
2026020008,2,1170,1190,8479378,Logan Stanley,2,NYI
2026020008,3,99,144,8479378,Logan Stanley,2,NYI
2026020008,3,257,361,8479378,Logan Stanley,2,NYI
2026020008,3,609,646,8479378,Logan Stanley,2,NYI
2026020008,3,846,952,8479378,Logan Stanley,2,NYI
2026020008,1,77,108,8479442,Troy Stecher,10,TOR
2026020008,1,221,257,8479442,Troy Stecher,10,TOR
2026020008,1,344,412,8479442,Troy Stecher,10,TOR
2026020008,1,414,434,8479442,Troy Stecher,10,TOR
2026020008,1,535,581,8479442,Troy Stecher,10,TOR
2026020008,1,715,737,8479442,Troy Stecher,10,TOR
2026020008,1,834,873,8479442,Troy Stecher,10,TOR
2026020008,1,1081,1113,8479442,Troy Stecher,10,TOR
2026020008,2,111,119,8479442,Troy Stecher,10,TOR
2026020008,2,150,200,8479442,Troy Stecher,10,TOR
2026020008,2,242,334,8479442,Troy Stecher,10,TOR
2026020008,2,509,515,8479442,Troy Stecher,10,TOR
2026020008,2,614,674,8479442,Troy Stecher,10,TOR
2026020008,2,776,828,8479442,Troy Stecher,10,TOR
2026020008,2,952,1010,8479442,Troy Stecher,10,TOR
2026020008,3,94,124,8479442,Troy Stecher,10,TOR
2026020008,3,220,257,8479442,Troy Stecher,10,TOR
2026020008,3,406,419,8479442,Troy Stecher,10,TOR
2026020008,3,470,519,8479442,Troy Stecher,10,TOR
2026020008,3,572,600,8479442,Troy Stecher,10,TOR
2026020008,3,697,746,8479442,Troy Stecher,10,TOR
2026020008,3,778,807,8479442,Troy Stecher,10,TOR
2026020008,3,999,1055,8479442,Troy Stecher,10,TOR
2026020008,3,1146,1200,8479442,Troy Stecher,10,TOR
2026020008,1,125,164,8479520,Brandon Duhaime,10,TOR
2026020008,1,339,404,8479520,Brandon Duhaime,10,TOR
2026020008,1,715,757,8479520,Brandon Duhaime,10,TOR
2026020008,1,873,925,8479520,Brandon Duhaime,10,TOR
2026020008,1,1068,1106,8479520,Brandon Duhaime,10,TOR
2026020008,1,1162,1200,8479520,Brandon Duhaime,10,TOR
2026020008,2,119,150,8479520,Brandon Duhaime,10,TOR
2026020008,2,221,241,8479520,Brandon Duhaime,10,TOR
2026020008,2,281,335,8479520,Brandon Duhaime,10,TOR
2026020008,2,480,485,8479520,Brandon Duhaime,10,TOR
2026020008,2,515,528,8479520,Brandon Duhaime,10,TOR
2026020008,2,614,666,8479520,Brandon Duhaime,10,TOR
2026020008,2,873,893,8479520,Brandon Duhaime,10,TOR
2026020008,2,1023,1065,8479520,Brandon Duhaime,10,TOR
2026020008,3,159,187,8479520,Brandon Duhaime,10,TOR
2026020008,3,257,334,8479520,Brandon Duhaime,10,TOR
2026020008,3,419,471,8479520,Brandon Duhaime,10,TOR
2026020008,3,520,544,8479520,Brandon Duhaime,10,TOR
2026020008,3,650,695,8479520,Brandon Duhaime,10,TOR
2026020008,3,953,1001,8479520,Brandon Duhaime,10,TOR
2026020008,3,1052,1146,8479520,Brandon Duhaime,10,TOR
2026020008,1,125,164,8480870,Bo Groulx,10,TOR
2026020008,1,337,407,8480870,Bo Groulx,10,TOR
2026020008,1,565,601,8480870,Bo Groulx,10,TOR
2026020008,1,715,757,8480870,Bo Groulx,10,TOR
2026020008,1,1069,1114,8480870,Bo Groulx,10,TOR
2026020008,1,1163,1200,8480870,Bo Groulx,10,TOR
2026020008,2,107,150,8480870,Bo Groulx,10,TOR
2026020008,2,476,485,8480870,Bo Groulx,10,TOR
2026020008,2,528,614,8480870,Bo Groulx,10,TOR
2026020008,2,866,893,8480870,Bo Groulx,10,TOR
2026020008,2,1020,1069,8480870,Bo Groulx,10,TOR
2026020008,3,159,187,8480870,Bo Groulx,10,TOR
2026020008,3,257,335,8480870,Bo Groulx,10,TOR
2026020008,1,35,77,8480893,Kirill Marchenko,10,TOR
2026020008,1,212,267,8480893,Kirill Marchenko,10,TOR
2026020008,1,434,483,8480893,Kirill Marchenko,10,TOR
2026020008,1,601,681,8480893,Kirill Marchenko,10,TOR
2026020008,1,807,834,8480893,Kirill Marchenko,10,TOR
2026020008,1,873,1001,8480893,Kirill Marchenko,10,TOR
2026020008,1,1114,1162,8480893,Kirill Marchenko,10,TOR
2026020008,2,0,41,8480893,Kirill Marchenko,10,TOR
2026020008,2,150,198,8480893,Kirill Marchenko,10,TOR
2026020008,2,401,480,8480893,Kirill Marchenko,10,TOR
2026020008,2,776,827,8480893,Kirill Marchenko,10,TOR
2026020008,2,959,1023,8480893,Kirill Marchenko,10,TOR
2026020008,2,1069,1170,8480893,Kirill Marchenko,10,TOR
2026020008,3,0,58,8480893,Kirill Marchenko,10,TOR
2026020008,3,187,220,8480893,Kirill Marchenko,10,TOR
2026020008,3,412,419,8480893,Kirill Marchenko,10,TOR
2026020008,3,539,572,8480893,Kirill Marchenko,10,TOR
2026020008,3,615,650,8480893,Kirill Marchenko,10,TOR
2026020008,3,789,849,8480893,Kirill Marchenko,10,TOR
2026020008,3,948,1005,8480893,Kirill Marchenko,10,TOR
2026020008,1,35,77,8481014,Alexander Romanov,2,NYI
2026020008,1,162,214,8481014,Alexander Romanov,2,NYI
2026020008,1,263,303,8481014,Alexander Romanov,2,NYI
2026020008,1,477,517,8481014,Alexander Romanov,2,NYI
2026020008,1,563,601,8481014,Alexander Romanov,2,NYI
2026020008,1,634,678,8481014,Alexander Romanov,2,NYI
2026020008,1,807,834,8481014,Alexander Romanov,2,NYI
2026020008,1,964,1001,8481014,Alexander Romanov,2,NYI
2026020008,1,1021,1114,8481014,Alexander Romanov,2,NYI
2026020008,2,97,181,8481014,Alexander Romanov,2,NYI
2026020008,2,361,439,8481014,Alexander Romanov,2,NYI
2026020008,2,477,485,8481014,Alexander Romanov,2,NYI
2026020008,2,681,732,8481014,Alexander Romanov,2,NYI
2026020008,2,793,893,8481014,Alexander Romanov,2,NYI
2026020008,2,942,974,8481014,Alexander Romanov,2,NYI
2026020008,2,1062,1094,8481014,Alexander Romanov,2,NYI
2026020008,2,1170,1190,8481014,Alexander Romanov,2,NYI
2026020008,3,55,96,8481014,Alexander Romanov,2,NYI
2026020008,3,187,220,8481014,Alexander Romanov,2,NYI
2026020008,3,577,608,8481014,Alexander Romanov,2,NYI
2026020008,3,844,950,8481014,Alexander Romanov,2,NYI
2026020008,1,0,35,8481601,Simon Holmstrom,2,NYI
2026020008,1,163,212,8481601,Simon Holmstrom,2,NYI
2026020008,1,338,400,8481601,Simon Holmstrom,2,NYI
2026020008,1,525,635,8481601,Simon Holmstrom,2,NYI
2026020008,1,737,801,8481601,Simon Holmstrom,2,NYI
2026020008,1,925,948,8481601,Simon Holmstrom,2,NYI
2026020008,1,1022,1106,8481601,Simon Holmstrom,2,NYI
2026020008,2,42,88,8481601,Simon Holmstrom,2,NYI
2026020008,2,281,341,8481601,Simon Holmstrom,2,NYI
2026020008,2,485,509,8481601,Simon Holmstrom,2,NYI
2026020008,2,617,681,8481601,Simon Holmstrom,2,NYI
2026020008,2,785,825,8481601,Simon Holmstrom,2,NYI
2026020008,2,944,974,8481601,Simon Holmstrom,2,NYI
2026020008,2,1094,1119,8481601,Simon Holmstrom,2,NYI
2026020008,3,150,187,8481601,Simon Holmstrom,2,NYI
2026020008,3,257,337,8481601,Simon Holmstrom,2,NYI
2026020008,3,497,544,8481601,Simon Holmstrom,2,NYI
2026020008,3,700,746,8481601,Simon Holmstrom,2,NYI
2026020008,3,812,827,8481601,Simon Holmstrom,2,NYI
2026020008,3,849,946,8481601,Simon Holmstrom,2,NYI
2026020008,3,954,1003,8481601,Simon Holmstrom,2,NYI
2026020008,3,1070,1200,8481601,Simon Holmstrom,2,NYI
2026020008,1,80,125,8481711,Matias Maccelli,2,NYI
2026020008,1,265,306,8481711,Matias Maccelli,2,NYI
2026020008,1,434,477,8481711,Matias Maccelli,2,NYI
2026020008,1,715,737,8481711,Matias Maccelli,2,NYI
2026020008,1,873,925,8481711,Matias Maccelli,2,NYI
2026020008,1,1164,1200,8481711,Matias Maccelli,2,NYI
2026020008,2,88,181,8481711,Matias Maccelli,2,NYI
2026020008,2,221,285,8481711,Matias Maccelli,2,NYI
2026020008,2,509,626,8481711,Matias Maccelli,2,NYI
2026020008,2,870,948,8481711,Matias Maccelli,2,NYI
2026020008,3,103,150,8481711,Matias Maccelli,2,NYI
2026020008,3,337,409,8481711,Matias Maccelli,2,NYI
2026020008,3,419,496,8481711,Matias Maccelli,2,NYI
2026020008,3,604,646,8481711,Matias Maccelli,2,NYI
2026020008,3,650,697,8481711,Matias Maccelli,2,NYI
2026020008,3,746,783,8481711,Matias Maccelli,2,NYI
2026020008,3,932,954,8481711,Matias Maccelli,2,NYI
2026020008,3,1076,1200,8481711,Matias Maccelli,2,NYI
2026020008,1,35,80,8482476,Emil Heineman,2,NYI
2026020008,1,214,263,8482476,Emil Heineman,2,NYI
2026020008,1,403,434,8482476,Emil Heineman,2,NYI
2026020008,1,635,678,8482476,Emil Heineman,2,NYI
2026020008,1,801,834,8482476,Emil Heineman,2,NYI
2026020008,1,948,1001,8482476,Emil Heineman,2,NYI
2026020008,1,1106,1164,8482476,Emil Heineman,2,NYI
2026020008,2,0,42,8482476,Emil Heineman,2,NYI
2026020008,2,396,401,8482476,Emil Heineman,2,NYI
2026020008,2,447,485,8482476,Emil Heineman,2,NYI
2026020008,2,732,785,8482476,Emil Heineman,2,NYI
2026020008,2,974,1021,8482476,Emil Heineman,2,NYI
2026020008,2,1119,1170,8482476,Emil Heineman,2,NYI
2026020008,3,53,103,8482476,Emil Heineman,2,NYI
2026020008,3,220,257,8482476,Emil Heineman,2,NYI
2026020008,3,524,604,8482476,Emil Heineman,2,NYI
2026020008,3,646,650,8482476,Emil Heineman,2,NYI
2026020008,3,783,812,8482476,Emil Heineman,2,NYI
2026020008,3,827,849,8482476,Emil Heineman,2,NYI
2026020008,3,1034,1070,8482476,Emil Heineman,2,NYI
2026020008,1,0,35,8484158,Easton Cowan,10,TOR
2026020008,1,164,212,8484158,Easton Cowan,10,TOR
2026020008,1,404,434,8484158,Easton Cowan,10,TOR
2026020008,1,484,527,8484158,Easton Cowan,10,TOR
2026020008,1,681,715,8484158,Easton Cowan,10,TOR
2026020008,1,757,807,8484158,Easton Cowan,10,TOR
2026020008,1,1001,1069,8484158,Easton Cowan,10,TOR
2026020008,2,41,80,8484158,Easton Cowan,10,TOR
2026020008,2,283,334,8484158,Easton Cowan,10,TOR
2026020008,2,485,515,8484158,Easton Cowan,10,TOR
2026020008,2,615,696,8484158,Easton Cowan,10,TOR
2026020008,2,828,873,8484158,Easton Cowan,10,TOR
2026020008,2,1170,1200,8484158,Easton Cowan,10,TOR
2026020008,3,54,91,8484158,Easton Cowan,10,TOR
2026020008,3,220,257,8484158,Easton Cowan,10,TOR
2026020008,3,518,544,8484158,Easton Cowan,10,TOR
2026020008,3,849,921,8484158,Easton Cowan,10,TOR
2026020008,3,1005,1052,8484158,Easton Cowan,10,TOR
2026020008,1,64,109,8484221,Calum Ritchie,2,NYI
2026020008,1,263,308,8484221,Calum Ritchie,2,NYI
2026020008,1,434,481,8484221,Calum Ritchie,2,NYI
2026020008,1,715,737,8484221,Calum Ritchie,2,NYI
2026020008,1,873,925,8484221,Calum Ritchie,2,NYI
2026020008,1,1160,1200,8484221,Calum Ritchie,2,NYI
2026020008,2,89,168,8484221,Calum Ritchie,2,NYI
2026020008,2,285,373,8484221,Calum Ritchie,2,NYI
2026020008,2,509,515,8484221,Calum Ritchie,2,NYI
2026020008,2,629,683,8484221,Calum Ritchie,2,NYI
2026020008,2,822,880,8484221,Calum Ritchie,2,NYI
2026020008,2,1019,1094,8484221,Calum Ritchie,2,NYI
2026020008,3,99,159,8484221,Calum Ritchie,2,NYI
2026020008,3,337,408,8484221,Calum Ritchie,2,NYI
2026020008,3,496,544,8484221,Calum Ritchie,2,NYI
2026020008,3,581,627,8484221,Calum Ritchie,2,NYI
2026020008,3,697,746,8484221,Calum Ritchie,2,NYI
2026020008,3,786,812,8484221,Calum Ritchie,2,NYI
2026020008,3,1003,1055,8484221,Calum Ritchie,2,NYI
2026020008,1,0,35,8485366,Matthew Schaefer,2,NYI
2026020008,1,63,125,8485366,Matthew Schaefer,2,NYI
2026020008,1,212,263,8485366,Matthew Schaefer,2,NYI
2026020008,1,358,406,8485366,Matthew Schaefer,2,NYI
2026020008,1,434,477,8485366,Matthew Schaefer,2,NYI
2026020008,1,715,737,8485366,Matthew Schaefer,2,NYI
2026020008,1,757,807,8485366,Matthew Schaefer,2,NYI
2026020008,1,834,925,8485366,Matthew Schaefer,2,NYI
2026020008,1,1045,1102,8485366,Matthew Schaefer,2,NYI
2026020008,1,1159,1200,8485366,Matthew Schaefer,2,NYI
2026020008,2,0,43,8485366,Matthew Schaefer,2,NYI
2026020008,2,181,295,8485366,Matthew Schaefer,2,NYI
2026020008,2,439,485,8485366,Matthew Schaefer,2,NYI
2026020008,2,498,629,8485366,Matthew Schaefer,2,NYI
2026020008,2,732,769,8485366,Matthew Schaefer,2,NYI
2026020008,2,893,944,8485366,Matthew Schaefer,2,NYI
2026020008,2,974,1019,8485366,Matthew Schaefer,2,NYI
2026020008,3,24,55,8485366,Matthew Schaefer,2,NYI
2026020008,3,144,187,8485366,Matthew Schaefer,2,NYI
2026020008,3,220,257,8485366,Matthew Schaefer,2,NYI
2026020008,3,283,380,8485366,Matthew Schaefer,2,NYI
2026020008,3,419,518,8485366,Matthew Schaefer,2,NYI
2026020008,3,608,645,8485366,Matthew Schaefer,2,NYI
2026020008,3,650,717,8485366,Matthew Schaefer,2,NYI
2026020008,3,746,812,8485366,Matthew Schaefer,2,NYI
2026020008,3,950,1026,8485366,Matthew Schaefer,2,NYI
2026020008,3,1055,1200,8485366,Matthew Schaefer,2,NYI
2026020008,1,35,78,8485388,Victor Eklund,2,NYI
2026020008,1,215,263,8485388,Victor Eklund,2,NYI
2026020008,1,404,434,8485388,Victor Eklund,2,NYI
2026020008,1,564,601,8485388,Victor Eklund,2,NYI
2026020008,1,801,834,8485388,Victor Eklund,2,NYI
2026020008,2,0,38,8485388,Victor Eklund,2,NYI
2026020008,2,216,219,8485388,Victor Eklund,2,NYI
2026020008,2,320,376,8485388,Victor Eklund,2,NYI
2026020008,2,442,485,8485388,Victor Eklund,2,NYI
2026020008,2,615,666,8485388,Victor Eklund,2,NYI
2026020008,2,723,775,8485388,Victor Eklund,2,NYI
2026020008,2,974,1022,8485388,Victor Eklund,2,NYI
2026020008,3,146,187,8485388,Victor Eklund,2,NYI
2026020008,3,257,335,8485388,Victor Eklund,2,NYI
2026020008,3,472,544,8485388,Victor Eklund,2,NYI
2026020008,3,701,746,8485388,Victor Eklund,2,NYI
2026020008,1,76,125,8486067,Gavin McKenna,10,TOR
2026020008,1,267,339,8486067,Gavin McKenna,10,TOR
2026020008,1,527,601,8486067,Gavin McKenna,10,TOR
2026020008,1,678,715,8486067,Gavin McKenna,10,TOR
2026020008,1,834,873,8486067,Gavin McKenna,10,TOR
2026020008,1,1001,1068,8486067,Gavin McKenna,10,TOR
2026020008,2,80,119,8486067,Gavin McKenna,10,TOR
2026020008,2,198,221,8486067,Gavin McKenna,10,TOR
2026020008,2,335,401,8486067,Gavin McKenna,10,TOR
2026020008,2,696,786,8486067,Gavin McKenna,10,TOR
2026020008,2,893,960,8486067,Gavin McKenna,10,TOR
2026020008,2,1170,1200,8486067,Gavin McKenna,10,TOR
2026020008,3,91,157,8486067,Gavin McKenna,10,TOR
2026020008,3,335,406,8486067,Gavin McKenna,10,TOR
2026020008,3,572,615,8486067,Gavin McKenna,10,TOR
2026020008,3,849,948,8486067,Gavin McKenna,10,TOR
