game_id,date,player_id,name,team,opp,home,pos,toi,goals,assists,points,shots,pp_goals,pp_points,attempts,missed,blocked,ev_toi,pp_toi
2026020001,2026-09-29,8473533,Jordan Staal,CAR,FLA,1,C,17.28,0,0,0,0,0,0,0,0,0,11.1,1.47
2026020001,2026-09-29,8474189,Lars Eller,FLA,CAR,0,C,11.57,0,0,0,1,0,0,1,0,0,9.47,0.0
2026020001,2026-09-29,8475179,Dmitry Kulikov,FLA,CAR,0,D,11.77,0,0,0,0,0,0,0,0,0,11.48,0.0
2026020001,2026-09-29,8475235,Nicolas Deslauriers,CAR,FLA,1,L,5.02,0,0,0,0,0,0,0,0,0,5.02,0.0
2026020001,2026-09-29,8475462,Radko Gudas,FLA,CAR,0,D,10.75,0,0,0,0,0,0,1,0,1,10.38,0.0
2026020001,2026-09-29,8475791,Taylor Hall,CAR,FLA,1,L,15.45,0,0,0,1,0,0,3,0,2,12.65,2.8
2026020001,2026-09-29,8476873,Mark Jankowski,CAR,FLA,1,L,13.22,0,0,0,0,0,0,1,1,0,7.6,0.85
2026020001,2026-09-29,8476906,Shayne Gostisbehere,CAR,FLA,1,D,19.15,0,0,0,1,0,0,5,2,2,13.62,5.53
2026020001,2026-09-29,8476921,Jordan Martinook,CAR,FLA,1,L,13.83,0,0,0,0,0,0,1,0,1,10.3,0.0
2026020001,2026-09-29,8476958,Jaccob Slavin,CAR,FLA,1,D,22.53,0,0,0,1,0,0,2,0,1,16.8,0.13
2026020001,2026-09-29,8477409,Carter Verhaeghe,FLA,CAR,0,C,18.97,0,1,1,1,0,0,4,1,2,14.48,4.48
2026020001,2026-09-29,8477478,William Carrier,CAR,FLA,1,L,6.77,0,0,0,0,0,0,1,0,1,6.77,0.0
2026020001,2026-09-29,8477493,Aleksander Barkov,FLA,CAR,0,C,20.53,0,0,0,1,0,0,2,0,1,11.92,6.3
2026020001,2026-09-29,8477495,Seth Jones,FLA,CAR,0,D,28.98,0,0,0,1,0,0,1,0,0,19.15,7.43
2026020001,2026-09-29,8477903,Garnet Hathaway,FLA,CAR,0,R,9.62,0,0,0,0,0,0,0,0,0,7.45,0.1
2026020001,2026-09-29,8477932,Aaron Ekblad,FLA,CAR,0,D,20.28,0,0,0,0,0,0,3,1,2,10.78,4.72
2026020001,2026-09-29,8477933,Sam Reinhart,FLA,CAR,0,C,20.95,0,0,0,2,0,0,6,1,3,12.47,7.42
2026020001,2026-09-29,8477935,Sam Bennett,FLA,CAR,0,C,19.13,0,0,0,1,0,0,4,0,3,13.57,5.57
2026020001,2026-09-29,8477940,Nikolaj Ehlers,CAR,FLA,1,L,19.4,0,0,0,2,0,0,3,0,1,12.55,6.85
2026020001,2026-09-29,8478055,Gustav Forsling,FLA,CAR,0,D,22.67,1,0,1,2,0,0,5,0,3,14.5,2.55
2026020001,2026-09-29,8478147,Bokondji Imama,FLA,CAR,0,L,6.05,0,0,0,0,0,0,0,0,0,6.05,0.0
2026020001,2026-09-29,8478427,Sebastian Aho,CAR,FLA,1,C,20.93,0,0,0,4,0,0,4,0,0,12.73,5.82
2026020001,2026-09-29,8478859,Niko Mikkola,FLA,CAR,0,D,21.53,0,0,0,4,0,0,7,3,0,17.68,0.0
2026020001,2026-09-29,8478970,Jalen Chatfield,CAR,FLA,1,D,19.2,0,0,0,0,0,0,1,0,1,13.67,0.1
2026020001,2026-09-29,8479314,Matthew Tkachuk,FLA,CAR,0,L,19.02,0,0,0,2,0,0,5,2,1,10.6,8.42
2026020001,2026-09-29,8480185,Eetu Luostarinen,FLA,CAR,0,C,13.97,0,0,0,1,0,0,3,1,1,9.28,0.87
2026020001,2026-09-29,8480336,Sean Walker,CAR,FLA,1,D,19.17,0,0,0,1,0,0,2,0,1,13.17,0.38
2026020001,2026-09-29,8480762,Eric Robinson,CAR,FLA,1,L,13.0,0,0,0,0,0,0,1,1,0,9.75,0.0
2026020001,2026-09-29,8480801,Brady Tkachuk,FLA,CAR,0,L,16.55,0,0,0,1,0,0,4,1,2,10.38,6.08
2026020001,2026-09-29,8480817,K'Andre Miller,CAR,FLA,1,D,25.25,0,0,0,0,0,0,0,0,0,16.48,2.98
2026020001,2026-09-29,8480830,Andrei Svechnikov,CAR,FLA,1,R,16.35,0,0,0,2,0,0,4,2,0,10.28,5.8
2026020001,2026-09-29,8482113,Anton Lundell,FLA,CAR,0,C,19.03,0,0,0,3,0,0,3,0,0,10.63,4.22
2026020001,2026-09-29,8482702,Logan Stankoven,CAR,FLA,1,C,19.9,0,0,0,0,0,0,0,0,0,14.07,2.77
2026020001,2026-09-29,8482809,Jackson Blake,CAR,FLA,1,R,21.63,0,0,0,2,0,0,6,2,2,13.8,7.68
2026020001,2026-09-29,8483771,Sandis Vilmanis,FLA,CAR,0,L,11.38,0,0,0,0,0,0,2,1,1,11.38,0.0
2026020001,2026-09-29,8484428,Charles Alexis Legault,CAR,FLA,1,D,12.67,0,0,0,1,0,0,3,1,1,11.32,0.0
2026020002,2026-09-29,8475166,John Tavares,TOR,MTL,1,C,16.6,0,1,1,4,0,0,7,2,1,13.15,3.45
2026020002,2026-09-29,8475171,Oliver Ekman-Larsson,TOR,MTL,1,D,18.12,0,0,0,1,0,0,1,0,0,16.83,0.0
2026020002,2026-09-29,8475184,Chris Kreider,MTL,TOR,0,L,14.35,0,0,0,1,0,0,2,1,0,12.07,1.6
2026020002,2026-09-29,8475690,Chris Tanev,TOR,MTL,1,D,18.65,0,0,0,1,0,0,1,0,0,16.6,0.0
2026020002,2026-09-29,8476479,Phillip Danault,MTL,TOR,0,C,15.62,0,0,0,0,0,0,0,0,0,12.77,0.05
2026020002,2026-09-29,8476853,Morgan Rielly,TOR,MTL,1,D,21.5,0,1,1,1,0,0,1,0,0,18.27,1.6
2026020002,2026-09-29,8476875,Mike Matheson,MTL,TOR,0,D,25.12,0,1,1,3,0,0,5,0,2,20.27,0.35
2026020002,2026-09-29,8476925,Colton Sissons,TOR,MTL,1,C,14.97,0,0,0,0,0,0,1,1,0,12.83,0.0
2026020002,2026-09-29,8476927,Teddy Blueger,TOR,MTL,1,C,9.77,0,0,0,1,0,0,1,0,0,8.48,0.02
2026020002,2026-09-29,8476931,Jake McCabe,TOR,MTL,1,D,11.63,0,0,0,1,0,0,3,1,1,10.45,0.07
2026020002,2026-09-29,8476981,Josh Anderson,MTL,TOR,0,R,12.88,1,1,2,3,0,0,4,1,0,10.37,0.02
2026020002,2026-09-29,8477426,Nick Paul,TOR,MTL,1,L,15.53,0,0,0,0,0,0,0,0,0,11.57,2.57
2026020002,2026-09-29,8477939,William Nylander,TOR,MTL,1,R,18.92,2,0,2,5,0,0,9,2,2,14.82,3.18
2026020002,2026-09-29,8478133,Jake Evans,MTL,TOR,0,C,14.83,0,0,0,1,0,0,2,1,0,11.88,0.0
2026020002,2026-09-29,8478178,Darren Raddysh,TOR,MTL,1,D,23.78,0,0,0,3,0,0,6,2,1,19.35,4.33
2026020002,2026-09-29,8478458,Jack Roslovic,TOR,MTL,1,C,18.23,0,0,0,2,0,0,3,0,1,15.68,2.55
2026020002,2026-09-29,8478851,Alexandre Carrier,MTL,TOR,0,D,21.9,1,1,2,3,0,0,4,1,0,18.55,0.0
2026020002,2026-09-29,8479318,Auston Matthews,TOR,MTL,1,C,22.57,0,0,0,3,0,0,4,0,1,17.48,4.07
2026020002,2026-09-29,8479442,Troy Stecher,TOR,MTL,1,D,19.08,0,0,0,0,0,0,1,0,1,17.23,0.0
2026020002,2026-09-29,8479520,Brandon Duhaime,TOR,MTL,1,L,9.07,0,0,0,0,0,0,1,0,1,7.83,0.0
2026020002,2026-09-29,8479772,Zack MacEwen,TOR,MTL,1,R,5.42,0,0,0,0,0,0,0,0,0,5.42,0.0
2026020002,2026-09-29,8480018,Nick Suzuki,MTL,TOR,0,C,18.72,0,0,0,2,0,0,4,0,2,15.85,2.35
2026020002,2026-09-29,8480074,Alexandre Texier,MTL,TOR,0,L,12.22,0,0,0,0,0,0,2,1,1,10.65,1.57
2026020002,2026-09-29,8480865,Noah Dobson,MTL,TOR,0,D,21.93,0,0,0,1,0,0,6,1,4,17.82,1.47
2026020002,2026-09-29,8480893,Kirill Marchenko,TOR,MTL,1,R,20.13,0,1,1,4,0,0,8,2,2,16.72,3.42
2026020002,2026-09-29,8481523,Kirby Dach,MTL,TOR,0,C,11.12,0,1,1,1,0,0,3,1,1,11.12,0.0
2026020002,2026-09-29,8481540,Cole Caufield,MTL,TOR,0,R,15.92,0,0,0,3,0,0,5,2,0,13.53,2.38
2026020002,2026-09-29,8481593,Jayden Struble,MTL,TOR,0,D,11.03,0,0,0,0,0,0,1,0,1,11.03,0.0
2026020002,2026-09-29,8481618,Alex Newhook,MTL,TOR,0,C,16.18,0,0,0,1,0,0,3,1,1,12.27,1.4
2026020002,2026-09-29,8482737,Zachary Bolduc,MTL,TOR,0,R,11.07,1,0,1,2,0,0,2,0,0,9.6,1.47
2026020002,2026-09-29,8482964,Arber Xhekaj,MTL,TOR,0,D,12.33,0,0,0,0,0,0,0,0,0,10.85,0.0
2026020002,2026-09-29,8483457,Lane Hutson,MTL,TOR,0,D,24.12,0,0,0,0,0,0,2,1,1,21.53,2.53
2026020002,2026-09-29,8483515,Juraj Slafkovský,MTL,TOR,0,L,17.88,0,0,0,2,0,0,5,3,0,15.45,2.43
2026020002,2026-09-29,8484158,Easton Cowan,TOR,MTL,1,R,15.97,0,1,1,1,0,0,1,0,0,13.77,2.2
2026020002,2026-09-29,8484984,Ivan Demidov,MTL,TOR,0,R,15.18,0,0,0,1,0,0,5,1,3,12.8,2.38
2026020002,2026-09-29,8486067,Gavin McKenna,TOR,MTL,1,L,15.32,0,0,0,1,0,0,2,0,1,12.77,2.55
2026020003,2026-09-29,8476374,Sean Kuraly,BOS,NYR,1,C,15.02,0,0,0,2,0,0,3,1,0,14.43,0.0
2026020003,2026-09-29,8476459,Mika Zibanejad,NYR,BOS,0,C,18.52,0,0,0,2,0,0,3,0,1,16.53,1.78
2026020003,2026-09-29,8476468,J.T. Miller,NYR,BOS,0,C,16.2,0,0,0,2,0,0,3,0,1,14.67,1.27
2026020003,2026-09-29,8476854,Hampus Lindholm,BOS,NYR,1,D,18.62,0,1,1,0,0,0,3,0,3,17.18,0.88
2026020003,2026-09-29,8477365,Connor Clifton,BOS,NYR,1,D,23.38,0,0,0,2,0,0,3,0,1,22.57,0.13
2026020003,2026-09-29,8477416,Oliver Bjorkstrand,NYR,BOS,0,R,14.55,0,0,0,4,0,0,5,1,0,14.55,0.0
2026020003,2026-09-29,8477496,Elias Lindholm,BOS,NYR,1,C,15.98,0,1,1,0,0,0,3,1,2,14.4,0.65
2026020003,2026-09-29,8477507,Nikita Zadorov,BOS,NYR,1,D,21.9,0,0,0,1,0,0,3,1,1,21.23,0.0
2026020003,2026-09-29,8477956,David Pastrnak,BOS,NYR,1,R,17.53,0,0,0,4,0,0,8,2,2,16.07,1.47
2026020003,2026-09-29,8477969,Marcus Pettersson,NYR,BOS,0,D,23.13,0,0,0,1,0,0,5,1,3,21.48,0.22
2026020003,2026-09-29,8478401,Pavel Zacha,BOS,NYR,1,C,15.4,0,0,0,3,0,0,5,2,0,13.68,1.22
2026020003,2026-09-29,8478840,William Borgen,BOS,NYR,1,D,17.72,0,0,0,1,0,0,1,0,0,17.13,0.0
2026020003,2026-09-29,8478882,Vladislav Gavrikov,NYR,BOS,0,D,19.97,0,0,0,1,0,0,2,0,1,19.4,0.0
2026020003,2026-09-29,8479323,Adam Fox,NYR,BOS,0,D,18.42,0,0,0,0,0,0,3,0,3,17.2,1.22
2026020003,2026-09-29,8479661,Tanner Jeannot,BOS,NYR,1,L,13.22,0,0,0,0,0,0,3,3,0,13.22,0.0
2026020003,2026-09-29,8479987,Morgan Geekie,BOS,NYR,1,C,16.3,0,0,0,1,0,0,2,1,0,15.05,1.25
2026020003,2026-09-29,8479999,Casey Mittelstadt,BOS,NYR,1,C,14.47,0,0,0,3,0,0,3,0,0,13.95,0.52
2026020003,2026-09-29,8480009,Eeli Tolvanen,NYR,BOS,0,R,13.93,0,0,0,2,0,0,4,1,1,12.92,0.72
2026020003,2026-09-29,8480355,Mark Kastelic,BOS,NYR,1,C,13.12,1,0,1,1,0,0,1,0,0,12.55,0.0
2026020003,2026-09-29,8480434,Sean Durzi,NYR,BOS,0,D,23.25,0,0,0,1,0,0,4,0,3,21.03,0.78
2026020003,2026-09-29,8480813,Joseph Veleno,NYR,BOS,0,C,15.95,0,0,0,0,0,0,1,1,0,14.45,0.0
2026020003,2026-09-29,8481219,Jonathan Aspirot,BOS,NYR,1,D,17.22,0,0,0,0,0,0,2,1,1,16.47,0.0
2026020003,2026-09-29,8481604,Pavel Dorofeyev,NYR,BOS,0,R,15.82,0,0,0,5,0,0,6,1,0,14.55,1.27
2026020003,2026-09-29,8481789,Tye Kartye,NYR,BOS,0,L,13.33,0,0,0,0,0,0,0,0,0,11.88,0.02
2026020003,2026-09-29,8482073,Braden Schneider,NYR,BOS,0,D,16.23,0,0,0,2,0,0,2,0,0,15.67,0.0
2026020003,2026-09-29,8482109,Alexis Lafrenière,NYR,BOS,0,L,18.28,0,0,0,0,0,0,2,0,2,16.72,1.57
2026020003,2026-09-29,8482157,Will Cuylle,NYR,BOS,0,L,15.05,0,0,0,3,0,0,5,2,0,14.32,0.43
2026020003,2026-09-29,8482175,JJ Peterka,BOS,NYR,1,R,17.15,1,0,1,1,0,0,5,2,2,15.67,1.48
2026020003,2026-09-29,8482177,Marat Khusnutdinov,BOS,NYR,1,C,13.38,0,1,1,0,0,0,1,0,1,12.53,0.0
2026020003,2026-09-29,8482460,Matt Rempe,NYR,BOS,0,C,9.82,0,0,0,1,0,0,1,0,0,9.82,0.0
2026020003,2026-09-29,8482511,Mason Lohrei,BOS,NYR,1,D,19.35,0,1,1,0,0,0,2,1,1,17.47,1.12
2026020003,2026-09-29,8483489,Fraser Minten,BOS,NYR,1,C,14.8,1,1,2,3,0,0,5,1,1,13.48,0.75
2026020003,2026-09-29,8483690,Noah Laba,NYR,BOS,0,C,12.93,0,0,0,0,0,0,0,0,0,12.93,0.0
2026020003,2026-09-29,8484210,Gabe Perreault,NYR,BOS,0,R,16.33,0,0,0,0,0,0,0,0,0,15.6,0.73
2026020003,2026-09-29,8485395,James Hagens,BOS,NYR,1,C,13.45,0,0,0,1,0,0,2,1,0,12.92,0.53
2026020003,2026-09-29,8485957,Alberts Smits,NYR,BOS,0,D,16.9,0,0,0,0,0,0,1,0,1,16.9,0.0
2026020004,2026-09-29,8474568,Luke Schenn,VAN,EDM,0,D,14.42,0,0,0,2,0,0,3,1,0,12.03,0.0
2026020004,2026-09-29,8475218,Mattias Ekholm,EDM,VAN,1,D,20.93,0,0,0,2,0,0,3,1,0,19.33,0.0
2026020004,2026-09-29,8475786,Zach Hyman,EDM,VAN,1,L,20.55,0,0,0,3,0,0,6,0,3,15.48,5.07
2026020004,2026-09-29,8475848,Brendan Gallagher,VAN,EDM,0,R,10.9,0,0,0,1,0,0,1,0,0,10.28,0.0
2026020004,2026-09-29,8476467,Jamie Oleksiak,VAN,EDM,0,D,23.63,0,1,1,0,0,0,0,0,0,19.07,0.0
2026020004,2026-09-29,8476473,Connor Murphy,EDM,VAN,1,D,18.48,0,0,0,2,0,0,3,1,0,16.97,0.03
2026020004,2026-09-29,8477934,Leon Draisaitl,EDM,VAN,1,C,21.25,0,1,1,5,0,1,11,1,5,15.9,5.35
2026020004,2026-09-29,8477953,Kasperi Kapanen,EDM,VAN,1,R,17.92,0,0,0,3,0,0,4,1,0,16.08,1.83
2026020004,2026-09-29,8478013,Jake Walman,EDM,VAN,1,D,16.42,0,0,0,1,0,0,2,0,1,14.45,1.62
2026020004,2026-09-29,8478402,Connor McDavid,EDM,VAN,1,C,22.85,0,2,2,0,0,0,3,0,3,16.87,5.33
2026020004,2026-09-29,8478444,Brock Boeser,VAN,EDM,0,R,14.85,0,1,1,1,0,1,3,0,2,13.57,1.28
2026020004,2026-09-29,8478472,Mathieu Joseph,EDM,VAN,1,R,14.95,0,0,0,0,0,0,2,1,1,13.55,0.08
2026020004,2026-09-29,8478498,Jake DeBrusk,VAN,EDM,0,L,15.58,0,1,1,0,0,0,1,0,1,14.23,1.35
2026020004,2026-09-29,8478854,Ryan Shea,EDM,VAN,1,D,22.68,0,1,1,0,0,0,0,0,0,20.08,2.08
2026020004,2026-09-29,8479365,Trent Frederic,EDM,VAN,1,C,9.35,0,0,0,1,0,0,1,0,0,7.9,1.45
2026020004,2026-09-29,8479368,Max Jones,EDM,VAN,1,L,12.3,0,0,0,2,0,0,3,1,0,12.3,0.0
2026020004,2026-09-29,8479425,Filip Hronek,VAN,EDM,0,D,25.13,0,2,2,2,0,1,2,0,0,19.92,0.88
2026020004,2026-09-29,8480012,Elias Pettersson,VAN,EDM,0,C,19.38,1,0,1,1,1,1,3,0,2,15.7,1.37
2026020004,2026-09-29,8480029,Alex Formenton,EDM,VAN,1,L,15.15,0,1,1,2,0,0,2,0,0,14.18,0.0
2026020004,2026-09-29,8480803,Evan Bouchard,EDM,VAN,1,D,25.68,3,2,5,6,0,1,11,0,5,20.4,5.28
2026020004,2026-09-29,8481024,Linus Karlsson,VAN,EDM,0,C,13.62,0,1,1,2,0,0,4,2,0,12.98,0.63
2026020004,2026-09-29,8481032,Paul Cotter,VAN,EDM,0,L,11.85,2,0,2,3,0,0,5,1,1,9.97,0.0
2026020004,2026-09-29,8481617,Vasily Podkolzin,EDM,VAN,1,R,18.33,2,0,2,7,1,1,10,1,2,13.5,4.83
2026020004,2026-09-29,8482055,Drew O'Connor,VAN,EDM,0,L,17.67,0,1,1,3,0,0,3,0,0,15.25,0.62
2026020004,2026-09-29,8482079,Marco Rossi,VAN,EDM,0,C,15.02,1,0,1,1,0,0,1,0,0,13.98,0.9
2026020004,2026-09-29,8482166,Shakir Mukhamadullin,EDM,VAN,1,D,13.05,0,0,0,0,0,0,2,1,1,13.05,0.0
2026020004,2026-09-29,8482703,Colton Dach,EDM,VAN,1,C,14.82,0,0,0,2,0,0,4,2,0,13.58,0.4
2026020004,2026-09-29,8483395,Arshdeep Bains,VAN,EDM,0,L,10.87,0,0,0,0,0,0,1,1,0,8.92,0.0
2026020004,2026-09-29,8483455,Isaac Howard,EDM,VAN,1,L,11.1,0,0,0,1,0,0,3,0,2,9.37,1.73
2026020004,2026-09-29,8483476,Jonathan Lekkerimaki,VAN,EDM,0,R,12.6,1,0,1,1,0,0,1,0,0,12.6,0.0
2026020004,2026-09-29,8483499,Liam Ohgren,VAN,EDM,0,L,17.48,0,1,1,1,0,0,4,0,3,14.33,0.0
2026020004,2026-09-29,8483678,Elias Pettersson,VAN,EDM,0,D,16.02,0,0,0,2,0,0,4,0,2,13.55,0.68
2026020004,2026-09-29,8484136,Max Sasson,VAN,EDM,0,C,16.62,1,1,2,2,0,0,5,1,2,14.65,0.0
2026020004,2026-09-29,8484240,Tom Willander,VAN,EDM,0,D,20.67,0,0,0,0,0,0,2,1,1,18.87,1.1
2026020004,2026-09-29,8484798,Zeev Buium,VAN,EDM,0,D,22.77,0,0,0,1,0,0,1,0,0,21.52,1.1
2026020004,2026-09-29,8486161,Owen Michaels,EDM,VAN,1,R,8.37,0,0,0,0,0,0,2,1,1,8.15,0.0
2026020005,2026-09-29,8474013,Ian Cole,CHI,VGK,0,D,12.67,0,0,0,0,0,0,0,0,0,10.52,0.0
2026020005,2026-09-29,8474141,Patrick Kane,CHI,VGK,0,R,21.6,1,0,1,4,0,0,8,2,2,18.48,3.05
2026020005,2026-09-29,8475188,Brayden McNabb,VGK,CHI,1,D,18.75,0,2,2,1,0,0,4,2,1,16.88,0.0
2026020005,2026-09-29,8475343,Nic Dowd,VGK,CHI,1,C,12.62,0,1,1,0,0,0,0,0,0,11.35,0.02
2026020005,2026-09-29,8475913,Mark Stone,VGK,CHI,1,R,17.18,1,0,1,1,0,0,2,0,1,13.18,3.6
2026020005,2026-09-29,8476448,William Karlsson,VGK,CHI,1,C,17.43,0,0,0,1,0,0,5,0,4,14.58,1.23
2026020005,2026-09-29,8476881,Tomas Hertl,VGK,CHI,1,C,15.75,0,0,0,4,0,0,5,0,1,11.85,3.78
2026020005,2026-09-29,8477447,Shea Theodore,VGK,CHI,1,D,21.37,0,2,2,1,0,1,3,1,1,16.57,3.68
2026020005,2026-09-29,8477479,Tyler Bertuzzi,CHI,VGK,0,L,16.85,0,0,0,0,0,0,2,1,1,14.45,2.4
2026020005,2026-09-29,8477964,Ivan Barbashev,VGK,CHI,1,L,14.45,0,2,2,1,0,0,4,1,2,14.45,0.0
2026020005,2026-09-29,8477987,Ryan Donato,CHI,VGK,0,C,12.83,0,0,0,2,0,0,4,2,0,11.4,1.43
2026020005,2026-09-29,8478109,Victor Olofsson,VGK,CHI,1,L,13.95,1,0,1,2,1,1,2,0,0,12.48,1.38
2026020005,2026-09-29,8478233,Andrew Mangiapane,CHI,VGK,0,L,5.38,0,0,0,1,0,0,2,1,0,5.38,0.0
2026020005,2026-09-29,8478396,Noah Hanifin,VGK,CHI,1,D,18.85,1,0,1,3,0,0,4,1,0,16.83,0.0
2026020005,2026-09-29,8478397,Rasmus Andersson,VGK,CHI,1,D,18.77,0,0,0,2,0,0,3,0,1,17.33,1.33
2026020005,2026-09-29,8478403,Jack Eichel,VGK,CHI,1,C,18.0,1,2,3,2,0,1,5,3,0,13.25,3.88
2026020005,2026-09-29,8478413,Jordan Greenway,CHI,VGK,0,L,14.13,1,0,1,5,0,0,7,1,1,12.32,0.0
2026020005,2026-09-29,8478450,Parker Wotherspoon,VGK,CHI,1,D,20.13,0,0,0,1,0,0,1,0,0,19.17,0.07
2026020005,2026-09-29,8478468,Jeremy Lauzon,VGK,CHI,1,D,17.33,0,0,0,3,0,0,4,0,1,15.32,0.0
2026020005,2026-09-29,8478483,Mitch Marner,VGK,CHI,1,R,21.35,0,0,0,4,0,0,6,2,0,15.57,3.58
2026020005,2026-09-29,8479353,Brett Howden,VGK,CHI,1,C,17.27,0,0,0,3,0,0,4,1,0,15.82,0.0
2026020005,2026-09-29,8481524,Bowen Byram,CHI,VGK,0,D,25.13,0,0,0,0,0,0,1,1,0,21.52,3.12
2026020005,2026-09-29,8481568,Alex Vlasic,CHI,VGK,0,D,20.02,0,0,0,0,0,0,0,0,0,16.47,0.0
2026020005,2026-09-29,8482062,Cole Smith,CHI,VGK,0,R,15.27,0,0,0,1,0,0,2,0,1,12.92,0.0
2026020005,2026-09-29,8482176,Wyatt Kaiser,CHI,VGK,0,D,20.62,0,1,1,0,0,0,0,0,0,18.62,0.05
2026020005,2026-09-29,8483450,Ryan Greene,CHI,VGK,0,C,14.72,0,1,1,1,0,0,2,0,1,12.9,0.0
2026020005,2026-09-29,8483493,Frank Nazar,CHI,VGK,0,C,18.02,0,0,0,3,0,0,3,0,0,13.93,1.6
2026020005,2026-09-29,8483506,Sam Rinzel,CHI,VGK,0,D,18.27,0,0,0,2,0,0,4,2,0,17.32,0.88
2026020005,2026-09-29,8483553,Marc Gatcomb,VGK,CHI,1,C,10.52,0,1,1,3,0,0,3,0,0,10.52,0.0
2026020005,2026-09-29,8483890,Braeden Bowman,VGK,CHI,1,R,10.97,0,0,0,1,0,0,2,1,0,9.58,1.38
2026020005,2026-09-29,8484185,Nick Lardis,CHI,VGK,0,L,11.73,0,0,0,2,0,0,2,0,0,10.33,1.4
2026020005,2026-09-29,8484197,Oliver Moore,CHI,VGK,0,C,13.95,0,0,0,2,0,0,3,1,0,13.05,0.9
2026020005,2026-09-29,8484390,Roman Kantserov,CHI,VGK,0,R,17.12,0,0,0,1,0,0,3,1,1,14.52,2.6
2026020005,2026-09-29,8484783,Artyom Levshunov,CHI,VGK,0,D,19.23,0,0,0,1,0,0,2,1,0,17.38,0.0
2026020005,2026-09-29,8484803,Trevor Connelly,VGK,CHI,1,L,11.37,1,0,1,4,0,0,5,1,0,10.23,1.13
2026020005,2026-09-29,8485391,Anton Frondell,CHI,VGK,0,C,17.67,0,0,0,1,0,0,3,0,2,13.63,2.57
2026020006,2026-09-30,8471215,Evgeni Malkin,PIT,PHI,0,C,15.78,1,0,1,2,1,1,4,1,1,13.82,1.97
2026020006,2026-09-30,8471675,Sidney Crosby,PIT,PHI,0,C,17.65,0,1,1,3,0,0,6,3,0,12.9,4.75
2026020006,2026-09-30,8471724,Kris Letang,PIT,PHI,0,D,18.73,0,1,1,4,0,0,6,0,2,16.53,1.82
2026020006,2026-09-30,8474578,Erik Karlsson,PIT,PHI,0,D,19.98,0,1,1,3,0,1,4,0,1,12.98,5.07
2026020006,2026-09-30,8476372,Nick Seeler,PHI,PIT,1,D,19.9,0,0,0,0,0,0,3,0,3,18.03,0.0
2026020006,2026-09-30,8476461,Sean Couturier,PHI,PIT,1,C,15.07,0,0,0,0,0,0,0,0,0,11.38,0.22
2026020006,2026-09-30,8476483,Rickard Rakell,PIT,PHI,0,R,18.53,0,1,1,2,0,1,5,2,1,11.92,4.87
2026020006,2026-09-30,8477499,Rasmus Ristolainen,PHI,PIT,1,D,17.67,0,0,0,0,0,0,2,2,0,15.22,0.22
2026020006,2026-09-30,8477845,Trevor van Riemsdyk,PIT,PHI,0,D,20.7,0,0,0,0,0,0,0,0,0,17.38,0.0
2026020006,2026-09-30,8477948,Travis Sanheim,PHI,PIT,1,D,20.25,0,0,0,3,0,0,5,0,2,15.25,0.35
2026020006,2026-09-30,8477989,Christian Dvorak,PHI,PIT,1,C,14.97,0,0,0,2,0,0,4,2,0,11.57,1.8
2026020006,2026-09-30,8478438,Tommy Novak,PIT,PHI,0,C,16.07,0,1,1,0,0,1,0,0,0,11.97,4.1
2026020006,2026-09-30,8478439,Travis Konecny,PHI,PIT,1,R,14.78,0,0,0,2,0,0,3,1,0,10.27,3.27
2026020006,2026-09-30,8478569,Noel Acciari,PHI,PIT,1,C,15.33,0,0,0,1,0,0,4,3,0,12.23,0.22
2026020006,2026-09-30,8479336,Carl Grundstrom,PHI,PIT,1,R,12.02,0,0,0,1,0,0,3,2,0,12.02,0.0
2026020006,2026-09-30,8479398,Samuel Girard,PIT,PHI,0,D,21.03,0,2,2,2,0,0,4,2,0,16.75,1.78
2026020006,2026-09-30,8480015,Owen Tippett,PHI,PIT,1,R,14.18,0,0,0,4,0,0,7,2,1,10.98,3.2
2026020006,2026-09-30,8480220,Noah Cates,PHI,PIT,1,L,14.28,0,0,0,1,0,0,2,0,1,10.05,1.68
2026020006,2026-09-30,8480842,Filip Hallander,PIT,PHI,0,C,10.92,1,2,3,3,0,0,4,1,0,8.47,0.0
2026020006,2026-09-30,8480980,Connor Dewar,PIT,PHI,0,C,14.85,0,0,0,0,0,0,1,1,0,12.55,0.0
2026020006,2026-09-30,8481122,Simon Benoit,PHI,PIT,1,D,18.48,0,0,0,0,0,0,0,0,0,18.0,0.0
2026020006,2026-09-30,8481481,Blake Lizotte,PIT,PHI,0,C,13.22,0,0,0,4,0,0,5,1,0,10.78,0.0
2026020006,2026-09-30,8481527,Kaedan Korczak,PIT,PHI,0,D,18.52,0,2,2,3,0,0,4,0,1,15.85,0.0
2026020006,2026-09-30,8481533,Trevor Zegras,PHI,PIT,1,C,16.42,0,0,0,1,0,0,2,0,1,13.83,2.58
2026020006,2026-09-30,8481546,Cam York,PHI,PIT,1,D,21.13,0,0,0,1,0,0,2,0,1,13.38,3.28
2026020006,2026-09-30,8481582,Nick Robertson,PIT,PHI,0,L,15.03,2,0,2,4,0,0,4,0,0,14.38,0.0
2026020006,2026-09-30,8481725,Elmer Soderblom,PIT,PHI,0,L,12.65,0,0,0,0,0,0,1,1,0,10.82,0.0
2026020006,2026-09-30,8482142,Jamie Drysdale,PHI,PIT,1,D,17.35,0,0,0,0,0,0,1,0,1,14.85,2.5
2026020006,2026-09-30,8482148,Hendrix Lapierre,PIT,PHI,0,C,13.03,1,1,2,1,0,1,2,0,1,10.93,2.1
2026020006,2026-09-30,8482159,Tyson Foerster,PHI,PIT,1,R,17.13,0,0,0,1,0,0,2,1,0,12.68,2.57
2026020006,2026-09-30,8482475,Egor Chinakhov,PIT,PHI,0,R,16.97,1,0,1,3,1,1,5,2,0,11.4,5.02
2026020006,2026-09-30,8482758,Ville Koivunen,PIT,PHI,0,R,13.83,1,0,1,2,0,0,3,0,1,11.13,2.7
2026020006,2026-09-30,8483398,Declan Carlile,PIT,PHI,0,D,16.5,0,1,1,2,0,0,4,1,1,15.27,0.0
2026020006,2026-09-30,8483731,Alex Bump,PHI,PIT,1,L,14.65,0,0,0,1,0,0,2,1,0,11.55,3.1
2026020006,2026-09-30,8484387,Matvei Michkov,PHI,PIT,1,R,15.78,0,0,0,1,0,0,5,1,3,13.25,2.53
2026020006,2026-09-30,8485406,Porter Martone,PHI,PIT,1,R,14.08,0,0,0,0,0,0,0,0,0,11.6,2.48
2026020007,2026-09-30,8470613,Brent Burns,COL,LAK,1,D,15.38,0,1,1,0,0,0,1,1,0,11.02,0.0
2026020007,2026-09-30,8474563,Drew Doughty,LAK,COL,0,D,22.68,0,1,1,1,0,0,6,2,3,17.12,3.08
2026020007,2026-09-30,8475172,Nazem Kadri,COL,LAK,1,C,17.95,0,2,2,2,0,2,3,0,1,14.9,2.92
2026020007,2026-09-30,8475208,Brian Dumoulin,LAK,COL,0,D,16.5,1,0,1,2,0,0,4,0,2,13.62,0.2
2026020007,2026-09-30,8475287,Erik Haula,LAK,COL,0,L,15.43,0,1,1,3,0,0,3,0,0,9.23,2.97
2026020007,2026-09-30,8475692,Mats Zuccarello,LAK,COL,0,R,17.98,0,0,0,0,0,0,0,0,0,12.95,5.03
2026020007,2026-09-30,8475754,Brock Nelson,COL,LAK,1,C,19.23,1,2,3,1,1,3,2,0,1,12.45,2.35
2026020007,2026-09-30,8475768,Jaden Schwartz,COL,LAK,1,L,12.82,0,2,2,1,0,1,1,0,0,10.37,2.45
2026020007,2026-09-30,8476312,Josh Manson,COL,LAK,1,D,14.52,0,1,1,1,0,0,1,0,0,11.7,0.0
2026020007,2026-09-30,8476441,Joel Edmundson,LAK,COL,0,D,15.57,0,0,0,1,0,0,1,0,0,14.38,0.0
2026020007,2026-09-30,8476455,Gabriel Landeskog,COL,LAK,1,L,17.87,1,0,1,1,0,0,1,0,0,13.73,4.13
2026020007,2026-09-30,8476469,Joel Armia,LAK,COL,0,R,12.92,1,0,1,2,0,0,3,0,1,8.53,1.57
2026020007,2026-09-30,8476872,Scott Laughton,LAK,COL,0,C,15.12,0,0,0,3,0,0,3,0,0,12.18,0.13
2026020007,2026-09-30,8476879,Cody Ceci,LAK,COL,0,D,19.4,0,1,1,1,0,0,4,1,2,15.92,0.07
2026020007,2026-09-30,8476967,Brett Kulak,COL,LAK,1,D,19.73,0,0,0,0,0,0,1,0,1,16.1,0.0
2026020007,2026-09-30,8477476,Artturi Lehkonen,COL,LAK,1,L,19.45,2,0,2,3,2,2,4,0,1,12.98,2.43
2026020007,2026-09-30,8477492,Nathan MacKinnon,COL,LAK,1,C,17.73,2,0,2,8,1,1,10,1,1,13.47,4.15
2026020007,2026-09-30,8477960,Adrian Kempe,LAK,COL,0,R,19.38,0,0,0,3,0,0,6,2,1,14.3,5.0
2026020007,2026-09-30,8478038,Devon Toews,COL,LAK,1,D,20.07,0,2,2,0,0,2,1,1,0,15.2,2.45
2026020007,2026-09-30,8478454,Noah Juulsen,COL,LAK,1,D,11.25,0,0,0,0,0,0,0,0,0,11.25,0.0
2026020007,2026-09-30,8478462,Nicolas Roy,COL,LAK,1,C,12.2,1,0,1,2,0,0,3,1,0,9.85,0.0
2026020007,2026-09-30,8478550,Artemi Panarin,LAK,COL,0,L,20.27,1,0,1,2,0,0,8,4,2,14.23,6.03
2026020007,2026-09-30,8479675,Trevor Moore,LAK,COL,0,L,14.93,1,0,1,2,0,0,4,0,2,12.15,0.08
2026020007,2026-09-30,8479998,Mikey Anderson,LAK,COL,0,D,19.35,0,1,1,2,0,0,2,0,0,15.75,0.2
2026020007,2026-09-30,8480039,Martin Necas,COL,LAK,1,C,19.18,0,1,1,4,0,0,7,0,3,15.0,4.18
2026020007,2026-09-30,8480069,Cale Makar,COL,LAK,1,D,18.23,0,2,2,1,0,1,2,1,0,12.07,4.13
2026020007,2026-09-30,8480448,Parker Kelly,COL,LAK,1,C,12.88,1,1,2,1,0,0,2,0,1,9.42,0.0
2026020007,2026-09-30,8481532,Alex Turcotte,LAK,COL,0,C,15.58,0,1,1,1,0,0,1,0,0,12.27,2.83
2026020007,2026-09-30,8481732,Andre Lee,LAK,COL,0,L,7.93,0,0,0,1,0,0,3,2,0,7.93,0.0
2026020007,2026-09-30,8482124,Quinton Byfield,LAK,COL,0,R,18.98,0,0,0,3,0,0,6,1,2,14.1,4.85
2026020007,2026-09-30,8482155,Alex Laferriere,LAK,COL,0,R,15.52,0,2,2,2,0,0,4,2,0,11.92,3.1
2026020007,2026-09-30,8482726,Samuel Helenius,LAK,COL,0,C,6.98,0,0,0,1,0,0,1,0,0,6.98,0.0
2026020007,2026-09-30,8482730,Brandt Clarke,LAK,COL,0,D,18.95,0,0,0,1,0,0,3,0,2,14.1,4.85
2026020007,2026-09-30,8482768,Fedor Svechkov,COL,LAK,1,C,15.47,0,0,0,0,0,0,3,1,2,14.02,0.0
2026020007,2026-09-30,8484258,Sam Malinski,COL,LAK,1,D,14.45,0,0,0,2,0,0,4,0,2,13.62,0.08
2026020007,2026-09-30,8486171,T.J. Hughes,COL,LAK,1,R,13.58,0,0,0,2,0,0,4,0,2,9.95,3.63
2026020008,2026-09-30,8475151,Kyle Palmieri,NYI,TOR,0,C,18.58,0,0,0,4,0,0,10,4,2,13.1,5.48
2026020008,2026-09-30,8475166,John Tavares,TOR,NYI,1,C,16.97,0,0,0,1,0,0,1,0,0,12.53,4.43
2026020008,2026-09-30,8475170,Brayden Schenn,NYI,TOR,0,C,14.45,0,0,0,1,0,0,4,0,3,9.25,5.2
2026020008,2026-09-30,8475171,Oliver Ekman-Larsson,TOR,NYI,1,D,15.5,0,0,0,2,0,0,3,1,0,12.77,0.05
2026020008,2026-09-30,8475231,Casey Cizikas,NYI,TOR,0,C,9.48,0,0,0,0,0,0,0,0,0,7.82,0.0
2026020008,2026-09-30,8475690,Chris Tanev,TOR,NYI,1,D,20.65,0,0,0,0,0,0,0,0,0,15.82,0.0
2026020008,2026-09-30,8476292,Ondrej Palat,NYI,TOR,0,L,10.1,0,0,0,2,0,0,3,0,1,8.95,0.0
2026020008,2026-09-30,8476419,Jean-Gabriel Pageau,NYI,TOR,0,C,13.83,0,0,0,1,0,0,1,0,0,9.98,0.0
2026020008,2026-09-30,8476853,Morgan Rielly,TOR,NYI,1,D,19.82,0,1,1,1,0,1,1,0,0,15.68,3.3
2026020008,2026-09-30,8476917,Adam Pelech,NYI,TOR,0,D,19.85,0,0,0,0,0,0,4,2,2,15.0,0.53
2026020008,2026-09-30,8476925,Colton Sissons,TOR,NYI,1,C,11.37,1,0,1,2,0,0,6,3,1,8.82,0.0
2026020008,2026-09-30,8476927,Teddy Blueger,TOR,NYI,1,C,12.53,0,0,0,0,0,0,1,1,0,8.65,0.0
2026020008,2026-09-30,8476931,Jake McCabe,TOR,NYI,1,D,20.32,0,0,0,1,0,0,3,0,2,15.98,0.18
2026020008,2026-09-30,8477407,Anthony Duclair,NYI,TOR,0,L,12.28,0,0,0,4,0,0,4,0,0,11.05,1.23
2026020008,2026-09-30,8477426,Nick Paul,TOR,NYI,1,L,15.72,0,1,1,1,0,0,2,1,0,9.93,3.15
2026020008,2026-09-30,8477500,Bo Horvat,NYI,TOR,0,C,22.52,0,1,1,4,0,0,9,1,4,13.65,5.98
2026020008,2026-09-30,8477506,Ryan Pulock,NYI,TOR,0,D,16.45,0,0,0,0,0,0,1,1,0,12.05,0.0
2026020008,2026-09-30,8477939,William Nylander,TOR,NYI,1,R,17.48,0,0,0,1,0,0,4,1,2,12.88,4.48
2026020008,2026-09-30,8477950,Tony DeAngelo,NYI,TOR,0,D,17.23,0,0,0,0,0,0,3,2,1,15.48,1.75
2026020008,2026-09-30,8478178,Darren Raddysh,TOR,NYI,1,D,20.6,0,0,0,4,0,0,6,0,2,15.77,4.83
2026020008,2026-09-30,8478458,Jack Roslovic,TOR,NYI,1,C,14.88,0,1,1,2,0,1,6,3,1,11.52,3.37
2026020008,2026-09-30,8479318,Auston Matthews,TOR,NYI,1,C,20.07,0,0,0,1,0,0,2,1,0,15.32,4.75
2026020008,2026-09-30,8479378,Logan Stanley,NYI,TOR,0,D,15.1,0,0,0,0,0,0,2,1,1,11.52,0.0
2026020008,2026-09-30,8479442,Troy Stecher,TOR,NYI,1,D,16.08,0,0,0,0,0,0,0,0,0,12.57,0.0
2026020008,2026-09-30,8479520,Brandon Duhaime,TOR,NYI,1,L,14.65,0,0,0,2,0,0,3,0,1,10.92,0.0
2026020008,2026-09-30,8480870,Bo Groulx,TOR,NYI,1,C,9.82,0,0,0,1,0,0,2,0,1,8.38,0.0
2026020008,2026-09-30,8480893,Kirill Marchenko,TOR,NYI,1,R,18.27,0,0,0,3,0,0,4,0,1,13.55,4.72
2026020008,2026-09-30,8481014,Alexander Romanov,NYI,TOR,0,D,17.15,0,0,0,2,0,0,2,0,0,13.6,0.0
2026020008,2026-09-30,8481601,Simon Holmstrom,NYI,TOR,0,R,20.28,0,0,0,0,0,0,4,3,1,14.13,2.77
2026020008,2026-09-30,8481711,Matias Maccelli,NYI,TOR,0,L,17.65,0,0,0,1,0,0,2,0,1,12.27,5.38
2026020008,2026-09-30,8482476,Emil Heineman,NYI,TOR,0,L,13.43,1,0,1,1,0,0,3,1,1,10.37,0.25
2026020008,2026-09-30,8484158,Easton Cowan,TOR,NYI,1,R,13.38,1,1,2,3,1,1,3,0,0,8.85,3.0
2026020008,2026-09-30,8484221,Calum Ritchie,NYI,TOR,0,C,16.05,0,0,0,2,0,0,4,1,1,13.48,2.57
2026020008,2026-09-30,8485366,Matthew Schaefer,NYI,TOR,0,D,27.75,0,0,0,3,0,0,8,2,3,21.45,6.3
2026020008,2026-09-30,8485388,Victor Eklund,NYI,TOR,0,R,11.97,0,0,0,2,0,0,4,1,1,9.42,2.55
2026020008,2026-09-30,8486067,Gavin McKenna,TOR,NYI,1,L,15.53,0,0,0,1,0,0,1,0,0,12.2,3.23
2026020009,2026-10-01,8475455,Brenden Dillon,NJD,PHI,1,D,14.8,0,0,0,0,0,0,1,0,1,14.05,0.0
2026020009,2026-10-01,8476372,Nick Seeler,PHI,NJD,0,D,14.72,0,0,0,1,0,0,1,0,0,11.12,0.0
2026020009,2026-10-01,8476461,Sean Couturier,PHI,NJD,0,C,17.03,0,1,1,2,0,0,3,0,1,13.95,0.0
2026020009,2026-10-01,8476462,Dougie Hamilton,NJD,PHI,1,D,21.53,1,0,1,6,0,0,11,1,4,18.0,2.72
2026020009,2026-10-01,8476474,Stefan Noesen,NJD,PHI,1,R,6.0,0,0,0,0,0,0,0,0,0,5.85,0.15
2026020009,2026-10-01,8477488,Brett Pesce,NJD,PHI,1,D,19.53,0,0,0,0,0,0,4,1,3,18.82,0.0
2026020009,2026-10-01,8477499,Rasmus Ristolainen,PHI,NJD,0,D,22.73,1,0,1,4,0,0,6,1,1,19.55,0.0
2026020009,2026-10-01,8477511,Anthony Mantha,NJD,PHI,1,R,17.4,0,0,0,1,0,0,2,0,1,15.12,2.28
2026020009,2026-10-01,8477948,Travis Sanheim,PHI,NJD,0,D,25.78,1,1,2,3,0,0,4,0,1,20.9,0.07
2026020009,2026-10-01,8477989,Christian Dvorak,PHI,NJD,0,C,20.75,0,0,0,1,0,0,3,1,1,18.4,0.82
2026020009,2026-10-01,8478399,Jonas Siegenthaler,NJD,PHI,1,D,20.67,0,0,0,0,0,0,2,0,2,19.22,0.17
2026020009,2026-10-01,8478414,Timo Meier,NJD,PHI,1,R,16.68,0,0,0,4,0,0,7,2,1,13.98,2.7
2026020009,2026-10-01,8478439,Travis Konecny,PHI,NJD,0,R,16.98,0,1,1,1,0,0,2,1,0,15.52,0.75
2026020009,2026-10-01,8478542,Evan Rodrigues,NJD,PHI,1,C,17.22,0,0,0,1,0,0,7,3,3,14.25,2.4
2026020009,2026-10-01,8478569,Noel Acciari,PHI,NJD,0,C,16.6,0,0,0,0,0,0,2,1,1,13.58,0.0
2026020009,2026-10-01,8479336,Carl Grundstrom,PHI,NJD,0,R,8.5,0,0,0,1,0,0,1,0,0,8.5,0.0
2026020009,2026-10-01,8479407,Jesper Bratt,NJD,PHI,1,L,21.27,0,1,1,6,0,0,9,0,3,15.42,5.38
2026020009,2026-10-01,8479996,Cody Glass,NJD,PHI,1,C,8.43,0,0,0,3,0,0,3,0,0,7.5,0.27
2026020009,2026-10-01,8480002,Nico Hischier,NJD,PHI,1,C,18.93,0,0,0,2,0,0,3,0,1,12.6,5.37
2026020009,2026-10-01,8480015,Owen Tippett,PHI,NJD,0,R,16.08,0,0,0,2,0,0,4,0,2,14.38,0.95
2026020009,2026-10-01,8480220,Noah Cates,PHI,NJD,0,L,15.2,0,0,0,2,0,0,2,0,0,11.35,0.0
2026020009,2026-10-01,8480990,Declan Chisholm,NJD,PHI,1,D,14.53,0,0,0,2,0,0,4,1,1,14.53,0.0
2026020009,2026-10-01,8481122,Simon Benoit,PHI,NJD,0,D,13.48,0,0,0,1,0,0,2,0,1,13.2,0.0
2026020009,2026-10-01,8481533,Trevor Zegras,PHI,NJD,0,C,17.2,0,0,0,1,0,0,1,0,0,16.0,1.18
2026020009,2026-10-01,8481546,Cam York,PHI,NJD,0,D,24.02,0,0,0,1,0,0,3,1,1,18.87,1.0
2026020009,2026-10-01,8481559,Jack Hughes,NJD,PHI,1,C,25.8,1,0,1,5,0,0,11,2,4,19.97,5.47
2026020009,2026-10-01,8481721,Arseny Gritsyuk,NJD,PHI,1,R,18.72,0,0,0,2,0,0,7,3,2,16.37,2.35
2026020009,2026-10-01,8482110,Dawson Mercer,NJD,PHI,1,C,16.13,0,0,0,3,0,0,4,1,0,15.17,0.0
2026020009,2026-10-01,8482142,Jamie Drysdale,PHI,NJD,0,D,20.65,0,0,0,1,0,0,2,0,1,19.55,1.05
2026020009,2026-10-01,8482146,Luke Evangelista,NJD,PHI,1,R,18.17,0,1,1,4,0,0,8,2,2,12.7,5.47
2026020009,2026-10-01,8482159,Tyson Foerster,PHI,NJD,0,R,18.83,0,0,0,2,0,0,3,1,0,14.88,1.0
2026020009,2026-10-01,8482684,Luke Hughes,NJD,PHI,1,D,24.28,1,0,1,5,0,0,11,1,5,18.57,5.28
2026020009,2026-10-01,8483695,Amadeus Lombardi,NJD,PHI,1,C,8.05,0,0,0,0,0,0,1,1,0,8.05,0.0
2026020009,2026-10-01,8483731,Alex Bump,PHI,NJD,0,L,8.3,0,0,0,0,0,0,0,0,0,7.48,0.82
2026020009,2026-10-01,8484387,Matvei Michkov,PHI,NJD,0,R,13.4,0,0,0,1,0,0,1,0,0,12.22,1.18
2026020009,2026-10-01,8485406,Porter Martone,PHI,NJD,0,R,12.45,0,0,0,1,0,0,1,0,0,11.27,1.18
2026020010,2026-10-01,8474151,Ryan McDonagh,TBL,NYR,0,D,15.77,0,0,0,1,0,0,3,0,2,13.9,0.0
2026020010,2026-10-01,8474590,John Carlson,TBL,NYR,0,D,23.68,0,0,0,4,0,0,6,1,1,14.55,9.13
2026020010,2026-10-01,8475167,Victor Hedman,TBL,NYR,0,D,17.75,0,0,0,2,0,0,3,0,1,14.62,1.92
2026020010,2026-10-01,8476453,Nikita Kucherov,TBL,NYR,0,R,24.12,1,0,1,1,0,0,7,3,3,14.48,9.63
2026020010,2026-10-01,8476459,Mika Zibanejad,NYR,TBL,1,C,18.88,1,1,2,3,1,1,4,1,0,13.97,1.68
2026020010,2026-10-01,8476468,J.T. Miller,NYR,TBL,1,C,15.55,0,0,0,1,0,0,2,1,0,12.82,1.48
2026020010,2026-10-01,8476878,Zemgus Girgensons,TBL,NYR,0,C,7.65,0,0,0,0,0,0,0,0,0,7.03,0.0
2026020010,2026-10-01,8477404,Jake Guentzel,TBL,NYR,0,C,24.03,0,0,0,3,0,0,4,0,1,13.7,9.5
2026020010,2026-10-01,8477416,Oliver Bjorkstrand,NYR,TBL,1,R,12.42,0,1,1,1,0,0,1,0,0,11.55,0.87
2026020010,2026-10-01,8477969,Marcus Pettersson,NYR,TBL,1,D,21.63,0,0,0,1,0,0,6,2,3,15.55,0.0
2026020010,2026-10-01,8478010,Brayden Point,TBL,NYR,0,C,22.63,0,1,1,1,0,0,5,2,2,13.1,9.48
2026020010,2026-10-01,8478416,Erik Cernak,TBL,NYR,0,D,16.0,0,0,0,1,0,0,5,1,3,14.6,0.0
2026020010,2026-10-01,8478424,Jansen Harkins,TBL,NYR,0,C,10.92,0,0,0,1,0,0,1,0,0,10.02,0.03
2026020010,2026-10-01,8478519,Anthony Cirelli,TBL,NYR,0,C,19.93,0,0,0,3,0,0,5,0,2,14.75,3.95
2026020010,2026-10-01,8478882,Vladislav Gavrikov,NYR,TBL,1,D,23.33,0,0,0,0,0,0,1,0,1,16.23,0.07
2026020010,2026-10-01,8479323,Adam Fox,NYR,TBL,1,D,19.07,0,2,2,0,0,1,4,3,1,16.55,1.65
2026020010,2026-10-01,8479542,Brandon Hagel,TBL,NYR,0,L,23.67,0,0,0,3,0,0,8,2,3,13.93,8.72
2026020010,2026-10-01,8479705,Jeff Viel,TBL,NYR,0,L,8.82,0,0,0,1,0,0,3,1,1,8.82,0.0
2026020010,2026-10-01,8480009,Eeli Tolvanen,NYR,TBL,1,R,14.3,1,0,1,1,0,0,2,0,1,10.62,1.0
2026020010,2026-10-01,8480426,Charle-Edouard D'Astous,TBL,NYR,0,D,19.12,0,0,0,0,0,0,3,0,3,14.67,3.82
2026020010,2026-10-01,8480434,Sean Durzi,NYR,TBL,1,D,20.9,0,0,0,0,0,0,0,0,0,13.95,0.93
2026020010,2026-10-01,8480813,Joseph Veleno,NYR,TBL,1,C,14.75,0,0,0,1,0,0,3,0,2,8.2,0.0
2026020010,2026-10-01,8480995,Pontus Holmberg,TBL,NYR,0,R,14.98,0,0,0,3,0,0,4,0,1,11.65,3.33
2026020010,2026-10-01,8481604,Pavel Dorofeyev,NYR,TBL,1,R,13.73,1,1,2,5,0,1,9,1,3,12.07,1.67
2026020010,2026-10-01,8481624,Ilya Mikheyev,TBL,NYR,0,R,10.93,0,1,1,0,0,0,2,2,0,10.37,0.1
2026020010,2026-10-01,8481789,Tye Kartye,NYR,TBL,1,L,14.78,0,0,0,0,0,0,0,0,0,8.92,0.02
2026020010,2026-10-01,8482073,Braden Schneider,NYR,TBL,1,D,18.8,0,0,0,3,0,0,4,0,1,12.98,0.0
2026020010,2026-10-01,8482109,Alexis Lafrenière,NYR,TBL,1,L,15.25,0,0,0,3,0,0,6,0,3,13.63,1.62
2026020010,2026-10-01,8482157,Will Cuylle,NYR,TBL,1,L,14.2,0,0,0,3,0,0,6,3,0,10.48,0.87
2026020010,2026-10-01,8482201,Gage Goncalves,TBL,NYR,0,C,12.15,0,0,0,0,0,0,1,1,0,8.88,3.27
2026020010,2026-10-01,8482655,J.J. Moser,TBL,NYR,0,D,14.9,0,0,0,0,0,0,3,2,1,14.73,0.17
2026020010,2026-10-01,8482877,Jaroslav Chmelar,NYR,TBL,1,R,6.3,0,0,0,1,0,0,1,0,0,6.3,0.0
2026020010,2026-10-01,8483447,Conor Geekie,TBL,NYR,0,C,12.53,0,0,0,0,0,0,0,0,0,9.18,3.35
2026020010,2026-10-01,8483690,Noah Laba,NYR,TBL,1,C,16.23,0,1,1,0,0,0,1,0,1,12.87,0.05
2026020010,2026-10-01,8484210,Gabe Perreault,NYR,TBL,1,R,10.77,1,0,1,1,0,0,1,0,0,9.92,0.85
2026020010,2026-10-01,8485957,Alberts Smits,NYR,TBL,1,D,14.15,0,0,0,0,0,0,0,0,0,14.15,0.0
2026020011,2026-10-01,8475745,Charlie Coyle,CBJ,BUF,1,C,19.07,0,3,3,0,0,1,0,0,0,13.27,2.47
2026020011,2026-10-01,8475790,Erik Gudbranson,CBJ,BUF,1,D,17.73,0,0,0,0,0,0,1,1,0,12.67,0.05
2026020011,2026-10-01,8475842,Sam Carrick,BUF,CBJ,0,C,7.72,0,0,0,0,0,0,1,1,0,7.35,0.0
2026020011,2026-10-01,8476891,Matthew Grzelcyk,BUF,CBJ,0,D,14.45,0,0,0,0,0,0,1,0,1,13.35,0.0
2026020011,2026-10-01,8477369,Carson Soucy,CBJ,BUF,1,D,20.25,0,0,0,2,0,0,3,0,1,18.28,0.08
2026020011,2026-10-01,8477497,Sean Monahan,CBJ,BUF,1,C,15.52,1,0,1,1,1,1,1,0,0,12.2,1.05
2026020011,2026-10-01,8477501,Valeri Nichushkin,CBJ,BUF,1,R,15.75,0,1,1,0,0,1,0,0,0,13.57,1.0
2026020011,2026-10-01,8478046,Danton Heinen,CBJ,BUF,1,L,12.18,0,0,0,2,0,0,4,1,1,10.43,0.0
2026020011,2026-10-01,8478460,Zach Werenski,CBJ,BUF,1,D,28.77,0,2,2,3,0,1,5,1,1,22.03,2.42
2026020011,2026-10-01,8478856,Conor Garland,CBJ,BUF,1,R,12.15,0,0,0,0,0,0,1,1,0,11.13,1.02
2026020011,2026-10-01,8479066,Ryan Lomberg,CBJ,BUF,1,L,9.35,0,0,0,0,0,0,2,1,1,9.35,0.0
2026020011,2026-10-01,8479359,Beck Malenstyn,BUF,CBJ,0,L,8.18,0,0,0,1,0,0,1,0,0,7.65,0.0
2026020011,2026-10-01,8479420,Tage Thompson,BUF,CBJ,0,C,19.77,0,0,0,4,0,0,8,3,1,15.4,4.37
2026020011,2026-10-01,8479671,Mathieu Olivier,CBJ,BUF,1,R,14.53,1,0,1,3,0,0,3,0,0,13.33,0.0
2026020011,2026-10-01,8480064,Josh Norris,BUF,CBJ,0,C,16.32,0,0,0,1,0,0,1,0,0,12.22,2.1
2026020011,2026-10-01,8480802,Ryan McLeod,BUF,CBJ,0,C,16.68,0,1,1,0,0,0,0,0,0,13.03,1.85
2026020011,2026-10-01,8480807,Mattias Samuelsson,BUF,CBJ,0,D,18.35,1,0,1,1,0,0,2,0,1,17.77,0.0
2026020011,2026-10-01,8480839,Rasmus Dahlin,BUF,CBJ,0,D,25.97,0,0,0,4,0,0,7,0,3,20.95,5.02
2026020011,2026-10-01,8481161,Jake Christiansen,CBJ,BUF,1,D,7.08,0,0,0,0,0,0,2,1,1,7.08,0.0
2026020011,2026-10-01,8481522,Peyton Krebs,BUF,CBJ,0,C,14.97,0,0,0,0,0,0,1,1,0,14.93,0.03
2026020011,2026-10-01,8481716,Dmitri Voronkov,CBJ,BUF,1,L,10.73,0,1,1,0,0,1,0,0,0,9.7,1.03
2026020011,2026-10-01,8481806,Louis Crevier,BUF,CBJ,0,D,16.23,0,0,0,1,0,0,3,0,2,13.85,0.0
2026020011,2026-10-01,8482097,Jack Quinn,BUF,CBJ,0,R,20.77,1,0,1,4,0,0,9,3,2,14.93,4.7
2026020011,2026-10-01,8482126,Emil Andrae,CBJ,BUF,1,D,15.62,0,1,1,0,0,0,0,0,0,15.62,0.0
2026020011,2026-10-01,8482659,Josh Doan,BUF,CBJ,0,R,19.1,0,0,0,3,0,0,6,1,2,14.68,4.42
2026020011,2026-10-01,8482660,Kent Johnson,CBJ,BUF,1,C,14.88,0,1,1,1,0,0,1,0,0,12.5,2.38
2026020011,2026-10-01,8482671,Owen Power,BUF,CBJ,0,D,25.42,0,2,2,0,0,0,1,0,1,22.0,1.63
2026020011,2026-10-01,8482705,Cole Sillinger,CBJ,BUF,1,C,15.35,1,0,1,3,0,0,5,2,0,14.25,0.0
2026020011,2026-10-01,8482720,Matthew Knies,CBJ,BUF,1,L,16.1,2,1,3,4,1,1,4,0,0,13.72,2.35
2026020011,2026-10-01,8483468,Jiri Kulich,BUF,CBJ,0,C,8.75,0,0,0,1,0,0,1,0,0,8.75,0.0
2026020011,2026-10-01,8483485,Denton Mateychuk,CBJ,BUF,1,D,27.47,0,1,1,2,0,0,3,0,1,24.4,1.08
2026020011,2026-10-01,8483500,Noah Ostlund,BUF,CBJ,0,C,16.7,0,2,2,3,0,0,4,1,0,13.93,2.18
2026020011,2026-10-01,8484145,Zach Benson,BUF,CBJ,0,L,18.57,0,1,1,1,0,0,6,4,1,13.6,4.45
2026020011,2026-10-01,8484166,Adam Fantilli,CBJ,BUF,1,C,17.47,1,0,1,2,0,0,4,0,2,14.8,2.4
2026020011,2026-10-01,8484305,Zach Metsa,BUF,CBJ,0,D,12.9,0,0,0,0,0,0,1,0,1,11.82,0.0
2026020011,2026-10-01,8484797,Konsta Helenius,BUF,CBJ,0,C,15.15,1,0,1,2,0,0,3,0,1,12.98,2.17
2026020012,2026-10-01,8473422,Nick Foligno,MIN,NSH,0,L,12.48,1,0,1,2,0,0,2,0,0,10.12,0.0
2026020012,2026-10-01,8474564,Steven Stamkos,NSH,MIN,1,C,18.77,0,1,1,1,0,0,5,1,3,13.73,5.03
2026020012,2026-10-01,8474567,Zach Bogosian,MIN,NSH,0,D,14.53,0,0,0,1,0,0,1,0,0,11.22,0.0
2026020012,2026-10-01,8474600,Roman Josi,NSH,MIN,1,D,24.88,1,0,1,3,0,0,4,1,0,17.07,5.08
2026020012,2026-10-01,8474716,Jared Spurgeon,MIN,NSH,0,D,19.15,0,1,1,1,0,0,1,0,0,15.57,1.18
2026020012,2026-10-01,8475158,Ryan O'Reilly,NSH,MIN,1,C,21.52,0,0,0,4,0,0,4,0,0,13.32,4.7
2026020012,2026-10-01,8475220,Marcus Foligno,MIN,NSH,0,L,12.27,0,0,0,1,0,0,3,1,1,10.72,0.0
2026020012,2026-10-01,8476399,Blake Coleman,MIN,NSH,0,L,13.73,1,0,1,2,1,1,2,0,0,10.58,1.3
2026020012,2026-10-01,8476463,Jonas Brodin,MIN,NSH,0,D,20.47,0,0,0,0,0,0,1,0,1,15.45,0.0
2026020012,2026-10-01,8476539,Jonathan Marchessault,NSH,MIN,1,R,17.33,0,0,0,0,0,0,3,3,0,13.98,3.35
2026020012,2026-10-01,8476869,Brady Skjei,NSH,MIN,1,D,20.88,0,0,0,0,0,0,1,0,1,15.85,0.0
2026020012,2026-10-01,8476874,Olli Maatta,MIN,NSH,0,D,21.57,0,1,1,0,0,0,0,0,0,17.23,0.0
2026020012,2026-10-01,8476887,Filip Forsberg,NSH,MIN,1,L,19.48,0,1,1,2,0,0,6,1,3,14.12,5.37
2026020012,2026-10-01,8477021,Alexander Kerfoot,NSH,MIN,1,C,13.33,0,0,0,1,0,0,1,0,0,7.05,2.92
2026020012,2026-10-01,8477446,Michael McCarron,MIN,NSH,0,C,13.4,0,1,1,4,0,0,6,1,1,10.5,0.0
2026020012,2026-10-01,8477451,Ryan Hartman,MIN,NSH,0,R,12.9,0,0,0,0,0,0,1,1,0,11.67,1.23
2026020012,2026-10-01,8478493,Joel Eriksson Ek,MIN,NSH,0,C,20.33,0,0,0,3,0,0,7,2,2,12.97,5.73
2026020012,2026-10-01,8478508,Yakov Trenin,MIN,NSH,0,C,12.73,0,0,0,0,0,0,2,1,1,9.57,0.0
2026020012,2026-10-01,8478864,Kirill Kaprizov,MIN,NSH,0,L,20.88,1,0,1,3,0,0,10,6,1,15.12,5.77
2026020012,2026-10-01,8479525,Ross Colton,NSH,MIN,1,C,12.25,0,0,0,2,0,0,2,0,0,10.95,1.3
2026020012,2026-10-01,8479980,Nicolas Hague,NSH,MIN,1,D,15.38,0,0,0,0,0,0,2,1,1,14.87,0.07
2026020012,2026-10-01,8480246,Nick Perbix,NSH,MIN,1,D,18.07,0,0,0,0,0,0,2,1,1,14.05,0.15
2026020012,2026-10-01,8480800,Quinn Hughes,MIN,NSH,0,D,27.5,0,1,1,5,0,0,8,2,1,21.3,6.02
2026020012,2026-10-01,8480835,Jack Drury,NSH,MIN,1,C,12.83,0,0,0,0,0,0,0,0,0,10.22,0.0
2026020012,2026-10-01,8481535,Nils Hoglander,NSH,MIN,1,L,10.53,0,0,0,0,0,0,2,2,0,9.47,1.07
2026020012,2026-10-01,8481553,Bobby Brink,MIN,NSH,0,R,11.62,0,1,1,2,0,1,2,0,0,10.27,1.35
2026020012,2026-10-01,8481557,Matt Boldy,MIN,NSH,0,L,21.47,0,0,0,5,0,0,11,3,3,13.88,5.73
2026020012,2026-10-01,8481726,Adam Edstrom,NSH,MIN,1,C,10.83,0,0,0,1,0,0,2,1,0,9.97,0.0
2026020012,2026-10-01,8482094,Daemon Hunt,MIN,NSH,0,D,10.1,0,0,0,0,0,0,0,0,0,9.35,0.0
2026020012,2026-10-01,8482145,Mavrik Bourque,NSH,MIN,1,C,17.42,0,0,0,4,0,0,5,0,1,13.32,3.13
2026020012,2026-10-01,8482482,Adam Wilsby,NSH,MIN,1,D,16.08,0,0,0,0,0,0,0,0,0,14.08,0.0
2026020012,2026-10-01,8482715,Ryan Ufko,NSH,MIN,1,D,15.45,0,0,0,1,0,0,2,0,1,12.55,2.9
2026020012,2026-10-01,8483513,Reid Schaefer,NSH,MIN,1,L,11.58,0,0,0,1,0,0,3,2,0,11.58,0.0
2026020012,2026-10-01,8483525,Danila Yurov,MIN,NSH,0,R,12.48,0,1,1,1,0,1,2,0,1,10.52,1.28
2026020012,2026-10-01,8484241,Matthew Wood,NSH,MIN,1,R,17.37,0,0,0,0,0,0,2,2,0,10.43,4.93
2026020012,2026-10-01,8485702,Maxim Shabanov,MIN,NSH,0,R,15.15,0,0,0,0,0,0,3,2,1,9.47,5.68
2026020013,2026-10-01,8474013,Ian Cole,CHI,UTA,0,D,14.87,0,0,0,0,0,0,0,0,0,13.35,0.12
2026020013,2026-10-01,8474141,Patrick Kane,CHI,UTA,0,R,19.32,0,0,0,0,0,0,3,3,0,15.4,3.92
2026020013,2026-10-01,8475314,Anders Lee,UTA,CHI,1,L,12.12,1,0,1,4,0,0,6,1,1,10.97,1.15
2026020013,2026-10-01,8476389,Vincent Trocheck,UTA,CHI,1,C,17.48,0,1,1,1,0,0,3,1,1,15.13,1.25
2026020013,2026-10-01,8476882,Teuvo Teravainen,CHI,UTA,0,C,13.0,0,0,0,1,0,0,2,0,1,11.65,0.0
2026020013,2026-10-01,8477220,Nate Schmidt,UTA,CHI,1,D,18.93,0,1,1,0,0,0,2,1,1,16.72,0.0
2026020013,2026-10-01,8477346,MacKenzie Weegar,UTA,CHI,1,D,20.65,0,0,0,2,0,0,4,1,1,18.6,0.0
2026020013,2026-10-01,8477479,Tyler Bertuzzi,CHI,UTA,0,L,18.25,0,0,0,2,0,0,2,0,0,14.32,3.93
2026020013,2026-10-01,8477951,Nick Schmaltz,UTA,CHI,1,C,18.2,1,0,1,2,0,0,3,0,1,14.78,1.65
2026020013,2026-10-01,8477987,Ryan Donato,CHI,UTA,0,C,11.9,0,0,0,0,0,0,0,0,0,11.07,0.83
2026020013,2026-10-01,8478413,Jordan Greenway,CHI,UTA,0,L,13.87,0,0,0,1,0,0,2,1,0,13.02,0.0
2026020013,2026-10-01,8478474,Lawson Crouse,UTA,CHI,1,L,15.25,0,1,1,1,0,1,3,1,1,13.22,0.07
2026020013,2026-10-01,8478507,John Marino,UTA,CHI,1,D,21.37,0,0,0,1,0,0,1,0,0,18.9,1.15
2026020013,2026-10-01,8478831,Kevin Stenlund,UTA,CHI,1,C,12.97,0,1,1,0,0,0,1,0,1,10.67,0.0
2026020013,2026-10-01,8479343,Clayton Keller,UTA,CHI,1,R,17.72,0,2,2,4,0,2,7,2,1,15.97,1.75
2026020013,2026-10-01,8479369,Andrew Peeke,UTA,CHI,1,D,17.08,0,1,1,0,0,0,1,1,0,15.47,0.0
2026020013,2026-10-01,8479410,Mikhail Sergachev,UTA,CHI,1,D,22.95,0,1,1,3,0,0,6,2,1,18.45,1.75
2026020013,2026-10-01,8479619,Michael Carcone,UTA,CHI,1,L,12.67,1,1,2,2,0,0,4,2,0,11.52,1.15
2026020013,2026-10-01,8480849,Barrett Hayton,UTA,CHI,1,C,13.82,0,0,0,4,0,0,8,3,1,12.85,0.0
2026020013,2026-10-01,8480855,Jack McBain,UTA,CHI,1,C,13.43,0,0,0,0,0,0,2,2,0,12.33,0.0
2026020013,2026-10-01,8481524,Bowen Byram,CHI,UTA,0,D,24.82,0,0,0,0,0,0,4,1,3,20.13,4.43
2026020013,2026-10-01,8481568,Alex Vlasic,CHI,UTA,0,D,18.3,0,0,0,1,0,0,5,3,1,16.55,0.0
2026020013,2026-10-01,8482062,Cole Smith,CHI,UTA,0,R,14.22,0,0,0,1,0,0,2,0,1,13.52,0.0
2026020013,2026-10-01,8482176,Wyatt Kaiser,CHI,UTA,0,D,19.82,0,0,0,1,0,0,1,0,0,18.5,0.07
2026020013,2026-10-01,8482699,Dylan Guenther,UTA,CHI,1,R,14.55,2,0,2,5,2,2,7,1,1,12.8,1.75
2026020013,2026-10-01,8483431,Logan Cooley,UTA,CHI,1,C,16.12,0,1,1,0,0,1,2,2,0,12.6,1.68
2026020013,2026-10-01,8483450,Ryan Greene,CHI,UTA,0,C,17.07,0,0,0,0,0,0,0,0,0,15.13,0.72
2026020013,2026-10-01,8483493,Frank Nazar,CHI,UTA,0,C,17.38,0,0,0,0,0,0,1,1,0,14.32,2.2
2026020013,2026-10-01,8483506,Sam Rinzel,CHI,UTA,0,D,17.5,0,0,0,2,0,0,6,1,3,16.35,1.12
2026020013,2026-10-01,8484185,Nick Lardis,CHI,UTA,0,L,10.3,0,0,0,0,0,0,0,0,0,8.85,1.45
2026020013,2026-10-01,8484197,Oliver Moore,CHI,UTA,0,C,11.42,0,0,0,2,0,0,2,0,0,9.82,1.6
2026020013,2026-10-01,8484386,Dmitri Simashev,UTA,CHI,1,D,16.57,0,1,1,2,0,0,3,1,0,15.42,0.0
2026020013,2026-10-01,8484388,Daniil But,UTA,CHI,1,L,12.13,1,0,1,1,0,0,2,1,0,10.98,1.15
2026020013,2026-10-01,8484390,Roman Kantserov,CHI,UTA,0,R,16.6,0,0,0,0,0,0,2,1,1,12.63,3.97
2026020013,2026-10-01,8484783,Artyom Levshunov,CHI,UTA,0,D,19.85,0,0,0,1,0,0,3,2,0,18.73,0.0
2026020013,2026-10-01,8485391,Anton Frondell,CHI,UTA,0,C,18.17,0,0,0,3,0,0,7,3,1,14.03,3.32
2026020014,2026-10-01,8474150,Mikael Backlund,CGY,SEA,1,C,17.12,0,0,0,1,0,0,5,3,1,13.67,0.0
2026020014,2026-10-01,8474586,Jordan Eberle,SEA,CGY,0,R,17.87,1,0,1,4,1,1,10,3,3,13.17,4.53
2026020014,2026-10-01,8476457,Adam Larsson,SEA,CGY,0,D,18.8,0,0,0,1,0,0,1,0,0,17.4,0.0
2026020014,2026-10-01,8476458,Ryan Strome,CGY,SEA,1,C,16.02,1,0,1,4,0,0,5,0,1,14.25,0.75
2026020014,2026-10-01,8476905,Chandler Stephenson,SEA,CGY,0,C,16.98,1,0,1,2,0,0,2,0,0,12.4,4.08
2026020014,2026-10-01,8477919,Freddy Gaudreau,SEA,CGY,0,C,13.97,1,0,1,2,0,0,2,0,0,12.57,0.0
2026020014,2026-10-01,8477955,Jared McCann,SEA,CGY,0,L,17.9,0,3,3,4,0,1,6,1,1,12.03,5.2
2026020014,2026-10-01,8477986,Brandon Montour,SEA,CGY,0,D,24.18,0,0,0,4,0,0,5,1,0,19.55,3.95
2026020014,2026-10-01,8478136,Jacob Middleton,CGY,SEA,1,D,20.92,0,0,0,2,0,0,3,0,1,15.57,0.0
2026020014,2026-10-01,8478407,Vince Dunn,SEA,CGY,0,D,20.62,1,2,3,2,0,1,5,0,3,16.3,4.32
2026020014,2026-10-01,8479324,Ryan Lindgren,SEA,CGY,0,D,14.47,0,0,0,0,0,0,1,1,0,13.13,0.0
2026020014,2026-10-01,8479372,Josh Mahura,SEA,CGY,0,D,14.47,0,0,0,0,0,0,2,1,1,14.47,0.0
2026020014,2026-10-01,8480028,Morgan Frost,CGY,SEA,1,C,12.8,0,0,0,2,0,0,2,0,0,11.4,1.17
2026020014,2026-10-01,8480727,Zach Whitecloud,CGY,SEA,1,D,19.23,0,0,0,0,0,0,0,0,0,15.72,0.0
2026020014,2026-10-01,8480797,Joel Farabee,CGY,SEA,1,L,17.18,0,0,0,1,0,0,4,3,0,14.15,1.13
2026020014,2026-10-01,8480860,Kevin Bahl,CGY,SEA,1,D,21.12,0,0,0,1,0,0,1,0,0,17.42,0.0
2026020014,2026-10-01,8480876,Curtis Douglas,SEA,CGY,0,C,5.97,0,0,0,0,0,0,0,0,0,5.97,0.0
2026020014,2026-10-01,8481028,Martin Pospisil,CGY,SEA,1,C,12.67,0,0,0,2,0,0,2,0,0,10.8,0.0
2026020014,2026-10-01,8481068,Yegor Sharangovich,CGY,SEA,1,C,17.23,0,1,1,1,0,0,4,0,3,13.78,0.87
2026020014,2026-10-01,8481554,Kaapo Kakko,SEA,CGY,0,R,16.82,1,1,2,1,0,0,1,0,0,13.52,3.3
2026020014,2026-10-01,8482074,Connor Zary,CGY,SEA,1,C,13.32,0,1,1,1,0,0,5,2,2,12.45,0.87
2026020014,2026-10-01,8482165,Yan Kuznetsov,CGY,SEA,1,D,18.17,0,0,0,1,0,0,6,1,4,14.63,0.08
2026020014,2026-10-01,8482259,Bobby McMann,SEA,CGY,0,C,16.08,0,0,0,3,0,0,5,2,0,12.67,3.42
2026020014,2026-10-01,8482665,Matty Beniers,SEA,CGY,0,C,16.97,1,1,2,1,0,0,1,0,0,13.37,3.28
2026020014,2026-10-01,8482679,Matt Coronato,CGY,SEA,1,R,13.57,0,0,0,1,0,0,4,1,2,12.22,1.15
2026020014,2026-10-01,8482751,Ryan Winterton,SEA,CGY,0,C,16.28,0,1,1,3,0,0,8,2,3,15.87,0.0
2026020014,2026-10-01,8482858,Ryker Evans,SEA,CGY,0,D,20.7,0,1,1,1,0,0,2,1,0,19.73,0.33
2026020014,2026-10-01,8482874,Jacob Melanson,SEA,CGY,0,R,9.52,0,0,0,1,0,0,2,1,0,8.95,0.08
2026020014,2026-10-01,8483495,Simon Nemec,CGY,SEA,1,D,21.3,0,0,0,4,0,0,5,1,0,20.07,0.72
2026020014,2026-10-01,8483524,Shane Wright,SEA,CGY,0,C,15.92,0,1,1,2,0,0,4,1,1,13.13,2.78
2026020014,2026-10-01,8483609,Adam Klapka,CGY,SEA,1,R,11.48,0,0,0,0,0,0,1,0,1,11.48,0.0
2026020014,2026-10-01,8484180,Samuel Honzek,CGY,SEA,1,L,15.53,0,0,0,2,0,0,4,0,2,12.1,0.0
2026020014,2026-10-01,8484768,Zayne Parekh,CGY,SEA,1,D,17.78,0,0,0,1,0,0,7,3,3,16.48,1.28
2026020014,2026-10-01,8484800,Berkly Catton,SEA,CGY,0,C,19.0,0,0,0,1,0,0,2,0,1,14.95,4.05
2026020014,2026-10-01,8484860,Matvei Gridin,CGY,SEA,1,R,12.17,0,0,0,0,0,0,4,2,2,11.03,1.13
2026020014,2026-10-01,8484958,Maksim Tsyplakov,CGY,SEA,1,R,12.47,0,0,0,1,0,0,2,1,0,11.62,0.85
2026020015,2026-10-01,8474568,Luke Schenn,VAN,EDM,1,D,14.03,0,1,1,0,0,0,2,1,1,12.67,0.0
2026020015,2026-10-01,8475218,Mattias Ekholm,EDM,VAN,0,D,20.7,0,0,0,0,0,0,1,0,1,17.28,0.32
2026020015,2026-10-01,8475848,Brendan Gallagher,VAN,EDM,1,R,11.13,0,0,0,0,0,0,5,4,1,10.15,0.0
2026020015,2026-10-01,8476467,Jamie Oleksiak,VAN,EDM,1,D,21.32,1,1,2,1,0,0,1,0,0,18.02,0.0
2026020015,2026-10-01,8476473,Connor Murphy,EDM,VAN,0,D,24.78,0,0,0,1,0,0,2,0,1,21.7,0.0
2026020015,2026-10-01,8477934,Leon Draisaitl,EDM,VAN,0,C,20.32,2,1,3,5,1,1,7,1,1,15.58,4.68
2026020015,2026-10-01,8477953,Kasperi Kapanen,EDM,VAN,0,R,18.8,1,1,2,1,0,1,1,0,0,12.92,4.08
2026020015,2026-10-01,8478013,Jake Walman,EDM,VAN,0,D,13.03,0,0,0,1,0,0,3,0,2,9.93,2.2
2026020015,2026-10-01,8478402,Connor McDavid,EDM,VAN,0,C,22.05,1,4,5,3,0,2,7,2,2,15.22,4.65
2026020015,2026-10-01,8478444,Brock Boeser,VAN,EDM,1,R,18.63,1,1,2,2,0,1,6,1,3,15.23,3.32
2026020015,2026-10-01,8478472,Mathieu Joseph,EDM,VAN,0,R,15.12,0,1,1,2,0,0,3,1,0,12.98,0.12
2026020015,2026-10-01,8478498,Jake DeBrusk,VAN,EDM,1,L,15.62,0,0,0,4,0,0,5,1,0,12.35,3.27
2026020015,2026-10-01,8478854,Ryan Shea,EDM,VAN,0,D,23.08,1,0,1,1,0,0,3,2,0,18.85,2.12
2026020015,2026-10-01,8479365,Trent Frederic,EDM,VAN,0,C,10.92,1,0,1,2,0,0,4,0,2,8.27,2.65
2026020015,2026-10-01,8479368,Max Jones,EDM,VAN,0,L,11.68,0,0,0,1,0,0,3,2,0,10.92,0.77
2026020015,2026-10-01,8479425,Filip Hronek,VAN,EDM,1,D,23.03,0,2,2,1,0,0,3,0,2,15.38,3.6
2026020015,2026-10-01,8480012,Elias Pettersson,VAN,EDM,1,C,17.6,1,2,3,2,1,1,3,0,1,11.63,3.4
2026020015,2026-10-01,8480029,Alex Formenton,EDM,VAN,0,L,16.25,0,0,0,0,0,0,1,1,0,13.6,0.0
2026020015,2026-10-01,8480803,Evan Bouchard,EDM,VAN,0,D,24.35,1,2,3,4,0,0,7,2,1,18.55,4.6
2026020015,2026-10-01,8481024,Linus Karlsson,VAN,EDM,1,C,13.78,0,0,0,1,0,0,1,0,0,11.92,1.75
2026020015,2026-10-01,8481032,Paul Cotter,VAN,EDM,1,L,16.2,1,1,2,1,0,0,2,0,1,14.22,0.0
2026020015,2026-10-01,8481617,Vasily Podkolzin,EDM,VAN,0,R,18.07,1,1,2,4,1,2,7,1,2,14.03,4.03
2026020015,2026-10-01,8482055,Drew O'Connor,VAN,EDM,1,L,13.38,0,0,0,0,0,0,1,1,0,11.32,0.1
2026020015,2026-10-01,8482079,Marco Rossi,VAN,EDM,1,C,15.27,2,1,3,4,0,1,7,0,3,11.83,3.28
2026020015,2026-10-01,8482166,Shakir Mukhamadullin,EDM,VAN,0,D,10.02,0,0,0,0,0,0,1,0,1,10.02,0.0
2026020015,2026-10-01,8482703,Colton Dach,EDM,VAN,0,C,12.77,0,0,0,2,0,0,2,0,0,10.82,1.25
2026020015,2026-10-01,8483395,Arshdeep Bains,VAN,EDM,1,L,11.48,1,1,2,1,0,0,2,1,0,10.57,0.0
2026020015,2026-10-01,8483455,Isaac Howard,EDM,VAN,0,L,10.97,0,1,1,3,0,0,3,0,0,8.55,2.42
2026020015,2026-10-01,8483476,Jonathan Lekkerimaki,VAN,EDM,1,R,12.07,0,1,1,1,0,0,3,0,2,10.28,1.78
2026020015,2026-10-01,8483499,Liam Ohgren,VAN,EDM,1,L,18.55,0,1,1,1,0,0,2,0,1,14.38,1.78
2026020015,2026-10-01,8483678,Elias Pettersson,VAN,EDM,1,D,16.28,0,0,0,0,0,0,2,1,1,12.72,0.0
2026020015,2026-10-01,8484136,Max Sasson,VAN,EDM,1,C,13.6,0,0,0,0,0,0,1,0,1,10.97,0.18
2026020015,2026-10-01,8484240,Tom Willander,VAN,EDM,1,D,21.18,0,1,1,0,0,0,0,0,0,18.0,1.87
2026020015,2026-10-01,8484509,Josh Samanski,EDM,VAN,0,C,8.68,0,0,0,0,0,0,0,0,0,8.68,0.0
2026020015,2026-10-01,8484798,Zeev Buium,VAN,EDM,1,D,20.97,0,0,0,3,0,0,4,0,1,19.38,1.58
2026020015,2026-10-01,8486161,Owen Michaels,EDM,VAN,0,R,13.38,1,0,1,1,0,0,1,0,0,12.33,0.12
2026020016,2026-10-01,8474189,Lars Eller,FLA,SJS,0,C,14.95,0,1,1,2,0,1,5,0,3,12.82,0.25
2026020016,2026-10-01,8475179,Dmitry Kulikov,FLA,SJS,0,D,17.47,0,1,1,0,0,0,0,0,0,15.08,0.05
2026020016,2026-10-01,8475200,Dmitry Orlov,SJS,FLA,1,D,17.92,0,0,0,1,0,0,4,0,3,15.87,0.48
2026020016,2026-10-01,8475462,Radko Gudas,FLA,SJS,0,D,13.52,0,0,0,1,0,0,4,1,2,12.23,0.0
2026020016,2026-10-01,8475726,Tyler Toffoli,SJS,FLA,1,C,9.4,0,0,0,1,0,0,1,0,0,8.92,0.48
2026020016,2026-10-01,8476624,Barclay Goodrow,SJS,FLA,1,C,14.15,0,0,0,0,0,0,1,0,1,8.63,0.0
2026020016,2026-10-01,8476885,Jacob Trouba,SJS,FLA,1,D,22.58,0,0,0,2,0,0,3,1,0,16.52,0.0
2026020016,2026-10-01,8477409,Carter Verhaeghe,FLA,SJS,0,C,17.23,0,0,0,0,0,0,1,1,0,14.37,2.87
2026020016,2026-10-01,8477493,Aleksander Barkov,FLA,SJS,0,C,9.25,0,0,0,1,0,0,2,0,1,6.2,3.05
2026020016,2026-10-01,8477495,Seth Jones,FLA,SJS,0,D,27.72,0,0,0,2,0,0,8,4,2,18.63,7.17
2026020016,2026-10-01,8477498,Darnell Nurse,SJS,FLA,1,D,17.12,0,0,0,0,0,0,4,1,3,14.05,0.0
2026020016,2026-10-01,8477505,Alexander Wennberg,SJS,FLA,1,C,21.73,0,0,0,3,0,0,3,0,0,14.02,4.87
2026020016,2026-10-01,8477903,Garnet Hathaway,FLA,SJS,0,R,6.05,0,0,0,0,0,0,0,0,0,4.2,0.0
2026020016,2026-10-01,8477932,Aaron Ekblad,FLA,SJS,0,D,21.55,0,1,1,0,0,1,3,1,2,14.3,3.53
2026020016,2026-10-01,8477933,Sam Reinhart,FLA,SJS,0,C,23.55,0,0,0,2,0,0,7,4,1,15.2,7.12
2026020016,2026-10-01,8477935,Sam Bennett,FLA,SJS,0,C,20.82,0,1,1,1,0,0,3,0,2,17.17,3.65
2026020016,2026-10-01,8478147,Bokondji Imama,FLA,SJS,0,L,5.27,0,0,0,0,0,0,0,0,0,5.27,0.0
2026020016,2026-10-01,8478859,Niko Mikkola,FLA,SJS,0,D,22.7,0,0,0,2,0,0,5,1,2,20.17,0.18
2026020016,2026-10-01,8478975,Mason Marchment,SJS,FLA,1,L,12.73,1,0,1,4,0,0,5,1,0,12.25,0.48
2026020016,2026-10-01,8479314,Matthew Tkachuk,FLA,SJS,0,L,22.78,1,0,1,2,0,0,8,3,3,13.62,9.17
2026020016,2026-10-01,8480185,Eetu Luostarinen,FLA,SJS,0,C,16.47,2,0,2,3,1,1,4,1,0,12.4,2.17
2026020016,2026-10-01,8480748,Kiefer Sherwood,SJS,FLA,1,L,14.02,0,0,0,1,0,0,7,4,2,11.12,0.0
2026020016,2026-10-01,8480801,Brady Tkachuk,FLA,SJS,0,L,19.62,0,0,0,4,0,0,6,2,0,12.72,6.57
2026020016,2026-10-01,8480891,Michael Kesselring,SJS,FLA,1,D,19.77,0,0,0,1,0,0,1,0,0,15.43,0.0
2026020016,2026-10-01,8482113,Anton Lundell,FLA,SJS,0,C,20.72,0,1,1,3,0,0,8,3,2,11.63,6.38
2026020016,2026-10-01,8482700,Nolan Allan,SJS,FLA,1,D,20.73,0,0,0,1,0,0,3,2,0,14.83,0.0
2026020016,2026-10-01,8482859,Zack Ostapchuk,SJS,FLA,1,C,11.48,0,0,0,0,0,0,0,0,0,7.9,0.0
2026020016,2026-10-01,8483771,Sandis Vilmanis,FLA,SJS,0,L,12.32,0,0,0,2,0,0,4,2,0,12.22,0.1
2026020016,2026-10-01,8484152,Luca Cagnoni,SJS,FLA,1,D,21.28,1,1,2,3,0,1,5,2,0,15.92,5.32
2026020016,2026-10-01,8484227,Will Smith,SJS,FLA,1,C,20.15,2,1,3,3,1,1,5,1,1,14.15,5.32
2026020016,2026-10-01,8484304,Uvis Balinskis,FLA,SJS,0,D,12.87,0,0,0,1,0,0,2,0,1,12.87,0.0
2026020016,2026-10-01,8484801,Macklin Celebrini,SJS,FLA,1,C,22.95,0,3,3,7,0,1,11,2,2,15.53,5.32
2026020016,2026-10-01,8484911,Collin Graf,SJS,FLA,1,R,16.8,0,0,0,0,0,0,1,1,0,13.62,0.0
2026020016,2026-10-01,8484994,Igor Chernyshov,SJS,FLA,1,L,12.22,0,0,0,1,0,0,1,0,0,8.6,3.62
2026020016,2026-10-01,8485402,Michael Misa,SJS,FLA,1,C,11.57,0,0,0,4,0,0,5,0,1,10.63,0.93
2026020016,2026-10-01,8486103,Ivar Stenberg,SJS,FLA,1,L,13.58,0,0,0,0,0,0,1,1,0,13.1,0.48
2026020017,2026-10-02,8475279,Ben Chiarot,DET,NYR,1,D,18.52,0,0,0,1,0,0,2,0,1,15.77,0.03
2026020017,2026-10-02,8475753,Justin Faulk,DET,NYR,1,D,21.48,0,0,0,1,0,0,4,0,3,18.67,1.68
2026020017,2026-10-02,8476459,Mika Zibanejad,NYR,DET,0,C,21.35,0,0,0,1,0,0,4,3,0,14.87,5.02
2026020017,2026-10-02,8476468,J.T. Miller,NYR,DET,0,C,17.47,0,0,0,2,0,0,4,2,0,12.45,4.9
2026020017,2026-10-02,8477416,Oliver Bjorkstrand,NYR,DET,0,R,13.37,0,0,0,0,0,0,1,1,0,10.78,2.58
2026020017,2026-10-02,8477429,Andrew Copp,DET,NYR,1,C,22.28,0,0,0,1,0,0,2,0,1,16.67,2.1
2026020017,2026-10-02,8477456,J.T. Compher,DET,NYR,1,L,16.47,0,0,0,1,0,0,2,0,1,13.08,0.05
2026020017,2026-10-02,8477969,Marcus Pettersson,NYR,DET,0,D,21.93,0,0,0,1,0,0,2,0,1,19.42,0.0
2026020017,2026-10-02,8478042,Viktor Arvidsson,DET,NYR,1,L,16.28,0,0,0,1,0,0,2,1,0,14.18,2.1
2026020017,2026-10-02,8478434,Keegan Kolesar,DET,NYR,1,R,10.38,0,0,0,0,0,0,0,0,0,9.7,0.12
2026020017,2026-10-02,8478882,Vladislav Gavrikov,NYR,DET,0,D,21.12,0,0,0,0,0,0,0,0,0,19.5,0.1
2026020017,2026-10-02,8478891,Mason Appleton,DET,NYR,1,C,10.3,0,0,0,1,0,0,1,0,0,7.33,0.0
2026020017,2026-10-02,8479323,Adam Fox,NYR,DET,0,D,22.83,0,1,1,2,0,0,3,0,1,15.93,5.28
2026020017,2026-10-02,8479337,Alex DeBrincat,DET,NYR,1,R,19.72,0,0,0,1,0,0,5,1,3,17.37,2.12
2026020017,2026-10-02,8479992,Michael Rasmussen,DET,NYR,1,C,14.9,0,0,0,0,0,0,2,2,0,11.62,0.95
2026020017,2026-10-02,8480009,Eeli Tolvanen,NYR,DET,0,R,11.43,1,0,1,1,0,0,2,1,0,8.43,2.25
2026020017,2026-10-02,8480434,Sean Durzi,NYR,DET,0,D,19.32,1,0,1,2,1,1,3,0,1,15.75,2.3
2026020017,2026-10-02,8480813,Joseph Veleno,NYR,DET,0,C,13.57,0,0,0,0,0,0,0,0,0,11.78,0.0
2026020017,2026-10-02,8481542,Moritz Seider,DET,NYR,1,D,25.27,0,0,0,2,0,0,2,0,0,18.67,2.27
2026020017,2026-10-02,8481604,Pavel Dorofeyev,NYR,DET,0,R,17.5,0,0,0,2,0,0,5,0,3,11.97,5.53
2026020017,2026-10-02,8481607,Albert Johansson,DET,NYR,1,D,17.48,0,0,0,0,0,0,3,2,1,13.42,0.0
2026020017,2026-10-02,8481789,Tye Kartye,NYR,DET,0,L,15.2,0,1,1,1,0,0,3,1,1,13.62,0.1
2026020017,2026-10-02,8482073,Braden Schneider,NYR,DET,0,D,16.6,0,0,0,1,0,0,2,0,1,15.07,0.45
2026020017,2026-10-02,8482078,Lucas Raymond,DET,NYR,1,L,20.02,0,0,0,2,0,0,5,0,3,17.4,2.07
2026020017,2026-10-02,8482109,Alexis Lafrenière,NYR,DET,0,L,21.5,0,0,0,1,0,0,5,1,3,16.02,5.48
2026020017,2026-10-02,8482157,Will Cuylle,NYR,DET,0,L,14.72,0,1,1,2,0,1,2,0,0,11.15,2.1
2026020017,2026-10-02,8482877,Jaroslav Chmelar,NYR,DET,0,R,9.18,0,0,0,1,0,0,1,0,0,9.08,0.1
2026020017,2026-10-02,8483464,Marco Kasper,DET,NYR,1,C,10.83,0,0,0,4,0,0,4,0,0,9.07,0.95
2026020017,2026-10-02,8483679,Anton Johansson,DET,NYR,1,D,19.17,0,0,0,0,0,0,2,1,1,18.08,0.12
2026020017,2026-10-02,8483690,Noah Laba,NYR,DET,0,C,12.08,0,0,0,2,0,0,2,0,0,10.98,0.17
2026020017,2026-10-02,8484160,Nate Danielson,DET,NYR,1,C,9.68,0,0,0,1,0,0,1,0,0,8.7,0.98
2026020017,2026-10-02,8484210,Gabe Perreault,NYR,DET,0,R,15.4,0,1,1,2,0,1,3,1,0,13.35,2.05
2026020017,2026-10-02,8484223,Axel Sandin-Pellikka,DET,NYR,1,D,16.45,0,0,0,2,0,0,3,0,1,12.5,1.77
2026020017,2026-10-02,8484471,Emmitt Finnie,DET,NYR,1,C,14.4,0,0,0,1,0,0,2,0,1,11.62,1.77
2026020017,2026-10-02,8484794,Michael Brandsegg-Nygård,DET,NYR,1,R,9.65,0,0,0,3,0,0,3,0,0,8.72,0.93
2026020017,2026-10-02,8485957,Alberts Smits,NYR,DET,0,D,11.43,0,0,0,0,0,0,1,0,1,11.43,0.0
2026020018,2026-10-02,8471214,Alex Ovechkin,WSH,CAR,0,L,12.77,0,1,1,1,0,0,1,0,0,10.93,1.83
2026020018,2026-10-02,8473533,Jordan Staal,CAR,WSH,1,C,14.9,0,0,0,3,0,0,6,3,0,10.57,3.32
2026020018,2026-10-02,8475235,Nicolas Deslauriers,CAR,WSH,1,L,9.42,0,0,0,0,0,0,0,0,0,9.42,0.0
2026020018,2026-10-02,8475791,Taylor Hall,CAR,WSH,1,L,13.57,0,0,0,1,0,0,5,1,3,9.82,3.75
2026020018,2026-10-02,8476432,Boone Jenner,WSH,CAR,0,C,16.3,0,0,0,3,0,0,3,0,0,11.65,0.0
2026020018,2026-10-02,8476873,Mark Jankowski,CAR,WSH,1,L,12.58,0,0,0,0,0,0,0,0,0,10.92,1.05
2026020018,2026-10-02,8476880,Tom Wilson,WSH,CAR,0,R,16.62,0,1,1,0,0,0,0,0,0,9.35,1.83
2026020018,2026-10-02,8476906,Shayne Gostisbehere,CAR,WSH,1,D,22.67,0,0,0,0,0,0,5,1,4,15.47,7.2
2026020018,2026-10-02,8476921,Jordan Martinook,CAR,WSH,1,L,12.78,0,0,0,2,0,0,6,2,2,11.73,0.0
2026020018,2026-10-02,8476958,Jaccob Slavin,CAR,WSH,1,D,18.53,0,0,0,4,0,0,6,1,1,17.35,0.0
2026020018,2026-10-02,8477478,William Carrier,CAR,WSH,1,L,11.5,0,1,1,1,0,0,4,3,0,11.5,0.0
2026020018,2026-10-02,8477940,Nikolaj Ehlers,CAR,WSH,1,L,19.03,0,0,0,4,0,0,8,1,3,13.37,5.67
2026020018,2026-10-02,8477949,Alex Tuch,WSH,CAR,0,R,16.63,2,0,2,3,0,0,3,0,0,10.98,0.62
2026020018,2026-10-02,8478427,Sebastian Aho,CAR,WSH,1,C,18.65,1,0,1,2,1,1,3,1,0,10.35,7.5
2026020018,2026-10-02,8478440,Dylan Strome,WSH,CAR,0,C,13.18,0,2,2,2,0,1,3,0,1,11.25,1.83
2026020018,2026-10-02,8478463,Anthony Beauvillier,WSH,CAR,0,R,13.92,0,0,0,3,0,0,4,1,0,12.42,0.0
2026020018,2026-10-02,8478911,Matt Roy,WSH,CAR,0,D,22.48,0,0,0,0,0,0,2,0,2,14.9,0.0
2026020018,2026-10-02,8478970,Jalen Chatfield,CAR,WSH,1,D,17.55,0,0,0,0,0,0,4,1,3,16.32,0.0
2026020018,2026-10-02,8479345,Jakob Chychrun,WSH,CAR,0,D,18.85,1,1,2,3,1,1,4,0,1,16.55,1.83
2026020018,2026-10-02,8479385,Jordan Kyrou,WSH,CAR,0,R,12.27,0,0,0,2,0,0,3,1,0,11.65,0.62
2026020018,2026-10-02,8479400,Pierre-Luc Dubois,WSH,CAR,0,C,12.13,0,2,2,1,0,0,1,0,0,10.3,1.83
2026020018,2026-10-02,8479576,Vincent Desharnais,WSH,CAR,0,D,21.25,0,0,0,0,0,0,1,0,1,15.63,0.0
2026020018,2026-10-02,8480043,Timothy Liljegren,WSH,CAR,0,D,18.8,0,0,0,0,0,0,1,0,1,15.08,0.0
2026020018,2026-10-02,8480336,Sean Walker,CAR,WSH,1,D,19.08,0,0,0,2,0,0,7,0,5,15.6,2.25
2026020018,2026-10-02,8480762,Eric Robinson,CAR,WSH,1,L,11.73,0,0,0,0,0,0,0,0,0,11.12,0.0
2026020018,2026-10-02,8480796,Martin Fehervary,WSH,CAR,0,D,19.48,0,0,0,1,0,0,2,1,0,14.18,0.0
2026020018,2026-10-02,8480817,K'Andre Miller,CAR,WSH,1,D,22.18,0,1,1,0,0,0,1,0,1,16.77,4.13
2026020018,2026-10-02,8480830,Andrei Svechnikov,CAR,WSH,1,R,19.85,0,1,1,6,0,1,10,2,2,12.27,7.58
2026020018,2026-10-02,8481656,Aliaksei Protas,WSH,CAR,0,L,17.6,0,1,1,2,0,0,4,2,0,12.53,0.0
2026020018,2026-10-02,8482088,Justin Sourdif,WSH,CAR,0,C,13.0,0,0,0,0,0,0,0,0,0,12.13,0.0
2026020018,2026-10-02,8482702,Logan Stankoven,CAR,WSH,1,C,20.25,1,0,1,4,0,0,7,0,3,14.35,5.13
2026020018,2026-10-02,8482809,Jackson Blake,CAR,WSH,1,R,19.45,0,1,1,3,0,1,5,1,1,10.37,9.08
2026020018,2026-10-02,8484186,Ryan Leonard,WSH,CAR,0,R,12.13,1,0,1,3,0,0,5,1,1,11.52,0.62
2026020018,2026-10-02,8484428,Charles Alexis Legault,CAR,WSH,1,D,11.12,0,0,0,1,0,0,4,2,1,11.12,0.0
2026020018,2026-10-02,8484873,Cole Hutson,WSH,CAR,0,D,17.13,1,0,1,3,0,0,5,0,2,16.52,0.62
2026020018,2026-10-02,8484999,Ilya Protas,WSH,CAR,0,L,11.53,0,1,1,0,0,0,1,1,0,10.92,0.62
2026020019,2026-10-02,8475799,Nino Niederreiter,WPG,BOS,1,R,12.28,0,0,0,0,0,0,0,0,0,11.65,0.63
2026020019,2026-10-02,8476331,Dylan DeMelo,WPG,BOS,1,D,22.88,1,0,1,1,0,0,1,0,0,21.05,0.0
2026020019,2026-10-02,8476374,Sean Kuraly,BOS,WPG,0,C,11.03,0,0,0,1,0,0,3,1,1,9.85,0.0
2026020019,2026-10-02,8476392,Adam Lowry,WPG,BOS,1,C,16.12,0,2,2,2,0,0,4,1,1,14.68,0.12
2026020019,2026-10-02,8476460,Mark Scheifele,WPG,BOS,1,C,22.48,0,0,0,0,0,0,2,2,0,18.77,3.58
2026020019,2026-10-02,8476480,Vladislav Namestnikov,WPG,BOS,1,C,11.75,0,0,0,1,0,0,2,1,0,9.85,0.7
2026020019,2026-10-02,8476854,Hampus Lindholm,BOS,WPG,0,D,21.7,1,0,1,2,0,0,8,4,2,17.73,2.0
2026020019,2026-10-02,8477365,Connor Clifton,BOS,WPG,0,D,18.58,0,0,0,2,0,0,7,2,3,16.27,0.0
2026020019,2026-10-02,8477496,Elias Lindholm,BOS,WPG,0,C,15.88,1,0,1,5,0,0,8,2,1,14.67,1.1
2026020019,2026-10-02,8477504,Josh Morrissey,WPG,BOS,1,D,25.37,0,0,0,4,0,0,8,2,2,21.52,3.45
2026020019,2026-10-02,8477507,Nikita Zadorov,BOS,WPG,0,D,20.9,0,2,2,0,0,0,4,1,3,19.27,0.0
2026020019,2026-10-02,8477956,David Pastrnak,BOS,WPG,0,R,22.07,0,2,2,4,0,0,8,2,2,18.27,3.67
2026020019,2026-10-02,8478398,Kyle Connor,WPG,BOS,1,L,20.93,1,1,2,9,1,1,14,2,3,16.13,3.45
2026020019,2026-10-02,8478401,Pavel Zacha,BOS,WPG,0,C,19.55,0,0,0,3,0,0,6,1,2,15.78,2.72
2026020019,2026-10-02,8478840,William Borgen,BOS,WPG,0,D,19.53,0,1,1,0,0,0,2,0,2,16.92,0.0
2026020019,2026-10-02,8479661,Tanner Jeannot,BOS,WPG,0,L,10.25,0,0,0,0,0,0,1,1,0,9.53,0.0
2026020019,2026-10-02,8479983,Mario Ferraro,WPG,BOS,1,D,17.97,1,0,1,3,0,0,4,0,1,16.53,0.0
2026020019,2026-10-02,8479987,Morgan Geekie,BOS,WPG,0,C,18.88,0,1,1,0,0,0,4,3,1,15.27,3.62
2026020019,2026-10-02,8479999,Casey Mittelstadt,BOS,WPG,0,C,14.02,0,0,0,2,0,0,3,1,0,13.77,0.25
2026020019,2026-10-02,8480014,Gabriel Vilardi,WPG,BOS,1,C,19.42,0,1,1,1,0,1,7,4,2,15.9,3.52
2026020019,2026-10-02,8480049,Dylan Samberg,WPG,BOS,1,D,22.77,0,0,0,1,0,0,4,2,1,20.47,0.13
2026020019,2026-10-02,8480113,Alex Iafallo,WPG,BOS,1,L,12.2,0,0,0,0,0,0,0,0,0,10.53,0.08
2026020019,2026-10-02,8480145,Neal Pionk,WPG,BOS,1,D,24.62,0,0,0,2,0,0,5,1,2,21.57,0.88
2026020019,2026-10-02,8480289,Morgan Barron,WPG,BOS,1,C,15.88,0,1,1,2,0,0,8,4,2,15.07,0.05
2026020019,2026-10-02,8480355,Mark Kastelic,BOS,WPG,0,C,9.28,0,1,1,1,0,0,2,1,0,8.17,0.0
2026020019,2026-10-02,8481219,Jonathan Aspirot,BOS,WPG,0,D,16.08,0,0,0,3,0,0,4,1,0,15.95,0.13
2026020019,2026-10-02,8482149,Cole Perfetti,WPG,BOS,1,C,17.1,0,1,1,4,0,1,7,3,0,13.65,3.45
2026020019,2026-10-02,8482175,JJ Peterka,BOS,WPG,0,R,20.08,1,0,1,5,0,0,5,0,0,16.43,3.65
2026020019,2026-10-02,8482177,Marat Khusnutdinov,BOS,WPG,0,C,15.92,0,0,0,0,0,0,1,1,0,13.48,0.13
2026020019,2026-10-02,8482459,Tyrel Bauer,WPG,BOS,1,D,5.97,0,0,0,0,0,0,0,0,0,5.97,0.0
2026020019,2026-10-02,8482511,Mason Lohrei,BOS,WPG,0,D,21.88,0,1,1,0,0,0,4,1,3,19.88,2.0
2026020019,2026-10-02,8482765,Isak Rosén,WPG,BOS,1,R,10.83,0,0,0,1,0,0,1,0,0,10.17,0.67
2026020019,2026-10-02,8483471,Brad Lambert,WPG,BOS,1,C,11.78,0,0,0,0,0,0,0,0,0,11.78,0.0
2026020019,2026-10-02,8483489,Fraser Minten,BOS,WPG,0,C,16.83,0,0,0,1,0,0,2,1,0,14.57,0.35
2026020019,2026-10-02,8485395,James Hagens,BOS,WPG,0,C,14.23,1,0,1,1,0,0,2,0,1,13.85,0.38
2026020019,2026-10-02,8486025,Viggo Björck,WPG,BOS,1,C,15.7,0,0,0,2,0,0,3,1,0,13.43,0.62
2026020020,2026-10-02,8473994,Jamie Benn,DAL,STL,1,L,10.05,0,0,0,0,0,0,2,2,0,8.25,1.8
2026020020,2026-10-02,8474574,Tyler Myers,DAL,STL,1,D,13.22,0,0,0,1,0,0,1,0,0,11.97,0.0
2026020020,2026-10-02,8475764,Cam Fowler,STL,DAL,0,D,22.63,0,0,0,2,0,0,5,0,3,13.75,5.0
2026020020,2026-10-02,8475794,Tyler Seguin,DAL,STL,1,C,14.92,0,0,0,4,0,0,6,2,0,12.6,2.32
2026020020,2026-10-02,8476889,Radek Faksa,DAL,STL,1,C,11.12,0,0,0,1,0,0,3,1,1,8.07,0.0
2026020020,2026-10-02,8476892,Colton Parayko,STL,DAL,0,D,20.45,0,1,1,2,0,0,3,0,1,16.63,0.07
2026020020,2026-10-02,8476902,Esa Lindell,DAL,STL,1,D,18.72,0,0,0,1,0,0,1,0,0,13.2,0.67
2026020020,2026-10-02,8477402,Pavel Buchnevich,STL,DAL,0,L,17.18,0,0,0,0,0,0,3,2,1,9.32,2.65
2026020020,2026-10-02,8477527,Ross Johnston,STL,DAL,0,L,9.98,0,0,0,0,0,0,0,0,0,9.82,0.17
2026020020,2026-10-02,8478420,Mikko Rantanen,DAL,STL,1,R,22.17,0,0,0,1,0,0,5,2,2,14.15,8.02
2026020020,2026-10-02,8478443,Brandon Carlo,STL,DAL,0,D,15.45,0,0,0,0,0,0,0,0,0,12.02,0.0
2026020020,2026-10-02,8478449,Roope Hintz,DAL,STL,1,C,16.95,0,0,0,0,0,0,3,2,1,10.12,5.05
2026020020,2026-10-02,8479351,Sam Steel,DAL,STL,1,C,11.32,0,0,0,3,0,0,4,1,0,10.1,0.0
2026020020,2026-10-02,8480023,Robert Thomas,STL,DAL,0,C,22.98,0,0,0,0,0,0,0,0,0,14.3,4.62
2026020020,2026-10-02,8480027,Jason Robertson,DAL,STL,1,L,19.65,0,0,0,2,0,0,5,1,2,12.78,6.87
2026020020,2026-10-02,8480036,Miro Heiskanen,DAL,STL,1,D,26.75,0,0,0,1,0,0,4,2,1,16.83,5.67
2026020020,2026-10-02,8480281,Alexey Toropchenko,STL,DAL,0,R,5.13,0,0,0,0,0,0,1,0,1,4.78,0.0
2026020020,2026-10-02,8480459,Pius Suter,STL,DAL,0,C,14.42,1,1,2,4,0,0,5,0,1,9.48,0.02
2026020020,2026-10-02,8480840,Oskar Bäck,DAL,STL,1,C,12.05,0,0,0,0,0,0,0,0,0,8.73,0.0
2026020020,2026-10-02,8480878,Nils Lundkvist,DAL,STL,1,D,15.37,0,0,0,2,0,0,4,2,0,13.95,0.0
2026020020,2026-10-02,8481013,Jonatan Berggren,STL,DAL,0,R,13.75,0,0,0,0,0,0,1,0,1,12.88,0.87
2026020020,2026-10-02,8481580,Connor McMichael,STL,DAL,0,L,13.05,0,1,1,1,0,0,3,1,1,8.68,2.97
2026020020,2026-10-02,8481581,Thomas Harley,DAL,STL,1,D,20.98,0,0,0,1,0,0,5,1,3,15.12,3.68
2026020020,2026-10-02,8481598,Philip Broberg,STL,DAL,0,D,23.13,0,1,1,1,0,0,3,1,1,17.13,0.85
2026020020,2026-10-02,8481641,Joel Kiviranta,DAL,STL,1,L,10.3,0,0,0,2,0,0,2,0,0,8.6,0.0
2026020020,2026-10-02,8482077,Dylan Holloway,STL,DAL,0,L,19.35,0,0,0,1,0,0,4,0,3,13.97,4.85
2026020020,2026-10-02,8482089,Jake Neighbours,STL,DAL,0,L,13.05,0,0,0,1,0,0,2,0,1,10.65,1.55
2026020020,2026-10-02,8482740,Wyatt Johnston,DAL,STL,1,C,21.82,0,0,0,4,0,0,6,0,2,13.8,6.18
2026020020,2026-10-02,8482745,Mason McTavish,STL,DAL,0,C,14.6,1,0,1,3,0,0,6,2,1,9.8,4.8
2026020020,2026-10-02,8483425,Lian Bichsel,DAL,STL,1,D,16.03,0,0,0,0,0,0,2,0,2,14.62,0.0
2026020020,2026-10-02,8483516,Jimmy Snuggerud,STL,DAL,0,R,18.98,1,1,2,4,0,0,8,0,4,14.22,4.77
2026020020,2026-10-02,8484164,Dalibor Dvorsky,STL,DAL,0,R,13.05,1,0,1,2,0,0,2,0,0,10.5,2.55
2026020020,2026-10-02,8484188,Theo Lindstein,STL,DAL,0,D,15.22,0,0,0,1,0,0,1,0,0,14.03,0.07
2026020020,2026-10-02,8484790,Adam Jiricek,STL,DAL,0,D,16.58,0,0,0,2,0,0,3,0,1,14.03,2.55
2026020020,2026-10-02,8484829,Justin Hryckowian,DAL,STL,1,C,17.2,0,0,0,1,0,0,2,0,1,13.03,3.08
2026020020,2026-10-02,8484938,Arttu Hyry,DAL,STL,1,R,13.12,0,0,0,1,0,0,4,2,1,11.8,0.0
2026020021,2026-10-02,8473986,Alex Killorn,ANA,VGK,0,L,15.23,1,0,1,2,0,0,2,0,0,12.87,0.25
2026020021,2026-10-02,8475188,Brayden McNabb,VGK,ANA,1,D,17.95,0,1,1,0,0,0,5,3,2,15.83,0.0
2026020021,2026-10-02,8475343,Nic Dowd,VGK,ANA,1,C,8.4,0,0,0,1,0,0,2,1,0,6.75,0.0
2026020021,2026-10-02,8475798,Mikael Granlund,ANA,VGK,0,C,18.65,0,1,1,0,0,0,1,1,0,13.4,3.0
2026020021,2026-10-02,8475913,Mark Stone,VGK,ANA,1,R,20.65,0,0,0,0,0,0,1,0,1,16.7,3.7
2026020021,2026-10-02,8476448,William Karlsson,VGK,ANA,1,C,20.22,0,0,0,2,0,0,3,1,0,17.92,0.82
2026020021,2026-10-02,8476881,Tomas Hertl,VGK,ANA,1,C,17.38,1,0,1,5,1,1,11,2,4,13.68,3.7
2026020021,2026-10-02,8477447,Shea Theodore,VGK,ANA,1,D,24.67,1,0,1,4,0,0,5,0,1,19.13,3.65
2026020021,2026-10-02,8477964,Ivan Barbashev,VGK,ANA,1,L,15.08,0,0,0,1,0,0,3,1,1,15.0,0.08
2026020021,2026-10-02,8478109,Victor Olofsson,VGK,ANA,1,L,13.22,0,1,1,1,0,0,3,1,1,12.18,1.03
2026020021,2026-10-02,8478366,Frank Vatrano,ANA,VGK,0,R,10.57,0,0,0,0,0,0,1,0,1,10.57,0.0
2026020021,2026-10-02,8478396,Noah Hanifin,VGK,ANA,1,D,19.55,0,0,0,1,0,0,4,1,2,18.33,0.08
2026020021,2026-10-02,8478397,Rasmus Andersson,VGK,ANA,1,D,19.23,0,0,0,2,0,0,6,2,2,17.93,1.3
2026020021,2026-10-02,8478403,Jack Eichel,VGK,ANA,1,C,22.12,0,2,2,2,0,1,4,0,2,18.03,3.83
2026020021,2026-10-02,8478421,Anthony-John (AJ) Greer,ANA,VGK,0,L,13.4,0,1,1,4,0,0,5,1,0,13.12,0.28
2026020021,2026-10-02,8478450,Parker Wotherspoon,VGK,ANA,1,D,15.65,0,0,0,0,0,0,1,1,0,15.25,0.4
2026020021,2026-10-02,8478468,Jeremy Lauzon,VGK,ANA,1,D,16.8,0,0,0,3,0,0,6,1,2,15.45,0.0
2026020021,2026-10-02,8478483,Mitch Marner,VGK,ANA,1,R,22.37,0,1,1,1,0,1,2,0,1,17.43,3.4
2026020021,2026-10-02,8479353,Brett Howden,VGK,ANA,1,C,14.97,0,1,1,3,0,0,3,0,0,13.5,0.12
2026020021,2026-10-02,8480068,Ryan Poehling,ANA,VGK,0,C,14.05,0,0,0,2,0,0,3,0,1,12.08,0.25
2026020021,2026-10-02,8481538,Judd Caulfield,ANA,VGK,0,R,13.28,0,0,0,0,0,0,2,0,2,13.28,0.0
2026020021,2026-10-02,8481605,Jackson LaCombe,ANA,VGK,0,D,29.62,0,1,1,2,0,0,3,1,0,24.83,2.47
2026020021,2026-10-02,8481754,Nikita Nesterenko,ANA,VGK,0,C,11.82,0,0,0,0,0,0,1,1,0,11.82,0.0
2026020021,2026-10-02,8482408,Jeff Malott,ANA,VGK,0,L,10.65,1,0,1,1,0,0,2,0,1,10.65,0.0
2026020021,2026-10-02,8482731,Tyson Hinds,ANA,VGK,0,D,9.25,0,0,0,0,0,0,0,0,0,9.25,0.0
2026020021,2026-10-02,8483445,Cutter Gauthier,ANA,VGK,0,L,17.85,0,1,1,5,0,0,12,5,2,14.85,3.0
2026020021,2026-10-02,8483482,Tristan Luneau,ANA,VGK,0,D,26.97,0,1,1,0,0,0,4,2,2,25.73,0.78
2026020021,2026-10-02,8483490,Pavel Mintyukov,ANA,VGK,0,D,21.17,0,0,0,1,0,0,3,0,2,18.52,0.25
2026020021,2026-10-02,8483521,Noah Warren,ANA,VGK,0,D,9.55,0,1,1,0,0,0,2,0,2,7.15,0.0
2026020021,2026-10-02,8483553,Marc Gatcomb,VGK,ANA,1,C,7.55,0,0,0,1,0,0,1,0,0,7.55,0.0
2026020021,2026-10-02,8483890,Braeden Bowman,VGK,ANA,1,R,12.03,1,0,1,3,0,0,5,0,2,11.22,0.82
2026020021,2026-10-02,8484153,Leo Carlsson,ANA,VGK,0,C,17.72,1,1,2,1,0,0,2,1,0,14.37,2.97
2026020021,2026-10-02,8484262,Travis Mitchell,ANA,VGK,0,D,20.63,0,0,0,0,0,0,1,0,1,18.72,0.0
2026020021,2026-10-02,8484762,Beckett Sennecke,ANA,VGK,0,R,18.07,1,0,1,1,0,0,2,0,1,14.7,3.0
2026020021,2026-10-02,8484803,Trevor Connelly,VGK,ANA,1,L,10.5,0,0,0,0,0,0,1,1,0,9.77,0.73
2026020021,2026-10-02,8485512,Tim Washe,ANA,VGK,0,C,16.05,0,1,1,1,0,0,1,0,0,13.43,0.0
2026020022,2026-10-03,8474013,Ian Cole,CHI,BUF,0,D,20.62,0,0,0,1,0,0,1,0,0,18.37,0.12
2026020022,2026-10-03,8474141,Patrick Kane,CHI,BUF,0,R,19.02,0,0,0,0,0,0,5,4,1,17.7,1.32
2026020022,2026-10-03,8475842,Sam Carrick,BUF,CHI,1,C,7.33,0,0,0,1,0,0,2,1,0,7.33,0.0
2026020022,2026-10-03,8476882,Teuvo Teravainen,CHI,BUF,0,C,14.37,0,1,1,1,0,0,3,2,0,12.58,0.0
2026020022,2026-10-03,8477479,Tyler Bertuzzi,CHI,BUF,0,L,16.3,1,0,1,1,0,0,1,0,0,14.88,1.42
2026020022,2026-10-03,8477987,Ryan Donato,CHI,BUF,0,C,9.42,1,0,1,1,0,0,3,0,2,8.43,0.98
2026020022,2026-10-03,8478413,Jordan Greenway,CHI,BUF,0,L,15.92,0,0,0,2,0,0,4,1,1,15.02,0.0
2026020022,2026-10-03,8479359,Beck Malenstyn,BUF,CHI,1,L,8.52,0,0,0,0,0,0,0,0,0,7.05,0.0
2026020022,2026-10-03,8479420,Tage Thompson,BUF,CHI,1,C,19.68,1,1,2,4,0,0,8,2,2,17.13,2.55
2026020022,2026-10-03,8480064,Josh Norris,BUF,CHI,1,C,16.53,0,1,1,1,0,0,3,1,1,14.52,1.52
2026020022,2026-10-03,8480802,Ryan McLeod,BUF,CHI,1,C,12.03,0,0,0,1,0,0,2,1,0,8.93,1.62
2026020022,2026-10-03,8480807,Mattias Samuelsson,BUF,CHI,1,D,24.18,0,1,1,1,0,0,2,1,0,23.27,0.02
2026020022,2026-10-03,8480839,Rasmus Dahlin,BUF,CHI,1,D,25.38,1,0,1,3,0,0,5,0,2,23.03,2.35
2026020022,2026-10-03,8481522,Peyton Krebs,BUF,CHI,1,C,13.7,0,1,1,1,0,0,2,1,0,13.7,0.0
2026020022,2026-10-03,8481568,Alex Vlasic,CHI,BUF,0,D,22.55,0,2,2,0,0,0,2,0,2,20.57,0.12
2026020022,2026-10-03,8481806,Louis Crevier,BUF,CHI,1,D,17.13,0,1,1,1,0,0,1,0,0,16.03,0.0
2026020022,2026-10-03,8482062,Cole Smith,CHI,BUF,0,R,15.15,0,0,0,0,0,0,0,0,0,13.28,0.1
2026020022,2026-10-03,8482097,Jack Quinn,BUF,CHI,1,R,19.12,1,0,1,5,0,0,12,7,0,16.47,2.53
2026020022,2026-10-03,8482176,Wyatt Kaiser,CHI,BUF,0,D,22.97,0,0,0,0,0,0,2,2,0,20.95,0.0
2026020022,2026-10-03,8482659,Josh Doan,BUF,CHI,1,R,18.1,0,0,0,1,0,0,3,1,1,15.57,2.53
2026020022,2026-10-03,8482671,Owen Power,BUF,CHI,1,D,25.2,0,1,1,1,0,0,3,0,2,22.2,1.77
2026020022,2026-10-03,8482803,Olen Zellweger,BUF,CHI,1,D,15.52,0,0,0,1,0,0,3,1,1,15.4,0.0
2026020022,2026-10-03,8482807,Ethan Del Mastro,CHI,BUF,0,D,15.02,0,0,0,0,0,0,1,1,0,14.93,0.0
2026020022,2026-10-03,8483450,Ryan Greene,CHI,BUF,0,C,15.6,0,0,0,0,0,0,2,2,0,14.53,0.0
2026020022,2026-10-03,8483466,Kevin Korchinski,CHI,BUF,0,D,11.35,0,0,0,2,0,0,2,0,0,11.15,0.2
2026020022,2026-10-03,8483468,Jiri Kulich,BUF,CHI,1,C,13.52,1,0,1,1,0,0,4,2,1,13.52,0.0
2026020022,2026-10-03,8483493,Frank Nazar,CHI,BUF,0,C,19.97,0,0,0,2,0,0,3,1,0,17.55,1.02
2026020022,2026-10-03,8483500,Noah Ostlund,BUF,CHI,1,C,17.38,0,0,0,2,0,0,4,2,0,15.72,1.55
2026020022,2026-10-03,8484145,Zach Benson,BUF,CHI,1,L,19.55,0,0,0,1,0,0,3,1,1,16.47,2.55
2026020022,2026-10-03,8484185,Nick Lardis,CHI,BUF,0,L,7.68,0,1,1,1,0,0,1,0,0,6.98,0.7
2026020022,2026-10-03,8484197,Oliver Moore,CHI,BUF,0,C,9.5,1,0,1,1,0,0,1,0,0,8.82,0.68
2026020022,2026-10-03,8484305,Zach Metsa,BUF,CHI,1,D,8.47,0,1,1,0,0,0,1,0,1,7.57,0.0
2026020022,2026-10-03,8484390,Roman Kantserov,CHI,BUF,0,R,18.8,0,0,0,0,0,0,1,1,0,17.47,1.3
2026020022,2026-10-03,8484783,Artyom Levshunov,CHI,BUF,0,D,24.67,0,0,0,2,0,0,5,1,2,20.72,1.8
2026020022,2026-10-03,8484797,Konsta Helenius,BUF,CHI,1,C,14.65,0,0,0,3,0,0,6,2,1,13.05,1.6
2026020022,2026-10-03,8485391,Anton Frondell,CHI,BUF,0,C,16.1,0,2,2,1,0,0,1,0,0,14.0,0.83
2026020023,2026-10-03,8473512,Claude Giroux,OTT,TOR,0,R,18.28,0,2,2,4,0,0,4,0,0,13.72,3.45
2026020023,2026-10-03,8475166,John Tavares,TOR,OTT,1,C,18.05,0,1,1,3,0,1,5,0,2,13.07,4.9
2026020023,2026-10-03,8475171,Oliver Ekman-Larsson,TOR,OTT,1,D,17.13,0,0,0,0,0,0,2,0,2,13.73,0.0
2026020023,2026-10-03,8475690,Chris Tanev,TOR,OTT,1,D,17.47,0,0,0,0,0,0,0,0,0,12.82,0.2
2026020023,2026-10-03,8476393,Nick Cousins,OTT,TOR,0,C,7.35,0,0,0,0,0,0,0,0,0,6.63,0.0
2026020023,2026-10-03,8476853,Morgan Rielly,TOR,OTT,1,D,18.38,0,1,1,1,0,0,2,1,0,17.12,1.13
2026020023,2026-10-03,8476925,Colton Sissons,TOR,OTT,1,C,14.4,0,0,0,4,0,0,5,1,0,9.8,0.0
2026020023,2026-10-03,8476927,Teddy Blueger,TOR,OTT,1,C,10.4,0,0,0,0,0,0,1,1,0,7.3,0.0
2026020023,2026-10-03,8476931,Jake McCabe,TOR,OTT,1,D,17.75,0,0,0,1,0,0,1,0,0,13.07,0.23
2026020023,2026-10-03,8477426,Nick Paul,TOR,OTT,1,L,17.05,0,0,0,2,0,0,5,2,1,10.82,1.55
2026020023,2026-10-03,8477939,William Nylander,TOR,OTT,1,R,21.42,0,1,1,2,0,0,8,5,1,16.32,4.88
2026020023,2026-10-03,8477998,Warren Foegele,OTT,TOR,0,L,13.02,0,0,0,0,0,0,0,0,0,11.88,0.08
2026020023,2026-10-03,8478020,Michael Amadio,OTT,TOR,0,R,19.22,1,0,1,1,0,0,4,2,1,16.08,0.08
2026020023,2026-10-03,8478173,Hayden Hodgson,OTT,TOR,0,R,5.17,0,0,0,0,0,0,1,1,0,5.17,0.0
2026020023,2026-10-03,8478178,Darren Raddysh,TOR,OTT,1,D,22.77,0,1,1,2,0,1,9,0,7,17.5,5.1
2026020023,2026-10-03,8478458,Jack Roslovic,TOR,OTT,1,C,14.82,0,0,0,2,0,0,6,2,2,13.03,1.78
2026020023,2026-10-03,8478469,Thomas Chabot,OTT,TOR,0,D,27.1,1,1,2,2,0,0,5,1,2,19.55,3.42
2026020023,2026-10-03,8479318,Auston Matthews,TOR,OTT,1,C,21.83,1,0,1,6,0,0,9,3,0,16.43,5.4
2026020023,2026-10-03,8479442,Troy Stecher,TOR,OTT,1,D,18.17,0,0,0,2,0,0,4,0,2,14.67,0.05
2026020023,2026-10-03,8479520,Brandon Duhaime,TOR,OTT,1,L,9.85,0,0,0,0,0,0,0,0,0,6.58,0.0
2026020023,2026-10-03,8480188,Fabian Zetterlund,OTT,TOR,0,L,12.1,0,1,1,1,0,0,1,0,0,8.78,3.32
2026020023,2026-10-03,8480208,Drake Batherson,OTT,TOR,0,R,18.03,0,0,0,2,0,0,5,1,2,13.57,4.47
2026020023,2026-10-03,8480870,Bo Groulx,TOR,OTT,1,C,7.37,0,0,0,1,0,0,1,0,0,7.37,0.0
2026020023,2026-10-03,8480893,Kirill Marchenko,TOR,OTT,1,R,19.43,1,0,1,2,1,1,6,2,2,14.82,4.62
2026020023,2026-10-03,8481528,Dylan Cozens,OTT,TOR,0,C,16.28,0,0,0,2,0,0,4,1,1,11.7,4.48
2026020023,2026-10-03,8481596,Shane Pinto,OTT,TOR,0,C,20.45,0,1,1,4,0,0,7,1,2,12.87,3.53
2026020023,2026-10-03,8481606,Jordan Spence,OTT,TOR,0,D,22.5,0,0,0,2,0,0,3,1,0,19.92,0.13
2026020023,2026-10-03,8482095,Tyler Kleven,OTT,TOR,0,D,21.72,0,0,0,1,0,0,1,0,0,19.57,0.0
2026020023,2026-10-03,8482105,Jake Sanderson,OTT,TOR,0,D,4.48,0,0,0,0,0,0,0,0,0,4.48,0.0
2026020023,2026-10-03,8482116,Tim Stützle,OTT,TOR,0,C,22.85,0,1,1,2,0,0,4,1,1,16.08,4.52
2026020023,2026-10-03,8482667,William Eklund,OTT,TOR,0,L,16.27,0,0,0,4,0,0,7,2,1,11.32,4.52
2026020023,2026-10-03,8483676,Stephen Halliday,OTT,TOR,0,C,10.12,1,0,1,2,0,0,5,3,0,6.7,3.42
2026020023,2026-10-03,8484158,Easton Cowan,TOR,OTT,1,R,12.12,0,0,0,0,0,0,2,1,1,11.25,0.87
2026020023,2026-10-03,8484321,Nikolas Matinpalo,OTT,TOR,0,D,18.8,0,0,0,1,0,0,1,0,0,14.67,0.0
2026020023,2026-10-03,8484759,Carter Yakemchuk,OTT,TOR,0,D,17.83,0,0,0,1,0,0,2,1,0,13.15,4.58
2026020023,2026-10-03,8486067,Gavin McKenna,TOR,OTT,1,L,12.77,0,0,0,1,0,0,2,1,0,11.32,1.45
2026020024,2026-10-03,8471214,Alex Ovechkin,WSH,TBL,0,L,13.57,0,0,0,0,0,0,4,1,3,10.88,2.68
2026020024,2026-10-03,8474151,Ryan McDonagh,TBL,WSH,1,D,15.87,0,0,0,0,0,0,1,0,1,14.47,0.0
2026020024,2026-10-03,8474590,John Carlson,TBL,WSH,1,D,20.58,0,1,1,0,0,0,6,4,2,16.05,4.5
2026020024,2026-10-03,8475167,Victor Hedman,TBL,WSH,1,D,13.57,0,0,0,1,0,0,2,1,0,11.92,0.15
2026020024,2026-10-03,8476432,Boone Jenner,WSH,TBL,0,C,14.95,0,1,1,3,0,0,4,1,0,12.0,0.0
2026020024,2026-10-03,8476453,Nikita Kucherov,TBL,WSH,1,R,22.77,0,1,1,3,0,0,6,2,1,17.52,5.23
2026020024,2026-10-03,8476878,Zemgus Girgensons,TBL,WSH,1,C,14.45,0,0,0,1,0,0,2,1,0,13.25,0.1
2026020024,2026-10-03,8476880,Tom Wilson,WSH,TBL,0,R,17.82,0,0,0,2,0,0,5,1,2,12.13,2.22
2026020024,2026-10-03,8477404,Jake Guentzel,TBL,WSH,1,C,18.3,1,2,3,2,0,0,2,0,0,12.87,4.93
2026020024,2026-10-03,8477949,Alex Tuch,WSH,TBL,0,R,17.88,0,0,0,2,0,0,5,3,0,14.5,1.77
2026020024,2026-10-03,8478010,Brayden Point,TBL,WSH,1,C,20.53,0,0,0,3,0,0,7,3,1,16.03,4.5
2026020024,2026-10-03,8478416,Erik Cernak,TBL,WSH,1,D,20.57,0,0,0,4,0,0,4,0,0,17.72,0.05
2026020024,2026-10-03,8478440,Dylan Strome,WSH,TBL,0,C,18.03,0,0,0,1,0,0,3,1,1,15.8,2.23
2026020024,2026-10-03,8478463,Anthony Beauvillier,WSH,TBL,0,R,11.62,0,0,0,2,0,0,3,1,0,10.35,0.0
2026020024,2026-10-03,8478519,Anthony Cirelli,TBL,WSH,1,C,17.7,0,0,0,1,0,0,3,0,2,14.3,1.42
2026020024,2026-10-03,8478911,Matt Roy,WSH,TBL,0,D,14.37,0,0,0,0,0,0,2,1,1,12.13,0.0
2026020024,2026-10-03,8479345,Jakob Chychrun,WSH,TBL,0,D,27.18,0,1,1,2,0,0,8,4,2,23.53,2.17
2026020024,2026-10-03,8479385,Jordan Kyrou,WSH,TBL,0,R,14.75,0,0,0,1,0,0,4,1,2,13.0,1.75
2026020024,2026-10-03,8479400,Pierre-Luc Dubois,WSH,TBL,0,C,18.57,0,0,0,1,0,0,5,1,3,16.17,2.35
2026020024,2026-10-03,8479542,Brandon Hagel,TBL,WSH,1,L,22.12,0,2,2,6,0,0,10,2,2,14.3,4.95
2026020024,2026-10-03,8479576,Vincent Desharnais,WSH,TBL,0,D,15.42,0,0,0,1,0,0,1,0,0,12.08,0.0
2026020024,2026-10-03,8479705,Jeff Viel,TBL,WSH,1,L,7.57,0,0,0,1,0,0,3,1,1,7.57,0.0
2026020024,2026-10-03,8480043,Timothy Liljegren,WSH,TBL,0,D,17.18,0,0,0,1,0,0,3,2,0,14.73,0.03
2026020024,2026-10-03,8480426,Charle-Edouard D'Astous,TBL,WSH,1,D,13.78,1,0,1,3,0,0,5,0,2,12.28,1.5
2026020024,2026-10-03,8480796,Martin Fehervary,WSH,TBL,0,D,18.18,0,0,0,0,0,0,0,0,0,16.08,0.03
2026020024,2026-10-03,8480995,Pontus Holmberg,TBL,WSH,1,R,15.42,0,0,0,0,0,0,1,1,0,14.33,1.05
2026020024,2026-10-03,8481624,Ilya Mikheyev,TBL,WSH,1,R,13.95,0,0,0,2,0,0,3,1,0,12.42,0.0
2026020024,2026-10-03,8481656,Aliaksei Protas,WSH,TBL,0,L,15.35,0,0,0,0,0,0,0,0,0,13.55,0.0
2026020024,2026-10-03,8482088,Justin Sourdif,WSH,TBL,0,C,12.4,1,0,1,1,0,0,3,1,1,11.65,0.0
2026020024,2026-10-03,8482201,Gage Goncalves,TBL,WSH,1,C,15.78,0,0,0,0,0,0,1,0,1,15.23,0.55
2026020024,2026-10-03,8482655,J.J. Moser,TBL,WSH,1,D,19.38,0,0,0,0,0,0,3,2,1,17.8,0.0
2026020024,2026-10-03,8482929,Emil Lilleberg,TBL,WSH,1,D,10.5,0,0,0,1,0,0,1,0,0,9.85,0.0
2026020024,2026-10-03,8483447,Conor Geekie,TBL,WSH,1,C,9.17,1,0,1,2,0,0,3,1,0,8.1,1.07
2026020024,2026-10-03,8484186,Ryan Leonard,WSH,TBL,0,R,14.17,0,0,0,3,0,0,6,1,2,12.88,1.28
2026020024,2026-10-03,8484873,Cole Hutson,WSH,TBL,0,D,21.05,0,0,0,1,0,0,5,1,3,18.65,1.83
2026020024,2026-10-03,8484999,Ilya Protas,WSH,TBL,0,L,9.92,0,0,0,0,0,0,0,0,0,8.27,1.65
2026020025,2026-10-03,8473533,Jordan Staal,CAR,PHI,0,C,16.58,0,0,0,1,0,0,1,0,0,11.52,1.07
2026020025,2026-10-03,8475791,Taylor Hall,CAR,PHI,0,L,14.5,0,0,0,2,0,0,3,0,1,13.55,0.95
2026020025,2026-10-03,8476372,Nick Seeler,PHI,CAR,1,D,18.12,0,0,0,0,0,0,1,0,1,15.77,0.0
2026020025,2026-10-03,8476422,Mike Reilly,CAR,PHI,0,D,10.6,0,0,0,1,0,0,3,1,1,10.38,0.0
2026020025,2026-10-03,8476461,Sean Couturier,PHI,CAR,1,C,15.97,0,0,0,0,0,0,0,0,0,12.42,0.05
2026020025,2026-10-03,8476873,Mark Jankowski,CAR,PHI,0,L,12.02,0,0,0,0,0,0,1,1,0,10.87,0.0
2026020025,2026-10-03,8476906,Shayne Gostisbehere,CAR,PHI,0,D,15.65,1,0,1,4,1,1,7,0,3,10.88,4.77
2026020025,2026-10-03,8476921,Jordan Martinook,CAR,PHI,0,L,15.27,0,0,0,3,0,0,4,1,0,11.6,0.05
2026020025,2026-10-03,8476958,Jaccob Slavin,CAR,PHI,0,D,24.78,0,0,0,1,0,0,4,3,0,19.97,0.17
2026020025,2026-10-03,8477478,William Carrier,CAR,PHI,0,L,12.82,0,1,1,2,0,0,3,1,0,12.82,0.0
2026020025,2026-10-03,8477499,Rasmus Ristolainen,PHI,CAR,1,D,14.43,0,0,0,0,0,0,0,0,0,13.35,0.03
2026020025,2026-10-03,8477940,Nikolaj Ehlers,CAR,PHI,0,L,13.63,0,1,1,1,0,1,1,0,0,10.52,3.12
2026020025,2026-10-03,8477948,Travis Sanheim,PHI,CAR,1,D,27.08,0,0,0,1,0,0,2,0,1,21.55,0.62
2026020025,2026-10-03,8477989,Christian Dvorak,PHI,CAR,1,C,14.48,0,1,1,1,0,0,3,1,1,12.3,0.57
2026020025,2026-10-03,8478427,Sebastian Aho,CAR,PHI,0,C,20.5,2,1,3,6,1,2,10,3,1,13.63,4.85
2026020025,2026-10-03,8478439,Travis Konecny,PHI,CAR,1,R,16.13,0,1,1,1,0,0,5,2,2,11.2,4.93
2026020025,2026-10-03,8478569,Noel Acciari,PHI,CAR,1,C,15.88,0,0,0,1,0,0,1,0,0,12.48,0.0
2026020025,2026-10-03,8478970,Jalen Chatfield,CAR,PHI,0,D,22.83,0,0,0,2,0,0,5,1,2,19.18,0.18
2026020025,2026-10-03,8479336,Carl Grundstrom,PHI,CAR,1,R,13.75,0,0,0,1,0,0,1,0,0,13.75,0.0
2026020025,2026-10-03,8480015,Owen Tippett,PHI,CAR,1,R,17.78,1,0,1,3,0,0,7,2,2,16.53,1.23
2026020025,2026-10-03,8480220,Noah Cates,PHI,CAR,1,L,9.22,0,0,0,0,0,0,1,1,0,9.08,0.0
2026020025,2026-10-03,8480336,Sean Walker,CAR,PHI,0,D,24.17,0,0,0,4,0,0,6,1,1,20.15,0.53
2026020025,2026-10-03,8480762,Eric Robinson,CAR,PHI,0,L,11.73,0,0,0,2,0,0,5,2,1,11.3,0.0
2026020025,2026-10-03,8480817,K'Andre Miller,CAR,PHI,0,D,23.28,0,0,0,0,0,0,4,1,3,19.97,0.8
2026020025,2026-10-03,8480829,Jesperi Kotkaniemi,CAR,PHI,0,C,11.32,0,0,0,1,0,0,1,0,0,11.18,0.13
2026020025,2026-10-03,8480830,Andrei Svechnikov,CAR,PHI,0,R,17.83,0,2,2,4,0,1,11,5,2,13.1,4.72
2026020025,2026-10-03,8481533,Trevor Zegras,PHI,CAR,1,C,22.88,0,1,1,0,0,0,5,3,2,16.57,6.32
2026020025,2026-10-03,8481546,Cam York,PHI,CAR,1,D,22.17,0,0,0,0,0,0,1,1,0,19.13,0.0
2026020025,2026-10-03,8482142,Jamie Drysdale,PHI,CAR,1,D,24.55,0,0,0,0,0,0,0,0,0,18.2,6.35
2026020025,2026-10-03,8482159,Tyson Foerster,PHI,CAR,1,R,18.72,0,0,0,3,0,0,6,1,2,11.42,5.92
2026020025,2026-10-03,8482702,Logan Stankoven,CAR,PHI,0,C,17.17,0,0,0,4,0,0,6,1,1,13.9,0.73
2026020025,2026-10-03,8482809,Jackson Blake,CAR,PHI,0,R,18.72,0,1,1,2,0,1,4,1,1,13.72,5.0
2026020025,2026-10-03,8483460,David Jiricek,PHI,CAR,1,D,13.17,0,0,0,1,0,0,2,0,1,12.35,0.82
2026020025,2026-10-03,8483731,Alex Bump,PHI,CAR,1,L,13.45,0,0,0,3,0,0,4,0,1,13.23,0.22
2026020025,2026-10-03,8484387,Matvei Michkov,PHI,CAR,1,R,16.13,1,0,1,2,0,0,3,0,1,9.57,6.57
2026020025,2026-10-03,8485406,Porter Martone,PHI,CAR,1,R,11.03,0,0,0,1,0,0,1,0,0,9.38,1.65
2026020026,2026-10-03,8471215,Evgeni Malkin,PIT,MTL,1,C,19.68,1,2,3,1,1,1,2,0,1,17.6,2.08
2026020026,2026-10-03,8471675,Sidney Crosby,PIT,MTL,1,C,19.88,0,1,1,2,0,0,5,2,1,16.83,3.05
2026020026,2026-10-03,8471724,Kris Letang,PIT,MTL,1,D,19.5,0,2,2,3,0,1,4,0,1,17.6,1.9
2026020026,2026-10-03,8474578,Erik Karlsson,PIT,MTL,1,D,19.63,0,2,2,0,0,1,4,2,2,16.05,3.2
2026020026,2026-10-03,8475184,Chris Kreider,MTL,PIT,0,L,14.95,1,1,2,1,0,0,3,2,0,12.88,2.07
2026020026,2026-10-03,8476479,Phillip Danault,MTL,PIT,0,C,11.4,0,0,0,0,0,0,1,1,0,8.5,0.82
2026020026,2026-10-03,8476483,Rickard Rakell,PIT,MTL,1,R,18.43,0,1,1,2,0,0,3,1,0,15.0,3.03
2026020026,2026-10-03,8476875,Mike Matheson,MTL,PIT,0,D,26.4,0,0,0,2,0,0,4,0,2,22.42,0.0
2026020026,2026-10-03,8476981,Josh Anderson,MTL,PIT,0,R,12.17,0,0,0,3,0,0,5,1,1,11.28,0.0
2026020026,2026-10-03,8477845,Trevor van Riemsdyk,PIT,MTL,1,D,18.13,0,0,0,1,0,0,1,0,0,14.85,0.02
2026020026,2026-10-03,8478133,Jake Evans,MTL,PIT,0,C,14.6,0,0,0,1,0,0,3,2,0,11.45,0.0
2026020026,2026-10-03,8478438,Tommy Novak,PIT,MTL,1,C,14.7,2,1,3,3,0,1,6,1,2,11.65,3.05
2026020026,2026-10-03,8478851,Alexandre Carrier,MTL,PIT,0,D,8.53,0,0,0,0,0,0,2,0,2,8.05,0.0
2026020026,2026-10-03,8479398,Samuel Girard,PIT,MTL,1,D,21.18,1,0,1,3,0,0,4,1,0,20.1,0.0
2026020026,2026-10-03,8480018,Nick Suzuki,MTL,PIT,0,C,22.72,1,3,4,4,0,0,11,6,1,19.35,2.93
2026020026,2026-10-03,8480074,Alexandre Texier,MTL,PIT,0,L,9.23,0,0,0,1,0,0,4,1,2,8.2,1.03
2026020026,2026-10-03,8480842,Filip Hallander,PIT,MTL,1,C,9.65,0,0,0,0,0,0,1,1,0,8.57,0.0
2026020026,2026-10-03,8480865,Noah Dobson,MTL,PIT,0,D,23.07,0,1,1,1,0,0,9,3,5,19.65,0.95
2026020026,2026-10-03,8480980,Connor Dewar,PIT,MTL,1,C,13.9,0,0,0,1,0,0,2,1,0,11.43,0.0
2026020026,2026-10-03,8481481,Blake Lizotte,PIT,MTL,1,C,14.82,0,0,0,0,0,0,0,0,0,11.9,0.0
2026020026,2026-10-03,8481523,Kirby Dach,MTL,PIT,0,C,11.67,0,0,0,0,0,0,1,1,0,10.97,0.0
2026020026,2026-10-03,8481527,Kaedan Korczak,PIT,MTL,1,D,17.65,0,1,1,1,0,0,1,0,0,16.88,0.0
2026020026,2026-10-03,8481540,Cole Caufield,MTL,PIT,0,R,22.83,2,0,2,3,0,0,5,2,0,19.9,2.93
2026020026,2026-10-03,8481582,Nick Robertson,PIT,MTL,1,L,13.58,0,0,0,1,0,0,2,1,0,13.08,0.0
2026020026,2026-10-03,8481593,Jayden Struble,MTL,PIT,0,D,16.15,0,0,0,0,0,0,1,0,1,14.58,0.0
2026020026,2026-10-03,8481618,Alex Newhook,MTL,PIT,0,C,15.72,0,0,0,2,0,0,2,0,0,11.72,1.07
2026020026,2026-10-03,8482148,Hendrix Lapierre,PIT,MTL,1,C,11.37,0,1,1,0,0,1,0,0,0,9.37,2.0
2026020026,2026-10-03,8482475,Egor Chinakhov,PIT,MTL,1,R,17.98,0,1,1,2,0,0,5,0,3,15.92,2.07
2026020026,2026-10-03,8482737,Zachary Bolduc,MTL,PIT,0,R,11.52,0,0,0,0,0,0,0,0,0,10.45,1.07
2026020026,2026-10-03,8482964,Arber Xhekaj,MTL,PIT,0,D,13.72,0,0,0,0,0,0,1,0,1,12.03,0.0
2026020026,2026-10-03,8483398,Declan Carlile,PIT,MTL,1,D,20.53,1,0,1,3,0,0,4,0,1,17.95,0.07
2026020026,2026-10-03,8483457,Lane Hutson,MTL,PIT,0,D,29.1,0,3,3,3,0,0,7,2,2,25.97,3.05
2026020026,2026-10-03,8483515,Juraj Slafkovský,MTL,PIT,0,L,18.2,0,0,0,1,0,0,3,0,2,15.25,2.93
2026020026,2026-10-03,8483808,Andrei Kuzmenko,PIT,MTL,1,L,11.72,0,0,0,2,0,0,3,0,1,9.67,2.05
2026020026,2026-10-03,8484984,Ivan Demidov,MTL,PIT,0,R,16.05,1,1,2,3,0,0,7,1,3,13.08,2.97
2026020026,2026-10-03,8485414,Ben Kindel,PIT,MTL,1,C,14.3,1,0,1,5,1,1,5,0,0,10.62,3.07
2026020027,2026-10-03,8475314,Anders Lee,UTA,CBJ,0,L,13.78,0,0,0,1,0,0,2,1,0,13.38,0.4
2026020027,2026-10-03,8475745,Charlie Coyle,CBJ,UTA,1,C,15.4,0,0,0,1,0,0,2,1,0,10.63,2.32
2026020027,2026-10-03,8475790,Erik Gudbranson,CBJ,UTA,1,D,16.58,0,0,0,0,0,0,3,0,3,13.83,0.02
2026020027,2026-10-03,8476389,Vincent Trocheck,UTA,CBJ,0,C,17.45,0,0,0,0,0,0,0,0,0,15.93,0.37
2026020027,2026-10-03,8477220,Nate Schmidt,UTA,CBJ,0,D,21.55,0,0,0,0,0,0,2,0,2,19.1,0.0
2026020027,2026-10-03,8477346,MacKenzie Weegar,UTA,CBJ,0,D,20.35,0,0,0,1,0,0,6,3,2,18.13,0.0
2026020027,2026-10-03,8477369,Carson Soucy,CBJ,UTA,1,D,16.47,0,0,0,0,0,0,3,1,2,14.88,0.0
2026020027,2026-10-03,8477497,Sean Monahan,CBJ,UTA,1,C,16.88,0,0,0,1,0,0,2,1,0,14.23,1.28
2026020027,2026-10-03,8477501,Valeri Nichushkin,CBJ,UTA,1,R,16.78,0,0,0,2,0,0,2,0,0,15.07,1.25
2026020027,2026-10-03,8477951,Nick Schmaltz,UTA,CBJ,0,C,17.65,2,0,2,8,1,1,8,0,0,12.53,3.88
2026020027,2026-10-03,8478046,Danton Heinen,CBJ,UTA,1,L,11.42,0,0,0,0,0,0,3,2,1,10.08,0.0
2026020027,2026-10-03,8478460,Zach Werenski,CBJ,UTA,1,D,31.72,0,0,0,1,0,0,3,0,2,25.78,2.95
2026020027,2026-10-03,8478474,Lawson Crouse,UTA,CBJ,0,L,13.62,0,0,0,2,0,0,3,0,1,12.02,0.0
2026020027,2026-10-03,8478507,John Marino,UTA,CBJ,0,D,20.45,0,1,1,0,0,0,3,1,2,20.0,0.45
2026020027,2026-10-03,8478831,Kevin Stenlund,UTA,CBJ,0,C,14.12,0,0,0,2,0,0,4,0,2,12.52,0.0
2026020027,2026-10-03,8478856,Conor Garland,CBJ,UTA,1,R,12.72,0,0,0,0,0,0,2,1,1,11.47,1.25
2026020027,2026-10-03,8479066,Ryan Lomberg,CBJ,UTA,1,L,9.1,0,0,0,2,0,0,2,0,0,9.1,0.0
2026020027,2026-10-03,8479343,Clayton Keller,UTA,CBJ,0,R,17.07,0,2,2,2,0,1,5,1,2,13.5,3.57
2026020027,2026-10-03,8479369,Andrew Peeke,UTA,CBJ,0,D,15.05,0,0,0,2,0,0,4,1,1,13.3,0.0
2026020027,2026-10-03,8479410,Mikhail Sergachev,UTA,CBJ,0,D,22.02,1,1,2,4,1,2,8,0,4,17.28,3.82
2026020027,2026-10-03,8479619,Michael Carcone,UTA,CBJ,0,L,13.05,0,0,0,3,0,0,6,2,1,12.35,0.7
2026020027,2026-10-03,8479671,Mathieu Olivier,CBJ,UTA,1,R,15.38,0,0,0,1,0,0,5,2,2,13.55,0.0
2026020027,2026-10-03,8480849,Barrett Hayton,UTA,CBJ,0,C,13.78,0,0,0,0,0,0,0,0,0,13.48,0.0
2026020027,2026-10-03,8480855,Jack McBain,UTA,CBJ,0,C,14.57,0,0,0,0,0,0,0,0,0,13.62,0.0
2026020027,2026-10-03,8481161,Jake Christiansen,CBJ,UTA,1,D,9.78,0,0,0,0,0,0,0,0,0,9.1,0.0
2026020027,2026-10-03,8481716,Dmitri Voronkov,CBJ,UTA,1,L,12.83,0,0,0,1,0,0,2,1,0,11.15,1.68
2026020027,2026-10-03,8482126,Emil Andrae,CBJ,UTA,1,D,13.72,0,0,0,0,0,0,1,0,1,13.72,0.0
2026020027,2026-10-03,8482660,Kent Johnson,CBJ,UTA,1,C,17.23,1,0,1,5,0,0,6,1,0,14.53,2.7
2026020027,2026-10-03,8482699,Dylan Guenther,UTA,CBJ,0,R,16.85,1,2,3,5,1,3,10,1,4,12.95,3.9
2026020027,2026-10-03,8482705,Cole Sillinger,CBJ,UTA,1,C,13.35,0,0,0,2,0,0,4,1,1,13.07,0.0
2026020027,2026-10-03,8482720,Matthew Knies,CBJ,UTA,1,L,17.73,0,1,1,1,0,0,1,0,0,14.97,2.77
2026020027,2026-10-03,8483431,Logan Cooley,UTA,CBJ,0,C,16.8,0,2,2,1,0,2,3,2,0,11.78,3.87
2026020027,2026-10-03,8483485,Denton Mateychuk,CBJ,UTA,1,D,28.12,0,0,0,1,0,0,5,2,2,26.5,1.05
2026020027,2026-10-03,8484166,Adam Fantilli,CBJ,UTA,1,C,20.52,0,0,0,1,0,0,5,2,2,17.0,2.73
2026020027,2026-10-03,8484386,Dmitri Simashev,UTA,CBJ,0,D,16.67,0,0,0,0,0,0,5,4,1,15.98,0.0
2026020027,2026-10-03,8484388,Daniil But,UTA,CBJ,0,L,11.18,0,0,0,0,0,0,3,1,2,10.8,0.38
2026020028,2026-10-03,8474586,Jordan Eberle,SEA,EDM,0,R,17.17,0,1,1,1,0,1,5,3,1,15.32,1.35
2026020028,2026-10-03,8475218,Mattias Ekholm,EDM,SEA,1,D,22.68,0,0,0,0,0,0,2,0,2,20.23,0.0
2026020028,2026-10-03,8476457,Adam Larsson,SEA,EDM,0,D,23.65,0,0,0,0,0,0,0,0,0,19.43,0.0
2026020028,2026-10-03,8476473,Connor Murphy,EDM,SEA,1,D,19.35,0,0,0,0,0,0,1,0,1,18.12,0.0
2026020028,2026-10-03,8476905,Chandler Stephenson,SEA,EDM,0,C,18.12,0,1,1,1,0,1,1,0,0,15.42,1.32
2026020028,2026-10-03,8477919,Freddy Gaudreau,SEA,EDM,0,C,11.62,0,0,0,3,0,0,3,0,0,8.9,0.0
2026020028,2026-10-03,8477934,Leon Draisaitl,EDM,SEA,1,C,24.13,1,0,1,6,0,0,13,3,4,19.67,4.47
2026020028,2026-10-03,8477953,Kasperi Kapanen,EDM,SEA,1,R,17.8,0,0,0,1,0,0,2,1,0,12.97,3.53
2026020028,2026-10-03,8477955,Jared McCann,SEA,EDM,0,L,14.48,0,0,0,2,0,0,3,0,1,12.45,1.38
2026020028,2026-10-03,8477986,Brandon Montour,SEA,EDM,0,D,23.35,0,0,0,0,0,0,5,3,2,18.22,2.43
2026020028,2026-10-03,8478013,Jake Walman,EDM,SEA,1,D,13.87,0,0,0,2,0,0,4,0,2,11.57,1.8
2026020028,2026-10-03,8478402,Connor McDavid,EDM,SEA,1,C,26.28,1,1,2,4,0,0,6,0,2,20.93,4.5
2026020028,2026-10-03,8478407,Vince Dunn,SEA,EDM,0,D,23.83,0,0,0,1,0,0,3,0,2,21.5,1.33
2026020028,2026-10-03,8478472,Mathieu Joseph,EDM,SEA,1,R,15.07,0,0,0,1,0,0,2,1,0,13.52,0.0
2026020028,2026-10-03,8478854,Ryan Shea,EDM,SEA,1,D,21.52,0,1,1,0,0,0,1,1,0,18.0,1.52
2026020028,2026-10-03,8479324,Ryan Lindgren,SEA,EDM,0,D,13.95,0,0,0,2,0,0,3,0,1,11.22,0.3
2026020028,2026-10-03,8479365,Trent Frederic,EDM,SEA,1,C,8.25,0,0,0,0,0,0,0,0,0,6.97,1.28
2026020028,2026-10-03,8479368,Max Jones,EDM,SEA,1,L,9.7,0,0,0,1,0,0,3,1,1,9.33,0.37
2026020028,2026-10-03,8479985,Cale Fleury,SEA,EDM,0,D,13.78,0,0,0,2,0,0,3,0,1,12.93,0.0
2026020028,2026-10-03,8480029,Alex Formenton,EDM,SEA,1,L,14.05,0,1,1,2,0,0,2,0,0,12.5,0.0
2026020028,2026-10-03,8480803,Evan Bouchard,EDM,SEA,1,D,27.02,0,0,0,2,0,0,10,3,5,21.52,4.22
2026020028,2026-10-03,8480834,Ty Emberson,EDM,SEA,1,D,11.37,0,0,0,0,0,0,2,1,1,11.37,0.0
2026020028,2026-10-03,8481554,Kaapo Kakko,SEA,EDM,0,R,13.18,0,0,0,0,0,0,0,0,0,10.85,2.33
2026020028,2026-10-03,8481617,Vasily Podkolzin,EDM,SEA,1,R,20.37,0,1,1,2,0,0,4,2,0,16.1,4.27
2026020028,2026-10-03,8482259,Bobby McMann,SEA,EDM,0,C,17.97,1,0,1,3,1,1,4,1,0,16.62,1.35
2026020028,2026-10-03,8482665,Matty Beniers,SEA,EDM,0,C,16.1,0,0,0,1,0,0,1,0,0,13.2,2.4
2026020028,2026-10-03,8482703,Colton Dach,EDM,SEA,1,C,12.55,0,0,0,1,0,0,3,2,0,10.35,1.6
2026020028,2026-10-03,8482713,Mackie Samoskevich,SEA,EDM,0,R,11.9,0,0,0,0,0,0,0,0,0,11.9,0.0
2026020028,2026-10-03,8482751,Ryan Winterton,SEA,EDM,0,C,11.43,0,0,0,1,0,0,2,1,0,10.28,0.0
2026020028,2026-10-03,8482858,Ryker Evans,SEA,EDM,0,D,19.05,0,0,0,2,0,0,3,0,1,17.48,0.0
2026020028,2026-10-03,8483455,Isaac Howard,EDM,SEA,1,L,8.37,0,0,0,1,0,0,3,0,2,6.82,1.55
2026020028,2026-10-03,8483524,Shane Wright,SEA,EDM,0,C,14.67,0,0,0,0,0,0,0,0,0,12.43,2.12
2026020028,2026-10-03,8483570,Ben Meyers,SEA,EDM,0,C,10.98,0,0,0,0,0,0,0,0,0,7.7,0.0
2026020028,2026-10-03,8484509,Josh Samanski,EDM,SEA,1,C,6.3,0,0,0,0,0,0,1,1,0,6.3,0.0
2026020028,2026-10-03,8484800,Berkly Catton,SEA,EDM,0,C,15.67,0,0,0,1,0,0,2,0,1,13.28,2.35
2026020028,2026-10-03,8486161,Owen Michaels,EDM,SEA,1,R,13.97,1,0,1,3,0,0,3,0,0,12.35,0.0
2026020029,2026-10-03,8475151,Kyle Palmieri,NYI,NJD,1,C,14.62,0,0,0,2,0,0,2,0,0,11.38,3.23
2026020029,2026-10-03,8475170,Brayden Schenn,NYI,NJD,1,C,14.67,1,1,2,4,0,0,6,0,2,11.4,3.23
2026020029,2026-10-03,8475231,Casey Cizikas,NYI,NJD,1,C,14.08,1,1,2,4,0,0,4,0,0,9.38,0.0
2026020029,2026-10-03,8475455,Brenden Dillon,NJD,NYI,0,D,13.22,0,0,0,0,0,0,3,2,1,10.55,0.0
2026020029,2026-10-03,8476292,Ondrej Palat,NYI,NJD,1,L,12.45,1,0,1,4,0,0,5,0,1,10.33,0.0
2026020029,2026-10-03,8476419,Jean-Gabriel Pageau,NYI,NJD,1,C,14.82,0,1,1,2,0,0,2,0,0,11.45,0.0
2026020029,2026-10-03,8476462,Dougie Hamilton,NJD,NYI,0,D,22.28,0,0,0,3,0,0,8,4,1,17.65,3.5
2026020029,2026-10-03,8476474,Stefan Noesen,NJD,NYI,0,R,8.8,0,0,0,2,0,0,2,0,0,8.03,0.77
2026020029,2026-10-03,8476917,Adam Pelech,NYI,NJD,1,D,19.88,0,1,1,0,0,0,1,1,0,14.52,0.08
2026020029,2026-10-03,8477407,Anthony Duclair,NYI,NJD,1,L,11.62,0,0,0,0,0,0,0,0,0,10.18,1.43
2026020029,2026-10-03,8477488,Brett Pesce,NJD,NYI,0,D,18.87,0,0,0,2,0,0,2,0,0,15.35,0.05
2026020029,2026-10-03,8477500,Bo Horvat,NYI,NJD,1,C,18.52,1,0,1,4,1,1,8,1,3,12.92,3.23
2026020029,2026-10-03,8477506,Ryan Pulock,NYI,NJD,1,D,19.0,0,0,0,0,0,0,0,0,0,13.0,0.0
2026020029,2026-10-03,8477511,Anthony Mantha,NJD,NYI,0,R,15.13,0,0,0,0,0,0,0,0,0,12.07,3.07
2026020029,2026-10-03,8477950,Tony DeAngelo,NYI,NJD,1,D,17.73,0,0,0,3,0,0,4,0,1,16.22,1.52
2026020029,2026-10-03,8478399,Jonas Siegenthaler,NJD,NYI,0,D,21.13,0,0,0,2,0,0,4,0,2,19.68,0.17
2026020029,2026-10-03,8478414,Timo Meier,NJD,NYI,0,R,19.95,0,0,0,6,0,0,7,0,1,15.53,4.42
2026020029,2026-10-03,8478542,Evan Rodrigues,NJD,NYI,0,C,16.23,0,0,0,1,0,0,5,2,2,11.68,3.48
2026020029,2026-10-03,8479378,Logan Stanley,NYI,NJD,1,D,19.17,0,2,2,1,0,0,2,0,1,15.83,0.0
2026020029,2026-10-03,8479407,Jesper Bratt,NJD,NYI,0,L,15.88,0,0,0,2,0,0,3,1,0,10.83,4.73
2026020029,2026-10-03,8479996,Cody Glass,NJD,NYI,0,C,11.67,0,0,0,1,0,0,3,1,1,7.92,1.25
2026020029,2026-10-03,8480002,Nico Hischier,NJD,NYI,0,C,19.32,0,0,0,3,0,0,5,0,2,11.57,5.87
2026020029,2026-10-03,8480990,Declan Chisholm,NJD,NYI,0,D,12.67,0,0,0,0,0,0,3,1,2,11.85,0.82
2026020029,2026-10-03,8481014,Alexander Romanov,NYI,NJD,1,D,19.22,0,0,0,0,0,0,0,0,0,14.48,0.0
2026020029,2026-10-03,8481559,Jack Hughes,NJD,NYI,0,C,21.02,0,0,0,3,0,0,5,2,0,14.82,5.9
2026020029,2026-10-03,8481601,Simon Holmstrom,NYI,NJD,1,R,16.77,1,1,2,1,0,0,2,1,0,12.17,1.52
2026020029,2026-10-03,8481711,Matias Maccelli,NYI,NJD,1,L,14.12,0,0,0,2,0,0,2,0,0,10.88,3.23
2026020029,2026-10-03,8481721,Arseny Gritsyuk,NJD,NYI,0,R,15.37,0,0,0,2,0,0,7,3,2,12.13,2.68
2026020029,2026-10-03,8482110,Dawson Mercer,NJD,NYI,0,C,15.03,0,0,0,3,0,0,5,2,0,11.18,0.98
2026020029,2026-10-03,8482146,Luke Evangelista,NJD,NYI,0,R,18.92,0,0,0,3,0,0,5,2,0,13.18,5.73
2026020029,2026-10-03,8482476,Emil Heineman,NYI,NJD,1,L,16.55,0,0,0,1,0,0,2,1,0,12.38,0.0
2026020029,2026-10-03,8482684,Luke Hughes,NJD,NYI,0,D,21.68,0,0,0,3,0,0,4,0,1,15.38,5.33
2026020029,2026-10-03,8483695,Amadeus Lombardi,NJD,NYI,0,C,8.22,0,0,0,1,0,0,1,0,0,6.97,1.25
2026020029,2026-10-03,8484221,Calum Ritchie,NYI,NJD,1,C,13.7,0,1,1,1,0,0,3,2,0,12.12,1.52
2026020029,2026-10-03,8485366,Matthew Schaefer,NYI,NJD,1,D,20.57,0,2,2,2,0,1,5,3,0,16.58,3.23
2026020029,2026-10-03,8485388,Victor Eklund,NYI,NJD,1,R,12.53,1,1,2,1,0,0,2,1,0,11.02,1.52
2026020030,2026-10-03,8473994,Jamie Benn,DAL,NSH,0,L,13.2,0,0,0,2,0,0,2,0,0,12.63,0.57
2026020030,2026-10-03,8474564,Steven Stamkos,NSH,DAL,1,C,20.03,1,0,1,4,1,1,5,1,0,16.3,3.73
2026020030,2026-10-03,8474574,Tyler Myers,DAL,NSH,0,D,14.45,0,0,0,1,0,0,3,1,1,13.57,0.0
2026020030,2026-10-03,8474600,Roman Josi,NSH,DAL,1,D,24.63,0,1,1,0,0,1,2,1,1,20.5,3.57
2026020030,2026-10-03,8475158,Ryan O'Reilly,NSH,DAL,1,C,19.88,0,1,1,1,0,1,1,0,0,15.23,3.23
2026020030,2026-10-03,8475794,Tyler Seguin,DAL,NSH,0,C,12.57,0,0,0,3,0,0,7,3,1,11.98,0.58
2026020030,2026-10-03,8476278,Colin Blackwell,DAL,NSH,0,C,7.48,0,0,0,0,0,0,0,0,0,6.62,0.0
2026020030,2026-10-03,8476539,Jonathan Marchessault,NSH,DAL,1,R,16.37,0,0,0,3,0,0,5,1,1,14.37,2.0
2026020030,2026-10-03,8476869,Brady Skjei,NSH,DAL,1,D,18.08,0,0,0,2,0,0,3,0,1,16.65,0.0
2026020030,2026-10-03,8476887,Filip Forsberg,NSH,DAL,1,L,21.67,0,0,0,1,0,0,4,1,2,17.73,3.93
2026020030,2026-10-03,8476889,Radek Faksa,DAL,NSH,0,C,10.47,0,0,0,1,0,0,1,0,0,7.47,0.0
2026020030,2026-10-03,8476902,Esa Lindell,DAL,NSH,0,D,19.18,0,0,0,0,0,0,0,0,0,17.02,0.13
2026020030,2026-10-03,8477021,Alexander Kerfoot,NSH,DAL,1,C,16.38,0,1,1,1,0,1,1,0,0,14.42,1.4
2026020030,2026-10-03,8478420,Mikko Rantanen,DAL,NSH,0,R,23.92,0,1,1,3,0,0,7,2,2,22.05,1.87
2026020030,2026-10-03,8478449,Roope Hintz,DAL,NSH,0,C,16.05,0,0,0,2,0,0,6,4,0,14.65,1.4
2026020030,2026-10-03,8479351,Sam Steel,DAL,NSH,0,C,16.15,0,0,0,2,0,0,3,0,1,14.48,0.0
2026020030,2026-10-03,8479525,Ross Colton,NSH,DAL,1,C,15.32,0,0,0,0,0,0,4,2,2,15.32,0.0
2026020030,2026-10-03,8479980,Nicolas Hague,NSH,DAL,1,D,21.0,0,0,0,0,0,0,1,0,1,21.0,0.0
2026020030,2026-10-03,8480027,Jason Robertson,DAL,NSH,0,L,18.83,0,0,0,1,0,0,1,0,0,17.42,1.42
2026020030,2026-10-03,8480036,Miro Heiskanen,DAL,NSH,0,D,24.58,1,0,1,5,0,0,8,1,2,19.85,1.57
2026020030,2026-10-03,8480246,Nick Perbix,NSH,DAL,1,D,18.65,0,0,0,1,0,0,3,1,1,17.22,0.0
2026020030,2026-10-03,8480835,Jack Drury,NSH,DAL,1,C,13.63,0,0,0,0,0,0,0,0,0,13.05,0.0
2026020030,2026-10-03,8480840,Oskar Bäck,DAL,NSH,0,C,9.63,0,0,0,2,0,0,2,0,0,7.02,0.0
2026020030,2026-10-03,8480878,Nils Lundkvist,DAL,NSH,0,D,19.02,0,0,0,2,0,0,4,1,1,17.95,0.0
2026020030,2026-10-03,8481535,Nils Hoglander,NSH,DAL,1,L,11.62,1,0,1,2,1,1,2,0,0,10.37,1.25
2026020030,2026-10-03,8481581,Thomas Harley,DAL,NSH,0,D,25.95,0,0,0,2,0,0,6,1,3,23.32,0.43
2026020030,2026-10-03,8481726,Adam Edstrom,NSH,DAL,1,C,13.98,0,0,0,4,0,0,6,1,1,13.42,0.0
2026020030,2026-10-03,8482072,Jack Ahcan,NSH,DAL,1,D,5.82,0,1,1,0,0,1,2,1,1,4.28,1.53
2026020030,2026-10-03,8482145,Mavrik Bourque,NSH,DAL,1,C,18.08,0,0,0,2,0,0,2,0,0,16.6,1.48
2026020030,2026-10-03,8482482,Adam Wilsby,NSH,DAL,1,D,14.55,0,0,0,1,0,0,2,0,1,13.97,0.0
2026020030,2026-10-03,8482740,Wyatt Johnston,DAL,NSH,0,C,22.83,0,1,1,2,0,0,8,2,4,21.4,1.43
2026020030,2026-10-03,8482806,William Trudeau,NSH,DAL,1,D,12.25,0,0,0,1,0,0,3,1,1,12.25,0.0
2026020030,2026-10-03,8483425,Lian Bichsel,DAL,NSH,0,D,15.2,0,0,0,0,0,0,2,1,1,14.35,0.0
2026020030,2026-10-03,8484241,Matthew Wood,NSH,DAL,1,R,16.1,0,0,0,3,0,0,6,3,0,11.88,3.37
2026020030,2026-10-03,8484829,Justin Hryckowian,DAL,NSH,0,C,14.5,0,0,0,1,0,0,2,0,1,13.6,0.6
2026020030,2026-10-03,8484938,Arttu Hyry,DAL,NSH,0,R,12.48,0,0,0,1,0,0,3,1,1,10.73,0.0
2026020031,2026-10-03,8473422,Nick Foligno,MIN,BOS,1,L,13.88,0,0,0,1,0,0,1,0,0,13.77,0.0
2026020031,2026-10-03,8474567,Zach Bogosian,MIN,BOS,1,D,15.9,0,0,0,0,0,0,1,0,1,13.53,0.0
2026020031,2026-10-03,8474716,Jared Spurgeon,MIN,BOS,1,D,20.1,1,0,1,1,0,0,1,0,0,17.72,0.1
2026020031,2026-10-03,8475220,Marcus Foligno,MIN,BOS,1,L,12.07,0,0,0,1,0,0,3,0,2,12.07,0.0
2026020031,2026-10-03,8476374,Sean Kuraly,BOS,MIN,0,C,10.6,0,0,0,3,0,0,3,0,0,10.25,0.0
2026020031,2026-10-03,8476399,Blake Coleman,MIN,BOS,1,L,13.57,0,0,0,2,0,0,4,1,1,10.98,0.1
2026020031,2026-10-03,8476463,Jonas Brodin,MIN,BOS,1,D,21.65,0,0,0,0,0,0,0,0,0,18.02,0.0
2026020031,2026-10-03,8476854,Hampus Lindholm,BOS,MIN,0,D,21.63,0,0,0,0,0,0,3,1,2,16.73,2.88
2026020031,2026-10-03,8476874,Olli Maatta,MIN,BOS,1,D,23.22,0,0,0,1,0,0,2,1,0,20.38,0.0
2026020031,2026-10-03,8477365,Connor Clifton,BOS,MIN,0,D,18.1,0,1,1,0,0,0,0,0,0,17.03,0.23
2026020031,2026-10-03,8477446,Michael McCarron,MIN,BOS,1,C,16.97,0,1,1,4,0,0,5,0,1,14.02,0.0
2026020031,2026-10-03,8477451,Ryan Hartman,MIN,BOS,1,R,11.5,0,1,1,0,0,1,1,0,1,11.2,0.3
2026020031,2026-10-03,8477496,Elias Lindholm,BOS,MIN,0,C,16.93,0,0,0,2,0,0,3,0,1,12.92,2.37
2026020031,2026-10-03,8477507,Nikita Zadorov,BOS,MIN,0,D,15.75,0,0,0,2,0,0,5,2,1,14.92,0.0
2026020031,2026-10-03,8477956,David Pastrnak,BOS,MIN,0,R,21.03,0,0,0,5,0,0,7,1,1,16.48,4.55
2026020031,2026-10-03,8478401,Pavel Zacha,BOS,MIN,0,C,19.45,0,0,0,1,0,0,2,1,0,15.48,2.92
2026020031,2026-10-03,8478493,Joel Eriksson Ek,MIN,BOS,1,C,17.78,0,1,1,2,0,1,2,0,0,13.08,2.95
2026020031,2026-10-03,8478508,Yakov Trenin,MIN,BOS,1,C,15.05,0,0,0,4,0,0,6,0,2,13.28,0.0
2026020031,2026-10-03,8478840,William Borgen,BOS,MIN,0,D,19.35,0,0,0,0,0,0,0,0,0,17.18,0.05
2026020031,2026-10-03,8478864,Kirill Kaprizov,MIN,BOS,1,L,18.82,2,0,2,3,1,1,7,3,1,15.87,2.95
2026020031,2026-10-03,8479661,Tanner Jeannot,BOS,MIN,0,L,8.17,1,0,1,1,0,0,3,1,1,8.07,0.0
2026020031,2026-10-03,8479987,Morgan Geekie,BOS,MIN,0,C,18.75,0,0,0,1,0,0,3,1,1,15.38,3.37
2026020031,2026-10-03,8479999,Casey Mittelstadt,BOS,MIN,0,C,17.3,0,0,0,1,0,0,2,0,1,14.68,2.62
2026020031,2026-10-03,8480355,Mark Kastelic,BOS,MIN,0,C,10.98,0,1,1,1,0,0,1,0,0,10.77,0.0
2026020031,2026-10-03,8480800,Quinn Hughes,MIN,BOS,1,D,22.38,1,1,2,4,1,1,7,0,3,19.17,3.05
2026020031,2026-10-03,8481219,Jonathan Aspirot,BOS,MIN,0,D,16.6,0,0,0,1,0,0,2,1,0,16.25,0.0
2026020031,2026-10-03,8481553,Bobby Brink,MIN,BOS,1,R,11.28,0,1,1,1,0,1,2,0,1,11.18,0.1
2026020031,2026-10-03,8481557,Matt Boldy,MIN,BOS,1,L,18.08,0,0,0,4,0,0,8,2,2,13.28,2.95
2026020031,2026-10-03,8482094,Daemon Hunt,MIN,BOS,1,D,14.15,0,0,0,1,0,0,1,0,0,13.48,0.0
2026020031,2026-10-03,8482175,JJ Peterka,BOS,MIN,0,R,20.63,0,0,0,2,0,0,3,1,0,17.57,3.07
2026020031,2026-10-03,8482177,Marat Khusnutdinov,BOS,MIN,0,C,12.72,0,0,0,1,0,0,2,0,1,11.9,0.0
2026020031,2026-10-03,8482511,Mason Lohrei,BOS,MIN,0,D,21.0,0,0,0,0,0,0,3,1,2,17.9,3.1
2026020031,2026-10-03,8483489,Fraser Minten,BOS,MIN,0,C,14.47,0,0,0,3,0,0,4,1,0,12.43,2.03
2026020031,2026-10-03,8483525,Danila Yurov,MIN,BOS,1,R,12.68,0,0,0,1,0,0,1,0,0,11.62,0.0
2026020031,2026-10-03,8485395,James Hagens,BOS,MIN,0,C,13.72,0,0,0,3,0,0,4,1,0,10.98,2.73
2026020031,2026-10-03,8485702,Maxim Shabanov,MIN,BOS,1,R,14.92,0,1,1,0,0,1,1,1,0,12.17,2.75
2026020032,2026-10-03,8470613,Brent Burns,COL,STL,1,D,13.17,0,0,0,2,0,0,10,3,5,12.42,0.0
2026020032,2026-10-03,8475172,Nazem Kadri,COL,STL,1,C,18.45,0,0,0,4,0,0,7,1,2,15.43,3.02
2026020032,2026-10-03,8475754,Brock Nelson,COL,STL,1,C,16.18,0,0,0,1,0,0,1,0,0,11.47,2.02
2026020032,2026-10-03,8475764,Cam Fowler,STL,COL,0,D,23.4,0,0,0,1,0,0,2,0,1,16.68,2.42
2026020032,2026-10-03,8475768,Jaden Schwartz,COL,STL,1,L,14.23,0,0,0,4,0,0,4,0,0,11.37,2.87
2026020032,2026-10-03,8476312,Josh Manson,COL,STL,1,D,16.6,1,1,2,2,0,0,2,0,0,14.2,0.0
2026020032,2026-10-03,8476455,Gabriel Landeskog,COL,STL,1,L,14.58,0,1,1,0,0,0,0,0,0,9.43,5.15
2026020032,2026-10-03,8476892,Colton Parayko,STL,COL,0,D,20.75,0,0,0,2,0,0,5,2,1,16.92,0.08
2026020032,2026-10-03,8476967,Brett Kulak,COL,STL,1,D,16.8,0,0,0,0,0,0,0,0,0,15.43,0.0
2026020032,2026-10-03,8477402,Pavel Buchnevich,STL,COL,0,L,15.72,0,0,0,2,0,0,3,1,0,13.43,1.53
2026020032,2026-10-03,8477476,Artturi Lehkonen,COL,STL,1,L,19.43,1,1,2,2,0,0,2,0,0,14.18,2.58
2026020032,2026-10-03,8477492,Nathan MacKinnon,COL,STL,1,C,18.27,0,3,3,4,0,0,7,2,1,13.2,4.98
2026020032,2026-10-03,8478038,Devon Toews,COL,STL,1,D,18.92,0,0,0,0,0,0,3,2,1,15.03,1.98
2026020032,2026-10-03,8478443,Brandon Carlo,STL,COL,0,D,17.6,0,0,0,2,0,0,2,0,0,13.2,0.0
2026020032,2026-10-03,8478454,Noah Juulsen,COL,STL,1,D,10.92,0,0,0,1,0,0,2,1,0,10.73,0.0
2026020032,2026-10-03,8478462,Nicolas Roy,COL,STL,1,C,12.88,1,1,2,3,0,0,4,1,0,12.28,0.0
2026020032,2026-10-03,8479346,Dillon Dube,STL,COL,0,C,13.27,0,0,0,0,0,0,0,0,0,10.93,0.08
2026020032,2026-10-03,8480023,Robert Thomas,STL,COL,0,C,16.5,0,0,0,0,0,0,2,1,1,10.97,2.4
2026020032,2026-10-03,8480039,Martin Necas,COL,STL,1,C,19.35,2,1,3,4,0,0,6,0,2,13.5,5.85
2026020032,2026-10-03,8480069,Cale Makar,COL,STL,1,D,20.07,1,0,1,3,0,0,5,0,2,12.77,6.02
2026020032,2026-10-03,8480448,Parker Kelly,COL,STL,1,C,15.52,0,2,2,1,0,0,3,0,2,14.02,0.0
2026020032,2026-10-03,8480459,Pius Suter,STL,COL,0,C,16.23,0,0,0,0,0,0,2,0,2,13.02,0.08
2026020032,2026-10-03,8481013,Jonatan Berggren,STL,COL,0,R,14.8,0,0,0,3,0,0,5,2,0,14.45,0.0
2026020032,2026-10-03,8481580,Connor McMichael,STL,COL,0,L,15.32,0,0,0,2,0,0,4,1,1,10.4,1.52
2026020032,2026-10-03,8481598,Philip Broberg,STL,COL,0,D,20.27,0,0,0,3,0,0,5,0,2,16.5,0.08
2026020032,2026-10-03,8482077,Dylan Holloway,STL,COL,0,L,15.58,0,0,0,2,0,0,3,1,0,12.2,2.38
2026020032,2026-10-03,8482089,Jake Neighbours,STL,COL,0,L,13.72,0,0,0,1,0,0,2,1,0,10.43,1.5
2026020032,2026-10-03,8482745,Mason McTavish,STL,COL,0,C,14.95,0,0,0,3,0,0,3,0,0,12.42,2.53
2026020032,2026-10-03,8482768,Fedor Svechkov,COL,STL,1,C,15.08,0,0,0,2,0,0,3,0,1,14.63,0.0
2026020032,2026-10-03,8482784,Zach Dean,STL,COL,0,C,12.62,0,0,0,0,0,0,0,0,0,12.53,0.08
2026020032,2026-10-03,8483516,Jimmy Snuggerud,STL,COL,0,R,14.85,0,0,0,1,0,0,5,0,4,12.37,2.42
2026020032,2026-10-03,8484164,Dalibor Dvorsky,STL,COL,0,R,12.28,1,0,1,3,0,0,4,0,1,10.9,1.38
2026020032,2026-10-03,8484188,Theo Lindstein,STL,COL,0,D,14.43,0,1,1,0,0,0,2,1,1,14.43,0.0
2026020032,2026-10-03,8484258,Sam Malinski,COL,STL,1,D,15.62,0,0,0,1,0,0,2,1,0,15.42,0.08
2026020032,2026-10-03,8484790,Adam Jiricek,STL,COL,0,D,19.72,0,0,0,1,0,0,6,2,3,18.22,1.5
2026020032,2026-10-03,8486171,T.J. Hughes,COL,STL,1,R,19.93,0,0,0,2,0,0,5,2,1,14.48,5.45
2026020033,2026-10-03,8474150,Mikael Backlund,CGY,VAN,0,C,18.95,0,0,0,3,0,0,5,1,1,12.37,0.0
2026020033,2026-10-03,8474568,Luke Schenn,VAN,CGY,1,D,8.07,0,0,0,0,0,0,3,2,1,7.32,0.13
2026020033,2026-10-03,8475848,Brendan Gallagher,VAN,CGY,1,R,10.13,0,0,0,2,0,0,3,1,0,9.95,0.13
2026020033,2026-10-03,8476458,Ryan Strome,CGY,VAN,0,C,11.57,0,0,0,2,0,0,2,0,0,10.68,0.88
2026020033,2026-10-03,8476467,Jamie Oleksiak,VAN,CGY,1,D,17.9,0,0,0,0,0,0,1,0,1,16.65,0.0
2026020033,2026-10-03,8477810,Joel Hanley,CGY,VAN,0,D,16.3,0,0,0,0,0,0,1,1,0,13.27,0.0
2026020033,2026-10-03,8478136,Jacob Middleton,CGY,VAN,0,D,17.65,0,0,0,1,0,0,3,1,1,14.38,0.0
2026020033,2026-10-03,8478444,Brock Boeser,VAN,CGY,1,R,18.62,0,0,0,3,0,0,8,2,3,11.52,7.1
2026020033,2026-10-03,8479425,Filip Hronek,VAN,CGY,1,D,28.87,0,0,0,1,0,0,5,0,4,21.45,5.47
2026020033,2026-10-03,8480012,Elias Pettersson,VAN,CGY,1,C,22.4,0,1,1,1,0,0,3,1,1,14.42,6.93
2026020033,2026-10-03,8480028,Morgan Frost,CGY,VAN,0,C,15.8,0,0,0,3,0,0,5,1,1,14.1,1.7
2026020033,2026-10-03,8480727,Zach Whitecloud,CGY,VAN,0,D,25.02,0,0,0,2,0,0,5,1,2,18.13,0.0
2026020033,2026-10-03,8480797,Joel Farabee,CGY,VAN,0,L,14.58,0,1,1,1,0,1,2,0,1,9.1,1.7
2026020033,2026-10-03,8480860,Kevin Bahl,CGY,VAN,0,D,22.62,0,0,0,0,0,0,1,0,1,17.93,0.0
2026020033,2026-10-03,8481024,Linus Karlsson,VAN,CGY,1,C,18.15,0,2,2,2,0,0,3,1,0,15.22,2.93
2026020033,2026-10-03,8481028,Martin Pospisil,CGY,VAN,0,C,12.52,0,0,0,2,0,0,4,1,1,9.2,0.0
2026020033,2026-10-03,8481032,Paul Cotter,VAN,CGY,1,L,14.08,0,1,1,1,0,0,2,0,1,13.32,0.0
2026020033,2026-10-03,8481068,Yegor Sharangovich,CGY,VAN,0,C,16.92,0,0,0,0,0,0,1,0,1,14.57,0.83
2026020033,2026-10-03,8482055,Drew O'Connor,VAN,CGY,1,L,17.83,1,0,1,2,0,0,4,1,1,9.92,6.75
2026020033,2026-10-03,8482079,Marco Rossi,VAN,CGY,1,C,20.15,0,0,0,1,0,0,3,1,1,12.87,7.28
2026020033,2026-10-03,8482679,Matt Coronato,CGY,VAN,0,R,16.8,1,0,1,1,1,1,6,1,4,15.08,1.72
2026020033,2026-10-03,8482691,Aatu Räty,VAN,CGY,1,C,9.5,1,0,1,3,0,0,3,0,0,9.03,0.22
2026020033,2026-10-03,8482747,Brennan Othmann,CGY,VAN,0,L,10.5,0,0,0,1,0,0,2,0,1,9.65,0.85
2026020033,2026-10-03,8483395,Arshdeep Bains,VAN,CGY,1,L,11.07,0,0,0,0,0,0,1,0,1,10.32,0.3
2026020033,2026-10-03,8483476,Jonathan Lekkerimaki,VAN,CGY,1,R,11.25,0,0,0,1,0,0,1,0,0,8.37,2.88
2026020033,2026-10-03,8483495,Simon Nemec,CGY,VAN,0,D,19.98,0,0,0,0,0,0,6,2,4,17.0,0.88
2026020033,2026-10-03,8483499,Liam Ohgren,VAN,CGY,1,L,17.32,1,1,2,3,0,0,5,2,0,14.07,2.42
2026020033,2026-10-03,8483609,Adam Klapka,CGY,VAN,0,R,8.12,0,0,0,0,0,0,1,1,0,8.12,0.0
2026020033,2026-10-03,8483678,Elias Pettersson,VAN,CGY,1,D,14.78,1,0,1,1,0,0,3,0,2,13.23,0.22
2026020033,2026-10-03,8484136,Max Sasson,VAN,CGY,1,C,12.23,0,0,0,4,0,0,4,0,0,11.45,0.23
2026020033,2026-10-03,8484180,Samuel Honzek,CGY,VAN,0,L,15.67,0,0,0,0,0,0,2,1,1,10.83,0.0
2026020033,2026-10-03,8484240,Tom Willander,VAN,CGY,1,D,20.27,0,2,2,0,0,0,8,2,6,17.58,2.68
2026020033,2026-10-03,8484768,Zayne Parekh,CGY,VAN,0,D,17.0,0,1,1,4,0,1,8,2,2,15.28,1.72
2026020033,2026-10-03,8484798,Zeev Buium,VAN,CGY,1,D,22.82,0,0,0,1,0,0,3,0,2,18.5,4.32
2026020033,2026-10-03,8484860,Matvei Gridin,CGY,VAN,0,R,16.77,0,0,0,4,0,0,8,3,1,15.08,1.68
2026020033,2026-10-03,8484958,Maksim Tsyplakov,CGY,VAN,0,R,11.48,0,0,0,0,0,0,1,1,0,10.62,0.87
2026020034,2026-10-03,8470621,Corey Perry,LAK,SJS,0,R,9.95,0,0,0,3,0,0,3,0,0,9.95,0.0
2026020034,2026-10-03,8474563,Drew Doughty,LAK,SJS,0,D,20.2,0,0,0,0,0,0,0,0,0,20.2,0.0
2026020034,2026-10-03,8475200,Dmitry Orlov,SJS,LAK,1,D,18.2,0,0,0,1,0,0,4,2,1,17.52,0.68
2026020034,2026-10-03,8475208,Brian Dumoulin,LAK,SJS,0,D,14.93,0,0,0,0,0,0,1,1,0,14.93,0.0
2026020034,2026-10-03,8475287,Erik Haula,LAK,SJS,0,L,14.75,1,0,1,2,0,0,3,1,0,13.1,0.0
2026020034,2026-10-03,8475692,Mats Zuccarello,LAK,SJS,0,R,19.3,0,1,1,1,0,1,4,0,3,16.25,3.05
2026020034,2026-10-03,8475726,Tyler Toffoli,SJS,LAK,1,C,14.52,1,1,2,3,1,1,7,2,2,13.12,1.4
2026020034,2026-10-03,8476441,Joel Edmundson,LAK,SJS,0,D,13.28,0,0,0,1,0,0,1,0,0,11.82,0.0
2026020034,2026-10-03,8476469,Joel Armia,LAK,SJS,0,R,13.45,0,0,0,2,0,0,3,1,0,11.85,0.0
2026020034,2026-10-03,8476624,Barclay Goodrow,SJS,LAK,1,C,11.92,0,0,0,1,0,0,1,0,0,9.32,0.0
2026020034,2026-10-03,8476872,Scott Laughton,LAK,SJS,0,C,13.5,0,0,0,0,0,0,2,2,0,11.7,0.0
2026020034,2026-10-03,8476879,Cody Ceci,LAK,SJS,0,D,17.63,0,0,0,2,0,0,2,0,0,15.28,0.0
2026020034,2026-10-03,8476885,Jacob Trouba,SJS,LAK,1,D,20.82,0,1,1,1,0,0,4,2,1,18.4,0.0
2026020034,2026-10-03,8476979,Erik Gustafsson,LAK,SJS,0,D,17.25,0,1,1,2,0,0,5,1,2,16.8,0.45
2026020034,2026-10-03,8477498,Darnell Nurse,SJS,LAK,1,D,21.85,0,0,0,0,0,0,3,1,2,20.05,0.0
2026020034,2026-10-03,8477505,Alexander Wennberg,SJS,LAK,1,C,18.72,0,0,0,1,0,0,1,0,0,14.55,3.1
2026020034,2026-10-03,8477960,Adrian Kempe,LAK,SJS,0,R,22.0,1,1,2,6,1,2,13,5,2,18.93,3.07
2026020034,2026-10-03,8478550,Artemi Panarin,LAK,SJS,0,L,22.35,1,1,2,4,0,1,9,3,2,18.83,3.52
2026020034,2026-10-03,8478975,Mason Marchment,SJS,LAK,1,L,16.38,0,0,0,1,0,0,2,1,0,15.68,0.7
2026020034,2026-10-03,8479675,Trevor Moore,LAK,SJS,0,L,16.12,0,0,0,2,0,0,2,0,0,14.32,0.0
2026020034,2026-10-03,8479998,Mikey Anderson,LAK,SJS,0,D,16.42,0,0,0,1,0,0,1,0,0,14.05,0.0
2026020034,2026-10-03,8480748,Kiefer Sherwood,SJS,LAK,1,L,11.82,1,0,1,2,0,0,2,0,0,10.95,0.0
2026020034,2026-10-03,8480891,Michael Kesselring,SJS,LAK,1,D,21.25,0,0,0,0,0,0,0,0,0,20.13,0.0
2026020034,2026-10-03,8481532,Alex Turcotte,LAK,SJS,0,C,15.25,0,0,0,0,0,0,2,2,0,14.43,0.47
2026020034,2026-10-03,8482124,Quinton Byfield,LAK,SJS,0,R,22.67,1,1,2,4,1,1,7,3,0,19.15,3.52
2026020034,2026-10-03,8482155,Alex Laferriere,LAK,SJS,0,R,16.75,0,0,0,0,0,0,5,4,1,15.93,0.45
2026020034,2026-10-03,8482700,Nolan Allan,SJS,LAK,1,D,16.0,1,0,1,2,0,0,2,0,0,14.28,0.0
2026020034,2026-10-03,8482730,Brandt Clarke,LAK,SJS,0,D,20.73,0,2,2,5,0,1,6,0,1,16.22,3.07
2026020034,2026-10-03,8482859,Zack Ostapchuk,SJS,LAK,1,C,10.23,0,0,0,3,0,0,4,1,0,9.27,0.0
2026020034,2026-10-03,8484152,Luca Cagnoni,SJS,LAK,1,D,21.35,0,0,0,3,0,0,4,0,1,18.23,3.12
2026020034,2026-10-03,8484227,Will Smith,SJS,LAK,1,C,18.68,0,0,0,2,0,0,4,1,1,16.3,2.38
2026020034,2026-10-03,8484801,Macklin Celebrini,SJS,LAK,1,C,21.7,0,2,2,2,0,1,2,0,0,18.6,3.1
2026020034,2026-10-03,8484911,Collin Graf,SJS,LAK,1,R,16.72,0,0,0,1,0,0,2,0,1,15.2,0.0
2026020034,2026-10-03,8484994,Igor Chernyshov,SJS,LAK,1,L,16.38,2,1,3,2,0,0,5,0,3,13.97,2.42
2026020034,2026-10-03,8485402,Michael Misa,SJS,LAK,1,C,14.23,0,1,1,0,0,0,0,0,0,13.55,0.68
2026020034,2026-10-03,8486103,Ivar Stenberg,SJS,LAK,1,L,15.62,0,1,1,0,0,1,0,0,0,14.2,1.42
2026020035,2026-10-04,8475279,Ben Chiarot,DET,WPG,1,D,17.38,0,0,0,1,0,0,3,1,1,15.27,0.0
2026020035,2026-10-04,8475753,Justin Faulk,DET,WPG,1,D,19.53,0,0,0,3,0,0,5,1,1,15.6,2.5
2026020035,2026-10-04,8475799,Nino Niederreiter,WPG,DET,0,R,11.25,0,0,0,0,0,0,0,0,0,9.22,2.03
2026020035,2026-10-04,8476331,Dylan DeMelo,WPG,DET,0,D,20.88,0,0,0,0,0,0,1,1,0,17.1,0.0
2026020035,2026-10-04,8476392,Adam Lowry,WPG,DET,0,C,15.28,0,0,0,0,0,0,1,0,1,11.6,0.0
2026020035,2026-10-04,8476460,Mark Scheifele,WPG,DET,0,C,18.1,0,0,0,2,0,0,4,0,2,14.73,3.08
2026020035,2026-10-04,8476480,Vladislav Namestnikov,WPG,DET,0,C,13.15,0,0,0,1,0,0,2,0,1,9.6,1.98
2026020035,2026-10-04,8477429,Andrew Copp,DET,WPG,1,C,23.73,0,1,1,1,0,1,6,3,2,14.83,6.52
2026020035,2026-10-04,8477456,J.T. Compher,DET,WPG,1,L,12.85,0,0,0,2,0,0,4,1,1,11.12,0.0
2026020035,2026-10-04,8477504,Josh Morrissey,WPG,DET,0,D,21.55,0,2,2,7,0,2,8,0,1,18.0,3.0
2026020035,2026-10-04,8477971,Andreas Englund,DET,WPG,1,D,7.25,0,0,0,0,0,0,1,0,1,7.25,0.0
2026020035,2026-10-04,8478042,Viktor Arvidsson,DET,WPG,1,L,21.4,1,0,1,4,1,1,7,1,2,15.02,6.38
2026020035,2026-10-04,8478398,Kyle Connor,WPG,DET,0,L,20.08,2,1,3,5,2,3,11,3,3,13.9,3.12
2026020035,2026-10-04,8478434,Keegan Kolesar,DET,WPG,1,R,10.82,0,0,0,0,0,0,0,0,0,10.3,0.0
2026020035,2026-10-04,8478891,Mason Appleton,DET,WPG,1,C,9.38,0,0,0,0,0,0,0,0,0,8.42,0.0
2026020035,2026-10-04,8479337,Alex DeBrincat,DET,WPG,1,R,23.27,0,1,1,4,0,0,9,2,3,16.53,6.73
2026020035,2026-10-04,8479983,Mario Ferraro,WPG,DET,0,D,20.28,0,0,0,0,0,0,0,0,0,15.73,0.0
2026020035,2026-10-04,8479992,Michael Rasmussen,DET,WPG,1,C,16.15,0,0,0,4,0,0,5,1,0,11.07,2.67
2026020035,2026-10-04,8480014,Gabriel Vilardi,WPG,DET,0,C,14.68,0,1,1,2,0,1,3,1,0,11.62,3.07
2026020035,2026-10-04,8480049,Dylan Samberg,WPG,DET,0,D,19.83,0,0,0,0,0,0,0,0,0,15.22,0.0
2026020035,2026-10-04,8480113,Alex Iafallo,WPG,DET,0,L,11.73,0,0,0,1,0,0,3,1,1,8.97,0.0
2026020035,2026-10-04,8480145,Neal Pionk,WPG,DET,0,D,23.88,0,0,0,3,0,0,4,1,0,17.1,2.08
2026020035,2026-10-04,8480289,Morgan Barron,WPG,DET,0,C,17.77,0,0,0,1,0,0,1,0,0,12.33,0.0
2026020035,2026-10-04,8481542,Moritz Seider,DET,WPG,1,D,25.68,0,1,1,3,0,1,6,2,1,17.2,6.58
2026020035,2026-10-04,8481607,Albert Johansson,DET,WPG,1,D,12.62,0,0,0,1,0,0,3,2,0,10.7,0.0
2026020035,2026-10-04,8482078,Lucas Raymond,DET,WPG,1,L,23.92,0,0,0,2,0,0,6,3,1,16.12,7.35
2026020035,2026-10-04,8482149,Cole Perfetti,WPG,DET,0,C,17.17,1,2,3,2,1,3,9,6,1,14.07,3.1
2026020035,2026-10-04,8482459,Tyrel Bauer,WPG,DET,0,D,8.58,0,0,0,0,0,0,1,1,0,8.58,0.0
2026020035,2026-10-04,8482765,Isak Rosén,WPG,DET,0,R,12.9,0,0,0,0,0,0,1,0,1,10.95,1.95
2026020035,2026-10-04,8483471,Brad Lambert,WPG,DET,0,C,10.45,0,0,0,2,0,0,3,0,1,10.45,0.0
2026020035,2026-10-04,8483679,Anton Johansson,DET,WPG,1,D,13.5,0,0,0,0,0,0,2,0,2,12.45,0.0
2026020035,2026-10-04,8484160,Nate Danielson,DET,WPG,1,C,8.15,0,0,0,0,0,0,1,1,0,7.68,0.0
2026020035,2026-10-04,8484223,Axel Sandin-Pellikka,DET,WPG,1,D,15.62,0,0,0,3,0,0,5,0,2,11.55,2.33
2026020035,2026-10-04,8484471,Emmitt Finnie,DET,WPG,1,C,16.93,1,0,1,2,0,0,3,0,1,13.98,1.7
2026020035,2026-10-04,8484794,Michael Brandsegg-Nygård,DET,WPG,1,R,19.55,0,1,1,6,0,0,12,5,1,16.98,2.57
2026020035,2026-10-04,8486025,Viggo Björck,WPG,DET,0,C,13.35,0,0,0,1,0,0,1,0,0,10.08,2.0
2026020036,2026-10-04,8475314,Anders Lee,UTA,NYR,0,L,12.98,0,1,1,1,0,0,4,2,1,12.35,0.63
2026020036,2026-10-04,8476389,Vincent Trocheck,UTA,NYR,0,C,17.97,0,0,0,2,0,0,3,0,1,15.43,0.6
2026020036,2026-10-04,8476459,Mika Zibanejad,NYR,UTA,1,C,24.53,0,1,1,0,0,0,1,1,0,18.93,4.83
2026020036,2026-10-04,8476468,J.T. Miller,NYR,UTA,1,C,20.45,1,0,1,1,0,0,3,0,2,16.35,3.95
2026020036,2026-10-04,8477220,Nate Schmidt,UTA,NYR,0,D,22.65,0,0,0,3,0,0,8,1,4,19.18,0.0
2026020036,2026-10-04,8477346,MacKenzie Weegar,UTA,NYR,0,D,22.0,0,0,0,0,0,0,8,2,6,20.55,0.0
2026020036,2026-10-04,8477416,Oliver Bjorkstrand,NYR,UTA,1,R,7.82,0,0,0,0,0,0,0,0,0,7.27,0.55
2026020036,2026-10-04,8477951,Nick Schmaltz,UTA,NYR,0,C,17.3,1,0,1,3,1,1,3,0,0,14.53,1.87
2026020036,2026-10-04,8477969,Marcus Pettersson,NYR,UTA,1,D,17.63,0,0,0,0,0,0,1,0,1,16.75,0.42
2026020036,2026-10-04,8478474,Lawson Crouse,UTA,NYR,0,L,15.33,0,0,0,5,0,0,7,1,1,12.78,0.0
2026020036,2026-10-04,8478507,John Marino,UTA,NYR,0,D,21.12,0,0,0,1,0,0,3,1,1,19.37,1.35
2026020036,2026-10-04,8478831,Kevin Stenlund,UTA,NYR,0,C,13.17,0,0,0,0,0,0,0,0,0,9.67,0.0
2026020036,2026-10-04,8478882,Vladislav Gavrikov,NYR,UTA,1,D,19.15,1,1,2,3,0,0,4,0,1,18.17,0.1
2026020036,2026-10-04,8479323,Adam Fox,NYR,UTA,1,D,21.58,0,1,1,1,0,0,4,0,3,16.03,5.1
2026020036,2026-10-04,8479343,Clayton Keller,UTA,NYR,0,R,18.05,0,1,1,2,0,1,4,1,1,16.13,1.87
2026020036,2026-10-04,8479369,Andrew Peeke,UTA,NYR,0,D,14.07,1,0,1,3,0,0,4,0,1,11.63,0.0
2026020036,2026-10-04,8479410,Mikhail Sergachev,UTA,NYR,0,D,23.85,0,0,0,3,0,0,5,0,2,19.97,1.12
2026020036,2026-10-04,8479619,Michael Carcone,UTA,NYR,0,L,12.72,0,0,0,2,0,0,3,0,1,12.12,0.6
2026020036,2026-10-04,8480009,Eeli Tolvanen,NYR,UTA,1,R,14.25,1,0,1,2,0,0,2,0,0,12.68,0.92
2026020036,2026-10-04,8480434,Sean Durzi,NYR,UTA,1,D,22.95,0,0,0,0,0,0,2,1,1,19.65,1.28
2026020036,2026-10-04,8480813,Joseph Veleno,NYR,UTA,1,C,2.22,0,0,0,1,0,0,1,0,0,1.35,0.0
2026020036,2026-10-04,8480849,Barrett Hayton,UTA,NYR,0,C,13.3,0,0,0,1,0,0,4,0,3,12.43,0.0
2026020036,2026-10-04,8480855,Jack McBain,UTA,NYR,0,C,11.23,0,0,0,2,0,0,3,1,0,10.93,0.0
2026020036,2026-10-04,8481604,Pavel Dorofeyev,NYR,UTA,1,R,17.95,0,0,0,3,0,0,6,3,0,13.23,4.72
2026020036,2026-10-04,8481789,Tye Kartye,NYR,UTA,1,L,15.3,0,1,1,2,0,0,4,0,2,14.22,0.0
2026020036,2026-10-04,8482073,Braden Schneider,NYR,UTA,1,D,17.7,0,0,0,0,0,0,4,2,2,16.58,0.0
2026020036,2026-10-04,8482109,Alexis Lafrenière,NYR,UTA,1,L,21.73,0,1,1,4,0,0,9,2,3,17.32,4.42
2026020036,2026-10-04,8482157,Will Cuylle,NYR,UTA,1,L,14.1,0,1,1,2,0,0,4,0,2,12.02,1.62
2026020036,2026-10-04,8482699,Dylan Guenther,UTA,NYR,0,R,15.75,0,0,0,2,0,0,4,1,1,13.85,1.83
2026020036,2026-10-04,8482877,Jaroslav Chmelar,NYR,UTA,1,R,6.08,0,0,0,0,0,0,2,1,1,6.08,0.0
2026020036,2026-10-04,8483431,Logan Cooley,UTA,NYR,0,C,18.47,0,0,0,0,0,0,3,1,2,15.68,1.83
2026020036,2026-10-04,8483690,Noah Laba,NYR,UTA,1,C,17.62,0,0,0,1,0,0,1,0,0,16.38,0.28
2026020036,2026-10-04,8484210,Gabe Perreault,NYR,UTA,1,R,18.3,1,0,1,1,0,0,4,3,0,16.93,1.37
2026020036,2026-10-04,8484386,Dmitri Simashev,UTA,NYR,0,D,12.75,0,0,0,0,0,0,0,0,0,10.83,0.0
2026020036,2026-10-04,8484388,Daniil But,UTA,NYR,0,L,10.43,0,0,0,0,0,0,2,2,0,9.8,0.63
2026020036,2026-10-04,8485957,Alberts Smits,NYR,UTA,1,D,16.2,0,0,0,1,0,0,2,0,1,16.0,0.2
2026020037,2026-10-04,8473419,Brad Marchand,FLA,ANA,0,L,13.17,1,0,1,3,0,0,5,1,1,12.05,0.88
2026020037,2026-10-04,8473986,Alex Killorn,ANA,FLA,1,L,16.53,0,0,0,0,0,0,0,0,0,12.02,0.57
2026020037,2026-10-04,8474189,Lars Eller,FLA,ANA,0,C,11.53,0,1,1,2,0,0,2,0,0,8.35,0.25
2026020037,2026-10-04,8475179,Dmitry Kulikov,FLA,ANA,0,D,17.82,0,0,0,0,0,0,2,1,1,16.63,0.0
2026020037,2026-10-04,8475462,Radko Gudas,FLA,ANA,0,D,15.78,0,0,0,0,0,0,4,2,2,15.3,0.0
2026020037,2026-10-04,8475798,Mikael Granlund,ANA,FLA,1,C,22.52,1,0,1,2,1,1,5,3,0,14.35,4.53
2026020037,2026-10-04,8477409,Carter Verhaeghe,FLA,ANA,0,C,19.3,1,0,1,3,0,0,6,2,1,17.47,1.83
2026020037,2026-10-04,8477495,Seth Jones,FLA,ANA,0,D,28.58,0,0,0,4,0,0,8,1,3,18.13,6.83
2026020037,2026-10-04,8477903,Garnet Hathaway,FLA,ANA,0,R,9.5,0,0,0,1,0,0,4,2,1,6.92,0.03
2026020037,2026-10-04,8477933,Sam Reinhart,FLA,ANA,0,C,22.32,0,0,0,3,0,0,6,1,2,14.4,6.87
2026020037,2026-10-04,8477935,Sam Bennett,FLA,ANA,0,C,21.87,0,1,1,4,0,0,8,2,2,15.72,6.15
2026020037,2026-10-04,8478055,Gustav Forsling,FLA,ANA,0,D,20.42,0,0,0,0,0,0,3,1,2,19.42,0.02
2026020037,2026-10-04,8478147,Bokondji Imama,FLA,ANA,0,L,7.75,0,0,0,0,0,0,0,0,0,7.75,0.0
2026020037,2026-10-04,8478421,Anthony-John (AJ) Greer,ANA,FLA,1,L,15.03,0,0,0,2,0,0,3,0,1,14.4,0.63
2026020037,2026-10-04,8478859,Niko Mikkola,FLA,ANA,0,D,20.28,0,0,0,1,0,0,3,1,1,16.47,0.13
2026020037,2026-10-04,8479314,Matthew Tkachuk,FLA,ANA,0,L,23.47,0,1,1,1,0,0,4,2,1,16.5,6.97
2026020037,2026-10-04,8480068,Ryan Poehling,ANA,FLA,1,C,14.92,0,0,0,1,0,0,1,0,0,11.03,0.63
2026020037,2026-10-04,8480185,Eetu Luostarinen,FLA,ANA,0,C,16.2,0,0,0,0,0,0,0,0,0,14.53,1.03
2026020037,2026-10-04,8480801,Brady Tkachuk,FLA,ANA,0,L,16.03,0,0,0,4,0,0,8,2,2,10.2,5.83
2026020037,2026-10-04,8481538,Judd Caulfield,ANA,FLA,1,R,9.82,0,0,0,0,0,0,0,0,0,9.82,0.0
2026020037,2026-10-04,8481605,Jackson LaCombe,ANA,FLA,1,D,28.68,0,1,1,0,0,1,4,1,3,22.65,2.97
2026020037,2026-10-04,8481754,Nikita Nesterenko,ANA,FLA,1,C,10.4,0,0,0,0,0,0,1,0,1,10.4,0.0
2026020037,2026-10-04,8482113,Anton Lundell,FLA,ANA,0,C,17.55,0,0,0,1,0,0,4,1,2,14.35,2.07
2026020037,2026-10-04,8482118,Sam Colangelo,ANA,FLA,1,R,10.4,0,0,0,0,0,0,1,1,0,10.4,0.0
2026020037,2026-10-04,8482408,Jeff Malott,ANA,FLA,1,L,7.93,0,0,0,1,0,0,1,0,0,7.93,0.0
2026020037,2026-10-04,8482731,Tyson Hinds,ANA,FLA,1,D,14.73,0,0,0,4,0,0,4,0,0,14.48,0.0
2026020037,2026-10-04,8483445,Cutter Gauthier,ANA,FLA,1,L,20.83,2,1,3,4,2,3,7,2,1,16.02,4.47
2026020037,2026-10-04,8483482,Tristan Luneau,ANA,FLA,1,D,26.6,0,0,0,1,0,0,4,1,2,21.57,0.47
2026020037,2026-10-04,8483490,Pavel Mintyukov,ANA,FLA,1,D,19.83,0,0,0,0,0,0,0,0,0,14.57,0.6
2026020037,2026-10-04,8483521,Noah Warren,ANA,FLA,1,D,15.95,0,0,0,2,0,0,4,0,2,13.8,0.0
2026020037,2026-10-04,8483771,Sandis Vilmanis,FLA,ANA,0,L,13.63,0,0,0,4,0,0,5,1,0,13.55,0.08
2026020037,2026-10-04,8484153,Leo Carlsson,ANA,FLA,1,C,20.43,0,3,3,0,0,3,0,0,0,15.38,4.5
2026020037,2026-10-04,8484262,Travis Mitchell,ANA,FLA,1,D,14.13,0,0,0,0,0,0,0,0,0,12.83,0.0
2026020037,2026-10-04,8484304,Uvis Balinskis,FLA,ANA,0,D,14.67,0,0,0,0,0,0,0,0,0,13.25,1.17
2026020037,2026-10-04,8484762,Beckett Sennecke,ANA,FLA,1,R,21.73,0,1,1,3,0,1,6,1,2,17.27,4.47
2026020037,2026-10-04,8485512,Tim Washe,ANA,FLA,1,C,16.4,0,0,0,0,0,0,1,1,0,12.13,0.0
2026020038,2026-10-04,8474150,Mikael Backlund,CGY,SEA,0,C,15.27,0,0,0,5,0,0,10,3,2,15.27,0.0
2026020038,2026-10-04,8474586,Jordan Eberle,SEA,CGY,1,R,14.05,1,0,1,2,0,0,3,1,0,14.05,0.0
2026020038,2026-10-04,8476457,Adam Larsson,SEA,CGY,1,D,21.73,0,0,0,1,0,0,2,0,1,18.93,0.0
2026020038,2026-10-04,8476458,Ryan Strome,CGY,SEA,0,C,14.35,0,0,0,0,0,0,3,2,1,14.28,0.07
2026020038,2026-10-04,8476905,Chandler Stephenson,SEA,CGY,1,C,15.77,0,2,2,1,0,0,1,0,0,15.7,0.0
2026020038,2026-10-04,8477919,Freddy Gaudreau,SEA,CGY,1,C,16.83,0,0,0,0,0,0,3,3,0,14.05,0.0
2026020038,2026-10-04,8477955,Jared McCann,SEA,CGY,1,L,15.7,0,1,1,2,0,0,4,2,0,15.7,0.0
2026020038,2026-10-04,8477986,Brandon Montour,SEA,CGY,1,D,23.2,0,2,2,3,0,0,6,1,2,23.12,0.0
2026020038,2026-10-04,8478136,Jacob Middleton,CGY,SEA,0,D,16.78,0,0,0,1,0,0,2,1,0,16.78,0.0
2026020038,2026-10-04,8478407,Vince Dunn,SEA,CGY,1,D,18.57,0,1,1,0,0,0,2,1,1,18.57,0.0
2026020038,2026-10-04,8479324,Ryan Lindgren,SEA,CGY,1,D,18.62,0,0,0,1,0,0,1,0,0,15.83,0.0
2026020038,2026-10-04,8480028,Morgan Frost,CGY,SEA,0,C,17.85,1,0,1,3,1,1,5,1,1,15.03,2.82
2026020038,2026-10-04,8480727,Zach Whitecloud,CGY,SEA,0,D,18.98,0,0,0,0,0,0,1,0,1,18.98,0.0
2026020038,2026-10-04,8480797,Joel Farabee,CGY,SEA,0,L,16.85,0,1,1,4,0,1,7,1,2,14.07,2.78
2026020038,2026-10-04,8480860,Kevin Bahl,CGY,SEA,0,D,19.78,0,0,0,0,0,0,3,1,2,19.78,0.0
2026020038,2026-10-04,8480876,Curtis Douglas,SEA,CGY,1,C,7.77,0,0,0,1,0,0,2,0,1,7.77,0.0
2026020038,2026-10-04,8481028,Martin Pospisil,CGY,SEA,0,C,13.52,0,0,0,1,0,0,5,3,1,13.52,0.0
2026020038,2026-10-04,8481068,Yegor Sharangovich,CGY,SEA,0,C,15.38,0,0,0,1,0,0,1,0,0,15.38,0.0
2026020038,2026-10-04,8481554,Kaapo Kakko,SEA,CGY,1,R,13.25,0,0,0,0,0,0,0,0,0,13.25,0.0
2026020038,2026-10-04,8482074,Connor Zary,CGY,SEA,0,C,13.93,0,0,0,1,0,0,2,0,1,13.85,0.08
2026020038,2026-10-04,8482165,Yan Kuznetsov,CGY,SEA,0,D,19.53,0,0,0,3,0,0,7,0,4,19.48,0.05
2026020038,2026-10-04,8482259,Bobby McMann,SEA,CGY,1,C,15.45,1,0,1,6,0,0,9,3,0,15.38,0.0
2026020038,2026-10-04,8482665,Matty Beniers,SEA,CGY,1,C,15.97,0,1,1,0,0,0,0,0,0,15.97,0.0
2026020038,2026-10-04,8482679,Matt Coronato,CGY,SEA,0,R,22.03,0,0,0,5,0,0,11,4,2,19.2,2.83
2026020038,2026-10-04,8482713,Mackie Samoskevich,SEA,CGY,1,R,18.82,2,0,2,3,0,0,4,1,0,18.82,0.0
2026020038,2026-10-04,8482751,Ryan Winterton,SEA,CGY,1,C,15.65,0,0,0,3,0,0,4,1,0,12.85,0.0
2026020038,2026-10-04,8482858,Ryker Evans,SEA,CGY,1,D,22.45,0,1,1,1,0,0,3,1,1,22.37,0.0
2026020038,2026-10-04,8482866,Ville Ottavainen,SEA,CGY,1,D,15.85,0,0,0,0,0,0,1,0,1,15.85,0.0
2026020038,2026-10-04,8483495,Simon Nemec,CGY,SEA,0,D,21.23,0,0,0,3,0,0,8,0,5,21.15,0.08
2026020038,2026-10-04,8483524,Shane Wright,SEA,CGY,1,C,14.78,1,0,1,1,0,0,4,2,1,14.78,0.0
2026020038,2026-10-04,8483609,Adam Klapka,CGY,SEA,0,R,11.28,0,0,0,3,0,0,7,3,1,11.28,0.0
2026020038,2026-10-04,8484180,Samuel Honzek,CGY,SEA,0,L,15.48,0,0,0,0,0,0,0,0,0,15.45,0.03
2026020038,2026-10-04,8484768,Zayne Parekh,CGY,SEA,0,D,20.98,0,0,0,2,0,0,8,2,4,18.2,2.78
2026020038,2026-10-04,8484800,Berkly Catton,SEA,CGY,1,C,12.68,1,1,2,2,0,0,4,2,0,12.68,0.0
2026020038,2026-10-04,8484860,Matvei Gridin,CGY,SEA,0,R,14.43,0,1,1,1,0,1,1,0,0,11.63,2.8
2026020038,2026-10-04,8484958,Maksim Tsyplakov,CGY,SEA,0,R,12.32,0,0,0,0,0,0,2,2,0,12.32,0.0
2026020039,2026-10-04,8474568,Luke Schenn,VAN,VGK,1,D,13.12,0,1,1,0,0,0,1,1,0,10.67,0.17
2026020039,2026-10-04,8475188,Brayden McNabb,VGK,VAN,0,D,19.0,0,1,1,1,0,0,1,0,0,16.68,0.0
2026020039,2026-10-04,8475343,Nic Dowd,VGK,VAN,0,C,11.18,0,1,1,1,0,0,2,0,1,8.75,0.17
2026020039,2026-10-04,8475848,Brendan Gallagher,VAN,VGK,1,R,7.57,0,0,0,1,0,0,1,0,0,7.57,0.0
2026020039,2026-10-04,8475913,Mark Stone,VGK,VAN,0,R,19.75,0,1,1,3,0,1,3,0,0,13.43,5.83
2026020039,2026-10-04,8476448,William Karlsson,VGK,VAN,0,C,18.33,0,0,0,2,0,0,6,4,0,14.68,1.88
2026020039,2026-10-04,8476467,Jamie Oleksiak,VAN,VGK,1,D,17.78,0,0,0,0,0,0,0,0,0,14.92,0.0
2026020039,2026-10-04,8476881,Tomas Hertl,VGK,VAN,0,C,16.48,0,0,0,2,0,0,6,4,0,10.73,5.75
2026020039,2026-10-04,8477447,Shea Theodore,VGK,VAN,0,D,22.18,0,0,0,2,0,0,7,0,5,17.52,3.85
2026020039,2026-10-04,8477964,Ivan Barbashev,VGK,VAN,0,L,13.05,0,0,0,0,0,0,0,0,0,12.97,0.0
2026020039,2026-10-04,8478109,Victor Olofsson,VGK,VAN,0,L,14.58,1,0,1,4,1,1,5,0,1,10.78,3.8
2026020039,2026-10-04,8478396,Noah Hanifin,VGK,VAN,0,D,19.62,0,0,0,1,0,0,1,0,0,17.9,0.17
2026020039,2026-10-04,8478397,Rasmus Andersson,VGK,VAN,0,D,17.2,0,0,0,1,0,0,2,0,1,15.08,2.0
2026020039,2026-10-04,8478403,Jack Eichel,VGK,VAN,0,C,19.87,0,1,1,2,0,1,4,0,2,13.93,5.83
2026020039,2026-10-04,8478444,Brock Boeser,VAN,VGK,1,R,17.3,0,0,0,0,0,0,1,0,1,14.27,3.03
2026020039,2026-10-04,8478450,Parker Wotherspoon,VGK,VAN,0,D,17.42,0,0,0,1,0,0,1,0,0,15.4,0.32
2026020039,2026-10-04,8478468,Jeremy Lauzon,VGK,VAN,0,D,15.37,0,0,0,0,0,0,4,0,4,13.77,0.17
2026020039,2026-10-04,8478483,Mitch Marner,VGK,VAN,0,R,21.93,1,0,1,3,0,0,7,1,3,14.53,5.8
2026020039,2026-10-04,8479353,Brett Howden,VGK,VAN,0,C,17.27,0,0,0,1,0,0,4,2,1,15.58,0.17
2026020039,2026-10-04,8479425,Filip Hronek,VAN,VGK,1,D,26.42,0,1,1,1,0,1,1,0,0,18.62,2.95
2026020039,2026-10-04,8480012,Elias Pettersson,VAN,VGK,1,C,20.48,0,1,1,3,0,1,3,0,0,15.93,3.02
2026020039,2026-10-04,8481024,Linus Karlsson,VAN,VGK,1,C,13.52,0,1,1,2,0,0,2,0,0,12.82,0.7
2026020039,2026-10-04,8481032,Paul Cotter,VAN,VGK,1,L,18.77,1,0,1,2,1,1,2,0,0,13.75,2.9
2026020039,2026-10-04,8482055,Drew O'Connor,VAN,VGK,1,L,16.5,0,0,0,3,0,0,6,2,1,12.18,0.18
2026020039,2026-10-04,8482079,Marco Rossi,VAN,VGK,1,C,18.5,0,0,0,1,0,0,2,0,1,15.47,3.03
2026020039,2026-10-04,8482691,Aatu Räty,VAN,VGK,1,C,9.93,0,0,0,0,0,0,0,0,0,9.35,0.07
2026020039,2026-10-04,8483395,Arshdeep Bains,VAN,VGK,1,L,14.07,0,0,0,2,0,0,2,0,0,11.9,0.0
2026020039,2026-10-04,8483476,Jonathan Lekkerimaki,VAN,VGK,1,R,10.52,1,0,1,1,0,0,3,0,2,9.67,0.85
2026020039,2026-10-04,8483499,Liam Ohgren,VAN,VGK,1,L,14.93,0,0,0,2,0,0,2,0,0,12.52,0.83
2026020039,2026-10-04,8483553,Marc Gatcomb,VGK,VAN,0,C,9.12,1,0,1,1,0,0,1,0,0,8.95,0.17
2026020039,2026-10-04,8483678,Elias Pettersson,VAN,VGK,1,D,17.07,0,0,0,0,0,0,1,1,0,12.33,0.02
2026020039,2026-10-04,8483890,Braeden Bowman,VGK,VAN,0,R,10.68,0,1,1,1,0,0,2,0,1,8.77,1.92
2026020039,2026-10-04,8484136,Max Sasson,VAN,VGK,1,C,16.4,0,0,0,1,0,0,4,3,0,12.63,0.1
2026020039,2026-10-04,8484240,Tom Willander,VAN,VGK,1,D,21.03,0,0,0,1,0,0,2,0,1,19.02,0.92
2026020039,2026-10-04,8484798,Zeev Buium,VAN,VGK,1,D,20.12,0,0,0,0,0,0,3,1,2,19.05,1.07
2026020039,2026-10-04,8484803,Trevor Connelly,VGK,VAN,0,L,12.38,0,0,0,2,0,0,4,1,1,10.67,1.6
