game_id,game_date,team,opponent,home_away,result,team_game_number,opponent_game_number,xG_for,xG_against,xG_for_5v5,xG_against_5v5,starting_goalie,starting_goalie_opp,CG,CG_Opp,is_b2b,is_3in4,is_4in6,is_6in9,is_b2b_opp,is_3in4_opp,is_4in6_opp,is_6in9_opp,scored_first,blownlead_1,blownlead_2,blownlead_3+,comeback_1,comeback_2,comeback_3+,sog_for_1P,sog_for_2P,sog_for_3P,sog_for_OT,sog_for,sog_ag_1P,sog_ag_2P,sog_ag_3P,sog_ag_OT,sog_ag,attempts_for_1P,attempts_for_2P,attempts_for_3P,attempts_for_OT,attempts_for,attempts_ag_1P,attempts_ag_2P,attempts_ag_3P,attempts_ag_OT,attempts_ag,goals_for_1P,goals_for_2P,goals_for_3P,goals_for_OT,goals_for,goals_ag_1P,goals_ag_2P,goals_ag_3P,goals_ag_OT,goals_ag,hits_for_1P,hits_for_2P,hits_for_3P,hits_for_OT,hits_for,hits_ag_1P,hits_ag_2P,hits_ag_3P,hits_ag_OT,hits_ag,pp_goals,pp_goals_against,pp_opportunities,pk_opportunities,pp_time,pk_time,saves_for,saves_against,save_percentage,save_percentage_against,emptynet_goalsfor,emptynet_goalsagainst,hitpost_for,hitpost_against,time_leading,time_trailing,time_tied,time_evenstrength,time_5v5,time_6v5,time_5v6,time_4v3,time_3v4,time_5v3,time_3v5,time_6v3,time_3v6,time_6v4,time_4v6,time_4v4,time_3v3
2025020001,2025-10-07,Panthers,Blackhawks,Home,RW,1,1,4.163867473602295,1.9140266180038452,0.0,0.0,Sergei Bobrovsky,Spencer Knight,CG,CG,0,0,0,0,0,0,0,0,0,0,0,0,1,0,0,17,9,11,0,37,3,11,5,0,19,28,19,21,0,68,17,15,19,0,51,2,0,1,0,3,1,1,0,0,2,7,11,10,0,28,12,8,7,0,27,1,0,2,3,222,360,17,34,0.459,1.789,0,0,2,2,1041,63,2496,2968,2968,0,50,0,0,0,0,0,0,0,0,0,0
2025020001,2025-10-07,Blackhawks,Panthers,Away,RL,1,1,1.9140266180038452,4.163867473602295,0.0,0.0,Spencer Knight,Sergei Bobrovsky,CG,CG,0,0,0,0,0,0,0,0,1,1,0,0,0,0,0,3,11,5,0,19,17,9,11,0,37,17,15,19,0,51,28,19,21,0,68,1,1,0,0,2,2,0,1,0,3,12,8,7,0,27,7,11,10,0,28,0,1,3,2,360,222,34,17,1.789,0.459,0,0,2,2,63,1041,2496,2968,2968,50,0,0,0,0,0,0,0,0,0,0,0
2025020002,2025-10-07,Rangers,Penguins,Home,RL,1,1,1.9492453336715698,3.4098103046417236,0.0,0.0,Igor Shesterkin,Arturs Silovs,CG,CG,0,0,0,0,0,0,0,0,0,0,0,0,0,0,0,7,13,5,0,25,8,8,15,0,31,20,28,10,0,58,14,21,28,0,63,0,0,0,0,0,1,0,2,0,3,13,12,9,0,34,8,6,8,0,22,0,0,2,1,243,120,28,25,1.12,0.806,0,0,0,0,0,2432,1168,3230,3230,7,0,0,0,0,0,0,0,0,0,0,0
2025020002,2025-10-07,Penguins,Rangers,Away,RW,1,1,3.4098103046417236,1.9492453336715698,0.0,0.0,Arturs Silovs,Igor Shesterkin,CG,CG,0,0,0,0,0,0,0,0,1,0,0,0,0,0,0,8,8,15,0,31,7,13,5,0,25,14,21,28,0,63,20,28,10,0,58,1,0,2,0,3,0,0,0,0,0,8,6,8,0,22,13,12,9,0,34,0,0,1,2,120,243,25,28,0.806,1.12,0,0,0,0,2432,0,1168,3230,3230,0,7,0,0,0,0,0,0,0,0,0,0
2025020003,2025-10-07,Kings,Avalanche,Home,RL,1,1,2.322329521179199,2.1907906532287598,0.0,0.0,Darcy Kuemper,Scott Wedgewood,CG,CG,0,0,0,0,0,0,0,0,0,0,0,0,0,0,0,6,5,14,0,25,7,11,5,0,23,17,19,22,0,58,19,24,14,0,57,0,0,1,0,1,0,3,1,0,4,17,14,2,0,33,11,9,5,0,25,1,1,4,6,438,629,19,24,0.76,1.043,0,0,3,1,0,2352,1248,2467,2467,66,0,0,0,30,0,0,0,56,0,0,0
2025020003,2025-10-07,Avalanche,Kings,Away,RW,1,1,2.1907906532287598,2.322329521179199,0.0,0.0,Scott Wedgewood,Darcy Kuemper,CG,CG,0,0,0,0,0,0,0,0,1,0,0,0,0,0,0,7,11,5,0,23,6,5,14,0,25,19,24,14,0,57,17,19,22,0,58,0,3,1,0,4,0,0,1,0,1,11,9,5,0,25,17,14,2,0,33,1,1,6,4,629,438,24,19,1.043,0.76,0,0,1,3,2352,0,1248,2467,2467,0,66,0,0,0,30,0,0,0,56,0,0
2025020004,2025-10-08,Maple Leafs,Canadiens,Home,RW,1,1,2.6207406520843506,3.01713228225708,0.0,0.0,Anthony Stolarz,Sam Montembeault,CG,CG,0,0,0,0,0,0,0,0,1,0,0,0,1,0,0,8,10,9,0,27,11,14,6,0,31,16,24,16,0,56,18,26,17,0,61,1,1,3,0,5,1,1,0,0,2,11,10,14,0,35,10,10,7,0,27,0,0,2,2,240,240,29,22,1.074,0.71,2,0,1,2,937,250,2413,3050,3050,0,70,0,0,0,0,0,0,0,0,0,0
2025020004,2025-10-08,Canadiens,Maple Leafs,Away,RL,1,1,3.01713228225708,2.6207406520843506,0.0,0.0,Sam Montembeault,Anthony Stolarz,CG,CG,0,0,0,0,0,0,0,0,0,1,0,0,0,0,0,11,14,6,0,31,8,10,9,0,27,18,26,17,0,61,16,24,16,0,56,1,1,0,0,2,1,1,3,0,5,10,10,7,0,27,11,10,14,0,35,0,0,2,2,240,240,22,29,0.71,1.074,0,2,2,1,250,937,2413,3050,3050,70,0,0,0,0,0,0,0,0,0,0,0
2025020005,2025-10-08,Capitals,Bruins,Home,RL,1,1,4.233172416687012,2.3028147220611572,0.0,0.0,Logan Thompson,Jeremy Swayman,CG,CG,0,0,0,0,0,0,0,0,0,0,0,0,0,0,0,8,17,11,0,36,5,6,11,0,22,17,30,19,0,66,13,21,35,0,69,0,0,1,0,1,0,1,2,0,3,8,17,10,0,35,13,12,8,0,33,0,1,5,2,546,143,19,35,0.528,1.591,0,0,1,1,0,1635,1965,2834,2834,77,0,0,0,58,0,0,0,0,0,0,0
2025020005,2025-10-08,Bruins,Capitals,Away,RW,1,1,2.3028147220611572,4.233172416687012,0.0,0.0,Jeremy Swayman,Logan Thompson,CG,CG,0,0,0,0,0,0,0,0,1,0,0,0,0,0,0,5,6,11,0,22,8,17,11,0,36,13,21,35,0,69,17,30,19,0,66,0,1,2,0,3,0,0,1,0,1,13,12,8,0,33,8,17,10,0,35,1,0,2,5,143,546,35,19,1.591,0.528,0,0,1,1,1635,0,1965,2834,2834,0,77,0,0,0,58,0,0,0,0,0,0
2025020006,2025-10-08,Oilers,Flames,Home,SOL,1,1,3.8454020023345947,2.0225670337677,0.0,0.0,Stuart Skinner,Dustin Wolf,CG,CG,0,0,0,0,0,0,0,0,1,1,1,1,0,0,0,9,11,9,6,35,4,7,8,3,22,17,25,18,8,68,15,15,21,4,55,2,1,0,0,3,0,2,1,0,3,7,8,8,0,23,14,12,9,0,35,2,1,4,4,323,434,19,32,0.543,1.455,0,0,1,1,1847,0,2053,3141,2958,0,2,89,28,0,0,0,0,0,0,2,181
2025020006,2025-10-08,Flames,Oilers,Away,SOW,1,1,2.0225670337677,3.8454020023345947,0.0,0.0,Dustin Wolf,Stuart Skinner,CG,CG,0,0,0,0,0,0,0,0,0,0,0,0,1,1,1,4,7,8,3,22,9,11,9,6,35,15,15,21,4,55,17,25,18,8,68,0,2,1,0,3,2,1,0,0,3,14,12,9,0,35,7,8,8,0,23,1,2,4,4,434,323,32,19,1.455,0.543,0,0,1,1,0,1847,2053,3141,2958,2,0,28,89,0,0,0,0,0,0,2,181
2025020007,2025-10-08,Golden Knights,Kings,Home,SOL,1,2,3.2386865615844727,3.5036144256591797,0.0,0.0,Adin Hill,Anton Forsberg,CG,CG,0,0,0,0,1,0,0,0,0,1,1,0,0,0,0,7,16,9,3,35,10,6,8,2,26,20,20,19,5,64,16,12,21,3,52,0,3,2,0,5,2,1,2,0,5,10,12,13,1,36,11,11,13,2,37,2,1,4,1,420,22,21,30,0.6,1.154,0,0,2,0,534,2073,1293,3326,2911,7,0,0,0,67,0,0,0,0,0,115,300
2025020007,2025-10-08,Kings,Golden Knights,Away,SOW,2,1,3.5036144256591797,3.2386865615844727,0.0,0.0,Anton Forsberg,Adin Hill,CG,CG,1,0,0,0,0,0,0,0,1,0,0,0,1,1,0,10,6,8,2,26,7,16,9,3,35,16,12,21,3,52,20,20,19,5,64,2,1,2,0,5,0,3,2,0,5,11,11,13,2,37,10,12,13,1,36,1,2,1,4,22,420,30,21,1.154,0.6,0,0,0,2,2073,534,1293,3326,2911,0,7,0,0,0,67,0,0,0,0,115,300
2025020008,2025-10-09,Bruins,Blackhawks,Home,OTW,2,2,3.8358237743377686,2.322070598602295,0.0,0.0,Joonas Korpisalo,Arvid Soderblom,CG,CG,1,0,0,0,0,0,0,0,1,0,0,0,1,0,0,11,7,13,2,33,7,8,6,3,24,17,17,28,2,64,13,16,11,3,43,1,1,1,1,4,1,1,1,0,3,13,7,5,0,25,5,4,6,0,15,1,0,4,4,403,315,21,29,0.636,1.208,0,0,0,0,393,408,2931,2980,2819,10,0,0,0,87,0,0,0,0,0,29,132
2025020008,2025-10-09,Blackhawks,Bruins,Away,OTL,2,2,2.322070598602295,3.8358237743377686,0.0,0.0,Arvid Soderblom,Joonas Korpisalo,CG,CG,0,0,0,0,1,0,0,0,0,1,0,0,0,0,0,7,8,6,3,24,11,7,13,2,33,13,16,11,3,43,17,17,28,2,64,1,1,1,0,3,1,1,1,1,4,5,4,6,0,15,13,7,5,0,25,0,1,4,4,315,403,29,21,1.208,0.636,0,0,0,0,408,393,2931,2980,2819,0,10,0,0,0,87,0,0,0,0,29,132
2025020009,2025-10-09,Sabres,Rangers,Home,RL,1,2,2.4634664058685303,2.644334077835083,0.0,0.0,Alex Lyon,Igor Shesterkin,CG,CG,0,0,0,0,0,0,0,0,0,0,0,0,0,0,0,11,14,12,0,37,16,5,12,0,33,22,24,20,0,66,23,17,22,0,62,0,0,0,0,0,1,0,3,0,4,13,5,6,0,24,12,10,6,0,28,0,0,4,3,480,360,29,37,0.784,1.121,0,0,2,0,0,2897,703,2742,2632,8,0,0,0,0,0,0,0,0,0,110,0
2025020009,2025-10-09,Rangers,Sabres,Away,RW,2,1,2.644334077835083,2.4634664058685303,0.0,0.0,Igor Shesterkin,Alex Lyon,CG,CG,0,0,0,0,0,0,0,0,1,0,0,0,0,0,0,16,5,12,0,33,11,14,12,0,37,23,17,22,0,62,22,24,20,0,66,1,0,3,0,4,0,0,0,0,0,12,10,6,0,28,13,5,6,0,24,0,0,3,4,360,480,37,29,1.121,0.784,0,0,0,2,2897,0,703,2742,2632,0,8,0,0,0,0,0,0,0,0,110,0
2025020010,2025-10-09,Red Wings,Canadiens,Home,RL,1,2,2.8128037452697754,2.233485460281372,0.0,0.0,John Gibson,Jakub Dobes,IG,CG,0,0,0,0,1,0,0,0,1,1,0,0,0,0,0,11,11,9,0,31,9,5,3,0,17,20,22,15,0,57,19,14,9,0,42,1,0,0,0,1,3,2,0,0,5,13,11,10,0,34,8,10,7,0,25,1,1,4,3,397,247,12,30,0.387,1.765,0,0,2,2,384,2837,379,2956,2956,0,0,0,0,0,0,0,0,0,0,0,0
2025020010,2025-10-09,Canadiens,Red Wings,Away,RW,2,1,2.233485460281372,2.8128037452697754,0.0,0.0,Jakub Dobes,John Gibson,CG,IG,1,0,0,0,0,0,0,0,0,0,0,0,1,0,0,9,5,3,0,17,11,11,9,0,31,19,14,9,0,42,20,22,15,0,57,3,2,0,0,5,1,0,0,0,1,8,10,7,0,25,13,11,10,0,34,1,1,3,4,247,397,30,12,1.765,0.387,0,0,2,2,2837,384,379,2956,2956,0,0,0,0,0,0,0,0,0,0,0,0
2025020011,2025-10-09,Lightning,Senators,Home,RL,1,1,2.3649072647094727,3.027229070663452,0.0,0.0,Andrei Vasilevskiy,Linus Ullmark,CG,CG,0,0,0,0,0,0,0,0,1,1,1,0,0,0,0,14,7,4,0,25,13,13,8,0,34,28,21,10,0,59,15,25,17,0,57,3,0,1,0,4,1,2,2,0,5,13,15,12,0,40,14,14,9,0,37,1,1,3,4,266,435,29,21,1.16,0.618,0,0,3,2,1774,107,1719,2774,2774,66,21,31,0,0,0,0,0,0,0,0,0
2025020011,2025-10-09,Senators,Lightning,Away,RW,1,1,3.027229070663452,2.3649072647094727,0.0,0.0,Linus Ullmark,Andrei Vasilevskiy,CG,CG,0,0,0,0,0,0,0,0,0,0,0,0,1,1,0,13,13,8,0,34,14,7,4,0,25,15,25,17,0,57,28,21,10,0,59,1,2,2,0,5,3,0,1,0,4,14,14,9,0,37,13,15,12,0,40,1,1,4,3,435,266,21,29,0.618,1.16,0,0,2,3,107,1774,1719,2774,2774,21,66,0,31,0,0,0,0,0,0,0,0
2025020012,2025-10-09,Panthers,Flyers,Home,RW,2,1,3.0553083419799805,2.497831344604492,0.0,0.0,Sergei Bobrovsky,Dan Vladar,CG,CG,0,0,0,0,0,0,0,0,1,0,0,0,0,0,0,13,12,9,0,34,6,9,5,0,20,20,22,15,0,57,14,16,14,0,44,0,1,1,0,2,0,1,0,0,1,9,9,9,0,27,5,6,6,0,17,1,0,5,1,429,136,19,32,0.559,1.6,0,0,5,1,1800,0,1800,3012,2924,0,7,0,0,0,0,0,0,0,0,88,0
2025020012,2025-10-09,Flyers,Panthers,Away,RL,1,2,2.497831344604492,3.0553083419799805,0.0,0.0,Dan Vladar,Sergei Bobrovsky,CG,CG,0,0,0,0,0,0,0,0,0,0,0,0,0,0,0,6,9,5,0,20,13,12,9,0,34,14,16,14,0,44,20,22,15,0,57,0,1,0,0,1,0,1,1,0,2,5,6,6,0,17,9,9,9,0,27,0,1,1,5,136,429,32,19,1.6,0.559,0,0,1,5,0,1800,1800,3012,2924,7,0,0,0,0,0,0,0,0,0,88,0
2025020013,2025-10-09,Penguins,Islanders,Home,RW,2,1,3.249357223510742,3.2473111152648926,0.0,0.0,Tristan Jarry,Ilya Sorokin,CG,CG,0,0,0,0,0,0,0,0,1,0,0,0,1,0,0,11,9,8,0,28,12,13,12,0,37,22,17,22,0,61,20,21,23,0,64,1,2,1,0,4,1,2,0,0,3,10,6,7,0,23,6,9,7,0,22,2,0,5,3,384,358,34,24,1.214,0.649,0,0,3,1,1479,97,2024,2744,2641,0,100,15,0,0,0,0,0,0,25,103,0
2025020013,2025-10-09,Islanders,Penguins,Away,RL,1,2,3.2473111152648926,3.249357223510742,0.0,0.0,Ilya Sorokin,Tristan Jarry,CG,CG,0,0,0,0,0,0,0,0,0,1,0,0,0,0,0,12,13,12,0,37,11,9,8,0,28,20,21,23,0,64,22,17,22,0,61,1,2,0,0,3,1,2,1,0,4,6,9,7,0,22,10,6,7,0,23,0,2,3,5,358,384,24,34,0.649,1.214,0,0,1,3,97,1479,2024,2744,2641,100,0,0,15,0,0,0,0,25,0,103,0
2025020014,2025-10-09,Hurricanes,Devils,Home,RW,1,1,4.2038679122924805,2.1401779651641846,0.0,0.0,Frederik Andersen,Jacob Markstrom,CG,CG,0,0,0,0,0,0,0,0,1,0,0,0,0,0,0,9,14,10,0,33,6,11,5,0,22,24,22,21,0,67,13,21,17,0,51,1,1,4,0,6,0,2,1,0,3,8,7,12,0,27,11,5,9,0,25,1,0,4,2,349,151,19,27,0.576,1.227,1,0,8,3,1960,0,1640,3044,2982,1,28,0,0,0,0,0,0,0,0,62,0
2025020014,2025-10-09,Devils,Hurricanes,Away,RL,1,1,2.1401779651641846,4.2038679122924805,0.0,0.0,Jacob Markstrom,Frederik Andersen,CG,CG,0,0,0,0,0,0,0,0,0,0,0,0,0,0,0,6,11,5,0,22,9,14,10,0,33,13,21,17,0,51,24,22,21,0,67,0,2,1,0,3,1,1,4,0,6,11,5,9,0,25,8,7,12,0,27,0,1,2,4,151,349,27,19,1.227,0.576,0,1,3,8,0,1960,1640,3044,2982,28,1,0,0,0,0,0,0,0,0,62,0
2025020015,2025-10-09,Blues,Wild,Home,RL,1,1,2.8042306900024414,2.0650277137756348,0.0,0.0,Jordan Binnington,Filip Gustavsson,CG,CG,0,0,0,0,0,0,0,0,0,0,0,0,0,0,0,8,14,4,0,26,7,5,9,0,21,16,29,15,0,60,19,13,18,0,50,0,0,0,0,0,2,2,1,0,5,18,10,12,0,40,8,8,3,0,19,0,1,2,3,240,248,16,26,0.615,1.238,0,0,2,2,0,2646,954,3112,3112,0,0,0,0,0,0,0,0,0,0,0,0
2025020015,2025-10-09,Wild,Blues,Away,RW,1,1,2.0650277137756348,2.8042306900024414,0.0,0.0,Filip Gustavsson,Jordan Binnington,CG,CG,0,0,0,0,0,0,0,0,1,0,0,0,0,0,0,7,5,9,0,21,8,14,4,0,26,19,13,18,0,50,16,29,15,0,60,2,2,1,0,5,0,0,0,0,0,8,8,3,0,19,18,10,12,0,40,1,0,3,2,248,240,26,16,1.238,0.615,0,0,2,2,2646,0,954,3112,3112,0,0,0,0,0,0,0,0,0,0,0,0
2025020016,2025-10-09,Predators,Blue Jackets,Home,RW,1,1,3.198258638381958,2.9948818683624268,0.0,0.0,Juuse Saros,Jet Greaves,CG,CG,0,0,0,0,0,0,0,0,1,0,0,0,0,0,0,9,9,14,0,32,15,14,10,0,39,21,20,25,0,66,23,23,20,0,66,1,0,1,0,2,1,0,0,0,1,7,10,5,0,22,7,9,12,0,28,1,0,4,1,373,120,38,30,1.188,0.769,0,0,5,5,1595,0,2005,3006,2926,0,61,0,0,8,0,0,0,0,0,80,0
2025020016,2025-10-09,Blue Jackets,Predators,Away,RL,1,1,2.9948818683624268,3.198258638381958,0.0,0.0,Jet Greaves,Juuse Saros,CG,CG,0,0,0,0,0,0,0,0,0,0,0,0,0,0,0,15,14,10,0,39,9,9,14,0,32,23,23,20,0,66,21,20,25,0,66,1,0,0,0,1,1,0,1,0,2,7,9,12,0,28,7,10,5,0,22,0,1,1,4,120,373,30,38,0.769,1.188,0,0,5,5,0,1595,2005,3006,2926,61,0,0,0,0,8,0,0,0,0,80,0
2025020017,2025-10-09,Jets,Stars,Home,RL,1,1,2.561572313308716,4.766380786895752,0.0,0.0,Connor Hellebuyck,Jake Oettinger,CG,CG,0,0,0,0,0,0,0,0,0,0,0,0,0,0,0,7,7,11,0,25,9,17,11,0,37,10,20,15,0,45,20,24,25,0,69,1,0,3,0,4,2,0,3,0,5,16,5,12,0,33,11,5,5,0,21,0,1,4,5,507,485,32,21,1.28,0.568,0,0,2,1,0,2860,740,2552,2429,56,0,0,73,0,105,0,0,5,0,123,0
2025020017,2025-10-09,Stars,Jets,Away,RW,1,1,4.766380786895752,2.561572313308716,0.0,0.0,Jake Oettinger,Connor Hellebuyck,CG,CG,0,0,0,0,0,0,0,0,1,0,0,0,0,0,0,9,17,11,0,37,7,7,11,0,25,20,24,25,0,69,10,20,15,0,45,2,0,3,0,5,1,0,3,0,4,11,5,5,0,21,16,5,12,0,33,1,0,5,4,485,507,21,32,0.568,1.28,0,0,1,2,2860,0,740,2552,2429,0,56,73,0,105,0,0,0,0,5,123,0
2025020018,2025-10-09,Avalanche,Mammoth,Home,RW,2,1,2.8470914363861084,2.515056848526001,0.0,0.0,Scott Wedgewood,Karel Vejmelka,CG,CG,0,0,0,0,0,0,0,0,1,0,0,0,0,0,0,14,4,9,0,27,11,11,11,0,33,26,13,17,0,56,22,26,23,0,71,1,0,1,0,2,0,1,0,0,1,9,5,6,0,20,6,7,6,0,19,1,1,4,3,419,246,32,25,1.185,0.758,0,0,1,3,2639,0,961,2842,2842,3,90,0,0,0,0,0,0,0,0,0,0
2025020018,2025-10-09,Mammoth,Avalanche,Away,RL,1,2,2.515056848526001,2.8470914363861084,0.0,0.0,Karel Vejmelka,Scott Wedgewood,CG,CG,0,0,0,0,0,0,0,0,0,0,0,0,0,0,0,11,11,11,0,33,14,4,9,0,27,22,26,23,0,71,26,13,17,0,56,0,1,0,0,1,1,0,1,0,2,6,7,6,0,19,9,5,6,0,20,1,1,3,4,246,419,25,32,0.758,1.185,0,0,3,1,0,2639,961,2842,2842,90,3,0,0,0,0,0,0,0,0,0,0
2025020019,2025-10-09,Canucks,Flames,Home,RW,1,2,2.9502313137054443,2.2599589824676514,0.0,0.0,Thatcher Demko,Dustin Wolf,CG,CG,0,0,0,0,1,0,0,0,1,0,0,0,0,0,0,8,8,10,0,26,6,7,5,0,18,12,20,25,0,57,17,17,10,0,44,1,0,4,0,5,0,0,1,0,1,9,10,8,0,27,15,11,9,0,35,0,0,4,4,480,480,17,21,0.654,1.167,0,0,3,0,2707,0,893,2595,2508,0,12,0,0,0,0,0,0,0,0,87,0
2025020019,2025-10-09,Flames,Canucks,Away,RL,2,1,2.2599589824676514,2.9502313137054443,0.0,0.0,Dustin Wolf,Thatcher Demko,CG,CG,1,0,0,0,0,0,0,0,0,0,0,0,0,0,0,6,7,5,0,18,8,8,10,0,26,17,17,10,0,44,12,20,25,0,57,0,0,1,0,1,1,0,4,0,5,15,11,9,0,35,9,10,8,0,27,0,0,4,4,480,480,21,17,1.167,0.654,0,0,0,3,0,2707,893,2595,2508,12,0,0,0,0,0,0,0,0,0,87,0
2025020020,2025-10-09,Sharks,Golden Knights,Home,OTL,1,2,2.952277660369873,2.942324638366699,0.0,0.0,Alex Nedeljkovic,Akira Schmid,CG,CG,0,0,0,0,1,0,0,0,1,1,0,0,0,0,0,9,6,8,0,23,10,11,8,2,31,16,15,19,0,50,22,24,17,2,65,1,1,1,0,3,1,1,1,1,4,10,6,6,0,22,6,8,8,0,22,1,1,4,4,423,410,27,20,1.174,0.645,0,0,4,2,1528,0,2156,2803,2719,0,48,0,0,28,0,0,0,0,0,0,84
2025020020,2025-10-09,Golden Knights,Sharks,Away,OTW,2,1,2.942324638366699,2.952277660369873,0.0,0.0,Akira Schmid,Alex Nedeljkovic,CG,CG,1,0,0,0,0,0,0,0,0,0,0,0,1,0,0,10,11,8,2,31,9,6,8,0,23,22,24,17,2,65,16,15,19,0,50,1,1,1,1,4,1,1,1,0,3,6,8,8,0,22,10,6,6,0,22,1,1,4,4,410,423,20,27,0.645,1.174,0,0,2,4,0,1528,2156,2803,2719,48,0,0,0,0,28,0,0,0,0,0,84
2025020021,2025-10-09,Kraken,Ducks,Home,RW,1,1,3.8477554321289062,2.590310573577881,0.0,0.0,Joey Daccord,Lukas Dostal,CG,CG,0,0,0,0,0,0,0,0,1,0,0,0,0,0,0,5,11,15,0,31,17,12,7,0,36,16,26,33,0,75,28,20,17,0,65,1,1,1,0,3,1,0,0,0,1,14,7,8,0,29,8,8,8,0,24,0,0,2,1,240,120,35,28,1.129,0.778,0,0,2,3,2280,0,1320,3061,3061,0,179,0,0,0,0,0,0,0,0,0,0
2025020021,2025-10-09,Ducks,Kraken,Away,RL,1,1,2.590310573577881,3.8477554321289062,0.0,0.0,Lukas Dostal,Joey Daccord,CG,CG,0,0,0,0,0,0,0,0,0,0,0,0,0,0,0,17,12,7,0,36,5,11,15,0,31,28,20,17,0,65,16,26,33,0,75,1,0,0,0,1,1,1,1,0,3,8,8,8,0,24,14,7,8,0,29,0,0,1,2,120,240,28,35,0.778,1.129,0,0,3,2,0,2280,1320,3061,3061,179,0,0,0,0,0,0,0,0,0,0,0
2025020022,2025-10-11,Jets,Kings,Home,RW,2,3,2.956674814224243,3.3520689010620117,0.0,0.0,Connor Hellebuyck,Darcy Kuemper,CG,CG,0,0,0,0,0,0,0,0,1,0,0,0,1,0,0,14,8,5,0,27,9,12,11,0,32,29,23,22,0,74,16,23,18,0,57,1,1,1,0,3,0,2,0,0,2,6,8,12,0,26,10,7,6,0,23,1,0,4,5,399,455,30,24,1.111,0.75,0,0,0,3,1455,585,1560,2637,2630,1,72,0,0,0,0,0,0,0,18,7,0
2025020022,2025-10-11,Kings,Jets,Away,RL,3,2,3.3520689010620117,2.956674814224243,0.0,0.0,Darcy Kuemper,Connor Hellebuyck,CG,CG,0,0,0,0,0,0,0,0,0,1,0,0,0,0,0,9,12,11,0,32,14,8,5,0,27,16,23,18,0,57,29,23,22,0,74,0,2,0,0,2,1,1,1,0,3,10,7,6,0,23,6,8,12,0,26,0,1,5,4,455,399,24,30,0.75,1.111,0,0,3,0,585,1455,1560,2637,2630,72,1,0,0,0,0,0,0,18,0,7,0
2025020023,2025-10-11,Flames,Blues,Home,RL,3,2,3.6869468688964844,2.8098857402801514,0.0,0.0,Dustin Wolf,Joel Hofer,CG,CG,0,1,0,0,0,0,0,0,1,1,0,0,0,0,0,9,14,6,0,29,4,12,12,0,28,26,27,18,0,71,12,18,22,0,52,1,1,0,0,2,0,2,2,0,4,7,10,5,0,22,8,13,8,0,29,1,1,6,4,638,411,24,27,0.828,0.964,0,0,7,2,1072,565,1963,2344,2344,175,2,0,0,0,0,0,0,0,0,0,0
2025020023,2025-10-11,Blues,Flames,Away,RW,2,3,2.8098857402801514,3.6869468688964844,0.0,0.0,Joel Hofer,Dustin Wolf,CG,CG,0,0,0,0,0,1,0,0,0,0,0,0,1,0,0,4,12,12,0,28,9,14,6,0,29,12,18,22,0,52,26,27,18,0,71,0,2,2,0,4,1,1,0,0,2,8,13,8,0,29,7,10,5,0,22,1,1,4,6,411,638,27,24,0.964,0.828,0,0,2,7,565,1072,1963,2344,2344,2,175,0,0,0,0,0,0,0,0,0,0
2025020024,2025-10-11,Bruins,Sabres,Home,RW,3,2,3.537247896194458,1.6625992059707642,0.0,0.0,Jeremy Swayman,Alex Lyon,CG,CG,0,1,0,0,0,0,0,0,1,0,0,0,0,0,0,17,9,5,0,31,2,13,7,0,22,32,14,22,0,68,15,23,17,0,55,1,1,1,0,3,0,0,1,0,1,7,8,10,0,25,14,8,10,0,32,0,0,4,4,416,422,21,28,0.677,1.273,1,0,1,4,2652,0,948,2593,2567,0,131,0,0,0,0,0,0,0,0,26,0
2025020024,2025-10-11,Sabres,Bruins,Away,RL,2,3,1.6625992059707642,3.537247896194458,0.0,0.0,Alex Lyon,Jeremy Swayman,CG,CG,0,0,0,0,0,1,0,0,0,0,0,0,0,0,0,2,13,7,0,22,17,9,5,0,31,15,23,17,0,55,32,14,22,0,68,0,0,1,0,1,1,1,1,0,3,14,8,10,0,32,7,8,10,0,25,0,0,4,4,422,416,28,21,1.273,0.677,0,1,4,1,0,2652,948,2593,2567,131,0,0,0,0,0,0,0,0,0,26,0
2025020025,2025-10-11,Red Wings,Maple Leafs,Home,RW,2,2,3.6443848609924316,2.9824132919311523,0.0,0.0,Cam Talbot,Anthony Stolarz,CG,CG,0,0,0,0,0,0,0,0,0,0,0,0,1,1,0,13,15,7,0,35,8,9,6,0,23,25,28,11,0,64,10,23,18,0,51,0,3,3,0,6,2,0,1,0,3,9,4,2,0,15,6,9,7,0,22,1,0,4,2,391,160,20,29,0.571,1.261,1,0,2,4,1063,1948,589,2954,2787,0,62,0,0,0,0,0,0,0,0,167,0
2025020025,2025-10-11,Maple Leafs,Red Wings,Away,RL,2,2,2.9824132919311523,3.6443848609924316,0.0,0.0,Anthony Stolarz,Cam Talbot,CG,CG,0,0,0,0,0,0,0,0,1,1,1,0,0,0,0,8,9,6,0,23,13,15,7,0,35,10,23,18,0,51,25,28,11,0,64,2,0,1,0,3,0,3,3,0,6,6,9,7,0,22,9,4,2,0,15,0,1,2,4,160,391,29,20,1.261,0.571,0,1,4,2,1948,1063,589,2954,2787,62,0,0,0,0,0,0,0,0,0,167,0
2025020026,2025-10-11,Lightning,Devils,Home,RL,2,2,1.6952046155929565,4.079195976257324,0.0,0.0,Andrei Vasilevskiy,Jacob Markstrom,CG,CG,0,0,0,0,0,0,0,0,0,0,0,0,0,0,0,2,7,8,0,17,17,7,7,0,31,14,16,16,0,46,26,18,28,0,72,0,2,1,0,3,3,0,2,0,5,11,8,6,0,25,11,9,7,0,27,0,0,3,4,349,535,26,14,1.529,0.452,0,0,3,0,0,3090,510,2628,2628,88,0,0,0,0,0,0,0,109,0,0,0
2025020026,2025-10-11,Devils,Lightning,Away,RW,2,2,4.079195976257324,1.6952046155929565,0.0,0.0,Jacob Markstrom,Andrei Vasilevskiy,CG,CG,0,0,0,0,0,0,0,0,1,0,0,0,0,0,0,17,7,7,0,31,2,7,8,0,17,26,18,28,0,72,14,16,16,0,46,3,0,2,0,5,0,2,1,0,3,11,9,7,0,27,11,8,6,0,25,0,0,4,3,535,349,14,26,0.452,1.529,0,0,0,3,3090,0,510,2628,2628,0,88,0,0,0,0,0,0,0,109,0,0
2025020027,2025-10-11,Panthers,Senators,Home,RW,3,2,3.418254852294922,2.1703760623931885,0.0,0.0,Sergei Bobrovsky,Linus Ullmark,CG,CG,0,0,0,0,0,0,0,0,1,0,0,0,0,0,0,9,9,9,0,27,8,7,13,0,28,15,16,16,0,47,21,14,20,0,55,2,2,2,0,6,1,0,1,0,2,11,10,7,0,28,9,8,10,0,27,3,0,4,2,541,240,26,21,0.963,0.75,0,0,0,0,3232,0,368,2819,2819,0,0,0,0,0,0,0,0,0,0,0,0
2025020027,2025-10-11,Senators,Panthers,Away,RL,2,3,2.1703760623931885,3.418254852294922,0.0,0.0,Linus Ullmark,Sergei Bobrovsky,CG,CG,0,0,0,0,0,0,0,0,0,0,0,0,0,0,0,8,7,13,0,28,9,9,9,0,27,21,14,20,0,55,15,16,16,0,47,1,0,1,0,2,2,2,2,0,6,9,8,10,0,27,11,10,7,0,28,0,3,2,4,240,541,21,26,0.75,0.963,0,0,0,0,0,3232,368,2819,2819,0,0,0,0,0,0,0,0,0,0,0,0
2025020028,2025-10-11,Islanders,Capitals,Home,RL,2,2,2.4197373390197754,5.325374603271484,0.0,0.0,Ilya Sorokin,Logan Thompson,CG,CG,0,0,0,0,0,0,0,0,0,0,0,0,0,0,0,3,13,20,0,36,9,14,6,0,29,17,28,30,0,75,22,23,20,0,65,0,1,1,0,2,2,2,0,0,4,7,13,13,0,33,8,9,6,0,23,2,0,3,2,190,240,25,34,0.694,1.172,0,0,1,3,0,3490,110,2954,2954,216,0,0,0,0,0,0,0,0,0,0,0
2025020028,2025-10-11,Capitals,Islanders,Away,RW,2,2,5.325374603271484,2.4197373390197754,0.0,0.0,Logan Thompson,Ilya Sorokin,CG,CG,0,0,0,0,0,0,0,0,1,0,0,0,0,0,0,9,14,6,0,29,3,13,20,0,36,22,23,20,0,65,17,28,30,0,75,2,2,0,0,4,0,1,1,0,2,8,9,6,0,23,7,13,13,0,33,0,2,2,3,240,190,34,25,1.172,0.694,0,0,3,1,3490,0,110,2954,2954,0,216,0,0,0,0,0,0,0,0,0,0
2025020029,2025-10-11,Penguins,Rangers,Home,RL,3,3,2.579301118850708,3.3507208824157715,0.0,0.0,Arturs Silovs,Igor Shesterkin,CG,CG,0,0,0,0,0,0,0,0,0,0,0,0,0,0,0,9,3,7,0,19,4,14,12,0,30,21,16,19,0,56,9,21,20,0,50,0,1,0,0,1,1,3,2,0,6,7,5,2,0,14,12,10,8,0,30,0,2,4,4,480,361,24,18,1.263,0.6,0,0,2,1,0,2958,642,2746,2746,0,13,0,0,0,0,0,0,0,0,0,0
2025020029,2025-10-11,Rangers,Penguins,Away,RW,3,3,3.3507208824157715,2.579301118850708,0.0,0.0,Igor Shesterkin,Arturs Silovs,CG,CG,0,0,0,0,0,0,0,0,1,0,0,0,0,0,0,4,14,12,0,30,9,3,7,0,19,9,21,20,0,50,21,16,19,0,56,1,3,2,0,6,0,1,0,0,1,12,10,8,0,30,7,5,2,0,14,2,0,4,4,361,480,18,24,0.6,1.263,0,0,1,2,2958,0,642,2746,2746,13,0,0,0,0,0,0,0,0,0,0,0
2025020030,2025-10-11,Hurricanes,Flyers,Home,OTW,2,2,5.869898796081543,3.5167012214660645,0.0,0.0,Frederik Andersen,Samuel Ersson,CG,CG,0,0,0,0,0,0,0,0,0,0,0,0,1,0,0,15,12,11,1,39,6,12,5,0,23,28,26,23,4,81,22,22,12,2,58,0,3,0,1,4,1,1,1,0,3,3,12,9,0,24,10,9,8,0,27,0,1,4,3,480,249,20,35,0.513,1.522,0,0,4,2,1050,417,2416,3152,2869,2,0,0,0,0,0,0,0,0,0,0,283
2025020030,2025-10-11,Flyers,Hurricanes,Away,OTL,2,2,3.5167012214660645,5.869898796081543,0.0,0.0,Samuel Ersson,Frederik Andersen,CG,CG,0,0,0,0,0,0,0,0,1,1,0,0,0,0,0,6,12,5,0,23,15,12,11,1,39,22,22,12,2,58,28,26,23,4,81,1,1,1,0,3,0,3,0,1,4,10,9,8,0,27,3,12,9,0,24,1,0,3,4,249,480,35,20,1.522,0.513,0,0,2,4,417,1050,2416,3152,2869,0,2,0,0,0,0,0,0,0,0,0,283
2025020031,2025-10-11,Blackhawks,Canadiens,Home,RL,3,3,2.0207576751708984,3.877091884613037,0.0,0.0,Spencer Knight,Sam Montembeault,CG,CG,0,0,0,0,0,1,0,0,0,0,0,0,0,0,0,6,4,12,0,22,8,10,10,0,28,13,15,24,0,52,18,16,19,0,53,0,2,0,0,2,0,2,1,0,3,8,8,6,0,22,7,2,7,0,16,1,2,4,10,362,998,25,20,1.136,0.714,0,0,1,3,0,334,3266,2157,2120,15,41,0,0,0,29,0,0,0,0,37,0
2025020031,2025-10-11,Canadiens,Blackhawks,Away,RW,3,3,3.877091884613037,2.0207576751708984,0.0,0.0,Sam Montembeault,Spencer Knight,CG,CG,0,1,0,0,0,0,0,0,1,0,0,0,0,0,0,8,10,10,0,28,6,4,12,0,22,18,16,19,0,53,13,15,24,0,52,0,2,1,0,3,0,2,0,0,2,7,2,7,0,16,8,8,6,0,22,2,1,10,4,998,362,20,25,0.714,1.136,0,0,3,1,334,0,3266,2157,2120,41,15,0,0,29,0,0,0,0,0,37,0
2025020032,2025-10-11,Predators,Mammoth,Home,OTL,2,2,3.2449777126312256,2.5481019020080566,0.0,0.0,Juuse Saros,Karel Vejmelka,CG,CG,0,0,0,0,0,0,0,0,0,1,0,0,0,0,0,6,9,8,0,23,11,3,8,1,23,15,20,16,1,52,17,10,23,1,51,1,1,0,0,2,1,0,1,1,3,6,8,5,1,20,9,6,6,0,21,0,0,6,3,592,482,20,21,0.87,0.913,0,0,3,2,1104,302,2370,2635,2459,43,24,0,0,0,0,0,0,0,0,0,176
2025020032,2025-10-11,Mammoth,Predators,Away,OTW,2,2,2.5481019020080566,3.2449777126312256,0.0,0.0,Karel Vejmelka,Juuse Saros,CG,CG,0,0,0,0,0,0,0,0,1,0,0,0,1,0,0,11,3,8,1,23,6,9,8,0,23,17,10,23,1,51,15,20,16,1,52,1,0,1,1,3,1,1,0,0,2,9,6,6,0,21,6,8,5,1,20,0,0,3,6,482,592,21,20,0.913,0.87,0,0,2,3,302,1104,2370,2635,2459,24,43,0,0,0,0,0,0,0,0,0,176
2025020033,2025-10-11,Wild,Blue Jackets,Home,RL,2,2,4.892998218536377,3.9587409496307373,0.0,0.0,Filip Gustavsson,Elvis Merzlikins,CG,CG,0,0,0,0,0,0,0,0,0,0,0,0,0,0,0,14,20,18,0,52,9,10,13,0,32,28,32,30,0,90,20,20,21,0,61,0,2,2,0,4,1,2,4,0,7,6,5,7,0,18,9,5,2,0,16,4,1,8,3,652,278,25,48,0.481,1.5,0,0,3,1,0,2827,773,2599,2599,71,0,0,0,31,48,0,0,0,0,0,0
2025020033,2025-10-11,Blue Jackets,Wild,Away,RW,2,2,3.9587409496307373,4.892998218536377,0.0,0.0,Elvis Merzlikins,Filip Gustavsson,CG,CG,0,0,0,0,0,0,0,0,1,0,0,0,0,0,0,9,10,13,0,32,14,20,18,0,52,20,20,21,0,61,28,32,30,0,90,1,2,4,0,7,0,2,2,0,4,9,5,2,0,16,6,5,7,0,18,1,4,3,8,278,652,48,25,1.5,0.481,0,0,1,3,2827,0,773,2599,2599,0,71,0,0,48,31,0,0,0,0,0,0
2025020034,2025-10-11,Avalanche,Stars,Home,SOL,3,2,3.9223926067352295,2.3880741596221924,0.0,0.0,Scott Wedgewood,Jake Oettinger,CG,CG,0,0,0,0,0,0,0,0,0,1,0,0,0,0,0,14,8,16,1,39,5,6,11,0,22,23,18,22,3,66,18,15,23,3,59,0,2,2,0,4,1,2,1,0,4,8,5,5,1,19,6,6,5,0,17,1,0,4,2,548,240,18,35,0.462,1.591,0,0,4,0,315,960,2625,3079,2779,0,0,0,0,0,0,0,0,0,0,0,300
2025020034,2025-10-11,Stars,Avalanche,Away,SOW,2,3,2.3880741596221924,3.9223926067352295,0.0,0.0,Jake Oettinger,Scott Wedgewood,CG,CG,0,0,0,0,0,0,0,0,1,0,0,0,1,0,0,5,6,11,0,22,14,8,16,1,39,18,15,23,3,59,23,18,22,3,66,1,2,1,0,4,0,2,2,0,4,6,6,5,0,17,8,5,5,1,19,0,1,2,4,240,548,35,18,1.591,0.462,0,0,0,4,960,315,2625,3079,2779,0,0,0,0,0,0,0,0,0,0,0,300
2025020035,2025-10-11,Oilers,Canucks,Home,RW,2,2,5.233826160430908,1.7455352544784546,0.0,0.0,Calvin Pickard,Thatcher Demko,CG,CG,0,0,0,0,0,0,0,0,1,0,0,0,0,0,0,14,14,9,0,37,4,5,6,0,15,22,23,24,0,69,11,12,18,0,41,0,2,1,0,3,0,0,1,0,1,6,9,7,0,22,6,8,12,0,26,0,0,5,2,573,215,14,34,0.378,2.267,1,0,2,1,1659,0,1941,2715,2601,0,64,0,0,0,0,0,0,0,69,114,0
2025020035,2025-10-11,Canucks,Oilers,Away,RL,2,2,1.7455352544784546,5.233826160430908,0.0,0.0,Thatcher Demko,Calvin Pickard,CG,CG,0,0,0,0,0,0,0,0,0,0,0,0,0,0,0,4,5,6,0,15,14,14,9,0,37,11,12,18,0,41,22,23,24,0,69,0,0,1,0,1,0,2,1,0,3,6,8,12,0,26,6,9,7,0,22,0,0,2,5,215,573,34,14,2.267,0.378,0,1,1,2,0,1659,1941,2715,2601,64,0,0,0,0,0,0,0,69,0,114,0
2025020036,2025-10-11,Sharks,Ducks,Home,OTL,2,2,2.500298261642456,4.812251091003418,0.0,0.0,Yaroslav Askarov,Petr Mrazek,CG,CG,0,0,0,0,0,0,0,0,1,1,1,0,0,0,0,7,10,6,0,23,14,15,14,1,44,14,23,11,1,49,25,24,29,1,79,2,3,1,0,6,2,2,2,1,7,6,3,11,0,20,7,8,9,0,24,2,2,4,4,343,428,37,17,1.609,0.386,0,0,0,3,2467,0,1179,2835,2789,0,40,0,0,36,0,0,0,0,0,0,46
2025020036,2025-10-11,Ducks,Sharks,Away,OTW,2,2,4.812251091003418,2.500298261642456,0.0,0.0,Petr Mrazek,Yaroslav Askarov,CG,CG,0,0,0,0,0,0,0,0,0,0,0,0,1,1,0,14,15,14,1,44,7,10,6,0,23,25,24,29,1,79,14,23,11,1,49,2,2,2,1,7,2,3,1,0,6,7,8,9,0,24,6,3,11,0,20,2,2,4,4,428,343,17,37,0.386,1.609,0,0,3,0,0,2467,1179,2835,2789,40,0,0,0,0,36,0,0,0,0,0,46
2025020037,2025-10-11,Kraken,Golden Knights,Home,OTW,2,3,3.5444693565368652,2.968782901763916,0.0,0.0,Joey Daccord,Adin Hill,CG,CG,0,0,0,0,0,1,0,0,1,0,0,0,0,0,0,9,4,2,7,22,7,10,7,3,27,25,22,9,9,65,17,25,15,4,61,0,1,0,1,2,0,0,1,0,1,17,6,7,0,30,6,9,6,1,22,1,1,3,3,281,323,26,20,1.182,0.741,0,0,3,1,973,0,2923,3292,2996,0,0,0,0,0,0,0,0,0,0,0,296
2025020037,2025-10-11,Golden Knights,Kraken,Away,OTL,3,2,2.968782901763916,3.5444693565368652,0.0,0.0,Adin Hill,Joey Daccord,CG,CG,0,1,0,0,0,0,0,0,0,0,0,0,0,0,0,7,10,7,3,27,9,4,2,7,22,17,25,15,4,61,25,22,9,9,65,0,0,1,0,1,0,1,0,1,2,6,9,6,1,22,17,6,7,0,30,1,1,3,3,323,281,20,26,0.741,1.182,0,0,1,3,0,973,2923,3292,2996,0,0,0,0,0,0,0,0,0,0,0,296
2025020038,2025-10-12,Rangers,Capitals,Home,RL,4,3,3.026768207550049,1.9210762977600098,0.0,0.0,Jonathan Quick,Charlie Lindgren,CG,CG,1,1,1,0,1,0,0,0,0,0,0,0,0,0,0,13,13,9,0,35,9,5,7,0,21,32,18,21,0,71,20,14,18,0,52,0,0,0,0,0,0,1,0,0,1,6,8,4,0,18,12,5,9,0,26,0,0,3,1,240,120,20,35,0.571,1.667,0,0,2,1,0,1573,2027,3126,3126,114,0,0,0,0,0,0,0,0,0,0,0
2025020038,2025-10-12,Capitals,Rangers,Away,RW,3,4,1.9210762977600098,3.026768207550049,0.0,0.0,Charlie Lindgren,Jonathan Quick,CG,CG,1,0,0,0,1,1,1,0,1,0,0,0,0,0,0,9,5,7,0,21,13,13,9,0,35,20,14,18,0,52,32,18,21,0,71,0,1,0,0,1,0,0,0,0,0,12,5,9,0,26,6,8,4,0,18,0,0,1,3,120,240,35,20,1.667,0.571,0,0,1,2,1573,0,2027,3126,3126,0,114,0,0,0,0,0,0,0,0,0,0
2025020039,2025-10-13,Sabres,Avalanche,Home,RL,3,4,2.2024950981140137,4.016258239746094,0.0,0.0,Alex Lyon,Scott Wedgewood,CG,CG,0,0,0,0,0,0,0,0,0,0,0,0,0,0,0,13,11,4,0,28,10,12,15,0,37,22,24,11,0,57,18,26,28,0,72,1,0,0,0,1,1,2,0,0,3,5,4,2,0,11,9,9,2,0,20,0,0,3,4,366,480,34,27,1.214,0.73,0,0,1,2,0,2926,674,2669,2553,81,0,0,0,0,0,0,0,0,0,116,0
2025020039,2025-10-13,Avalanche,Sabres,Away,RW,4,3,4.016258239746094,2.2024950981140137,0.0,0.0,Scott Wedgewood,Alex Lyon,CG,CG,0,0,0,0,0,0,0,0,1,0,0,0,0,0,0,10,12,15,0,37,13,11,4,0,28,18,26,28,0,72,22,24,11,0,57,1,2,0,0,3,1,0,0,0,1,9,9,2,0,20,5,4,2,0,11,0,0,4,3,480,366,27,34,0.73,1.214,0,0,2,1,2926,0,674,2669,2553,0,81,0,0,0,0,0,0,0,0,116,0
2025020040,2025-10-13,Bruins,Lightning,Home,RL,4,3,2.645102024078369,4.525040149688721,0.0,0.0,Joonas Korpisalo,Jonas Johansson,CG,CG,0,0,1,0,0,0,0,0,0,0,0,0,0,0,0,11,12,10,0,33,9,9,5,0,23,18,22,25,0,65,18,22,17,0,57,0,3,0,0,3,2,2,0,0,4,10,13,8,0,31,6,6,9,0,21,0,0,6,2,474,210,19,30,0.576,1.304,0,0,2,2,0,3531,69,2828,2683,83,0,0,0,9,0,0,0,0,0,145,0
2025020040,2025-10-13,Lightning,Bruins,Away,RW,3,4,4.525040149688721,2.645102024078369,0.0,0.0,Jonas Johansson,Joonas Korpisalo,CG,CG,0,0,0,0,0,0,1,0,1,0,0,0,0,0,0,9,9,5,0,23,11,12,10,0,33,18,22,17,0,57,18,22,25,0,65,2,2,0,0,4,0,3,0,0,3,6,6,9,0,21,10,13,8,0,31,0,0,2,6,210,474,30,19,1.304,0.576,0,0,2,2,3531,0,69,2828,2683,0,83,0,0,0,9,0,0,0,0,145,0
2025020041,2025-10-13,Senators,Predators,Home,RL,3,3,2.8107118606567383,2.3972127437591553,0.0,0.0,Linus Ullmark,Juuse Saros,CG,CG,0,0,0,0,0,0,0,0,0,0,0,0,0,0,0,7,12,13,0,32,6,6,14,0,26,15,28,25,0,68,16,13,25,0,54,0,0,1,0,1,0,1,3,0,4,11,10,8,0,29,8,9,3,0,20,1,0,5,6,347,620,22,31,0.688,1.192,0,0,2,1,0,1669,1931,2471,2407,122,0,0,0,26,0,0,0,8,0,64,0
2025020041,2025-10-13,Predators,Senators,Away,RW,3,3,2.3972127437591553,2.8107118606567383,0.0,0.0,Juuse Saros,Linus Ullmark,CG,CG,0,0,0,0,0,0,0,0,1,0,0,0,0,0,0,6,6,14,0,26,7,12,13,0,32,16,13,25,0,54,15,28,25,0,68,0,1,3,0,4,0,0,1,0,1,8,9,3,0,20,11,10,8,0,29,0,1,6,5,620,347,31,22,1.192,0.688,0,0,1,2,1669,0,1931,2471,2407,0,122,0,0,0,26,0,0,0,8,64,0
2025020042,2025-10-13,Islanders,Jets,Home,RL,3,3,3.2127420902252197,2.7113866806030273,0.0,0.0,Ilya Sorokin,Eric Comrie,CG,CG,0,0,0,0,0,0,0,0,0,0,0,0,0,0,0,12,12,11,0,35,10,11,5,0,26,22,27,23,0,72,22,22,13,0,57,0,2,0,0,2,2,2,1,0,5,10,2,2,0,14,5,3,8,0,16,0,1,5,3,603,358,21,33,0.6,1.269,0,0,3,1,0,3145,455,2550,2550,89,0,0,0,0,0,0,0,0,0,0,0
2025020042,2025-10-13,Jets,Islanders,Away,RW,3,3,2.7113866806030273,3.2127420902252197,0.0,0.0,Eric Comrie,Ilya Sorokin,CG,CG,0,0,0,0,0,0,0,0,1,0,0,0,0,0,0,10,11,5,0,26,12,12,11,0,35,22,22,13,0,57,22,27,23,0,72,2,2,1,0,5,0,2,0,0,2,5,3,8,0,16,10,2,2,0,14,1,0,3,5,358,603,33,21,1.269,0.6,0,0,1,3,3145,0,455,2550,2550,0,89,0,0,0,0,0,0,0,0,0,0
2025020043,2025-10-13,Maple Leafs,Red Wings,Home,RL,3,3,3.1801934242248535,2.195997714996338,0.0,0.0,Anthony Stolarz,Cam Talbot,CG,CG,0,0,0,0,0,0,0,0,0,0,0,0,0,0,0,13,11,16,0,40,6,4,5,0,15,18,18,27,0,63,20,14,17,0,51,0,0,2,0,2,1,0,2,0,3,10,10,2,0,22,7,3,8,0,18,0,1,2,4,205,327,12,38,0.3,2.533,0,0,1,1,0,2132,1468,3011,2894,19,0,0,0,0,9,0,0,0,0,117,0
2025020043,2025-10-13,Red Wings,Maple Leafs,Away,RW,3,3,2.195997714996338,3.1801934242248535,0.0,0.0,Cam Talbot,Anthony Stolarz,CG,CG,0,0,0,0,0,0,0,0,1,0,0,0,0,0,0,6,4,5,0,15,13,11,16,0,40,20,14,17,0,51,18,18,27,0,63,1,0,2,0,3,0,0,2,0,2,7,3,8,0,18,10,10,2,0,22,1,0,4,2,327,205,38,12,2.533,0.3,0,0,1,1,2132,0,1468,3011,2894,0,19,0,0,9,0,0,0,0,0,117,0
2025020044,2025-10-13,Flyers,Panthers,Home,RW,3,4,3.6682519912719727,2.9242873191833496,0.0,0.0,Dan Vladar,Daniil Tarasov,CG,CG,0,0,0,0,0,0,0,0,1,0,0,0,0,0,0,8,10,4,0,22,5,14,7,0,26,18,26,11,0,55,16,25,11,0,52,1,1,3,0,5,0,1,1,0,2,2,5,1,0,8,6,7,11,0,24,0,1,5,5,545,500,24,17,1.091,0.654,1,0,3,2,2731,0,869,2448,2406,0,94,0,0,0,0,0,0,0,0,42,0
2025020044,2025-10-13,Panthers,Flyers,Away,RL,4,3,2.9242873191833496,3.6682519912719727,0.0,0.0,Daniil Tarasov,Dan Vladar,CG,CG,0,0,0,0,0,0,0,0,0,0,0,0,0,0,0,5,14,7,0,26,8,10,4,0,22,16,25,11,0,52,18,26,11,0,55,0,1,1,0,2,1,1,3,0,5,6,7,11,0,24,2,5,1,0,8,1,0,5,5,500,545,17,24,0.654,1.091,0,1,2,3,0,2731,869,2448,2406,94,0,0,0,0,0,0,0,0,0,42,0
2025020045,2025-10-13,Blue Jackets,Devils,Home,RL,3,3,3.964069366455078,2.8819305896759033,0.0,0.0,Jet Greaves,Jake Allen,CG,IG,0,0,0,0,0,0,0,0,0,0,0,0,0,0,0,16,8,9,0,33,8,11,9,0,28,25,17,20,0,62,18,26,20,0,64,0,1,1,0,2,1,1,1,0,3,11,2,5,0,18,6,7,2,0,15,0,2,4,2,569,205,25,31,0.758,1.107,0,0,3,3,0,2513,1087,2713,2684,111,0,0,0,0,0,0,0,0,0,29,0
2025020045,2025-10-13,Devils,Blue Jackets,Away,RW,3,3,2.8819305896759033,3.964069366455078,0.0,0.0,Jake Allen,Jet Greaves,IG,CG,0,0,0,0,0,0,0,0,1,0,0,0,0,0,0,8,11,9,0,28,16,8,9,0,33,18,26,20,0,64,25,17,20,0,62,1,1,1,0,3,0,1,1,0,2,6,7,2,0,15,11,2,5,0,18,2,0,2,4,205,569,31,25,1.107,0.758,0,0,3,3,2513,0,1087,2713,2684,0,111,0,0,0,0,0,0,0,0,29,0
2025020046,2025-10-13,Canucks,Blues,Home,RL,3,3,3.261286497116089,4.0194902420043945,0.0,0.0,Kevin Lankinen,Jordan Binnington,CG,CG,0,0,0,0,0,0,0,0,0,0,0,0,0,0,0,8,11,10,0,29,12,18,6,0,36,25,21,18,0,64,23,27,16,0,66,0,2,0,0,2,1,3,1,0,5,11,9,9,0,29,8,7,7,0,22,0,1,1,3,120,268,31,27,1.069,0.75,0,0,1,2,0,3072,528,3141,3141,71,0,0,0,0,0,0,0,0,0,0,0
2025020046,2025-10-13,Blues,Canucks,Away,RW,3,3,4.0194902420043945,3.261286497116089,0.0,0.0,Jordan Binnington,Kevin Lankinen,CG,CG,0,0,0,0,0,0,0,0,1,0,0,0,0,0,0,12,18,6,0,36,8,11,10,0,29,23,27,16,0,66,25,21,18,0,64,1,3,1,0,5,0,2,0,0,2,8,7,7,0,22,11,9,9,0,29,1,0,3,1,268,120,27,31,0.75,1.069,0,0,2,1,3072,0,528,3141,3141,0,71,0,0,0,0,0,0,0,0,0,0
2025020047,2025-10-13,Wild,Kings,Home,SOW,3,4,3.0446882247924805,3.3459489345550537,0.0,0.0,Jesper Wallstedt,Darcy Kuemper,CG,CG,0,0,0,0,0,0,0,0,1,0,0,0,0,0,0,14,5,6,1,26,8,10,13,3,34,17,16,17,2,52,14,17,21,8,60,3,0,0,0,3,0,0,3,0,3,8,6,9,0,23,8,9,7,0,24,3,1,6,4,563,285,31,23,1.192,0.676,0,0,4,3,2710,0,1190,2975,2779,0,77,0,104,55,0,0,0,0,0,0,196
2025020047,2025-10-13,Kings,Wild,Away,SOL,4,3,3.3459489345550537,3.0446882247924805,0.0,0.0,Darcy Kuemper,Jesper Wallstedt,CG,CG,0,0,0,0,0,0,0,0,0,0,0,0,0,0,0,8,10,13,3,34,14,5,6,1,26,14,17,21,8,60,17,16,17,2,52,0,0,3,0,3,3,0,0,0,3,8,9,7,0,24,8,6,9,0,23,1,3,4,6,285,563,23,31,0.676,1.192,0,0,3,4,0,2710,1190,2975,2779,77,0,104,0,0,55,0,0,0,0,0,196
2025020048,2025-10-13,Blackhawks,Mammoth,Home,RW,4,3,1.9348673820495605,2.6694650650024414,0.0,0.0,Spencer Knight,Vitek Vanecek,CG,CG,0,0,0,0,0,0,0,0,1,0,0,0,0,0,0,6,3,5,0,14,5,13,4,0,22,14,14,13,0,41,9,25,11,0,45,0,1,2,0,3,0,0,1,0,1,7,10,14,0,31,8,5,3,0,16,1,0,3,3,293,360,21,11,1.5,0.5,1,0,2,1,1366,0,2234,2937,2937,0,10,0,0,0,0,0,0,0,0,0,0
2025020048,2025-10-13,Mammoth,Blackhawks,Away,RL,3,4,2.6694650650024414,1.9348673820495605,0.0,0.0,Vitek Vanecek,Spencer Knight,CG,CG,0,0,0,0,0,0,0,0,0,0,0,0,0,0,0,5,13,4,0,22,6,3,5,0,14,9,25,11,0,45,14,14,13,0,41,0,0,1,0,1,0,1,2,0,3,8,5,3,0,16,7,10,14,0,31,0,1,3,3,360,293,11,21,0.5,1.5,0,1,1,2,0,1366,2234,2937,2937,10,0,0,0,0,0,0,0,0,0,0,0
2025020049,2025-10-14,Maple Leafs,Predators,Home,RW,4,4,4.253531455993652,2.2563672065734863,0.0,0.0,Cayden Primeau,Justus Annunen,CG,CG,1,1,0,0,1,1,1,0,1,0,0,0,0,0,0,9,6,13,0,28,8,13,9,0,30,23,16,33,0,72,14,23,19,0,56,2,2,3,0,7,0,2,2,0,4,6,8,7,0,21,9,7,2,0,18,0,0,2,2,272,240,26,21,0.929,0.7,2,0,1,3,2794,0,806,3070,2954,0,14,0,0,0,0,0,0,0,0,116,0
2025020049,2025-10-14,Predators,Maple Leafs,Away,RL,4,4,2.2563672065734863,4.253531455993652,0.0,0.0,Justus Annunen,Cayden Primeau,CG,CG,1,1,1,0,1,1,0,0,0,0,0,0,0,0,0,8,13,9,0,30,9,6,13,0,28,14,23,19,0,56,23,16,33,0,72,0,2,2,0,4,2,2,3,0,7,9,7,2,0,18,6,8,7,0,21,0,0,2,2,240,272,21,26,0.7,0.929,0,2,3,1,0,2794,806,3070,2954,14,0,0,0,0,0,0,0,0,0,116,0
2025020050,2025-10-14,Canadiens,Kraken,Home,OTW,4,3,2.7499685287475586,2.0820088386535645,0.0,0.0,Sam Montembeault,Joey Daccord,CG,CG,0,0,0,0,0,0,0,0,1,0,0,0,1,0,0,4,11,6,1,22,4,12,6,0,22,19,22,16,2,59,10,23,19,0,52,1,1,2,1,5,0,2,2,0,4,5,9,10,1,25,14,9,8,1,32,0,1,2,5,240,324,18,17,0.818,0.773,0,0,1,1,1992,563,1250,3209,2933,4,0,0,13,0,0,0,0,0,0,71,205
2025020050,2025-10-14,Kraken,Canadiens,Away,OTL,3,4,2.0820088386535645,2.7499685287475586,0.0,0.0,Joey Daccord,Sam Montembeault,CG,CG,0,0,0,0,0,0,0,0,0,1,0,0,0,0,0,4,12,6,0,22,4,11,6,1,22,10,23,19,0,52,19,22,16,2,59,0,2,2,0,4,1,1,2,1,5,14,9,8,1,32,5,9,10,1,25,1,0,5,2,324,240,17,18,0.773,0.818,0,0,1,1,563,1992,1250,3209,2933,0,4,13,0,0,0,0,0,0,0,71,205
2025020051,2025-10-14,Rangers,Oilers,Home,RL,5,3,3.4734277725219727,2.0514256954193115,0.0,0.0,Igor Shesterkin,Stuart Skinner,CG,CG,0,1,1,0,0,0,0,0,0,0,0,0,0,0,0,6,11,13,0,30,8,3,11,0,22,18,19,25,0,62,18,15,25,0,58,0,0,0,0,0,0,1,1,0,2,7,8,3,0,18,6,4,2,0,12,0,0,3,0,349,0,20,30,0.667,1.364,0,0,2,4,0,1778,1822,3198,3198,53,0,0,0,0,0,0,0,0,0,0,0
2025020051,2025-10-14,Oilers,Rangers,Away,RW,3,5,2.0514256954193115,3.4734277725219727,0.0,0.0,Stuart Skinner,Igor Shesterkin,CG,CG,0,0,0,0,0,1,1,0,1,0,0,0,0,0,0,8,3,11,0,22,6,11,13,0,30,18,15,25,0,58,18,19,25,0,62,0,1,1,0,2,0,0,0,0,0,6,4,2,0,12,7,8,3,0,18,0,0,0,3,0,349,30,20,1.364,0.667,0,0,4,2,1778,0,1822,3198,3198,0,53,0,0,0,0,0,0,0,0,0,0
2025020052,2025-10-14,Capitals,Lightning,Home,OTW,4,4,3.4651434421539307,2.6289291381835938,0.0,0.0,Logan Thompson,Andrei Vasilevskiy,CG,CG,0,1,0,0,1,1,1,0,0,0,0,0,1,0,0,7,8,11,2,28,8,5,6,0,19,11,22,17,5,55,17,16,12,1,46,0,1,1,1,3,1,0,1,0,2,10,7,6,0,23,2,5,1,0,8,1,1,3,2,321,237,17,25,0.607,1.316,0,0,2,2,0,2045,1634,3059,2980,0,0,0,0,0,0,0,0,0,0,0,79
2025020052,2025-10-14,Lightning,Capitals,Away,OTL,4,4,2.6289291381835938,3.4651434421539307,0.0,0.0,Andrei Vasilevskiy,Logan Thompson,CG,CG,1,1,1,0,0,1,0,0,1,1,0,0,0,0,0,8,5,6,0,19,7,8,11,2,28,17,16,12,1,46,11,22,17,5,55,1,0,1,0,2,0,1,1,1,3,2,5,1,0,8,10,7,6,0,23,1,1,2,3,237,321,25,17,1.316,0.607,0,0,2,2,2045,0,1634,3059,2980,0,0,0,0,0,0,0,0,0,0,0,79
2025020053,2025-10-14,Flames,Golden Knights,Home,RL,4,4,2.8136584758758545,2.4976258277893066,0.0,0.0,Dustin Wolf,Adin Hill,CG,IG,0,0,0,0,0,0,0,0,1,1,1,0,0,0,0,10,11,8,0,29,8,12,10,0,30,23,23,18,0,64,19,26,15,0,60,2,0,0,0,2,0,1,3,0,4,8,7,8,0,23,11,9,6,0,26,0,0,1,2,43,163,26,27,0.897,0.9,0,0,1,5,2199,802,599,3250,3097,100,0,0,0,0,0,0,0,0,0,153,0
2025020053,2025-10-14,Golden Knights,Flames,Away,RW,4,4,2.4976258277893066,2.8136584758758545,0.0,0.0,Adin Hill,Dustin Wolf,IG,CG,0,0,0,0,0,0,0,0,0,0,0,0,1,1,0,8,12,10,0,30,10,11,8,0,29,19,26,15,0,60,23,23,18,0,64,0,1,3,0,4,2,0,0,0,2,11,9,6,0,26,8,7,8,0,23,0,0,2,1,163,43,27,26,0.9,0.897,0,0,5,1,802,2199,599,3250,3097,0,100,0,0,0,0,0,0,0,0,153,0
2025020054,2025-10-14,Stars,Wild,Home,RW,3,4,3.0594725608825684,3.115859031677246,0.0,0.0,Jake Oettinger,Filip Gustavsson,CG,CG,0,0,0,0,1,1,1,0,1,0,0,0,0,0,0,11,10,4,0,25,14,10,17,0,41,19,17,16,0,52,25,21,22,0,68,2,1,2,0,5,0,0,2,0,2,5,8,2,0,15,8,6,12,0,26,2,2,2,4,145,364,39,20,1.56,0.488,2,0,1,2,3263,0,337,2942,2942,0,98,0,0,0,0,0,0,0,0,0,0
2025020054,2025-10-14,Wild,Stars,Away,RL,4,3,3.115859031677246,3.0594725608825684,0.0,0.0,Filip Gustavsson,Jake Oettinger,CG,CG,1,1,1,0,0,0,0,0,0,0,0,0,0,0,0,14,10,17,0,41,11,10,4,0,25,25,21,22,0,68,19,17,16,0,52,0,0,2,0,2,2,1,2,0,5,8,6,12,0,26,5,8,2,0,15,2,2,4,2,364,145,20,39,0.488,1.56,0,2,2,1,0,3263,337,2942,2942,98,0,0,0,0,0,0,0,0,0,0,0
2025020055,2025-10-14,Sharks,Hurricanes,Home,RL,3,3,2.0521092414855957,4.202797889709473,0.0,0.0,Alex Nedeljkovic,Brandon Bussi,CG,CG,0,0,0,0,0,0,0,0,0,0,0,0,0,0,0,8,9,0,0,17,14,19,10,0,43,18,17,12,0,47,19,33,21,0,73,0,1,0,0,1,0,3,2,0,5,3,8,10,0,21,4,6,3,0,13,0,0,5,3,563,323,38,16,2.235,0.372,0,0,1,3,0,1740,1860,2704,2673,0,0,0,0,0,0,0,0,0,0,31,0
2025020055,2025-10-14,Hurricanes,Sharks,Away,RW,3,3,4.202797889709473,2.0521092414855957,0.0,0.0,Brandon Bussi,Alex Nedeljkovic,CG,CG,0,0,0,0,0,0,0,0,1,0,0,0,0,0,0,14,19,10,0,43,8,9,0,0,17,19,33,21,0,73,18,17,12,0,47,0,3,2,0,5,0,1,0,0,1,4,6,3,0,13,3,8,10,0,21,0,0,3,5,323,563,16,38,0.372,2.235,0,0,3,1,1740,0,1860,2704,2673,0,0,0,0,0,0,0,0,0,0,31,0
2025020056,2025-10-14,Ducks,Penguins,Home,RW,3,4,2.733884811401367,2.980922222137451,0.0,0.0,Lukas Dostal,Tristan Jarry,CG,CG,0,0,0,0,0,0,0,0,0,0,0,0,1,1,0,6,10,6,0,22,15,7,3,0,25,19,26,15,0,60,26,18,18,0,62,2,1,1,0,4,2,1,0,0,3,8,10,7,0,25,5,7,4,0,16,2,0,6,1,429,120,22,18,1.0,0.72,0,0,4,1,520,1102,1978,3046,3046,0,5,0,0,0,0,0,0,0,0,0,0
2025020056,2025-10-14,Penguins,Ducks,Away,RL,4,3,2.980922222137451,2.733884811401367,0.0,0.0,Tristan Jarry,Lukas Dostal,CG,CG,0,0,0,0,0,0,0,0,1,1,1,0,0,0,0,15,7,3,0,25,6,10,6,0,22,26,18,18,0,62,19,26,15,0,60,2,1,0,0,3,2,1,1,0,4,5,7,4,0,16,8,10,7,0,25,0,2,1,6,120,429,18,22,0.72,1.0,0,0,1,4,1102,520,1978,3046,3046,5,0,0,0,0,0,0,0,0,0,0,0
2025020057,2025-10-15,Sabres,Senators,Home,RW,4,4,3.274338483810425,3.764017343521118,0.0,0.0,Alex Lyon,Leevi Meriläinen,CG,CG,0,0,0,0,0,0,0,0,1,0,0,0,1,0,0,3,20,4,0,27,8,17,12,0,37,20,29,9,0,58,15,25,22,0,62,1,4,3,0,8,1,1,2,0,4,8,15,5,0,28,9,5,7,0,21,3,1,3,5,159,571,33,19,1.222,0.514,1,0,1,1,2271,168,1161,2770,2770,0,100,0,0,0,9,0,0,0,0,0,0
2025020057,2025-10-15,Senators,Sabres,Away,RL,4,4,3.764017343521118,3.274338483810425,0.0,0.0,Leevi Meriläinen,Alex Lyon,CG,CG,0,0,0,0,0,0,0,0,0,1,0,0,0,0,0,8,17,12,0,37,3,20,4,0,27,15,25,22,0,62,20,29,9,0,58,1,1,2,0,4,1,4,3,0,8,9,5,7,0,21,8,15,5,0,28,1,3,5,3,571,159,19,33,0.514,1.222,0,1,1,1,168,2271,1161,2770,2770,100,0,0,0,9,0,0,0,0,0,0,0
2025020058,2025-10-15,Red Wings,Panthers,Home,RW,4,5,3.340559244155884,2.5467276573181152,0.0,0.0,Cam Talbot,Sergei Bobrovsky,CG,CG,0,0,0,0,0,0,0,0,1,0,0,0,0,0,0,9,11,5,0,25,9,5,7,0,21,21,24,21,0,66,17,20,14,0,51,0,2,2,0,4,0,1,0,0,1,4,7,4,0,15,8,12,12,0,32,1,0,3,2,295,219,20,21,0.8,1.0,1,0,4,3,2271,0,1329,3013,2996,0,69,0,0,6,0,0,0,2,0,17,0
2025020058,2025-10-15,Panthers,Red Wings,Away,RL,5,4,2.5467276573181152,3.340559244155884,0.0,0.0,Sergei Bobrovsky,Cam Talbot,CG,CG,0,0,0,0,0,0,0,0,0,0,0,0,0,0,0,9,5,7,0,21,9,11,5,0,25,17,20,14,0,51,21,24,21,0,66,0,1,0,0,1,0,2,2,0,4,8,12,12,0,32,4,7,4,0,15,0,1,2,3,219,295,21,20,1.0,0.8,0,1,3,4,0,2271,1329,3013,2996,69,0,0,0,0,6,0,0,0,2,17,0
2025020059,2025-10-15,Blues,Blackhawks,Home,RL,4,5,2.5638504028320312,3.5669944286346436,0.0,0.0,Joel Hofer,Arvid Soderblom,IG,CG,0,0,0,0,0,0,0,0,0,0,0,0,0,0,0,7,8,11,0,26,10,11,8,0,29,15,16,24,0,55,18,21,16,0,55,2,0,1,0,3,2,3,3,0,8,12,11,5,0,28,4,5,0,0,9,0,1,1,3,175,205,21,23,0.808,0.793,0,0,2,3,0,2889,711,3182,3155,0,0,0,0,0,0,0,0,0,0,27,0
2025020059,2025-10-15,Blackhawks,Blues,Away,RW,5,4,3.5669944286346436,2.5638504028320312,0.0,0.0,Arvid Soderblom,Joel Hofer,CG,IG,0,0,0,0,0,0,0,0,1,0,0,0,0,0,0,10,11,8,0,29,7,8,11,0,26,18,21,16,0,55,15,16,24,0,55,2,3,3,0,8,2,0,1,0,3,4,5,0,0,9,12,11,5,0,28,1,0,3,1,205,175,23,21,0.793,0.808,0,0,3,2,2889,0,711,3182,3155,0,0,0,0,0,0,0,0,0,0,27,0
2025020060,2025-10-15,Mammoth,Flames,Home,RW,4,5,3.751840114593506,3.5033884048461914,0.0,0.0,Karel Vejmelka,Devin Cooley,CG,CG,0,0,0,0,1,0,0,0,0,0,0,0,1,0,0,10,18,4,0,32,5,3,12,0,20,17,35,13,0,65,14,14,25,0,53,0,2,1,0,3,1,0,0,0,1,9,6,10,0,25,10,7,4,0,21,0,1,6,4,654,366,19,29,0.594,1.45,1,0,2,2,2136,759,705,2442,2390,14,76,0,0,0,0,0,0,0,0,52,0
2025020060,2025-10-15,Flames,Mammoth,Away,RL,5,4,3.5033884048461914,3.751840114593506,0.0,0.0,Devin Cooley,Karel Vejmelka,CG,CG,1,0,0,0,0,0,0,0,1,1,0,0,0,0,0,5,3,12,0,20,10,18,4,0,32,14,14,25,0,53,17,35,13,0,65,1,0,0,0,1,0,2,1,0,3,10,7,4,0,21,9,6,10,0,25,1,0,4,6,366,654,29,19,1.45,0.594,0,1,2,2,759,2136,705,2442,2390,76,14,0,0,0,0,0,0,0,0,52,0
2025020061,2025-10-16,Maple Leafs,Rangers,Home,OTW,5,6,2.4881718158721924,2.999636173248291,0.0,0.0,Anthony Stolarz,Igor Shesterkin,CG,CG,0,1,1,0,0,0,1,0,1,0,0,0,0,0,0,9,10,4,1,24,10,9,10,0,29,17,24,9,1,51,15,17,23,0,55,1,0,0,1,2,0,0,1,0,1,4,7,7,0,18,9,8,5,0,22,1,0,2,3,228,360,28,22,1.167,0.759,0,0,2,2,1983,0,1675,3069,3011,0,1,0,0,0,0,0,0,0,0,0,58
2025020061,2025-10-16,Rangers,Maple Leafs,Away,OTL,6,5,2.999636173248291,2.4881718158721924,0.0,0.0,Igor Shesterkin,Anthony Stolarz,CG,CG,0,0,1,0,0,1,1,0,0,0,0,0,0,0,0,10,9,10,0,29,9,10,4,1,24,15,17,23,0,55,17,24,9,1,51,0,0,1,0,1,1,0,0,1,2,9,8,5,0,22,4,7,7,0,18,0,1,3,2,360,228,22,28,0.759,1.167,0,0,2,2,0,1983,1675,3069,3011,1,0,0,0,0,0,0,0,0,0,0,58
2025020062,2025-10-16,Canadiens,Predators,Home,OTW,5,5,3.7583889961242676,2.657087802886963,0.0,0.0,Jakub Dobes,Juuse Saros,CG,CG,0,0,0,0,0,1,1,0,0,0,0,0,1,0,0,6,10,11,3,30,6,6,4,3,19,12,24,19,8,63,17,14,13,3,47,0,0,2,1,3,0,1,1,0,2,5,5,3,0,13,7,3,6,0,16,0,1,3,3,360,248,17,27,0.567,1.421,0,0,4,3,0,1365,2532,3223,2926,63,3,0,0,0,0,0,0,0,0,0,297
2025020062,2025-10-16,Predators,Canadiens,Away,OTL,5,5,2.657087802886963,3.7583889961242676,0.0,0.0,Juuse Saros,Jakub Dobes,CG,CG,0,1,1,0,0,0,0,0,1,1,0,0,0,0,0,6,6,4,3,19,6,10,11,3,30,17,14,13,3,47,12,24,19,8,63,0,1,1,0,2,0,0,2,1,3,7,3,6,0,16,5,5,3,0,13,1,0,3,3,248,360,27,17,1.421,0.567,0,0,3,4,1365,0,2532,3223,2926,3,63,0,0,0,0,0,0,0,0,0,297
2025020063,2025-10-16,Senators,Kraken,Home,SOW,5,4,2.376993179321289,4.017337799072266,0.0,0.0,Linus Ullmark,Philipp Grubauer,CG,CG,1,1,1,0,0,0,0,0,0,0,0,0,1,0,0,8,8,6,1,23,8,11,9,5,33,21,23,19,2,65,16,27,22,7,72,2,0,1,0,3,1,1,1,0,3,7,9,3,0,19,15,6,5,1,27,1,1,2,3,210,344,30,20,1.304,0.606,0,0,4,3,905,1124,1871,3338,3038,8,0,0,0,0,0,0,0,0,0,0,300
2025020063,2025-10-16,Kraken,Senators,Away,SOL,4,5,4.017337799072266,2.376993179321289,0.0,0.0,Philipp Grubauer,Linus Ullmark,CG,CG,0,0,0,0,1,1,1,0,1,1,0,0,0,0,0,8,11,9,5,33,8,8,6,1,23,16,27,22,7,72,21,23,19,2,65,1,1,1,0,3,2,0,1,0,3,15,6,5,1,27,7,9,3,0,19,1,1,3,2,344,210,20,30,0.606,1.304,0,0,3,4,1124,905,1871,3338,3038,0,8,0,0,0,0,0,0,0,0,0,300
2025020064,2025-10-16,Devils,Panthers,Home,RW,4,6,3.6299149990081787,2.1656734943389893,0.0,0.0,Jake Allen,Daniil Tarasov,CG,CG,0,0,0,0,1,1,1,0,0,0,0,0,1,0,0,12,13,8,0,33,6,9,7,0,22,23,27,21,0,71,20,20,15,0,55,0,1,2,0,3,1,0,0,0,1,12,6,4,0,22,8,11,8,0,27,1,0,5,5,399,531,21,30,0.636,1.364,0,0,1,3,817,1429,1354,2617,2474,0,45,50,0,0,0,0,0,0,0,143,0
2025020064,2025-10-16,Panthers,Devils,Away,RL,6,4,2.1656734943389893,3.6299149990081787,0.0,0.0,Daniil Tarasov,Jake Allen,CG,CG,1,1,1,0,0,0,0,0,1,1,0,0,0,0,0,6,9,7,0,22,12,13,8,0,33,20,20,15,0,55,23,27,21,0,71,1,0,0,0,1,0,1,2,0,3,8,11,8,0,27,12,6,4,0,22,0,1,5,5,531,399,30,21,1.364,0.636,0,0,3,1,1429,817,1354,2617,2474,45,0,0,50,0,0,0,0,0,0,143,0
2025020066,2025-10-16,Flyers,Jets,Home,RL,4,4,1.8822731971740723,1.7353603839874268,0.0,0.0,Samuel Ersson,Connor Hellebuyck,CG,CG,0,0,0,0,0,0,0,0,0,0,0,0,0,0,0,3,12,2,0,17,5,5,5,0,15,12,20,11,0,43,12,10,9,0,31,0,1,1,0,2,1,2,2,0,5,6,6,3,0,15,6,3,8,0,17,0,1,4,1,360,24,10,15,0.588,1.0,0,0,1,0,0,3255,345,3169,3169,47,0,0,0,0,0,0,0,0,0,0,0
2025020066,2025-10-16,Jets,Flyers,Away,RW,4,4,1.7353603839874268,1.8822731971740723,0.0,0.0,Connor Hellebuyck,Samuel Ersson,CG,CG,0,0,0,0,0,0,0,0,1,0,0,0,0,0,0,5,5,5,0,15,3,12,2,0,17,12,10,9,0,31,12,20,11,0,43,1,2,2,0,5,0,1,1,0,2,6,3,8,0,17,6,6,3,0,15,1,0,1,4,24,360,15,10,1.0,0.588,0,0,0,1,3255,0,345,3169,3169,0,47,0,0,0,0,0,0,0,0,0,0
2025020067,2025-10-16,Blue Jackets,Avalanche,Home,RL,4,5,1.9585118293762207,4.903552055358887,0.0,0.0,Elvis Merzlikins,Scott Wedgewood,CG,CG,0,0,0,0,0,0,0,0,1,1,0,0,0,0,0,7,7,9,0,23,12,14,10,0,36,23,20,19,0,62,26,24,21,0,71,0,1,0,0,1,0,3,1,0,4,4,2,6,0,12,5,5,3,0,13,0,0,2,1,240,120,32,22,1.391,0.611,0,0,1,1,538,1694,1368,3150,3150,90,0,0,0,0,0,0,0,0,0,0,0
2025020067,2025-10-16,Avalanche,Blue Jackets,Away,RW,5,4,4.903552055358887,1.9585118293762207,0.0,0.0,Scott Wedgewood,Elvis Merzlikins,CG,CG,0,0,0,0,0,0,0,0,0,0,0,0,1,0,0,12,14,10,0,36,7,7,9,0,23,26,24,21,0,71,23,20,19,0,62,0,3,1,0,4,0,1,0,0,1,5,5,3,0,13,4,2,6,0,12,0,0,1,2,120,240,22,32,0.611,1.391,0,0,1,1,1694,538,1368,3150,3150,0,90,0,0,0,0,0,0,0,0,0,0
2025020065,2025-10-16,Islanders,Oilers,Home,RW,4,4,3.1947591304779053,4.275303363800049,0.0,0.0,David Rittich,Stuart Skinner,CG,CG,0,0,0,0,0,0,0,0,1,0,0,0,1,0,0,11,7,7,0,25,8,16,9,0,33,22,19,17,0,58,15,27,21,0,63,1,1,2,0,4,1,1,0,0,2,6,9,3,0,18,4,2,1,0,7,1,1,4,4,369,262,31,21,1.24,0.636,1,0,2,1,363,543,2694,2848,2756,0,95,0,0,0,0,0,0,0,0,92,0
2025020065,2025-10-16,Oilers,Islanders,Away,RL,4,4,4.275303363800049,3.1947591304779053,0.0,0.0,Stuart Skinner,David Rittich,CG,CG,0,0,0,0,0,0,0,0,0,1,0,0,0,0,0,8,16,9,0,33,11,7,7,0,25,15,27,21,0,63,22,19,17,0,58,1,1,0,0,2,1,1,2,0,4,4,2,1,0,7,6,9,3,0,18,1,1,4,4,262,369,21,31,0.636,1.24,0,1,1,2,543,363,2694,2848,2756,95,0,0,0,0,0,0,0,0,0,92,0
2025020068,2025-10-16,Stars,Canucks,Home,RL,4,4,4.387188911437988,3.4458022117614746,0.0,0.0,Casey DeSmith,Thatcher Demko,CG,CG,0,0,0,0,0,0,0,0,1,1,1,0,0,0,0,14,6,11,0,31,6,12,8,0,26,24,20,22,0,66,12,23,20,0,55,2,0,1,0,3,0,4,1,0,5,8,8,5,0,21,10,9,7,0,26,2,2,4,3,324,258,21,28,0.677,1.077,0,0,2,3,1461,1794,345,2978,2978,40,0,0,0,0,0,0,0,4,0,0,0
2025020068,2025-10-16,Canucks,Stars,Away,RW,4,4,3.4458022117614746,4.387188911437988,0.0,0.0,Thatcher Demko,Casey DeSmith,CG,CG,0,0,0,0,0,0,0,0,0,0,0,0,1,1,0,6,12,8,0,26,14,6,11,0,31,12,23,20,0,55,24,20,22,0,66,0,4,1,0,5,2,0,1,0,3,10,9,7,0,26,8,8,5,0,21,2,2,3,4,258,324,28,21,1.077,0.677,0,0,3,2,1794,1461,345,2978,2978,0,40,0,0,0,0,0,0,0,4,0,0
2025020069,2025-10-16,Golden Knights,Bruins,Home,RW,5,5,4.9385986328125,2.651547908782959,0.0,0.0,Akira Schmid,Jeremy Swayman,CG,CG,0,0,0,0,0,0,0,0,0,0,0,0,1,0,0,11,13,13,0,37,9,7,8,0,24,23,28,25,0,76,24,21,19,0,64,2,3,1,0,6,2,1,2,0,5,12,5,3,0,20,11,6,9,0,26,2,1,5,3,468,299,19,31,0.514,1.292,0,0,3,1,2146,199,1255,2817,2817,0,16,0,0,75,0,0,0,0,0,0,0
2025020069,2025-10-16,Bruins,Golden Knights,Away,RL,5,5,2.651547908782959,4.9385986328125,0.0,0.0,Jeremy Swayman,Akira Schmid,CG,CG,0,0,0,0,0,0,0,0,1,1,0,0,0,0,0,9,7,8,0,24,11,13,13,0,37,24,21,19,0,64,23,28,25,0,76,2,1,2,0,5,2,3,1,0,6,11,6,9,0,26,12,5,3,0,20,1,2,3,5,299,468,31,19,1.292,0.514,0,0,1,3,199,2146,1255,2817,2817,16,0,0,0,0,75,0,0,0,0,0,0
2025020070,2025-10-16,Ducks,Hurricanes,Home,RL,4,4,2.7751379013061523,4.937753677368164,0.0,0.0,Lukas Dostal,Frederik Andersen,CG,CG,0,0,0,0,0,0,0,0,0,0,0,0,0,0,0,8,10,6,0,24,11,12,9,0,32,22,18,14,0,54,25,21,15,0,61,0,1,0,0,1,1,1,2,0,4,10,11,10,0,31,6,9,4,0,19,0,1,5,3,488,347,28,23,1.167,0.719,0,0,4,0,0,2706,894,2760,2760,5,0,0,0,0,0,0,0,0,0,0,0
2025020070,2025-10-16,Hurricanes,Ducks,Away,RW,4,4,4.937753677368164,2.7751379013061523,0.0,0.0,Frederik Andersen,Lukas Dostal,CG,CG,0,0,0,0,0,0,0,0,1,0,0,0,0,0,0,11,12,9,0,32,8,10,6,0,24,25,21,15,0,61,22,18,14,0,54,1,1,2,0,4,0,1,0,0,1,6,9,4,0,19,10,11,10,0,31,1,0,3,5,347,488,23,28,0.719,1.167,0,0,0,4,2706,0,894,2760,2760,0,5,0,0,0,0,0,0,0,0,0,0
2025020071,2025-10-16,Kings,Penguins,Home,RL,5,5,3.2262208461761475,3.451873779296875,0.0,0.0,Anton Forsberg,Arturs Silovs,CG,CG,0,0,0,0,0,0,0,0,1,1,1,0,0,0,0,11,11,10,0,32,8,8,10,0,26,17,19,18,0,54,13,16,26,0,55,2,0,0,0,2,0,2,2,0,4,9,7,7,0,23,4,4,5,0,13,0,1,2,2,240,169,22,30,0.688,1.154,0,0,4,3,1374,790,1436,3132,3132,59,0,0,0,0,0,0,0,0,0,0,0
2025020071,2025-10-16,Penguins,Kings,Away,RW,5,5,3.451873779296875,3.2262208461761475,0.0,0.0,Arturs Silovs,Anton Forsberg,CG,CG,0,0,0,0,0,0,0,0,0,0,0,0,1,1,0,8,8,10,0,26,11,11,10,0,32,13,16,26,0,55,17,19,18,0,54,0,2,2,0,4,2,0,0,0,2,4,4,5,0,13,9,7,7,0,23,1,0,2,2,169,240,30,22,1.154,0.688,0,0,3,4,790,1374,1436,3132,3132,0,59,0,0,0,0,0,0,0,0,0,0
2025020072,2025-10-17,Red Wings,Lightning,Home,OTW,5,5,3.3719396591186523,2.6109793186187744,0.0,0.0,John Gibson,Andrei Vasilevskiy,CG,CG,0,0,0,0,0,0,0,0,1,0,0,0,0,0,0,12,10,6,3,31,6,5,19,2,32,23,24,20,4,71,13,20,28,3,64,1,0,0,1,2,0,0,1,0,1,15,4,8,0,27,5,6,9,0,20,0,0,4,3,360,367,31,29,1.0,0.906,0,0,4,3,2595,0,1221,3089,2873,0,0,0,0,0,0,0,0,0,0,0,216
2025020072,2025-10-17,Lightning,Red Wings,Away,OTL,5,5,2.6109793186187744,3.3719396591186523,0.0,0.0,Andrei Vasilevskiy,John Gibson,CG,CG,0,0,0,0,0,0,0,0,0,0,0,0,0,0,0,6,5,19,2,32,12,10,6,3,31,13,20,28,3,64,23,24,20,4,71,0,0,1,0,1,1,0,0,1,2,5,6,9,0,20,15,4,8,0,27,0,0,3,4,367,360,29,31,0.906,1.0,0,0,3,4,0,2595,1221,3089,2873,0,0,0,0,0,0,0,0,0,0,0,216
2025020073,2025-10-17,Capitals,Wild,Home,RW,5,5,4.558711528778076,1.8054765462875366,0.0,0.0,Logan Thompson,Filip Gustavsson,CG,CG,0,0,0,0,0,0,0,0,1,0,0,0,0,0,0,13,11,21,0,45,3,4,7,0,14,23,20,27,0,70,11,19,18,0,48,1,1,3,0,5,0,1,0,0,1,9,6,8,0,23,9,5,4,0,18,1,0,4,2,498,240,13,40,0.289,2.857,0,0,3,1,2497,0,1103,2862,2862,0,0,0,0,0,0,0,0,0,0,0,0
2025020073,2025-10-17,Wild,Capitals,Away,RL,5,5,1.8054765462875366,4.558711528778076,0.0,0.0,Filip Gustavsson,Logan Thompson,CG,CG,0,0,0,0,0,0,0,0,0,0,0,0,0,0,0,3,4,7,0,14,13,11,21,0,45,11,19,18,0,48,23,20,27,0,70,0,1,0,0,1,1,1,3,0,5,9,5,4,0,18,9,6,8,0,23,0,1,2,4,240,498,40,13,2.857,0.289,0,0,1,3,0,2497,1103,2862,2862,0,0,0,0,0,0,0,0,0,0,0,0
2025020074,2025-10-17,Blackhawks,Canucks,Home,SOL,6,5,3.6465020179748535,3.941279172897339,0.0,0.0,Spencer Knight,Kevin Lankinen,CG,CG,0,0,0,0,1,0,0,0,1,1,1,0,0,0,0,15,10,7,1,33,13,4,12,3,32,23,19,13,2,57,19,15,24,6,64,2,0,0,0,2,0,2,0,0,2,3,10,6,0,19,13,9,4,0,26,1,1,3,6,158,479,30,31,0.909,0.969,0,0,2,5,1261,0,2639,3207,2690,0,0,0,0,0,0,0,0,0,0,217,300
2025020074,2025-10-17,Canucks,Blackhawks,Away,SOW,5,6,3.941279172897339,3.6465020179748535,0.0,0.0,Kevin Lankinen,Spencer Knight,CG,CG,1,0,0,0,0,0,0,0,0,0,0,0,1,1,0,13,4,12,3,32,15,10,7,1,33,19,15,24,6,64,23,19,13,2,57,0,2,0,0,2,2,0,0,0,2,13,9,4,0,26,3,10,6,0,19,1,1,6,3,479,158,31,30,0.969,0.909,0,0,5,2,0,1261,2639,3207,2690,0,0,0,0,0,0,0,0,0,0,217,300
2025020075,2025-10-17,Mammoth,Sharks,Home,RW,5,4,3.852806568145752,1.780205488204956,0.0,0.0,Karel Vejmelka,Yaroslav Askarov,CG,CG,0,0,0,0,0,0,0,0,1,0,0,0,0,0,0,12,11,11,0,34,7,9,5,0,21,26,19,14,0,59,14,16,10,0,40,2,1,3,0,6,0,2,1,0,3,4,6,4,0,14,11,7,7,0,25,1,2,4,3,425,247,18,28,0.529,1.333,0,0,1,0,2485,0,1115,2923,2923,0,0,0,0,32,0,0,0,0,0,0,0
2025020075,2025-10-17,Sharks,Mammoth,Away,RL,4,5,1.780205488204956,3.852806568145752,0.0,0.0,Yaroslav Askarov,Karel Vejmelka,CG,CG,0,0,0,0,0,0,0,0,0,0,0,0,0,0,0,7,9,5,0,21,12,11,11,0,34,14,16,10,0,40,26,19,14,0,59,0,2,1,0,3,2,1,3,0,6,11,7,7,0,25,4,6,4,0,14,2,1,3,4,247,425,28,18,1.333,0.529,0,0,0,1,0,2485,1115,2923,2923,0,0,0,0,0,32,0,0,0,0,0,0
2025020076,2025-10-18,Sabres,Panthers,Home,RW,5,7,3.141549587249756,3.3573336601257324,0.0,0.0,Alex Lyon,Sergei Bobrovsky,CG,CG,0,0,0,0,0,1,1,0,1,0,0,0,0,0,0,8,13,10,0,31,12,10,10,0,32,25,25,18,0,68,28,18,27,0,73,1,2,0,0,3,0,0,0,0,0,11,10,2,0,23,10,9,10,0,29,2,0,4,7,152,714,32,28,1.032,0.875,0,0,4,5,3167,0,433,2703,2579,12,0,0,0,0,0,0,0,0,0,124,0
2025020076,2025-10-18,Panthers,Sabres,Away,RL,7,5,3.3573336601257324,3.141549587249756,0.0,0.0,Sergei Bobrovsky,Alex Lyon,CG,CG,0,1,1,0,0,0,0,0,0,0,0,0,0,0,0,12,10,10,0,32,8,13,10,0,31,28,18,27,0,73,25,25,18,0,68,0,0,0,0,0,1,2,0,0,3,10,9,10,0,29,11,10,2,0,23,0,2,7,4,714,152,28,32,0.875,1.032,0,0,5,4,0,3167,433,2703,2579,0,12,0,0,0,0,0,0,0,0,124,0
2025020077,2025-10-18,Senators,Islanders,Home,RL,6,5,3.4130067825317383,3.247591733932495,0.0,0.0,Linus Ullmark,Ilya Sorokin,CG,CG,0,1,1,0,0,0,0,0,1,1,1,0,0,0,0,11,16,5,0,32,5,11,7,0,23,22,23,10,0,55,17,20,19,0,56,1,3,0,0,4,0,3,2,0,5,12,9,8,0,29,9,8,11,0,28,1,0,3,4,237,275,18,28,0.562,1.217,0,0,1,1,1268,63,2269,3045,3045,43,0,0,0,0,86,0,0,0,0,0,0
2025020077,2025-10-18,Islanders,Senators,Away,RW,5,6,3.247591733932495,3.4130067825317383,0.0,0.0,Ilya Sorokin,Linus Ullmark,CG,CG,0,0,0,0,0,1,1,0,0,0,0,0,1,1,0,5,11,7,0,23,11,16,5,0,32,17,20,19,0,56,22,23,10,0,55,0,3,2,0,5,1,3,0,0,4,9,8,11,0,28,12,9,8,0,29,0,1,4,3,275,237,28,18,1.217,0.562,0,0,1,1,63,1268,2269,3045,3045,0,43,0,0,86,0,0,0,0,0,0,0
2025020078,2025-10-18,Devils,Oilers,Home,RW,5,5,3.495840549468994,2.6493279933929443,0.0,0.0,Jake Allen,Calvin Pickard,CG,CG,0,0,0,0,0,0,0,0,1,0,0,0,0,0,0,4,14,5,0,23,9,13,8,0,30,13,25,16,0,54,18,24,12,0,54,0,2,3,0,5,0,1,2,0,3,11,6,7,0,24,9,7,4,0,20,1,0,3,3,244,387,27,18,1.174,0.6,1,0,1,2,1913,0,1687,2857,2857,0,112,0,0,0,0,0,0,0,0,0,0
2025020078,2025-10-18,Oilers,Devils,Away,RL,5,5,2.6493279933929443,3.495840549468994,0.0,0.0,Calvin Pickard,Jake Allen,CG,CG,0,0,0,0,0,0,0,0,0,0,0,0,0,0,0,9,13,8,0,30,4,14,5,0,23,18,24,12,0,54,13,25,16,0,54,0,1,2,0,3,0,2,3,0,5,9,7,4,0,20,11,6,7,0,24,0,1,3,3,387,244,18,27,0.6,1.174,0,1,2,1,0,1913,1687,2857,2857,112,0,0,0,0,0,0,0,0,0,0,0
2025020079,2025-10-18,Maple Leafs,Kraken,Home,OTL,6,5,2.530212879180908,2.4082565307617188,0.0,0.0,Anthony Stolarz,Joey Daccord,CG,CG,0,0,1,0,0,0,0,0,0,0,0,0,0,0,0,9,10,11,0,30,8,9,7,4,28,15,25,17,1,58,11,23,18,4,56,1,1,1,0,3,1,2,0,1,4,10,10,9,0,29,9,8,9,0,26,1,1,4,2,367,231,24,27,0.8,0.964,0,0,4,1,0,766,3020,3188,3002,0,0,0,0,0,0,0,0,0,0,0,186
2025020079,2025-10-18,Kraken,Maple Leafs,Away,OTW,5,6,2.4082565307617188,2.530212879180908,0.0,0.0,Joey Daccord,Anthony Stolarz,CG,CG,0,0,0,0,0,0,1,0,1,0,0,0,0,0,0,8,9,7,4,28,9,10,11,0,30,11,23,18,4,56,15,25,17,1,58,1,2,0,1,4,1,1,1,0,3,9,8,9,0,26,10,10,9,0,29,1,1,2,4,231,367,27,24,0.964,0.8,0,0,1,4,766,0,3020,3188,3002,0,0,0,0,0,0,0,0,0,0,0,186
2025020080,2025-10-18,Canadiens,Rangers,Home,RL,6,7,2.5241689682006836,2.7424614429473877,0.0,0.0,Sam Montembeault,Jonathan Quick,CG,CG,0,0,0,0,0,0,0,0,1,1,1,0,0,0,0,8,8,8,0,24,6,6,10,0,22,15,20,13,0,48,15,19,20,0,54,2,0,1,0,3,1,0,3,0,4,3,6,7,0,16,9,10,5,0,24,1,2,3,2,267,214,18,21,0.75,0.955,0,0,2,3,2341,949,310,3046,2867,67,1,0,0,0,0,0,0,0,0,179,0
2025020080,2025-10-18,Rangers,Canadiens,Away,RW,7,6,2.7424614429473877,2.5241689682006836,0.0,0.0,Jonathan Quick,Sam Montembeault,CG,CG,0,0,0,0,0,0,0,0,0,0,0,0,1,1,0,6,6,10,0,22,8,8,8,0,24,15,19,20,0,54,15,20,13,0,48,1,0,3,0,4,2,0,1,0,3,9,10,5,0,24,3,6,7,0,16,2,1,2,3,214,267,21,18,0.955,0.75,0,0,3,2,949,2341,310,3046,2867,1,67,0,0,0,0,0,0,0,0,179,0
2025020081,2025-10-18,Flyers,Wild,Home,OTW,5,6,2.480841636657715,2.4303057193756104,0.0,0.0,Dan Vladar,Jesper Wallstedt,CG,CG,0,0,0,0,1,0,1,0,0,0,0,0,1,0,0,6,5,9,1,21,3,8,4,1,16,19,15,18,1,53,17,16,19,2,54,0,0,1,1,2,0,1,0,0,1,8,14,9,1,32,7,3,9,0,19,0,0,2,3,249,360,15,19,0.714,1.188,0,0,3,2,0,1515,2242,3111,2954,0,0,0,0,0,0,0,0,0,0,0,157
2025020081,2025-10-18,Wild,Flyers,Away,OTL,6,5,2.4303057193756104,2.480841636657715,0.0,0.0,Jesper Wallstedt,Dan Vladar,CG,CG,1,0,1,0,0,0,0,0,1,1,0,0,0,0,0,3,8,4,1,16,6,5,9,1,21,17,16,19,2,54,19,15,18,1,53,0,1,0,0,1,0,0,1,1,2,7,3,9,0,19,8,14,9,1,32,0,0,3,2,360,249,19,15,1.188,0.714,0,0,2,3,1515,0,2242,3111,2954,0,0,0,0,0,0,0,0,0,0,0,157
2025020082,2025-10-18,Blue Jackets,Lightning,Home,RW,5,6,3.2177681922912598,3.3842568397521973,0.0,0.0,Jet Greaves,Jonas Johansson,CG,CG,0,0,0,0,1,0,1,0,1,0,0,0,1,0,0,11,14,6,0,31,6,3,15,0,24,20,28,18,0,66,21,10,28,0,59,1,1,1,0,3,2,0,0,0,2,13,5,5,0,23,5,7,2,0,14,0,1,2,4,240,256,22,28,0.71,1.167,0,0,2,5,1589,1057,954,2975,2876,0,100,0,0,0,0,0,0,0,0,99,0
2025020082,2025-10-18,Lightning,Blue Jackets,Away,RL,6,5,3.3842568397521973,3.2177681922912598,0.0,0.0,Jonas Johansson,Jet Greaves,CG,CG,1,0,1,0,0,0,0,0,0,1,0,0,0,0,0,6,3,15,0,24,11,14,6,0,31,21,10,28,0,59,20,28,18,0,66,2,0,0,0,2,1,1,1,0,3,5,7,2,0,14,13,5,5,0,23,1,0,4,2,256,240,28,22,1.167,0.71,0,0,5,2,1057,1589,954,2975,2876,100,0,0,0,0,0,0,0,0,0,99,0
2025020083,2025-10-18,Blues,Stars,Home,RW,5,5,3.0977678298950195,2.0131053924560547,0.0,0.0,Jordan Binnington,Jake Oettinger,CG,CG,0,0,0,0,0,0,0,0,1,0,0,0,0,0,0,6,12,4,0,22,6,5,8,0,19,13,19,12,0,44,16,12,14,0,42,0,2,1,0,3,0,0,1,0,1,13,8,3,0,24,10,13,8,0,31,0,0,2,2,240,240,18,19,0.818,1.0,1,0,0,0,2253,0,1347,3063,3063,0,57,0,0,0,0,0,0,0,0,0,0
2025020083,2025-10-18,Stars,Blues,Away,RL,5,5,2.0131053924560547,3.0977678298950195,0.0,0.0,Jake Oettinger,Jordan Binnington,CG,CG,0,0,0,0,0,0,0,0,0,0,0,0,0,0,0,6,5,8,0,19,6,12,4,0,22,16,12,14,0,42,13,19,12,0,44,0,0,1,0,1,0,2,1,0,3,10,13,8,0,31,13,8,3,0,24,0,0,2,2,240,240,19,18,1.0,0.818,0,1,0,0,0,2253,1347,3063,3063,57,0,0,0,0,0,0,0,0,0,0,0
2025020084,2025-10-18,Jets,Predators,Home,RW,5,6,4.350515365600586,3.6205241680145264,0.0,0.0,Connor Hellebuyck,Juuse Saros,CG,CG,0,0,0,0,0,0,1,0,1,0,0,0,0,0,0,11,4,9,0,24,5,15,11,0,31,25,14,21,0,60,17,26,21,0,64,2,0,2,0,4,0,0,1,0,1,6,9,1,0,16,9,4,6,0,19,2,0,3,4,331,475,30,20,1.25,0.645,0,0,2,3,3441,0,159,2781,2781,4,2,0,0,0,5,0,0,0,0,0,0
2025020084,2025-10-18,Predators,Jets,Away,RL,6,5,3.6205241680145264,4.350515365600586,0.0,0.0,Juuse Saros,Connor Hellebuyck,CG,CG,0,0,1,0,0,0,0,0,0,0,0,0,0,0,0,5,15,11,0,31,11,4,9,0,24,17,26,21,0,64,25,14,21,0,60,0,0,1,0,1,2,0,2,0,4,9,4,6,0,19,6,9,1,0,16,0,2,4,3,475,331,20,30,0.645,1.25,0,0,3,2,0,3441,159,2781,2781,2,4,0,0,5,0,0,0,0,0,0,0
2025020085,2025-10-18,Avalanche,Bruins,Home,RW,6,6,4.458064556121826,1.190835952758789,0.0,0.0,Scott Wedgewood,Jeremy Swayman,CG,CG,0,0,0,0,0,0,0,0,0,0,0,0,1,0,0,7,16,15,0,38,7,2,5,0,14,17,33,27,0,77,21,17,12,0,50,2,0,2,0,4,1,0,0,0,1,5,4,3,0,12,9,9,6,0,24,0,0,5,2,600,240,13,34,0.342,2.429,0,0,1,2,2978,237,385,2760,2760,0,0,0,0,0,0,0,0,0,0,0,0
2025020085,2025-10-18,Bruins,Avalanche,Away,RL,6,6,1.190835952758789,4.458064556121826,0.0,0.0,Jeremy Swayman,Scott Wedgewood,CG,CG,0,0,0,0,0,0,0,0,1,1,0,0,0,0,0,7,2,5,0,14,7,16,15,0,38,21,17,12,0,50,17,33,27,0,77,1,0,0,0,1,2,0,2,0,4,9,9,6,0,24,5,4,3,0,12,0,0,2,5,240,600,34,13,2.429,0.342,0,0,2,1,237,2978,385,2760,2760,0,0,0,0,0,0,0,0,0,0,0,0
2025020086,2025-10-18,Kings,Hurricanes,Home,OTL,6,5,2.5759966373443604,4.42365026473999,0.0,0.0,Anton Forsberg,Brandon Bussi,CG,CG,0,0,0,0,0,0,0,0,0,0,0,0,0,0,0,8,12,8,0,28,13,15,11,1,40,18,22,20,2,62,33,24,18,1,76,0,2,1,0,3,2,1,0,1,4,15,9,5,0,29,5,8,5,0,18,1,0,2,3,9,284,36,25,1.286,0.625,0,0,1,1,0,3050,655,3412,3307,0,0,0,0,0,91,0,0,0,0,0,105
2025020086,2025-10-18,Hurricanes,Kings,Away,OTW,5,6,4.42365026473999,2.5759966373443604,0.0,0.0,Brandon Bussi,Anton Forsberg,CG,CG,0,0,0,0,0,0,0,0,1,0,0,0,0,0,0,13,15,11,1,40,8,12,8,0,28,33,24,18,1,76,18,22,20,2,62,2,1,0,1,4,0,2,1,0,3,5,8,5,0,18,15,9,5,0,29,0,1,3,2,284,9,25,36,0.625,1.286,0,0,1,1,3050,0,655,3412,3307,0,0,0,0,91,0,0,0,0,0,0,105
2025020087,2025-10-18,Golden Knights,Flames,Home,RW,6,6,3.4171860218048096,2.228898525238037,0.0,0.0,Adin Hill,Dustin Wolf,CG,IG,0,0,0,0,0,0,0,0,1,0,0,0,0,0,0,9,10,9,0,28,13,4,10,0,27,18,23,20,0,61,19,19,20,0,58,3,2,1,0,6,1,0,0,0,1,8,2,4,0,14,7,6,9,0,22,3,1,3,3,105,264,26,22,0.929,0.815,0,0,0,2,3437,0,163,3193,3193,1,0,0,0,0,0,0,0,0,0,0,0
2025020087,2025-10-18,Flames,Golden Knights,Away,RL,6,6,2.228898525238037,3.4171860218048096,0.0,0.0,Dustin Wolf,Adin Hill,IG,CG,0,0,0,0,0,0,0,0,0,0,0,0,0,0,0,13,4,10,0,27,9,10,9,0,28,19,19,20,0,58,18,23,20,0,61,1,0,0,0,1,3,2,1,0,6,7,6,9,0,22,8,2,4,0,14,1,3,3,3,264,105,22,26,0.815,0.929,0,0,2,0,0,3437,163,3193,3193,0,1,0,0,0,0,0,0,0,0,0,0
2025020088,2025-10-18,Sharks,Penguins,Home,RL,5,6,2.8062994480133057,2.7020368576049805,0.0,0.0,Alex Nedeljkovic,Tristan Jarry,CG,CG,1,0,0,0,0,0,0,0,0,0,0,0,0,0,0,11,11,9,0,31,18,5,4,0,27,17,19,22,0,58,26,15,18,0,59,0,0,0,0,0,0,1,2,0,3,11,5,9,0,25,2,8,1,0,11,0,0,2,1,200,80,24,31,0.774,1.148,0,0,1,4,0,1945,1655,3246,3207,73,0,0,0,0,0,0,0,73,0,39,0
2025020088,2025-10-18,Penguins,Sharks,Away,RW,6,5,2.7020368576049805,2.8062994480133057,0.0,0.0,Tristan Jarry,Alex Nedeljkovic,CG,CG,0,0,0,0,1,0,0,0,1,0,0,0,0,0,0,18,5,4,0,27,11,11,9,0,31,26,15,18,0,59,17,19,22,0,58,0,1,2,0,3,0,0,0,0,0,2,8,1,0,11,11,5,9,0,25,0,0,1,2,80,200,31,24,1.148,0.774,0,0,4,1,1945,0,1655,3246,3207,0,73,0,0,0,0,0,0,0,73,39,0
2025020089,2025-10-19,Capitals,Canucks,Home,RL,6,6,4.3158087730407715,2.933126449584961,0.0,0.0,Charlie Lindgren,Thatcher Demko,CG,CG,0,0,0,0,0,1,0,0,0,0,0,0,0,0,0,7,12,12,0,31,12,7,5,0,24,12,23,27,0,62,26,13,20,0,59,0,1,2,0,3,3,1,0,0,4,12,7,9,0,28,7,11,4,0,22,1,1,4,4,441,408,20,28,0.645,1.167,0,0,6,2,0,3541,59,2629,2629,122,0,0,0,0,0,0,0,0,0,0,0
2025020089,2025-10-19,Canucks,Capitals,Away,RW,6,6,2.933126449584961,4.3158087730407715,0.0,0.0,Thatcher Demko,Charlie Lindgren,CG,CG,0,1,0,0,0,0,0,0,1,0,0,0,0,0,0,12,7,5,0,24,7,12,12,0,31,26,13,20,0,59,12,23,27,0,62,3,1,0,0,4,0,1,2,0,3,7,11,4,0,22,12,7,9,0,28,1,1,4,4,408,441,28,20,1.167,0.645,0,0,2,6,3541,0,59,2629,2629,0,122,0,0,0,0,0,0,0,0,0,0
2025020090,2025-10-19,Red Wings,Oilers,Home,RW,6,6,3.0469298362731934,1.9517500400543213,0.0,0.0,John Gibson,Stuart Skinner,CG,CG,0,0,0,0,1,1,1,0,1,0,0,0,0,0,0,7,10,8,0,25,3,8,7,0,18,15,21,16,0,52,19,17,17,0,53,0,3,1,0,4,0,1,1,0,2,8,8,8,0,24,9,6,4,0,19,0,0,0,1,0,120,16,21,0.64,1.167,0,0,4,0,1869,0,1731,3480,3480,0,0,0,0,0,0,0,0,0,0,0,0
2025020090,2025-10-19,Oilers,Red Wings,Away,RL,6,6,1.9517500400543213,3.0469298362731934,0.0,0.0,Stuart Skinner,John Gibson,CG,CG,1,1,1,0,0,0,0,0,0,0,0,0,0,0,0,3,8,7,0,18,7,10,8,0,25,19,17,17,0,53,15,21,16,0,52,0,1,1,0,2,0,3,1,0,4,9,6,4,0,19,8,8,8,0,24,0,0,1,0,120,0,21,16,1.167,0.64,0,0,0,4,0,1869,1731,3480,3480,0,0,0,0,0,0,0,0,0,0,0,0
2025020091,2025-10-19,Blackhawks,Ducks,Home,OTW,7,5,3.3239080905914307,2.9562692642211914,0.0,0.0,Spencer Knight,Lukas Dostal,CG,CG,0,0,0,0,0,0,0,0,1,0,0,0,0,0,0,10,6,9,5,30,16,7,13,3,39,18,17,21,5,61,22,16,26,3,67,0,0,1,1,2,0,0,1,0,1,8,8,10,0,26,13,6,10,1,30,0,1,3,5,240,431,38,28,1.267,0.718,0,0,2,2,581,0,3197,3092,2809,0,0,0,0,0,0,0,0,0,71,105,178
2025020091,2025-10-19,Ducks,Blackhawks,Away,OTL,5,7,2.9562692642211914,3.3239080905914307,0.0,0.0,Lukas Dostal,Spencer Knight,CG,CG,0,0,0,0,0,0,0,0,0,0,0,0,0,0,0,16,7,13,3,39,10,6,9,5,30,22,16,26,3,67,18,17,21,5,61,0,0,1,0,1,0,0,1,1,2,13,6,10,1,30,8,8,10,0,26,1,0,5,3,431,240,28,38,0.718,1.267,0,0,2,2,0,581,3197,3092,2809,0,0,0,0,0,0,0,0,71,0,105,178
2025020092,2025-10-19,Mammoth,Bruins,Home,RW,6,7,3.11441707611084,1.6027145385742188,0.0,0.0,Vitek Vanecek,Joonas Korpisalo,CG,CG,0,0,0,0,1,1,0,0,1,0,0,0,1,0,0,11,8,8,0,27,10,13,3,0,26,26,15,21,0,62,17,25,9,0,51,1,1,1,0,3,1,1,0,0,2,5,8,10,0,23,7,11,6,0,24,1,1,5,4,530,404,24,24,0.889,0.923,0,0,4,1,1181,611,1808,2574,2458,2,86,0,0,0,0,0,0,0,0,116,0
2025020092,2025-10-19,Bruins,Mammoth,Away,RL,7,6,1.6027145385742188,3.11441707611084,0.0,0.0,Joonas Korpisalo,Vitek Vanecek,CG,CG,1,1,0,0,0,0,0,0,0,1,0,0,0,0,0,10,13,3,0,26,11,8,8,0,27,17,25,9,0,51,26,15,21,0,62,1,1,0,0,2,1,1,1,0,3,7,11,6,0,24,5,8,10,0,23,1,1,4,5,404,530,24,24,0.923,0.889,0,0,1,4,611,1181,1808,2574,2458,86,2,0,0,0,0,0,0,0,0,116,0
2025020093,2025-10-20,Rangers,Wild,Home,RL,8,7,3.000397205352783,3.121666431427002,0.0,0.0,Igor Shesterkin,Filip Gustavsson,CG,CG,0,0,0,0,0,1,0,0,1,1,0,0,0,0,0,6,11,7,0,24,16,11,5,0,32,18,25,25,0,68,31,26,17,0,74,1,0,0,0,1,1,0,2,0,3,14,11,9,0,34,11,4,5,0,20,0,0,1,3,120,366,29,23,1.208,0.719,0,0,0,1,253,704,2643,3033,3033,81,0,0,0,0,0,0,0,0,0,0,0
2025020093,2025-10-20,Wild,Rangers,Away,RW,7,8,3.121666431427002,3.000397205352783,0.0,0.0,Filip Gustavsson,Igor Shesterkin,CG,CG,0,1,0,0,0,0,0,0,0,0,0,0,1,0,0,16,11,5,0,32,6,11,7,0,24,31,26,17,0,74,18,25,25,0,68,1,0,2,0,3,1,0,0,0,1,11,4,5,0,20,14,11,9,0,34,0,0,3,1,366,120,23,29,0.719,1.208,0,0,1,0,704,253,2643,3033,3033,0,81,0,0,0,0,0,0,0,0,0,0
2025020094,2025-10-20,Flyers,Kraken,Home,RW,6,6,2.7478384971618652,2.4808900356292725,0.0,0.0,Dan Vladar,Joey Daccord,CG,IG,0,0,0,0,0,0,0,0,0,0,0,0,1,0,0,10,11,6,0,27,8,9,6,0,23,17,17,13,0,47,15,19,13,0,47,2,3,0,0,5,1,1,0,0,2,7,8,5,0,20,7,8,8,0,23,2,1,4,4,160,405,21,22,0.778,0.957,0,0,0,2,2801,160,639,2835,2693,47,60,0,0,0,0,0,0,0,0,142,0
2025020094,2025-10-20,Kraken,Flyers,Away,RL,6,6,2.4808900356292725,2.7478384971618652,0.0,0.0,Joey Daccord,Dan Vladar,IG,CG,0,0,0,0,0,0,0,0,1,1,0,0,0,0,0,8,9,6,0,23,10,11,6,0,27,15,19,13,0,47,17,17,13,0,47,1,1,0,0,2,2,3,0,0,5,7,8,8,0,23,7,8,5,0,20,1,2,4,4,405,160,22,21,0.957,0.778,0,0,2,0,160,2801,639,2835,2693,60,47,0,0,0,0,0,0,0,0,142,0
2025020095,2025-10-20,Canadiens,Sabres,Home,RW,7,6,3.3097710609436035,5.506448745727539,0.0,0.0,Jakub Dobes,Alex Lyon,CG,CG,0,0,0,0,0,0,0,0,1,0,0,0,0,0,0,14,4,14,0,32,6,11,15,0,32,29,13,27,0,69,21,21,21,0,63,1,0,3,0,4,0,1,1,0,2,10,6,6,0,22,3,6,6,0,15,0,0,1,2,120,128,30,28,0.938,0.875,1,0,1,8,2125,0,1475,3161,3006,3,111,0,0,0,0,0,0,0,0,155,0
2025020095,2025-10-20,Sabres,Canadiens,Away,RL,6,7,5.506448745727539,3.3097710609436035,0.0,0.0,Alex Lyon,Jakub Dobes,CG,CG,0,0,0,0,0,0,0,0,0,0,0,0,0,0,0,6,11,15,0,32,14,4,14,0,32,21,21,21,0,63,29,13,27,0,69,0,1,1,0,2,1,0,3,0,4,3,6,6,0,15,10,6,6,0,22,0,0,2,1,128,120,28,30,0.875,0.938,0,1,8,1,0,2125,1475,3161,3006,111,3,0,0,0,0,0,0,0,0,155,0
2025020096,2025-10-20,Flames,Jets,Home,RL,7,6,2.9316680431365967,3.3230700492858887,0.0,0.0,Dustin Wolf,Connor Hellebuyck,CG,CG,0,0,0,0,0,0,0,0,1,1,0,0,0,0,0,9,12,12,0,33,7,14,6,0,27,20,21,19,0,60,20,23,15,0,58,0,1,0,0,1,0,0,2,0,2,9,5,8,0,22,4,7,4,0,15,0,1,5,5,514,574,25,32,0.758,1.185,0,0,6,2,559,294,2747,2478,2478,34,0,0,0,0,0,0,0,26,0,0,0
2025020096,2025-10-20,Jets,Flames,Away,RW,6,7,3.3230700492858887,2.9316680431365967,0.0,0.0,Connor Hellebuyck,Dustin Wolf,CG,CG,0,0,0,0,0,0,0,0,0,0,0,0,1,0,0,7,14,6,0,27,9,12,12,0,33,20,23,15,0,58,20,21,19,0,60,0,0,2,0,2,0,1,0,0,1,4,7,4,0,15,9,5,8,0,22,1,0,5,5,574,514,32,25,1.185,0.758,0,0,2,6,294,559,2747,2478,2478,0,34,0,0,0,0,0,0,0,26,0,0
2025020097,2025-10-20,Golden Knights,Hurricanes,Home,RW,7,6,2.834946393966675,1.8662148714065552,0.0,0.0,Adin Hill,Frederik Andersen,IG,CG,0,0,0,0,0,0,0,0,1,0,0,0,0,0,0,8,7,11,0,26,8,9,10,0,27,25,18,19,0,62,16,16,23,0,55,2,0,2,0,4,0,1,0,0,1,4,7,2,0,13,8,3,4,0,15,0,0,4,4,385,368,26,22,1.0,0.815,1,0,1,3,3078,0,522,2763,2700,0,52,0,0,0,0,0,0,0,0,63,0
2025020097,2025-10-20,Hurricanes,Golden Knights,Away,RL,6,7,1.8662148714065552,2.834946393966675,0.0,0.0,Frederik Andersen,Adin Hill,CG,IG,0,0,0,0,0,0,0,0,0,0,0,0,0,0,0,8,9,10,0,27,8,7,11,0,26,16,16,23,0,55,25,18,19,0,62,0,1,0,0,1,2,0,2,0,4,8,3,4,0,15,4,7,2,0,13,0,0,4,4,368,385,22,26,0.815,1.0,0,1,3,1,0,3078,522,2763,2700,52,0,0,0,0,0,0,0,0,0,63,0
2025020098,2025-10-21,Maple Leafs,Devils,Home,RL,7,6,2.8129806518554688,4.195361614227295,0.0,0.0,Anthony Stolarz,Jake Allen,CG,CG,0,0,0,0,0,0,0,0,1,1,0,0,0,0,0,7,10,8,0,25,9,16,10,0,35,12,23,21,0,56,16,28,21,0,65,1,1,0,0,2,0,4,1,0,5,6,7,9,0,22,8,6,7,0,21,0,1,2,2,240,233,30,23,1.2,0.657,0,0,0,0,891,2200,509,3044,2932,75,0,0,0,0,0,0,0,0,0,112,0
2025020098,2025-10-21,Devils,Maple Leafs,Away,RW,6,7,4.195361614227295,2.8129806518554688,0.0,0.0,Jake Allen,Anthony Stolarz,CG,CG,0,0,0,0,0,0,0,0,0,0,0,0,1,0,0,9,16,10,0,35,7,10,8,0,25,16,28,21,0,65,12,23,21,0,56,0,4,1,0,5,1,1,0,0,2,8,6,7,0,21,6,7,9,0,22,1,0,2,2,233,240,23,30,0.657,1.2,0,0,0,0,2200,891,509,3044,2932,0,75,0,0,0,0,0,0,0,0,112,0
2025020099,2025-10-21,Senators,Oilers,Home,OTL,7,7,1.3953876495361328,2.3220646381378174,0.0,0.0,Linus Ullmark,Stuart Skinner,CG,CG,0,0,0,0,0,1,1,0,0,0,0,0,0,0,0,6,11,4,0,21,6,6,10,3,25,10,22,9,0,41,14,14,19,4,51,0,0,2,0,2,1,1,0,1,3,3,7,10,0,20,9,4,7,0,20,1,2,3,3,281,279,22,19,1.048,0.76,0,0,2,1,0,1518,2226,3184,3159,0,0,0,119,0,0,0,0,0,0,0,25
2025020099,2025-10-21,Oilers,Senators,Away,OTW,7,7,2.3220646381378174,1.3953876495361328,0.0,0.0,Stuart Skinner,Linus Ullmark,CG,CG,0,1,1,0,0,0,0,0,1,0,0,0,0,0,0,6,6,10,3,25,6,11,4,0,21,14,14,19,4,51,10,22,9,0,41,1,1,0,1,3,0,0,2,0,2,9,4,7,0,20,3,7,10,0,20,2,1,3,3,279,281,19,22,0.76,1.048,0,0,1,2,1518,0,2226,3184,3159,0,0,119,0,0,0,0,0,0,0,0,25
2025020100,2025-10-21,Islanders,Sharks,Home,RW,6,6,3.5458590984344482,3.6069273948669434,0.0,0.0,Ilya Sorokin,Yaroslav Askarov,CG,CG,0,0,0,0,0,0,0,0,0,0,0,0,1,0,0,8,12,7,0,27,16,13,7,0,36,17,26,21,0,64,21,20,15,0,56,3,1,0,0,4,2,0,1,0,3,4,6,8,0,18,10,7,5,0,22,2,0,3,3,284,358,33,23,1.222,0.639,0,0,1,2,2658,57,885,2832,2832,0,124,0,0,0,0,0,0,0,0,0,0
2025020100,2025-10-21,Sharks,Islanders,Away,RL,6,6,3.6069273948669434,3.5458590984344482,0.0,0.0,Yaroslav Askarov,Ilya Sorokin,CG,CG,0,0,0,0,0,0,0,0,1,1,0,0,0,0,0,16,13,7,0,36,8,12,7,0,27,21,20,15,0,56,17,26,21,0,64,2,0,1,0,3,3,1,0,0,4,10,7,5,0,22,4,6,8,0,18,0,2,3,3,358,284,23,33,0.639,1.222,0,0,2,1,57,2658,885,2832,2832,124,0,0,0,0,0,0,0,0,0,0,0
2025020101,2025-10-21,Penguins,Canucks,Home,RW,7,7,4.162907600402832,2.9955286979675293,0.0,0.0,Arturs Silovs,Kevin Lankinen,CG,CG,0,0,0,0,0,0,1,0,0,0,0,0,1,0,0,6,14,6,0,26,11,3,10,0,24,16,29,17,0,62,32,18,22,0,72,1,3,1,0,5,1,0,0,0,1,4,9,5,0,18,6,12,8,0,26,2,0,5,3,559,360,23,21,0.885,0.875,0,0,2,3,1539,621,1440,2675,2675,6,0,0,0,0,0,0,0,0,0,0,0
2025020101,2025-10-21,Canucks,Penguins,Away,RL,7,7,2.9955286979675293,4.162907600402832,0.0,0.0,Kevin Lankinen,Arturs Silovs,CG,CG,0,0,1,0,0,0,0,0,1,1,0,0,0,0,0,11,3,10,0,24,6,14,6,0,26,32,18,22,0,72,16,29,17,0,62,1,0,0,0,1,1,3,1,0,5,6,12,8,0,26,4,9,5,0,18,0,2,3,5,360,559,21,23,0.875,0.885,0,0,3,2,621,1539,1440,2675,2675,0,6,0,0,0,0,0,0,0,0,0,0
2025020102,2025-10-21,Capitals,Kraken,Home,RW,7,7,3.645266056060791,1.9535456895828247,0.0,0.0,Logan Thompson,Matt Murray,CG,CG,0,0,0,0,1,1,1,0,1,0,0,0,0,0,0,11,16,7,0,34,6,3,10,0,19,24,29,15,0,68,16,11,27,0,54,1,2,1,0,4,0,0,1,0,1,8,3,7,0,18,3,8,2,0,13,1,0,2,2,163,240,18,30,0.529,1.579,1,0,3,2,3090,0,510,3089,3089,0,108,0,0,0,0,0,0,0,0,0,0
2025020102,2025-10-21,Kraken,Capitals,Away,RL,7,7,1.9535456895828247,3.645266056060791,0.0,0.0,Matt Murray,Logan Thompson,CG,CG,1,1,1,0,0,0,0,0,0,0,0,0,0,0,0,6,3,10,0,19,11,16,7,0,34,16,11,27,0,54,24,29,15,0,68,0,0,1,0,1,1,2,1,0,4,3,8,2,0,13,8,3,7,0,18,0,1,2,2,240,163,30,18,1.579,0.529,0,1,2,3,0,3090,510,3089,3089,108,0,0,0,0,0,0,0,0,0,0,0
2025020103,2025-10-21,Bruins,Panthers,Home,RL,8,8,2.660536289215088,3.1100940704345703,0.0,0.0,Jeremy Swayman,Sergei Bobrovsky,CG,CG,0,1,1,0,0,0,0,0,0,0,0,0,0,0,0,6,13,12,0,31,7,9,7,0,23,15,21,17,0,53,24,13,17,0,54,0,0,3,0,3,1,1,2,0,4,6,10,7,0,23,12,5,9,0,26,1,1,5,3,554,297,19,28,0.613,1.217,0,0,1,2,0,3162,438,2702,2702,9,0,0,0,0,0,0,0,0,0,0,0
2025020103,2025-10-21,Panthers,Bruins,Away,RW,8,8,3.1100940704345703,2.660536289215088,0.0,0.0,Sergei Bobrovsky,Jeremy Swayman,CG,CG,0,0,0,0,0,1,1,0,1,0,0,0,0,0,0,7,9,7,0,23,6,13,12,0,31,24,13,17,0,54,15,21,17,0,53,1,1,2,0,4,0,0,3,0,3,12,5,9,0,26,6,10,7,0,23,1,1,3,5,297,554,28,19,1.217,0.613,0,0,2,1,3162,0,438,2702,2702,0,9,0,0,0,0,0,0,0,0,0,0
2025020104,2025-10-21,Blues,Kings,Home,OTL,6,7,2.0921995639801025,1.714239239692688,0.0,0.0,Jordan Binnington,Darcy Kuemper,CG,CG,0,0,0,0,0,0,0,0,0,0,0,0,0,0,0,5,3,10,0,18,10,9,7,2,28,12,9,18,1,40,21,17,13,2,53,0,0,1,0,1,0,1,0,1,2,7,10,3,0,20,7,3,3,0,13,1,1,3,3,339,264,26,17,1.444,0.607,0,0,1,1,0,1231,2479,3073,2987,0,0,0,24,0,0,0,0,0,0,0,86
2025020104,2025-10-21,Kings,Blues,Away,OTW,7,6,1.714239239692688,2.0921995639801025,0.0,0.0,Darcy Kuemper,Jordan Binnington,CG,CG,0,0,0,0,0,0,0,0,1,0,0,0,0,0,0,10,9,7,2,28,5,3,10,0,18,21,17,13,2,53,12,9,18,1,40,0,1,0,1,2,0,0,1,0,1,7,3,3,0,13,7,10,3,0,20,1,1,3,3,264,339,17,26,0.607,1.444,0,0,1,1,1231,0,2479,3073,2987,0,0,24,0,0,0,0,0,0,0,0,86
2025020105,2025-10-21,Predators,Ducks,Home,RL,7,6,2.406397819519043,3.8083865642547607,0.0,0.0,Juuse Saros,Lukas Dostal,CG,CG,0,0,0,0,0,0,0,0,0,0,0,0,0,0,0,11,15,2,0,28,13,12,7,0,32,25,23,8,0,56,24,27,13,0,64,1,1,0,0,2,1,3,1,0,5,6,5,5,0,16,9,7,7,0,23,0,0,1,5,120,430,27,26,0.964,0.812,0,0,0,4,0,1966,1634,2933,2933,0,117,0,0,0,71,0,0,0,0,0,0
2025020105,2025-10-21,Ducks,Predators,Away,RW,6,7,3.8083865642547607,2.406397819519043,0.0,0.0,Lukas Dostal,Juuse Saros,CG,CG,0,0,0,0,0,0,0,0,1,0,0,0,0,0,0,13,12,7,0,32,11,15,2,0,28,24,27,13,0,64,25,23,8,0,56,1,3,1,0,5,1,1,0,0,2,9,7,7,0,23,6,5,5,0,16,0,0,5,1,430,120,26,27,0.812,0.964,0,0,4,0,1966,0,1634,2933,2933,117,0,0,0,71,0,0,0,0,0,0,0
2025020106,2025-10-21,Stars,Blue Jackets,Home,RL,6,6,3.418022632598877,2.9610483646392822,0.0,0.0,Jake Oettinger,Elvis Merzlikins,CG,CG,0,0,0,0,0,0,0,0,0,0,0,0,0,0,0,5,13,5,0,23,14,6,9,0,29,17,24,11,0,52,22,13,18,0,53,0,1,0,0,1,2,0,3,0,5,9,4,8,0,21,15,13,7,0,35,0,2,2,2,240,132,24,22,1.043,0.759,0,0,3,4,0,3327,273,3124,3124,104,0,0,0,0,0,0,0,0,0,0,0
2025020106,2025-10-21,Blue Jackets,Stars,Away,RW,6,6,2.9610483646392822,3.418022632598877,0.0,0.0,Elvis Merzlikins,Jake Oettinger,CG,CG,0,0,0,0,0,0,0,0,1,0,0,0,0,0,0,14,6,9,0,29,5,13,5,0,23,22,13,18,0,53,17,24,11,0,52,2,0,3,0,5,0,1,0,0,1,15,13,7,0,35,9,4,8,0,21,2,0,2,2,132,240,22,24,0.759,1.043,0,0,4,3,3327,0,273,3124,3124,0,104,0,0,0,0,0,0,0,0,0,0
2025020107,2025-10-21,Mammoth,Avalanche,Home,OTW,7,7,3.677340030670166,2.8152966499328613,0.0,0.0,Karel Vejmelka,Scott Wedgewood,CG,CG,0,0,0,0,0,0,0,0,0,0,0,0,1,0,0,10,15,7,1,33,13,7,13,0,33,16,26,21,1,64,22,13,19,0,54,0,2,1,1,4,1,0,2,0,3,8,9,11,0,28,10,5,5,0,20,1,0,2,1,148,131,30,29,0.909,0.879,0,0,1,0,1264,1428,941,3354,3321,0,0,0,0,0,0,0,0,0,0,0,33
2025020107,2025-10-21,Avalanche,Mammoth,Away,OTL,7,7,2.8152966499328613,3.677340030670166,0.0,0.0,Scott Wedgewood,Karel Vejmelka,CG,CG,0,0,0,0,0,0,0,0,1,1,0,0,0,0,0,13,7,13,0,33,10,15,7,1,33,22,13,19,0,54,16,26,21,1,64,1,0,2,0,3,0,2,1,1,4,10,5,5,0,20,8,9,11,0,28,0,1,1,2,131,148,29,30,0.879,0.909,0,0,0,1,1428,1264,941,3354,3321,0,0,0,0,0,0,0,0,0,0,0,33
2025020108,2025-10-22,Devils,Wild,Home,RW,7,8,3.7899277210235596,2.9512877464294434,0.0,0.0,Nico Daws,Filip Gustavsson,CG,CG,1,0,0,0,0,0,1,0,1,0,0,0,0,0,0,14,11,10,0,35,8,11,12,0,31,26,25,24,0,75,20,24,20,0,64,1,1,2,0,4,0,0,1,0,1,2,5,1,0,8,8,9,8,0,25,1,0,2,3,124,360,30,31,0.857,1.0,1,0,2,2,2619,0,981,3096,3096,0,20,0,0,0,0,0,0,0,0,0,0
2025020108,2025-10-22,Wild,Devils,Away,RL,8,7,2.9512877464294434,3.7899277210235596,0.0,0.0,Filip Gustavsson,Nico Daws,CG,CG,0,0,1,0,1,0,0,0,0,0,0,0,0,0,0,8,11,12,0,31,14,11,10,0,35,20,24,20,0,64,26,25,24,0,75,0,0,1,0,1,1,1,2,0,4,8,9,8,0,25,2,5,1,0,8,0,1,3,2,360,124,31,30,1.0,0.857,0,1,2,2,0,2619,981,3096,3096,20,0,0,0,0,0,0,0,0,0,0,0
2025020109,2025-10-22,Sabres,Red Wings,Home,RW,7,7,4.153674602508545,3.6412529945373535,0.0,0.0,Colten Ellis,John Gibson,CG,CG,0,0,0,0,0,0,0,0,0,0,0,0,1,0,0,11,13,7,0,31,5,11,15,0,31,25,26,25,0,76,16,29,22,0,67,0,2,2,0,4,0,2,0,0,2,8,5,6,0,19,6,3,6,0,15,1,0,5,2,593,264,29,27,0.935,0.871,0,0,4,1,1057,517,2026,2565,2565,0,178,0,0,0,0,0,0,0,0,0,0
2025020109,2025-10-22,Red Wings,Sabres,Away,RL,7,7,3.6412529945373535,4.153674602508545,0.0,0.0,John Gibson,Colten Ellis,CG,CG,0,0,0,0,0,0,0,0,1,1,0,0,0,0,0,5,11,15,0,31,11,13,7,0,31,16,29,22,0,67,25,26,25,0,76,0,2,0,0,2,0,2,2,0,4,6,3,6,0,15,8,5,6,0,19,0,1,2,5,264,593,27,29,0.871,0.935,0,0,1,4,517,1057,2026,2565,2565,178,0,0,0,0,0,0,0,0,0,0,0
2025020110,2025-10-22,Flames,Canadiens,Home,OTL,8,8,2.7575278282165527,3.4778881072998047,0.0,0.0,Dustin Wolf,Jakub Dobes,CG,CG,0,0,0,0,0,0,0,0,0,0,0,0,0,0,0,9,18,10,0,37,10,9,8,1,28,18,26,17,1,62,17,22,21,1,61,0,0,1,0,1,1,0,0,1,2,8,11,4,0,23,7,5,5,0,17,0,1,5,4,496,177,26,36,0.703,1.286,0,0,2,3,0,1727,1933,2927,2823,0,0,0,0,0,0,0,0,0,0,44,60
2025020110,2025-10-22,Canadiens,Flames,Away,OTW,8,8,3.4778881072998047,2.7575278282165527,0.0,0.0,Jakub Dobes,Dustin Wolf,CG,CG,0,0,0,0,0,0,0,0,1,0,0,0,0,0,0,10,9,8,1,28,9,18,10,0,37,17,22,21,1,61,18,26,17,1,62,1,0,0,1,2,0,0,1,0,1,7,5,5,0,17,8,11,4,0,23,1,0,4,5,177,496,36,26,1.286,0.703,0,0,3,2,1727,0,1933,2927,2823,0,0,0,0,0,0,0,0,0,0,44,60
2025020113,2025-10-23,Lightning,Blackhawks,Home,RL,7,8,3.391244411468506,2.916998863220215,0.0,0.0,Andrei Vasilevskiy,Spencer Knight,CG,CG,0,0,0,0,0,0,0,0,0,0,0,0,0,0,0,11,11,9,0,31,7,6,12,0,25,18,26,17,0,61,17,21,22,0,60,0,2,0,0,2,1,1,1,0,3,9,5,4,0,18,5,10,3,0,18,0,1,4,4,290,389,22,29,0.71,1.16,0,0,4,1,0,1572,2028,2835,2726,32,0,19,0,0,26,0,0,0,0,109,0
2025020113,2025-10-23,Blackhawks,Lightning,Away,RW,8,7,2.916998863220215,3.391244411468506,0.0,0.0,Spencer Knight,Andrei Vasilevskiy,CG,CG,0,0,0,0,0,0,0,0,1,0,0,0,0,0,0,7,6,12,0,25,11,11,9,0,31,17,21,22,0,60,18,26,17,0,61,1,1,1,0,3,0,2,0,0,2,5,10,3,0,18,9,5,4,0,18,1,0,4,4,389,290,29,22,1.16,0.71,0,0,1,4,1572,0,2028,2835,2726,0,32,0,19,26,0,0,0,0,0,109,0
2025020111,2025-10-23,Bruins,Ducks,Home,RL,9,7,3.9658379554748535,3.783433437347412,0.0,0.0,Joonas Korpisalo,Petr Mrazek,CG,CG,0,0,1,0,0,0,0,0,1,1,0,0,0,0,0,20,13,9,0,42,12,6,12,0,30,26,26,19,0,71,27,26,21,0,74,1,2,2,0,5,1,2,4,0,7,2,9,7,0,18,7,7,3,0,17,2,1,2,3,22,315,23,37,0.548,1.233,0,0,2,2,516,1104,1980,3244,3244,19,0,0,0,0,0,0,0,0,0,0,0
2025020111,2025-10-23,Ducks,Bruins,Away,RW,7,9,3.783433437347412,3.9658379554748535,0.0,0.0,Petr Mrazek,Joonas Korpisalo,CG,CG,0,0,0,0,0,0,1,0,0,0,0,0,1,0,0,12,6,12,0,30,20,13,9,0,42,27,26,21,0,74,26,26,19,0,71,1,2,4,0,7,1,2,2,0,5,7,7,3,0,17,2,9,7,0,18,1,2,3,2,315,22,37,23,1.233,0.548,0,0,2,2,1104,516,1980,3244,3244,0,19,0,0,0,0,0,0,0,0,0,0
2025020112,2025-10-23,Senators,Flyers,Home,RW,8,7,2.8836357593536377,2.415902853012085,0.0,0.0,Linus Ullmark,Dan Vladar,CG,CG,0,0,0,0,0,0,0,0,0,0,0,0,1,0,0,14,9,10,0,33,9,7,7,0,23,18,15,23,0,56,18,16,17,0,51,1,1,0,0,2,1,0,0,0,1,5,7,5,0,17,5,11,5,0,21,0,0,5,4,587,401,22,31,0.667,1.348,0,0,0,0,2215,448,937,2518,2457,0,87,0,55,0,0,0,0,0,0,61,0
2025020112,2025-10-23,Flyers,Senators,Away,RL,7,8,2.415902853012085,2.8836357593536377,0.0,0.0,Dan Vladar,Linus Ullmark,CG,CG,0,0,0,0,0,0,0,0,1,1,0,0,0,0,0,9,7,7,0,23,14,9,10,0,33,18,16,17,0,51,18,15,23,0,56,1,0,0,0,1,1,1,0,0,2,5,11,5,0,21,5,7,5,0,17,0,0,4,5,401,587,31,22,1.348,0.667,0,0,0,0,448,2215,937,2518,2457,87,0,55,0,0,0,0,0,0,0,61,0
2025020114,2025-10-23,Panthers,Penguins,Home,RL,9,8,4.730077266693115,2.829948902130127,0.0,0.0,Sergei Bobrovsky,Tristan Jarry,CG,CG,0,0,0,0,0,0,0,0,0,0,0,0,0,0,0,6,13,18,0,37,7,6,4,0,17,17,25,28,0,70,19,17,18,0,54,0,1,2,0,3,1,2,2,0,5,10,10,6,0,26,6,3,9,0,18,2,2,3,2,193,51,12,34,0.324,2.0,0,0,6,1,0,3216,384,3134,3134,222,0,0,0,0,0,0,0,0,0,0,0
2025020114,2025-10-23,Penguins,Panthers,Away,RW,8,9,2.829948902130127,4.730077266693115,0.0,0.0,Tristan Jarry,Sergei Bobrovsky,CG,CG,0,0,0,0,0,0,0,0,1,0,0,0,0,0,0,7,6,4,0,17,6,13,18,0,37,19,17,18,0,54,17,25,28,0,70,1,2,2,0,5,0,1,2,0,3,6,3,9,0,18,10,10,6,0,26,2,2,2,3,51,193,34,12,2.0,0.324,0,0,1,6,3216,0,384,3134,3134,0,222,0,0,0,0,0,0,0,0,0,0
2025020115,2025-10-23,Islanders,Red Wings,Home,RW,7,8,3.9811911582946777,3.2394471168518066,0.0,0.0,David Rittich,Cam Talbot,CG,CG,0,0,0,0,1,0,0,0,1,0,0,0,0,0,0,11,11,8,0,30,5,14,15,0,34,23,24,19,0,66,16,21,27,0,64,2,3,2,0,7,0,0,2,0,2,4,9,1,0,14,10,9,9,0,28,0,1,3,5,360,594,32,23,1.067,0.676,0,0,0,2,3475,0,125,2619,2619,5,22,0,0,0,0,0,0,0,0,0,0
2025020115,2025-10-23,Red Wings,Islanders,Away,RL,8,7,3.2394471168518066,3.9811911582946777,0.0,0.0,Cam Talbot,David Rittich,CG,CG,1,0,0,0,0,0,0,0,0,0,0,0,0,0,0,5,14,15,0,34,11,11,8,0,30,16,21,27,0,64,23,24,19,0,66,0,0,2,0,2,2,3,2,0,7,10,9,9,0,28,4,9,1,0,14,1,0,5,3,594,360,23,32,0.676,1.067,0,0,2,0,0,3475,125,2619,2619,22,5,0,0,0,0,0,0,0,0,0,0
2025020116,2025-10-23,Rangers,Sharks,Home,OTL,9,7,2.643101692199707,2.6056106090545654,0.0,0.0,Igor Shesterkin,Alex Nedeljkovic,CG,CG,0,0,0,0,0,0,0,0,0,1,0,0,0,0,0,5,14,8,1,28,9,10,3,2,24,20,17,15,1,53,17,20,17,2,56,1,3,1,0,5,3,1,1,1,6,7,10,7,0,24,12,8,6,0,26,1,2,5,5,368,373,18,23,0.643,0.958,0,0,2,4,464,1808,1426,2897,2799,0,21,0,0,0,84,0,0,0,0,0,98
2025020116,2025-10-23,Sharks,Rangers,Away,OTW,7,9,2.6056106090545654,2.643101692199707,0.0,0.0,Alex Nedeljkovic,Igor Shesterkin,CG,CG,0,0,0,0,0,0,0,0,1,0,0,0,1,0,0,9,10,3,2,24,5,14,8,1,28,17,20,17,2,56,20,17,15,1,53,3,1,1,1,6,1,3,1,0,5,12,8,6,0,26,7,10,7,0,24,2,1,5,5,373,368,23,18,0.958,0.643,0,0,4,2,1808,464,1426,2897,2799,21,0,0,0,84,0,0,0,0,0,0,98
2025020117,2025-10-23,Blues,Mammoth,Home,RL,7,8,2.3283748626708984,2.695672035217285,0.0,0.0,Joel Hofer,Karel Vejmelka,IG,CG,0,0,0,0,0,0,0,0,0,0,0,0,0,0,0,3,7,10,0,20,10,8,7,0,25,7,14,15,0,36,19,14,11,0,44,0,2,2,0,4,4,1,2,0,7,17,8,7,0,32,4,7,4,0,15,1,2,4,4,432,355,18,16,0.9,0.64,0,0,1,1,0,3402,198,2721,2721,53,0,0,0,0,0,0,0,0,0,0,0
2025020117,2025-10-23,Mammoth,Blues,Away,RW,8,7,2.695672035217285,2.3283748626708984,0.0,0.0,Karel Vejmelka,Joel Hofer,CG,IG,0,0,0,0,0,0,0,0,1,0,0,0,0,0,0,10,8,7,0,25,3,7,10,0,20,19,14,11,0,44,7,14,15,0,36,4,1,2,0,7,0,2,2,0,4,4,7,4,0,15,17,8,7,0,32,2,1,4,4,355,432,16,18,0.64,0.9,0,0,1,1,3402,0,198,2721,2721,0,53,0,0,0,0,0,0,0,0,0,0
2025020118,2025-10-23,Predators,Canucks,Home,RW,8,8,2.241955518722534,2.3541183471679688,0.0,0.0,Juuse Saros,Thatcher Demko,CG,CG,0,0,0,0,0,0,0,0,1,0,0,0,0,0,0,12,12,11,0,35,5,10,7,0,22,19,20,18,0,57,15,26,16,0,57,0,1,1,0,2,0,1,0,0,1,5,10,6,0,21,3,9,13,0,25,0,0,3,5,360,514,21,33,0.6,1.5,0,0,0,0,1059,0,2541,2591,2591,0,135,0,0,0,55,0,0,0,0,0,0
2025020118,2025-10-23,Canucks,Predators,Away,RL,8,8,2.3541183471679688,2.241955518722534,0.0,0.0,Thatcher Demko,Juuse Saros,CG,CG,0,0,0,0,0,0,0,0,0,0,0,0,0,0,0,5,10,7,0,22,12,12,11,0,35,15,26,16,0,57,19,20,18,0,57,0,1,0,0,1,0,1,1,0,2,3,9,13,0,25,5,10,6,0,21,0,0,5,3,514,360,33,21,1.5,0.6,0,0,0,0,0,1059,2541,2591,2591,135,0,0,0,55,0,0,0,0,0,0,0
2025020120,2025-10-23,Jets,Kraken,Home,RL,7,8,1.9978245496749878,2.5811285972595215,0.0,0.0,Connor Hellebuyck,Joey Daccord,CG,CG,0,0,0,0,0,1,1,0,0,0,0,0,0,0,0,11,8,13,0,32,9,11,8,0,28,23,16,22,0,61,16,23,15,0,54,0,0,0,0,0,0,1,2,0,3,11,11,8,0,30,6,2,5,0,13,0,0,3,1,264,24,25,32,0.781,1.143,0,0,2,0,0,2252,1348,3263,3206,10,0,0,0,0,0,0,0,0,0,57,0
2025020120,2025-10-23,Kraken,Jets,Away,RW,8,7,2.5811285972595215,1.9978245496749878,0.0,0.0,Joey Daccord,Connor Hellebuyck,CG,CG,0,1,1,0,0,0,0,0,1,0,0,0,0,0,0,9,11,8,0,28,11,8,13,0,32,16,23,15,0,54,23,16,22,0,61,0,1,2,0,3,0,0,0,0,0,6,2,5,0,13,11,11,8,0,30,0,0,1,3,24,264,32,25,1.143,0.781,0,0,0,2,2252,0,1348,3263,3206,0,10,0,0,0,0,0,0,0,0,57,0
2025020119,2025-10-23,Stars,Kings,Home,OTL,7,8,3.537996292114258,2.734564781188965,0.0,0.0,Jake Oettinger,Darcy Kuemper,CG,CG,0,0,0,0,0,0,0,0,0,0,0,0,0,0,0,8,14,8,1,31,5,10,9,1,25,18,21,15,1,55,9,22,19,1,51,0,1,1,0,2,1,1,0,1,3,8,5,5,0,18,4,8,2,0,14,2,1,5,3,468,382,22,29,0.71,1.16,0,0,0,1,0,1335,2302,2787,2750,0,0,0,0,0,22,0,0,0,0,0,37
2025020119,2025-10-23,Kings,Stars,Away,OTW,8,7,2.734564781188965,3.537996292114258,0.0,0.0,Darcy Kuemper,Jake Oettinger,CG,CG,0,0,0,0,0,0,0,0,1,0,0,0,0,0,0,5,10,9,1,25,8,14,8,1,31,9,22,19,1,51,18,21,15,1,55,1,1,0,1,3,0,1,1,0,2,4,8,2,0,14,8,5,5,0,18,1,2,3,5,382,468,29,22,1.16,0.71,0,0,1,0,1335,0,2302,2787,2750,0,0,0,0,22,0,0,0,0,0,0,37
2025020121,2025-10-23,Avalanche,Hurricanes,Home,SOL,8,7,4.774267196655273,3.3936891555786133,0.0,0.0,Scott Wedgewood,Frederik Andersen,IG,CG,0,0,0,0,0,0,0,0,0,0,0,0,0,0,0,18,16,11,3,48,12,5,12,2,31,30,26,20,6,82,19,11,19,4,53,1,1,2,0,4,4,0,0,0,4,5,11,12,0,28,9,7,3,0,19,1,0,8,5,865,675,27,44,0.562,1.419,0,0,2,0,0,2869,1031,2360,2227,0,0,87,186,0,0,0,0,0,0,133,0
2025020121,2025-10-23,Hurricanes,Avalanche,Away,SOW,7,8,3.3936891555786133,4.774267196655273,0.0,0.0,Frederik Andersen,Scott Wedgewood,CG,IG,0,0,0,0,0,0,0,0,1,0,0,0,0,0,0,12,5,12,2,31,18,16,11,3,48,19,11,19,4,53,30,26,20,6,82,4,0,0,0,4,1,1,2,0,4,9,7,3,0,19,5,11,12,0,28,0,1,5,8,675,865,44,27,1.419,0.562,0,0,0,2,2869,0,1031,2360,2227,0,0,186,87,0,0,0,0,0,0,133,0
2025020122,2025-10-23,Oilers,Canadiens,Home,RW,8,9,4.359167098999023,4.82675313949585,0.0,0.0,Calvin Pickard,Sam Montembeault,CG,CG,0,0,1,0,1,1,1,0,0,0,0,0,1,1,0,6,8,15,0,29,12,9,6,0,27,14,23,26,0,63,27,21,12,0,60,1,2,3,0,6,1,3,1,0,5,6,6,3,0,15,5,6,4,0,15,2,0,6,1,457,120,22,23,0.759,0.852,0,0,3,1,512,1332,1756,2999,2999,0,24,0,0,0,0,0,0,0,0,0,0
2025020122,2025-10-23,Canadiens,Oilers,Away,RL,9,8,4.82675313949585,4.359167098999023,0.0,0.0,Sam Montembeault,Calvin Pickard,CG,CG,1,1,1,0,0,0,1,0,1,1,1,0,0,0,0,12,9,6,0,27,6,8,15,0,29,27,21,12,0,60,14,23,26,0,63,1,3,1,0,5,1,2,3,0,6,5,6,4,0,15,6,6,3,0,15,0,2,1,6,120,457,23,22,0.852,0.759,0,0,1,3,1332,512,1756,2999,2999,24,0,0,0,0,0,0,0,0,0,0,0
2025020123,2025-10-24,Sabres,Maple Leafs,Home,RW,8,8,2.844076633453369,2.7908623218536377,0.0,0.0,Alex Lyon,Anthony Stolarz,CG,CG,0,0,0,0,0,0,0,0,1,0,0,0,0,0,0,12,9,9,0,30,9,11,14,0,34,22,23,23,0,68,21,18,20,0,59,2,2,1,0,5,2,0,1,0,3,3,2,3,0,8,7,12,11,0,30,0,1,2,4,123,318,31,25,1.033,0.735,0,0,4,3,2376,0,1224,3014,3014,0,145,0,0,106,0,0,0,0,12,0,0
2025020123,2025-10-24,Maple Leafs,Sabres,Away,RL,8,8,2.7908623218536377,2.844076633453369,0.0,0.0,Anthony Stolarz,Alex Lyon,CG,CG,0,0,0,0,0,0,0,0,0,0,0,0,0,0,0,9,11,14,0,34,12,9,9,0,30,21,18,20,0,59,22,23,23,0,68,2,0,1,0,3,2,2,1,0,5,7,12,11,0,30,3,2,3,0,8,1,0,4,2,318,123,25,31,0.735,1.033,0,0,3,4,0,2376,1224,3014,3014,145,0,0,0,0,106,0,0,12,0,0,0
2025020124,2025-10-24,Devils,Sharks,Home,RW,8,8,3.9739794731140137,2.236407995223999,0.0,0.0,Jake Allen,Yaroslav Askarov,CG,CG,0,1,0,0,1,1,0,0,0,0,0,0,1,0,0,8,13,8,0,29,7,0,10,0,17,15,34,16,0,65,13,18,19,0,50,0,2,1,0,3,1,0,0,0,1,11,6,5,0,22,3,3,5,0,11,2,1,5,4,497,434,16,26,0.552,1.529,1,0,5,1,1852,1095,653,2597,2597,0,72,0,0,59,0,0,0,0,0,0,0
2025020124,2025-10-24,Sharks,Devils,Away,RL,8,8,2.236407995223999,3.9739794731140137,0.0,0.0,Yaroslav Askarov,Jake Allen,CG,CG,1,1,0,0,0,1,0,0,1,1,0,0,0,0,0,7,0,10,0,17,8,13,8,0,29,13,18,19,0,50,15,34,16,0,65,1,0,0,0,1,0,2,1,0,3,3,3,5,0,11,11,6,5,0,22,1,2,4,5,434,497,26,16,1.529,0.552,0,1,1,5,1095,1852,653,2597,2597,72,0,0,0,0,59,0,0,0,0,0,0
2025020125,2025-10-24,Blue Jackets,Capitals,Home,RL,7,8,4.513081073760986,4.305488586425781,0.0,0.0,Jet Greaves,Logan Thompson,CG,CG,0,0,0,0,0,0,0,0,0,0,0,0,0,0,0,12,10,13,0,35,12,2,16,0,30,23,20,20,0,63,21,12,23,0,56,0,0,1,0,1,0,1,4,0,5,13,6,6,0,25,9,10,4,0,23,0,2,3,3,374,540,25,34,0.714,1.133,0,0,4,1,0,1301,2299,2685,2685,1,0,0,0,0,0,0,0,0,0,0,0
2025020125,2025-10-24,Capitals,Blue Jackets,Away,RW,8,7,4.305488586425781,4.513081073760986,0.0,0.0,Logan Thompson,Jet Greaves,CG,CG,0,0,0,0,0,0,0,0,1,0,0,0,0,0,0,12,2,16,0,30,12,10,13,0,35,21,12,23,0,56,23,20,20,0,63,0,1,4,0,5,0,0,1,0,1,9,10,4,0,23,13,6,6,0,25,2,0,3,3,540,374,34,25,1.133,0.714,0,0,1,4,1301,0,2299,2685,2685,0,1,0,0,0,0,0,0,0,0,0,0
2025020126,2025-10-24,Jets,Flames,Home,RW,8,9,3.376235246658325,3.317638397216797,0.0,0.0,Eric Comrie,Dustin Wolf,CG,CG,1,0,0,0,0,0,0,0,0,0,0,0,1,0,0,5,16,11,0,32,9,9,15,0,33,20,21,23,0,64,19,12,23,0,54,0,4,1,0,5,1,1,1,0,3,9,9,1,0,19,3,6,7,0,16,2,1,9,6,644,466,30,27,0.938,0.818,1,0,1,0,2016,1201,383,2400,2113,0,42,0,0,0,0,0,0,0,24,287,0
2025020126,2025-10-24,Flames,Jets,Away,RL,9,8,3.317638397216797,3.376235246658325,0.0,0.0,Dustin Wolf,Eric Comrie,CG,CG,0,0,0,0,1,0,0,0,1,1,0,0,0,0,0,9,9,15,0,33,5,16,11,0,32,19,12,23,0,54,20,21,23,0,64,1,1,1,0,3,0,4,1,0,5,3,6,7,0,16,9,9,1,0,19,1,2,6,9,466,644,27,30,0.818,0.938,0,1,0,1,1201,2016,383,2400,2113,42,0,0,0,0,0,0,0,24,0,287,0
2025020127,2025-10-25,Flyers,Islanders,Home,SOW,8,8,2.791240930557251,3.4562735557556152,0.0,0.0,Samuel Ersson,Ilya Sorokin,CG,CG,0,0,0,0,0,0,0,0,0,0,0,0,1,1,0,8,8,9,1,26,4,13,5,4,26,17,17,17,2,53,13,23,15,4,55,0,1,2,0,3,1,1,1,0,3,17,4,8,1,30,8,7,6,3,24,1,0,3,2,298,240,23,23,0.885,0.885,0,0,1,5,0,2114,1786,3337,3037,15,0,0,0,0,0,0,0,0,0,0,300
2025020127,2025-10-25,Islanders,Flyers,Away,SOL,8,8,3.4562735557556152,2.791240930557251,0.0,0.0,Ilya Sorokin,Samuel Ersson,CG,CG,0,0,0,0,0,0,0,0,1,1,1,0,0,0,0,4,13,5,4,26,8,8,9,1,26,13,23,15,4,55,17,17,17,2,53,1,1,1,0,3,0,1,2,0,3,8,7,6,3,24,17,4,8,1,30,0,1,2,3,240,298,23,23,0.885,0.885,0,0,5,1,2114,0,1786,3337,3037,0,15,0,0,0,0,0,0,0,0,0,300
2025020128,2025-10-25,Bruins,Avalanche,Home,RW,10,9,2.3023264408111572,4.195286750793457,0.0,0.0,Jeremy Swayman,Scott Wedgewood,CG,CG,0,0,0,0,0,0,0,0,0,0,0,0,1,0,0,8,7,4,0,19,11,12,10,0,33,26,23,20,0,69,18,17,21,0,56,2,1,0,0,3,1,0,1,0,2,9,8,7,0,24,8,2,5,0,15,0,0,4,3,429,260,31,16,1.632,0.485,0,0,1,2,2705,590,305,2719,2649,19,143,0,0,0,0,0,0,0,0,70,0
2025020128,2025-10-25,Avalanche,Bruins,Away,RL,9,10,4.195286750793457,2.3023264408111572,0.0,0.0,Scott Wedgewood,Jeremy Swayman,CG,CG,0,0,0,0,0,0,0,0,1,1,0,0,0,0,0,11,12,10,0,33,8,7,4,0,19,18,17,21,0,56,26,23,20,0,69,1,0,1,0,2,2,1,0,0,3,8,2,5,0,15,9,8,7,0,24,0,0,3,4,260,429,16,31,0.485,1.632,0,0,2,1,590,2705,305,2719,2649,143,19,0,0,0,0,0,0,0,0,70,0
2025020129,2025-10-25,Lightning,Ducks,Home,RW,8,8,5.423061370849609,2.9904115200042725,0.0,0.0,Jonas Johansson,Lukas Dostal,CG,CG,0,0,0,0,0,0,0,0,1,0,0,0,0,0,0,12,9,12,0,33,15,14,11,0,40,19,25,26,0,70,21,22,24,0,67,1,2,1,0,4,0,1,2,0,3,10,6,5,0,21,5,5,4,0,14,1,0,6,2,547,154,37,29,1.121,0.725,0,0,2,2,2078,0,1522,2815,2774,0,10,0,0,29,0,0,0,0,0,41,0
2025020129,2025-10-25,Ducks,Lightning,Away,RL,8,8,2.9904115200042725,5.423061370849609,0.0,0.0,Lukas Dostal,Jonas Johansson,CG,CG,0,0,0,0,0,0,0,0,0,0,0,0,0,0,0,15,14,11,0,40,12,9,12,0,33,21,22,24,0,67,19,25,26,0,70,0,1,2,0,3,1,2,1,0,4,5,5,4,0,14,10,6,5,0,21,0,1,2,6,154,547,29,37,0.725,1.121,0,0,2,2,0,2078,1522,2815,2774,10,0,0,0,0,29,0,0,0,0,41,0
2025020132,2025-10-25,Maple Leafs,Sabres,Home,OTW,9,9,2.214195728302002,2.3701212406158447,0.0,0.0,Cayden Primeau,Ukko-Pekka Luukkonen,CG,CG,1,0,0,0,1,1,1,0,0,0,0,0,1,0,0,6,11,5,1,23,12,6,7,1,26,23,21,11,2,57,23,13,13,1,50,1,1,1,1,4,1,1,1,0,3,9,7,9,0,25,6,8,6,0,20,0,1,4,4,360,401,23,19,1.0,0.731,0,0,2,2,744,657,2287,2914,2826,0,0,0,0,0,0,0,0,0,0,0,88
2025020132,2025-10-25,Sabres,Maple Leafs,Away,OTL,9,9,2.3701212406158447,2.214195728302002,0.0,0.0,Ukko-Pekka Luukkonen,Cayden Primeau,CG,CG,1,1,1,0,1,0,0,0,1,1,0,0,0,0,0,12,6,7,1,26,6,11,5,1,23,23,13,13,1,50,23,21,11,2,57,1,1,1,0,3,1,1,1,1,4,6,8,6,0,20,9,7,9,0,25,1,0,4,4,401,360,19,23,0.731,1.0,0,0,2,2,657,744,2287,2914,2826,0,0,0,0,0,0,0,0,0,0,0,88
2025020130,2025-10-25,Panthers,Golden Knights,Home,RW,10,8,3.793522357940674,1.6289207935333252,0.0,0.0,Sergei Bobrovsky,Akira Schmid,CG,CG,0,0,0,0,0,0,0,0,1,0,0,0,0,0,0,5,12,9,0,26,7,5,5,0,17,15,26,18,0,59,22,18,20,0,60,1,0,2,0,3,0,0,0,0,0,12,4,8,0,24,12,10,3,0,25,0,0,3,2,367,240,17,23,0.654,1.353,0,0,0,2,2561,0,1039,2988,2988,5,0,0,0,0,0,0,0,0,0,0,0
2025020130,2025-10-25,Golden Knights,Panthers,Away,RL,8,10,1.6289207935333252,3.793522357940674,0.0,0.0,Akira Schmid,Sergei Bobrovsky,CG,CG,0,0,0,0,0,0,0,0,0,0,0,0,0,0,0,7,5,5,0,17,5,12,9,0,26,22,18,20,0,60,15,26,18,0,59,0,0,0,0,0,1,0,2,0,3,12,10,3,0,25,12,4,8,0,24,0,0,2,3,240,367,23,17,1.353,0.654,0,0,2,0,0,2561,1039,2988,2988,0,5,0,0,0,0,0,0,0,0,0,0
2025020131,2025-10-25,Wild,Mammoth,Home,RL,9,9,3.520402669906616,5.450320720672607,0.0,0.0,Filip Gustavsson,Karel Vejmelka,CG,CG,0,0,0,0,0,0,0,0,0,0,0,0,0,0,0,6,9,20,0,35,15,11,15,0,41,14,15,31,0,60,30,21,26,0,77,1,1,0,0,2,3,0,3,0,6,12,8,12,0,32,3,2,7,0,12,1,1,4,1,472,43,35,33,1.0,0.805,0,0,1,0,0,3544,56,3067,2959,6,0,0,0,0,0,0,0,110,0,108,0
2025020131,2025-10-25,Mammoth,Wild,Away,RW,9,9,5.450320720672607,3.520402669906616,0.0,0.0,Karel Vejmelka,Filip Gustavsson,CG,CG,0,0,0,0,0,0,0,0,1,0,0,0,0,0,0,15,11,15,0,41,6,9,20,0,35,30,21,26,0,77,14,15,31,0,60,3,0,3,0,6,1,1,0,0,2,3,2,7,0,12,12,8,12,0,32,1,1,1,4,43,472,33,35,0.805,1.0,0,0,0,1,3544,0,56,3067,2959,0,6,0,0,0,0,0,0,0,110,108,0
2025020133,2025-10-25,Red Wings,Blues,Home,RW,9,8,2.293412923812866,4.144639492034912,0.0,0.0,John Gibson,Jordan Binnington,CG,CG,0,1,0,0,0,0,0,0,0,0,0,0,1,1,1,4,15,9,0,28,13,8,8,0,29,10,27,21,0,58,25,20,18,0,63,0,3,3,0,6,2,2,0,0,4,9,7,2,0,18,8,4,5,0,17,1,2,3,4,327,383,25,22,0.893,0.759,1,0,1,6,552,2538,510,2873,2873,0,17,0,0,0,0,0,0,0,0,0,0
2025020133,2025-10-25,Blues,Red Wings,Away,RL,8,9,4.144639492034912,2.293412923812866,0.0,0.0,Jordan Binnington,John Gibson,CG,CG,0,0,0,0,0,1,0,0,1,1,1,1,0,0,0,13,8,8,0,29,4,15,9,0,28,25,20,18,0,63,10,27,21,0,58,2,2,0,0,4,0,3,3,0,6,8,4,5,0,17,9,7,2,0,18,2,1,4,3,383,327,22,25,0.759,0.893,0,1,6,1,2538,552,510,2873,2873,17,0,0,0,0,0,0,0,0,0,0,0
2025020134,2025-10-25,Penguins,Blue Jackets,Home,SOL,9,8,2.747243881225586,4.209616661071777,0.0,0.0,Arturs Silovs,Elvis Merzlikins,CG,CG,0,0,0,0,1,0,0,0,1,1,0,0,0,0,0,7,8,15,1,31,16,9,13,3,41,15,21,24,2,62,27,19,25,6,77,2,0,2,0,4,1,1,2,0,4,7,5,6,0,18,11,9,4,0,24,1,0,3,2,352,247,37,27,1.194,0.659,0,0,3,3,2063,899,938,3293,2993,0,8,0,0,0,0,0,0,0,0,0,300
2025020134,2025-10-25,Blue Jackets,Penguins,Away,SOW,8,9,4.209616661071777,2.747243881225586,0.0,0.0,Elvis Merzlikins,Arturs Silovs,CG,CG,1,0,0,0,0,0,0,0,0,0,0,0,1,0,0,16,9,13,3,41,7,8,15,1,31,27,19,25,6,77,15,21,24,2,62,1,1,2,0,4,2,0,2,0,4,11,9,4,0,24,7,5,6,0,18,0,1,2,3,247,352,27,37,0.659,1.194,0,0,3,3,899,2063,938,3293,2993,8,0,0,0,0,0,0,0,0,0,0,300
2025020135,2025-10-25,Capitals,Senators,Home,RL,9,9,1.6214747428894043,4.6796112060546875,0.0,0.0,Charlie Lindgren,Linus Ullmark,CG,CG,1,0,0,0,0,0,0,0,0,0,0,0,0,0,0,3,3,7,0,13,8,11,15,0,34,16,10,15,0,41,21,28,21,0,70,0,0,1,0,1,1,3,3,0,7,10,8,10,0,28,6,5,1,0,12,0,3,2,4,240,298,27,12,2.077,0.353,0,0,1,2,0,3482,118,3047,2873,0,0,44,0,0,0,0,0,0,0,174,0
2025020135,2025-10-25,Senators,Capitals,Away,RW,9,9,4.6796112060546875,1.6214747428894043,0.0,0.0,Linus Ullmark,Charlie Lindgren,CG,CG,0,0,0,0,1,0,0,0,1,0,0,0,0,0,0,8,11,15,0,34,3,3,7,0,13,21,28,21,0,70,16,10,15,0,41,1,3,3,0,7,0,0,1,0,1,6,5,1,0,12,10,8,10,0,28,3,0,4,2,298,240,12,27,0.353,2.077,0,0,2,1,3482,0,118,3047,2873,0,0,0,44,0,0,0,0,0,0,174,0
2025020136,2025-10-25,Canucks,Canadiens,Home,RL,9,10,3.4900386333465576,2.8633692264556885,0.0,0.0,Kevin Lankinen,Jakub Dobes,CG,CG,0,0,0,0,0,1,1,0,1,1,1,0,0,0,0,11,10,10,0,31,4,14,6,0,24,22,24,21,0,67,10,32,17,0,59,1,1,1,0,3,0,1,3,0,4,7,7,6,0,20,5,9,2,0,16,1,2,3,3,234,282,20,28,0.645,1.167,0,0,2,2,2228,701,671,2929,2877,153,0,0,0,0,0,0,0,0,0,52,0
2025020136,2025-10-25,Canadiens,Canucks,Away,RW,10,9,2.8633692264556885,3.4900386333465576,0.0,0.0,Jakub Dobes,Kevin Lankinen,CG,CG,0,1,1,0,0,0,0,0,0,0,0,0,1,1,0,4,14,6,0,24,11,10,10,0,31,10,32,17,0,59,22,24,21,0,67,0,1,3,0,4,1,1,1,0,3,5,9,2,0,16,7,7,6,0,20,2,1,3,3,282,234,28,20,1.167,0.645,0,0,2,2,701,2228,671,2929,2877,0,153,0,0,0,0,0,0,0,0,52,0
2025020137,2025-10-25,Predators,Kings,Home,SOW,9,9,2.67273211479187,3.7913055419921875,0.0,0.0,Juuse Saros,Darcy Kuemper,CG,CG,0,0,0,0,0,0,0,0,0,0,0,0,1,0,0,12,4,2,7,25,13,14,12,1,40,15,13,12,10,50,25,22,18,2,67,1,2,1,0,4,1,2,1,0,4,9,7,7,0,23,3,3,5,0,11,0,0,2,3,240,368,36,21,1.44,0.525,0,0,1,2,59,495,3346,3292,3157,0,0,92,45,0,0,0,0,0,0,50,85
2025020137,2025-10-25,Kings,Predators,Away,SOL,9,9,3.7913055419921875,2.67273211479187,0.0,0.0,Darcy Kuemper,Juuse Saros,CG,CG,0,0,0,0,0,0,0,0,1,1,0,0,0,0,0,13,14,12,1,40,12,4,2,7,25,25,22,18,2,67,15,13,12,10,50,1,2,1,0,4,1,2,1,0,4,3,3,5,0,11,9,7,7,0,23,0,0,3,2,368,240,21,36,0.525,1.44,0,0,2,1,495,59,3346,3292,3157,0,0,45,92,0,0,0,0,0,0,50,85
2025020138,2025-10-25,Stars,Hurricanes,Home,RW,8,8,3.5199620723724365,3.054295301437378,0.0,0.0,Jake Oettinger,Brandon Bussi,CG,CG,0,0,0,0,0,0,0,0,0,0,0,0,1,1,0,7,15,12,0,34,7,12,9,0,28,17,27,28,0,72,19,24,18,0,61,0,2,1,0,3,2,0,0,0,2,16,7,7,0,30,11,9,9,0,29,2,0,4,3,322,264,26,31,0.765,1.107,0,0,0,4,522,1287,1791,2890,2824,0,111,17,0,0,0,0,0,0,0,66,0
2025020138,2025-10-25,Hurricanes,Stars,Away,RL,8,8,3.054295301437378,3.5199620723724365,0.0,0.0,Brandon Bussi,Jake Oettinger,CG,CG,0,0,0,0,0,0,0,0,1,1,1,0,0,0,0,7,12,9,0,28,7,15,12,0,34,19,24,18,0,61,17,27,28,0,72,2,0,0,0,2,0,2,1,0,3,11,9,9,0,29,16,7,7,0,30,0,2,3,4,264,322,31,26,1.107,0.765,0,0,4,0,1287,522,1791,2890,2824,111,0,0,17,0,0,0,0,0,0,66,0
2025020139,2025-10-25,Kraken,Oilers,Home,RW,9,9,3.3556675910949707,2.8836584091186523,0.0,0.0,Joey Daccord,Stuart Skinner,CG,CG,0,0,1,0,0,0,0,0,1,0,0,0,0,0,0,11,7,5,0,23,12,9,12,0,33,23,19,16,0,58,22,23,19,0,64,1,1,1,0,3,0,1,1,0,2,4,3,3,0,10,3,8,4,0,15,0,1,3,2,253,92,31,20,1.348,0.606,0,0,3,4,3517,0,83,3188,3088,0,60,0,0,0,0,0,0,0,0,100,0
2025020139,2025-10-25,Oilers,Kraken,Away,RL,9,9,2.8836584091186523,3.3556675910949707,0.0,0.0,Stuart Skinner,Joey Daccord,CG,CG,0,0,0,0,0,0,1,0,0,0,0,0,0,0,0,12,9,12,0,33,11,7,5,0,23,22,23,19,0,64,23,19,16,0,58,0,1,1,0,2,1,1,1,0,3,3,8,4,0,15,4,3,3,0,10,1,0,2,3,92,253,20,31,0.606,1.348,0,0,4,3,0,3517,83,3188,3088,60,0,0,0,0,0,0,0,0,0,100,0
2025020140,2025-10-26,Devils,Avalanche,Home,OTW,9,10,2.9055304527282715,3.1795783042907715,0.0,0.0,Jake Allen,Trent Miner,CG,CG,0,0,1,0,1,1,1,0,1,0,0,0,0,0,0,10,3,9,2,24,10,9,5,0,24,25,18,20,3,66,21,29,15,0,65,2,1,0,1,4,2,0,1,0,3,6,6,8,0,20,6,6,10,0,22,0,0,1,3,58,178,21,20,0.875,0.833,0,0,3,2,1738,0,1975,3473,3302,0,0,0,0,0,0,0,0,0,0,58,113
2025020140,2025-10-26,Avalanche,Devils,Away,OTL,10,9,3.1795783042907715,2.9055304527282715,0.0,0.0,Trent Miner,Jake Allen,CG,CG,1,1,1,0,0,0,1,0,0,0,0,0,0,0,0,10,9,5,0,24,10,3,9,2,24,21,29,15,0,65,25,18,20,3,66,2,0,1,0,3,2,1,0,1,4,6,6,10,0,22,6,6,8,0,20,0,0,3,1,178,58,20,21,0.833,0.875,0,0,2,3,0,1738,1975,3473,3302,0,0,0,0,0,0,0,0,0,0,58,113
2025020141,2025-10-26,Lightning,Golden Knights,Home,OTW,9,9,2.9787354469299316,1.6370532512664795,0.0,0.0,Andrei Vasilevskiy,Carl Lindbom,CG,CG,1,1,0,0,1,0,0,0,1,0,0,0,0,0,0,13,11,3,1,28,6,2,11,0,19,20,25,9,1,55,19,13,18,0,50,1,0,0,1,2,1,0,0,0,1,4,6,9,0,19,12,6,9,0,27,0,0,4,3,520,288,18,26,0.643,1.368,0,0,2,1,812,0,2820,2779,2673,0,0,0,0,0,0,0,0,0,0,74,32
2025020141,2025-10-26,Golden Knights,Lightning,Away,OTL,9,9,1.6370532512664795,2.9787354469299316,0.0,0.0,Carl Lindbom,Andrei Vasilevskiy,CG,CG,1,0,0,0,1,1,0,0,0,0,0,0,0,0,0,6,2,11,0,19,13,11,3,1,28,19,13,18,0,50,20,25,9,1,55,1,0,0,0,1,1,0,0,1,2,12,6,9,0,27,4,6,9,0,19,0,0,3,4,288,520,26,18,1.368,0.643,0,0,1,2,0,812,2820,2779,2673,0,0,0,0,0,0,0,0,0,0,74,32
2025020142,2025-10-26,Wild,Sharks,Home,OTL,10,9,3.6547012329101562,3.0933749675750732,0.0,0.0,Jesper Wallstedt,Yaroslav Askarov,CG,CG,1,0,0,0,0,1,1,0,0,0,0,0,0,0,0,8,6,17,2,33,10,9,5,1,25,19,17,31,4,71,14,19,17,2,52,2,0,3,0,5,2,2,1,1,6,9,6,2,0,17,4,9,9,0,22,2,2,5,2,411,154,19,28,0.576,1.12,0,0,4,0,0,2313,1514,3247,3020,15,0,0,0,0,0,0,0,0,0,0,227
2025020142,2025-10-26,Sharks,Wild,Away,OTW,9,10,3.0933749675750732,3.6547012329101562,0.0,0.0,Yaroslav Askarov,Jesper Wallstedt,CG,CG,0,1,1,0,1,0,0,0,1,0,0,0,0,0,0,10,9,5,1,25,8,6,17,2,33,14,19,17,2,52,19,17,31,4,71,2,2,1,1,6,2,0,3,0,5,4,9,9,0,22,9,6,2,0,17,2,2,2,5,154,411,28,19,1.12,0.576,0,0,0,4,2313,0,1514,3247,3020,0,15,0,0,0,0,0,0,0,0,0,227
2025020143,2025-10-26,Jets,Mammoth,Home,RL,9,10,3.3670849800109863,3.179164409637451,0.0,0.0,Connor Hellebuyck,Vitek Vanecek,CG,CG,0,1,0,0,1,1,1,0,1,1,0,0,0,0,0,8,8,14,0,30,6,16,10,0,32,19,20,20,0,59,14,32,19,0,65,0,2,0,0,2,0,2,1,0,3,11,3,11,0,25,4,5,0,0,9,1,1,1,4,117,400,29,28,0.967,0.875,0,0,2,1,558,578,2464,3055,2945,15,0,0,0,0,0,0,0,0,0,110,0
2025020143,2025-10-26,Mammoth,Jets,Away,RW,10,9,3.179164409637451,3.3670849800109863,0.0,0.0,Vitek Vanecek,Connor Hellebuyck,CG,CG,1,1,1,0,0,1,0,0,0,0,0,0,1,0,0,6,16,10,0,32,8,8,14,0,30,14,32,19,0,65,19,20,20,0,59,0,2,1,0,3,0,2,0,0,2,4,5,0,0,9,11,3,11,0,25,1,1,4,1,400,117,28,29,0.875,0.967,0,0,1,2,578,558,2464,3055,2945,0,15,0,0,0,0,0,0,0,0,110,0
2025020144,2025-10-26,Blackhawks,Kings,Home,RL,9,10,2.17082142829895,2.522322177886963,0.0,0.0,Arvid Soderblom,Anton Forsberg,CG,CG,0,0,0,0,1,1,1,0,1,1,0,0,0,0,0,11,4,8,0,23,6,8,8,0,22,17,12,15,0,44,15,20,13,0,48,1,0,0,0,1,0,2,1,0,3,6,6,12,0,24,7,3,4,0,14,0,0,5,3,483,258,19,22,0.826,1.0,0,0,1,1,986,2106,508,2768,2690,52,0,0,0,0,0,0,0,0,0,78,0
2025020144,2025-10-26,Kings,Blackhawks,Away,RW,10,9,2.522322177886963,2.17082142829895,0.0,0.0,Anton Forsberg,Arvid Soderblom,CG,CG,1,1,1,0,0,0,0,0,0,0,0,0,1,0,0,6,8,8,0,22,11,4,8,0,23,15,20,13,0,48,17,12,15,0,44,0,2,1,0,3,1,0,0,0,1,7,3,4,0,14,6,6,12,0,24,0,0,3,5,258,483,22,19,1.0,0.826,0,0,1,1,2106,986,508,2768,2690,0,52,0,0,0,0,0,0,0,0,78,0
2025020145,2025-10-26,Predators,Stars,Home,RL,10,9,2.8482515811920166,3.3535547256469727,0.0,0.0,Justus Annunen,Casey DeSmith,CG,CG,1,1,1,0,1,1,1,0,1,1,1,0,0,0,0,8,8,9,0,25,6,13,9,0,28,19,16,14,0,49,16,26,20,0,62,1,1,0,0,2,0,2,1,0,3,7,14,8,0,29,9,9,5,0,23,1,1,2,5,91,479,25,23,1.0,0.821,0,0,1,3,1707,556,1337,2893,2875,115,0,0,39,0,41,0,0,0,0,18,0
2025020145,2025-10-26,Stars,Predators,Away,RW,9,10,3.3535547256469727,2.8482515811920166,0.0,0.0,Casey DeSmith,Justus Annunen,CG,CG,1,1,1,0,1,1,1,0,0,0,0,0,1,1,0,6,13,9,0,28,8,8,9,0,25,16,26,20,0,62,19,16,14,0,49,0,2,1,0,3,1,1,0,0,2,9,9,5,0,23,7,14,8,0,29,1,1,5,2,479,91,23,25,0.821,1.0,0,0,3,1,556,1707,1337,2893,2875,0,115,39,0,41,0,0,0,0,0,18,0
2025020146,2025-10-26,Flames,Rangers,Home,RW,10,10,3.9172377586364746,3.0520975589752197,0.0,0.0,Dustin Wolf,Igor Shesterkin,CG,CG,0,0,0,0,0,0,0,0,1,0,0,0,0,0,0,12,11,7,0,30,5,13,13,0,31,26,22,19,0,67,22,26,24,0,72,2,1,2,0,5,1,0,0,0,1,6,6,6,0,18,13,7,8,0,28,0,0,3,1,360,120,30,25,1.0,0.806,0,0,3,2,3498,0,102,3120,3120,0,0,0,0,0,0,0,0,0,0,0,0
2025020146,2025-10-26,Rangers,Flames,Away,RL,10,10,3.0520975589752197,3.9172377586364746,0.0,0.0,Igor Shesterkin,Dustin Wolf,CG,CG,0,0,0,0,0,0,0,0,0,0,0,0,0,0,0,5,13,13,0,31,12,11,7,0,30,22,26,24,0,72,26,22,19,0,67,1,0,0,0,1,2,1,2,0,5,13,7,8,0,28,6,6,6,0,18,0,0,1,3,120,360,25,30,0.806,1.0,0,0,2,3,0,3498,102,3120,3120,0,0,0,0,0,0,0,0,0,0,0,0
2025020147,2025-10-26,Canucks,Oilers,Home,OTW,10,10,2.795363187789917,2.949988603591919,0.0,0.0,Thatcher Demko,Calvin Pickard,CG,CG,1,1,1,0,1,1,1,1,1,0,0,0,0,0,0,8,10,8,1,27,13,7,9,0,29,21,18,18,1,58,21,22,15,1,59,1,2,0,1,4,0,1,2,0,3,3,6,5,0,14,4,6,9,0,19,1,1,2,2,206,147,26,23,0.963,0.793,0,0,1,3,2355,0,1348,3350,3247,0,0,0,0,0,0,0,0,0,0,0,103
2025020147,2025-10-26,Oilers,Canucks,Away,OTL,10,10,2.949988603591919,2.795363187789917,0.0,0.0,Calvin Pickard,Thatcher Demko,CG,CG,1,1,1,1,1,1,1,0,0,0,0,0,0,0,0,13,7,9,0,29,8,10,8,1,27,21,22,15,1,59,21,18,18,1,58,0,1,2,0,3,1,2,0,1,4,4,6,9,0,19,3,6,5,0,14,1,1,2,2,147,206,23,26,0.793,0.963,0,0,3,1,0,2355,1348,3350,3247,0,0,0,0,0,0,0,0,0,0,0,103
2025020148,2025-10-27,Penguins,Blues,Home,RW,10,9,3.2399322986602783,2.8858203887939453,0.0,0.0,Tristan Jarry,Joel Hofer,CG,CG,0,0,0,0,0,0,0,0,1,0,0,0,0,0,0,10,8,8,0,26,8,10,10,0,28,20,15,20,0,55,23,17,18,0,58,2,1,3,0,6,2,0,1,0,3,3,4,2,0,9,9,5,3,0,17,0,0,0,3,0,360,25,20,0.962,0.714,0,0,2,4,2907,0,693,3220,3120,0,0,0,0,0,0,0,0,0,0,100,0
2025020148,2025-10-27,Blues,Penguins,Away,RL,9,10,2.8858203887939453,3.2399322986602783,0.0,0.0,Joel Hofer,Tristan Jarry,CG,CG,0,0,0,0,0,0,0,0,0,0,0,0,0,0,0,8,10,10,0,28,10,8,8,0,26,23,17,18,0,58,20,15,20,0,55,2,0,1,0,3,2,1,3,0,6,9,5,3,0,17,3,4,2,0,9,0,0,3,0,360,0,20,25,0.714,0.962,0,0,4,2,0,2907,693,3220,3120,0,0,0,0,0,0,0,0,0,0,100,0
2025020149,2025-10-27,Senators,Bruins,Home,RW,10,11,3.2337095737457275,2.1154205799102783,0.0,0.0,Leevi Meriläinen,Jeremy Swayman,CG,CG,0,0,0,0,0,0,0,0,0,0,0,0,1,0,0,10,4,9,0,23,9,11,8,0,28,23,15,21,0,59,18,22,15,0,55,1,2,4,0,7,1,0,1,0,2,6,8,5,0,19,9,14,10,0,33,4,0,5,1,266,120,26,16,1.13,0.571,0,0,0,0,2332,439,829,3213,3213,0,1,0,0,0,0,0,0,0,0,0,0
2025020149,2025-10-27,Bruins,Senators,Away,RL,11,10,2.1154205799102783,3.2337095737457275,0.0,0.0,Jeremy Swayman,Leevi Meriläinen,CG,CG,0,0,0,0,0,0,0,0,1,1,0,0,0,0,0,9,11,8,0,28,10,4,9,0,23,18,22,15,0,55,23,15,21,0,59,1,0,1,0,2,1,2,4,0,7,9,14,10,0,33,6,8,5,0,19,0,4,1,5,120,266,16,26,0.571,1.13,0,0,0,0,439,2332,829,3213,3213,1,0,0,0,0,0,0,0,0,0,0,0
2025020150,2025-10-28,Flyers,Penguins,Home,SOW,9,11,3.4807863235473633,1.934470295906067,0.0,0.0,Samuel Ersson,Arturs Silovs,CG,CG,0,0,0,0,1,1,1,0,0,0,0,0,1,0,0,10,14,8,2,34,8,5,9,4,26,21,24,17,4,66,20,8,17,6,51,1,1,0,0,2,1,0,1,0,2,7,6,7,0,20,5,7,3,0,15,1,0,5,4,397,480,24,32,0.706,1.231,0,0,1,1,1751,426,1723,3023,2952,0,0,106,80,0,0,0,0,0,0,22,49
2025020150,2025-10-28,Penguins,Flyers,Away,SOL,11,9,1.934470295906067,3.4807863235473633,0.0,0.0,Arturs Silovs,Samuel Ersson,CG,CG,1,1,1,0,0,0,0,0,1,1,0,0,0,0,0,8,5,9,4,26,10,14,8,2,34,20,8,17,6,51,21,24,17,4,66,1,0,1,0,2,1,1,0,0,2,5,7,3,0,15,7,6,7,0,20,0,1,4,5,480,397,32,24,1.231,0.706,0,0,1,1,426,1751,1723,3023,2952,0,0,80,106,0,0,0,0,0,0,22,49
2025020151,2025-10-28,Maple Leafs,Flames,Home,RW,10,11,3.359264612197876,3.557965040206909,0.0,0.0,Anthony Stolarz,Dustin Wolf,CG,CG,0,0,0,0,0,0,0,0,0,0,0,0,1,0,0,11,16,10,0,37,9,8,12,0,29,21,26,20,0,67,18,15,17,0,50,0,2,2,0,4,1,1,1,0,3,4,9,5,0,18,4,9,7,0,20,1,0,4,3,367,356,26,33,0.703,1.138,0,0,0,3,788,1210,1602,2801,2801,0,71,0,0,0,0,0,0,0,0,0,0
2025020151,2025-10-28,Flames,Maple Leafs,Away,RL,11,10,3.557965040206909,3.359264612197876,0.0,0.0,Dustin Wolf,Anthony Stolarz,CG,CG,0,0,0,0,0,0,0,0,1,1,0,0,0,0,0,9,8,12,0,29,11,16,10,0,37,18,15,17,0,50,21,26,20,0,67,1,1,1,0,3,0,2,2,0,4,4,9,7,0,20,4,9,5,0,18,0,1,3,4,356,367,33,26,1.138,0.703,0,0,3,0,1210,788,1602,2801,2801,71,0,0,0,0,0,0,0,0,0,0,0
2025020155,2025-10-28,Hurricanes,Golden Knights,Home,RL,9,10,1.9260724782943726,4.2235612869262695,0.0,0.0,Frederik Andersen,Akira Schmid,CG,CG,0,0,0,0,0,1,0,0,1,1,0,0,0,0,0,8,7,9,0,24,6,18,11,0,35,14,21,20,0,55,15,32,18,0,65,1,1,1,0,3,2,0,4,0,6,7,5,5,0,17,9,5,8,0,22,1,1,1,4,2,395,29,21,1.208,0.6,0,0,1,5,380,1143,2077,3126,3008,73,2,0,0,0,0,0,0,0,0,118,0
2025020155,2025-10-28,Golden Knights,Hurricanes,Away,RW,10,9,4.2235612869262695,1.9260724782943726,0.0,0.0,Akira Schmid,Frederik Andersen,CG,CG,0,1,0,0,0,0,0,0,0,0,0,0,1,0,0,6,18,11,0,35,8,7,9,0,24,15,32,18,0,65,14,21,20,0,55,2,0,4,0,6,1,1,1,0,3,9,5,8,0,22,7,5,5,0,17,1,1,4,1,395,2,21,29,0.6,1.208,0,0,5,1,1143,380,2077,3126,3008,2,73,0,0,0,0,0,0,0,0,118,0
2025020152,2025-10-28,Sabres,Blue Jackets,Home,OTL,10,9,3.7617154121398926,4.488143444061279,0.0,0.0,Alex Lyon,Jet Greaves,CG,CG,0,0,0,0,0,0,0,0,0,1,0,0,0,0,0,9,12,16,1,38,14,10,13,2,39,16,30,24,1,71,27,21,22,2,72,0,2,1,0,3,1,1,1,1,4,7,4,2,0,13,8,5,10,0,23,0,1,3,1,281,24,35,35,0.921,0.897,0,0,4,1,1007,1530,1236,3468,3295,0,0,0,0,0,0,0,0,0,0,0,173
2025020152,2025-10-28,Blue Jackets,Sabres,Away,OTW,9,10,4.488143444061279,3.7617154121398926,0.0,0.0,Jet Greaves,Alex Lyon,CG,CG,0,0,0,0,0,0,0,0,1,0,0,0,1,0,0,14,10,13,2,39,9,12,16,1,38,27,21,22,2,72,16,30,24,1,71,1,1,1,1,4,0,2,1,0,3,8,5,10,0,23,7,4,2,0,13,1,0,1,3,24,281,35,35,0.897,0.921,0,0,1,4,1530,1007,1236,3468,3295,0,0,0,0,0,0,0,0,0,0,0,173
2025020153,2025-10-28,Panthers,Ducks,Home,SOL,11,9,4.009488105773926,2.284179449081421,0.0,0.0,Daniil Tarasov,Lukas Dostal,CG,CG,0,0,0,0,0,0,0,0,0,0,0,0,0,0,0,12,10,6,5,33,6,7,3,1,17,28,26,16,9,79,14,18,15,2,49,0,0,2,0,2,0,2,0,0,2,12,7,11,0,30,3,8,8,0,19,0,1,5,4,444,480,15,31,0.455,1.824,0,0,6,3,0,1615,2285,2968,2765,8,0,118,0,0,74,0,0,0,0,32,171
2025020153,2025-10-28,Ducks,Panthers,Away,SOW,9,11,2.284179449081421,4.009488105773926,0.0,0.0,Lukas Dostal,Daniil Tarasov,CG,CG,0,0,0,0,0,0,0,0,1,0,0,0,0,0,0,6,7,3,1,17,12,10,6,5,33,14,18,15,2,49,28,26,16,9,79,0,2,0,0,2,0,0,2,0,2,3,8,8,0,19,12,7,11,0,30,1,0,4,5,480,444,31,15,1.824,0.455,0,0,3,6,1615,0,2285,2968,2765,0,8,0,118,74,0,0,0,0,0,32,171
2025020154,2025-10-28,Bruins,Islanders,Home,RW,12,9,2.461285352706909,3.4300262928009033,0.0,0.0,Joonas Korpisalo,Ilya Sorokin,CG,CG,1,1,1,0,0,0,0,0,0,0,0,0,1,1,0,4,11,7,0,22,10,10,15,0,35,15,14,19,0,48,13,20,27,0,60,0,3,2,0,5,2,0,0,0,2,7,8,5,0,20,7,4,2,0,13,2,0,4,4,336,625,33,17,1.5,0.486,1,0,0,1,1932,1541,127,2633,2633,0,6,0,0,0,0,0,0,0,0,0,0
2025020154,2025-10-28,Islanders,Bruins,Away,RL,9,12,3.4300262928009033,2.461285352706909,0.0,0.0,Ilya Sorokin,Joonas Korpisalo,CG,CG,0,0,0,0,1,1,1,0,1,1,1,0,0,0,0,10,10,15,0,35,4,11,7,0,22,13,20,27,0,60,15,14,19,0,48,2,0,0,0,2,0,3,2,0,5,7,4,2,0,13,7,8,5,0,20,0,2,4,4,625,336,17,33,0.486,1.5,0,1,1,0,1541,1932,127,2633,2633,6,0,0,0,0,0,0,0,0,0,0,0
2025020156,2025-10-28,Predators,Lightning,Home,RL,11,10,1.7312980890274048,4.43524694442749,0.0,0.0,Juuse Saros,Andrei Vasilevskiy,CG,CG,0,1,1,0,0,1,1,0,0,0,0,0,0,0,0,8,3,9,0,20,13,13,6,0,32,13,6,12,0,31,22,20,20,0,62,0,0,2,0,2,1,1,3,0,5,7,14,3,0,24,3,4,9,0,16,1,0,4,4,423,522,27,18,1.35,0.562,0,0,1,3,0,2969,631,2614,2552,40,1,66,0,0,0,0,0,0,0,62,0
2025020156,2025-10-28,Lightning,Predators,Away,RW,10,11,4.43524694442749,1.7312980890274048,0.0,0.0,Andrei Vasilevskiy,Juuse Saros,CG,CG,0,1,1,0,0,1,1,0,1,0,0,0,0,0,0,13,13,6,0,32,8,3,9,0,20,22,20,20,0,62,13,6,12,0,31,1,1,3,0,5,0,0,2,0,2,3,4,9,0,16,7,14,3,0,24,0,1,4,4,522,423,18,27,0.562,1.35,0,0,3,1,2969,0,631,2614,2552,1,40,0,66,0,0,0,0,0,0,62,0
2025020157,2025-10-28,Wild,Jets,Home,OTL,11,10,4.287973403930664,2.7768614292144775,0.0,0.0,Filip Gustavsson,Connor Hellebuyck,CG,CG,0,1,0,0,0,0,1,0,0,1,0,0,0,0,0,16,12,7,0,35,9,5,6,1,21,28,21,17,0,66,23,12,22,1,58,0,2,1,0,3,2,0,1,1,4,17,6,5,0,28,10,9,5,0,24,1,0,4,1,344,1,17,32,0.486,1.524,0,0,3,2,467,1256,1923,3277,3103,0,0,0,0,0,0,0,0,0,0,128,46
2025020157,2025-10-28,Jets,Wild,Away,OTW,10,11,2.7768614292144775,4.287973403930664,0.0,0.0,Connor Hellebuyck,Filip Gustavsson,CG,CG,0,0,1,0,0,1,0,0,1,0,0,0,1,0,0,9,5,6,1,21,16,12,7,0,35,23,12,22,1,58,28,21,17,0,66,2,0,1,1,4,0,2,1,0,3,10,9,5,0,24,17,6,5,0,28,0,1,1,4,1,344,32,17,1.524,0.486,0,0,2,3,1256,467,1923,3277,3103,0,0,0,0,0,0,0,0,0,0,128,46
2025020158,2025-10-28,Blues,Red Wings,Home,RL,10,10,2.0388803482055664,3.1946043968200684,0.0,0.0,Jordan Binnington,John Gibson,CG,CG,1,1,1,0,0,0,0,0,1,1,0,0,0,0,0,6,12,4,0,22,7,7,6,0,20,16,19,8,0,43,22,15,20,0,57,1,0,1,0,2,2,2,1,0,5,13,9,9,0,31,7,6,2,0,15,0,1,2,2,264,135,15,20,0.682,1.0,0,0,1,3,674,2436,490,2960,2960,188,0,0,0,0,0,0,0,0,0,0,0
2025020158,2025-10-28,Red Wings,Blues,Away,RW,10,10,3.1946043968200684,2.0388803482055664,0.0,0.0,John Gibson,Jordan Binnington,CG,CG,0,0,0,0,1,1,1,0,0,0,0,0,1,0,0,7,7,6,0,20,6,12,4,0,22,22,15,20,0,57,16,19,8,0,43,2,2,1,0,5,1,0,1,0,2,7,6,2,0,15,13,9,9,0,31,1,0,2,2,135,264,20,15,1.0,0.682,0,0,3,1,2436,674,490,2960,2960,0,188,0,0,0,0,0,0,0,0,0,0
2025020159,2025-10-28,Stars,Capitals,Home,RW,10,10,2.1511943340301514,2.764206647872925,0.0,0.0,Jake Oettinger,Logan Thompson,CG,CG,0,1,1,0,0,0,0,0,1,0,0,0,0,0,0,9,5,5,0,19,8,10,6,0,24,17,16,19,0,52,15,23,18,0,56,0,1,0,0,1,0,0,0,0,0,11,11,8,0,30,9,10,3,0,22,1,0,4,3,383,360,24,18,1.263,0.75,0,0,2,3,2357,0,1243,2760,2760,0,97,0,0,0,0,0,0,0,0,0,0
2025020159,2025-10-28,Capitals,Stars,Away,RL,10,10,2.764206647872925,2.1511943340301514,0.0,0.0,Logan Thompson,Jake Oettinger,CG,CG,0,0,0,0,0,1,1,0,0,0,0,0,0,0,0,8,10,6,0,24,9,5,5,0,19,15,23,18,0,56,17,16,19,0,52,0,0,0,0,0,0,1,0,0,1,9,10,3,0,22,11,11,8,0,30,0,1,3,4,360,383,18,24,0.75,1.263,0,0,3,2,0,2357,1243,2760,2760,97,0,0,0,0,0,0,0,0,0,0,0
2025020160,2025-10-28,Blackhawks,Senators,Home,RW,10,11,2.6262247562408447,1.9040716886520386,0.0,0.0,Spencer Knight,Linus Ullmark,CG,CG,0,0,0,0,1,1,1,0,1,0,0,0,0,0,0,8,5,13,0,26,7,9,8,0,24,18,15,22,0,55,22,22,15,0,59,3,1,3,0,7,0,3,0,0,3,11,14,9,0,34,15,8,9,0,32,1,0,1,4,16,480,21,19,0.808,0.792,1,0,0,2,3193,0,407,3093,3093,0,0,0,0,0,0,0,0,0,8,0,0
2025020160,2025-10-28,Senators,Blackhawks,Away,RL,11,10,1.9040716886520386,2.6262247562408447,0.0,0.0,Linus Ullmark,Spencer Knight,CG,CG,1,1,1,0,0,0,0,0,0,0,0,0,0,0,0,7,9,8,0,24,8,5,13,0,26,22,22,15,0,59,18,15,22,0,55,0,3,0,0,3,3,1,3,0,7,15,8,9,0,32,11,14,9,0,34,0,1,4,1,480,16,19,21,0.792,0.808,0,1,2,0,0,3193,407,3093,3093,0,0,0,0,0,0,0,0,8,0,0,0
2025020161,2025-10-28,Avalanche,Devils,Home,RW,11,10,4.613508224487305,2.823262929916382,0.0,0.0,Scott Wedgewood,Jacob Markstrom,CG,CG,0,1,1,0,0,0,0,0,1,0,0,0,0,0,0,12,17,13,0,42,16,11,3,0,30,22,23,26,0,71,29,19,10,0,58,2,4,2,0,8,0,4,0,0,4,6,6,5,0,17,4,11,11,0,26,4,0,6,2,384,253,26,34,0.619,1.133,0,0,7,3,3516,0,84,2961,2961,0,2,0,0,58,0,0,0,0,0,0,0
2025020161,2025-10-28,Devils,Avalanche,Away,RL,10,11,2.823262929916382,4.613508224487305,0.0,0.0,Jacob Markstrom,Scott Wedgewood,CG,CG,0,0,0,0,0,1,1,0,0,0,0,0,0,0,0,16,11,3,0,30,12,17,13,0,42,29,19,10,0,58,22,23,26,0,71,0,4,0,0,4,2,4,2,0,8,4,11,11,0,26,6,6,5,0,17,0,4,2,6,253,384,34,26,1.133,0.619,0,0,3,7,0,3516,84,2961,2961,2,0,0,0,0,58,0,0,0,0,0,0
2025020162,2025-10-28,Oilers,Mammoth,Home,RW,11,11,3.471538782119751,3.4025986194610596,0.0,0.0,Stuart Skinner,Karel Vejmelka,CG,CG,0,1,1,0,0,1,1,0,0,0,0,0,1,1,0,3,15,6,0,24,9,5,9,0,23,14,23,14,0,51,19,16,18,0,53,0,5,1,0,6,2,1,0,0,3,3,10,6,0,19,5,7,5,0,17,0,0,1,2,120,240,20,18,0.833,0.783,1,0,3,1,1550,1142,908,3227,3227,1,12,0,0,0,0,0,0,0,8,0,0
2025020162,2025-10-28,Mammoth,Oilers,Away,RL,11,11,3.4025986194610596,3.471538782119751,0.0,0.0,Karel Vejmelka,Stuart Skinner,CG,CG,0,1,1,0,0,1,1,0,1,1,1,0,0,0,0,9,5,9,0,23,3,15,6,0,24,19,16,18,0,53,14,23,14,0,51,2,1,0,0,3,0,5,1,0,6,5,7,5,0,17,3,10,6,0,19,0,0,2,1,240,120,18,20,0.783,0.833,0,1,1,3,1142,1550,908,3227,3227,12,1,0,0,0,0,0,0,8,0,0,0
2025020163,2025-10-28,Canucks,Rangers,Home,RL,11,11,2.5047457218170166,3.2949798107147217,0.0,0.0,Thatcher Demko,Jonathan Quick,CG,CG,0,1,1,0,0,0,0,0,0,0,0,0,0,0,0,4,7,12,0,23,7,11,7,0,25,16,13,25,0,54,16,24,15,0,55,0,0,0,0,0,1,0,1,0,2,7,6,6,0,19,9,5,4,0,18,0,0,3,3,282,363,23,23,1.0,0.92,0,0,1,2,0,2552,1048,2836,2836,119,0,0,0,0,0,0,0,42,0,0,0
2025020163,2025-10-28,Rangers,Canucks,Away,RW,11,11,3.2949798107147217,2.5047457218170166,0.0,0.0,Jonathan Quick,Thatcher Demko,CG,CG,0,0,0,0,0,1,1,0,1,0,0,0,0,0,0,7,11,7,0,25,4,7,12,0,23,16,24,15,0,55,16,13,25,0,54,1,0,1,0,2,0,0,0,0,0,9,5,4,0,18,7,6,6,0,19,0,0,3,3,363,282,23,23,0.92,1.0,0,0,2,1,2552,0,1048,2836,2836,0,119,0,0,0,0,0,0,0,42,0,0
2025020164,2025-10-28,Kraken,Canadiens,Home,OTL,10,11,1.8175880908966064,2.8692891597747803,0.0,0.0,Joey Daccord,Jakub Dobes,CG,CG,0,0,0,0,0,0,0,0,0,0,0,0,0,0,0,5,5,11,0,21,7,5,7,2,21,10,11,18,1,40,16,18,14,2,50,0,0,3,0,3,2,0,1,1,4,8,9,5,0,22,10,6,2,0,18,1,2,4,2,457,177,17,18,0.81,0.857,0,0,3,2,0,2872,772,2949,2788,58,0,0,0,0,0,0,0,0,0,117,44
2025020164,2025-10-28,Canadiens,Kraken,Away,OTW,11,10,2.8692891597747803,1.8175880908966064,0.0,0.0,Jakub Dobes,Joey Daccord,CG,CG,0,0,0,0,0,0,0,0,1,0,0,0,0,0,0,7,5,7,2,21,5,5,11,0,21,16,18,14,2,50,10,11,18,1,40,2,0,1,1,4,0,0,3,0,3,10,6,2,0,18,8,9,5,0,22,2,1,2,4,177,457,18,17,0.857,0.81,0,0,2,3,2872,0,772,2949,2788,0,58,0,0,0,0,0,0,0,0,117,44
2025020165,2025-10-28,Sharks,Kings,Home,RL,10,11,3.907634735107422,1.482922911643982,0.0,0.0,Yaroslav Askarov,Darcy Kuemper,CG,CG,0,0,1,0,0,1,1,0,0,0,0,0,0,0,0,7,16,17,0,40,6,4,4,0,14,13,22,31,0,66,18,14,15,0,47,0,2,1,0,3,1,2,1,0,4,7,7,3,0,17,4,7,3,0,14,0,0,5,1,556,120,10,37,0.25,2.643,0,0,4,1,0,2434,1166,2848,2848,76,0,0,0,0,0,0,0,76,0,0,0
2025020165,2025-10-28,Kings,Sharks,Away,RW,11,10,1.482922911643982,3.907634735107422,0.0,0.0,Darcy Kuemper,Yaroslav Askarov,CG,CG,0,1,1,0,0,0,1,0,1,0,0,0,0,0,0,6,4,4,0,14,7,16,17,0,40,18,14,15,0,47,13,22,31,0,66,1,2,1,0,4,0,2,1,0,3,4,7,3,0,14,7,7,3,0,17,0,0,1,5,120,556,37,10,2.643,0.25,0,0,1,4,2434,0,1166,2848,2848,0,76,0,0,0,0,0,0,0,76,0,0
2025020166,2025-10-29,Blue Jackets,Maple Leafs,Home,RW,10,11,2.795215129852295,4.299767017364502,0.0,0.0,Elvis Merzlikins,Cayden Primeau,CG,CG,1,0,1,0,1,0,1,0,1,0,0,0,0,0,0,6,7,11,0,24,9,18,9,0,36,21,16,18,0,55,23,31,21,0,75,2,3,1,0,6,0,1,2,0,3,2,5,0,0,7,8,10,6,0,24,0,0,1,2,147,141,33,18,1.375,0.5,0,0,1,2,3184,0,416,3309,3213,0,0,0,0,0,0,0,0,0,0,96,0
2025020166,2025-10-29,Maple Leafs,Blue Jackets,Away,RL,11,10,4.299767017364502,2.795215129852295,0.0,0.0,Cayden Primeau,Elvis Merzlikins,CG,CG,1,0,1,0,1,0,1,0,0,0,0,0,0,0,0,9,18,9,0,36,6,7,11,0,24,23,31,21,0,75,21,16,18,0,55,0,1,2,0,3,2,3,1,0,6,8,10,6,0,24,2,5,0,0,7,0,0,2,1,141,147,18,33,0.5,1.375,0,0,2,1,0,3184,416,3309,3213,0,0,0,0,0,0,0,0,0,0,96,0
2025020167,2025-10-30,Bruins,Sabres,Home,OTW,13,11,2.7990946769714355,4.563910007476807,0.0,0.0,Joonas Korpisalo,Alex Lyon,CG,CG,0,1,1,0,0,0,0,0,1,0,0,0,0,0,0,5,9,5,3,22,13,16,11,0,40,13,18,13,4,48,24,32,22,2,80,2,1,0,1,4,0,1,2,0,3,3,3,6,0,12,11,9,5,0,25,1,1,4,6,496,564,37,18,1.682,0.45,0,0,2,2,2478,0,1249,2648,2597,0,2,76,0,0,0,0,0,0,0,14,37
2025020167,2025-10-30,Sabres,Bruins,Away,OTL,11,13,4.563910007476807,2.7990946769714355,0.0,0.0,Alex Lyon,Joonas Korpisalo,CG,CG,0,0,0,0,0,1,1,0,0,0,0,0,0,0,0,13,16,11,0,40,5,9,5,3,22,24,32,22,2,80,13,18,13,4,48,0,1,2,0,3,2,1,0,1,4,11,9,5,0,25,3,3,6,0,12,1,1,6,4,564,496,18,37,0.45,1.682,0,0,2,2,0,2478,1249,2648,2597,2,0,0,76,0,0,0,0,0,0,14,37
2025020168,2025-10-30,Senators,Flames,Home,SOW,12,12,3.644390106201172,2.71681547164917,0.0,0.0,Linus Ullmark,Devin Cooley,CG,CG,0,1,1,0,0,0,0,0,0,0,0,0,1,0,0,13,10,8,7,38,11,9,8,1,29,21,24,21,10,76,18,11,11,3,43,1,0,2,0,3,2,0,1,0,3,4,5,6,1,16,7,2,6,2,17,0,2,4,3,438,394,26,35,0.684,1.207,0,0,3,0,0,2244,1656,3051,2723,0,1,120,0,0,0,0,0,0,0,150,178
2025020168,2025-10-30,Flames,Senators,Away,SOL,12,12,2.71681547164917,3.644390106201172,0.0,0.0,Devin Cooley,Linus Ullmark,CG,CG,0,0,0,0,0,1,1,0,1,1,0,0,0,0,0,11,9,8,1,29,13,10,8,7,38,18,11,11,3,43,21,24,21,10,76,2,0,1,0,3,1,0,2,0,3,7,2,6,2,17,4,5,6,1,16,2,0,3,4,394,438,35,26,1.207,0.684,0,0,0,3,2244,0,1656,3051,2723,1,0,0,120,0,0,0,0,0,0,150,178
2025020169,2025-10-30,Lightning,Stars,Home,OTW,11,11,4.494405269622803,2.169172525405884,0.0,0.0,Andrei Vasilevskiy,Jake Oettinger,CG,CG,0,0,1,0,0,0,1,0,1,0,0,0,0,0,0,11,11,8,3,33,6,4,10,1,21,24,26,20,3,73,16,9,16,1,42,0,1,0,1,2,0,0,1,0,1,8,3,10,0,21,16,8,6,0,30,1,0,4,3,463,299,20,31,0.606,1.476,0,0,6,0,421,0,3335,2994,2838,0,0,0,0,0,26,0,0,0,0,0,156
2025020169,2025-10-30,Stars,Lightning,Away,OTL,11,11,2.169172525405884,4.494405269622803,0.0,0.0,Jake Oettinger,Andrei Vasilevskiy,CG,CG,0,0,1,0,0,0,1,0,0,0,0,0,0,0,0,6,4,10,1,21,11,11,8,3,33,16,9,16,1,42,24,26,20,3,73,0,0,1,0,1,0,1,0,1,2,16,8,6,0,30,8,3,10,0,21,0,1,3,4,299,463,31,20,1.476,0.606,0,0,0,6,0,421,3335,2994,2838,0,0,0,0,26,0,0,0,0,0,0,156
2025020170,2025-10-30,Flyers,Predators,Home,RW,10,12,1.9610519409179688,3.26908540725708,0.0,0.0,Dan Vladar,Juuse Saros,CG,CG,0,0,0,0,0,0,1,0,1,0,0,0,0,0,0,3,8,7,0,18,10,14,9,0,33,15,23,16,0,54,22,22,16,0,60,0,2,2,0,4,0,1,0,0,1,3,8,10,0,21,9,5,7,0,21,1,0,1,3,3,285,32,14,1.778,0.424,1,0,2,4,1635,0,1965,3245,3182,3,41,0,0,0,0,0,0,0,3,63,0
2025020170,2025-10-30,Predators,Flyers,Away,RL,12,10,3.26908540725708,1.9610519409179688,0.0,0.0,Juuse Saros,Dan Vladar,CG,CG,0,0,1,0,0,0,0,0,0,0,0,0,0,0,0,10,14,9,0,33,3,8,7,0,18,22,22,16,0,60,15,23,16,0,54,0,1,0,0,1,0,2,2,0,4,9,5,7,0,21,3,8,10,0,21,0,1,3,1,285,3,14,32,0.424,1.778,0,1,4,2,0,1635,1965,3245,3182,41,3,0,0,0,0,0,0,3,0,63,0
2025020171,2025-10-30,Hurricanes,Islanders,Home,RW,10,10,6.675718784332275,2.580928087234497,0.0,0.0,Brandon Bussi,David Rittich,CG,CG,0,0,0,0,0,0,0,0,1,0,0,0,0,0,0,11,11,12,0,34,15,7,6,0,28,23,19,27,0,69,25,20,13,0,58,3,0,3,0,6,1,0,1,0,2,6,7,6,0,19,13,11,6,0,30,0,1,1,4,120,432,26,28,0.765,1.0,0,0,3,2,3447,0,153,3038,2808,0,0,0,0,0,0,0,0,0,0,230,0
2025020171,2025-10-30,Islanders,Hurricanes,Away,RL,10,10,2.580928087234497,6.675718784332275,0.0,0.0,David Rittich,Brandon Bussi,CG,CG,0,0,0,0,0,0,0,0,0,0,0,0,0,0,0,15,7,6,0,28,11,11,12,0,34,25,20,13,0,58,23,19,27,0,69,1,0,1,0,2,3,0,3,0,6,13,11,6,0,30,6,7,6,0,19,1,0,4,1,432,120,28,26,1.0,0.765,0,0,2,3,0,3447,153,3038,2808,0,0,0,0,0,0,0,0,0,0,230,0
2025020172,2025-10-30,Blues,Canucks,Home,SOL,11,12,3.8296191692352295,1.9137616157531738,0.0,0.0,Jordan Binnington,Kevin Lankinen,CG,CG,0,1,1,0,0,0,1,0,1,1,0,0,0,0,0,10,11,16,2,39,9,4,5,0,18,20,21,30,4,75,15,14,15,3,47,1,1,1,0,3,1,1,1,0,3,7,4,6,0,17,9,7,5,0,21,2,1,3,3,391,311,15,36,0.385,2.0,0,0,2,2,1169,224,2507,3162,2862,36,0,0,0,0,0,0,0,0,0,0,300
2025020172,2025-10-30,Canucks,Blues,Away,SOW,12,11,1.9137616157531738,3.8296191692352295,0.0,0.0,Kevin Lankinen,Jordan Binnington,CG,CG,0,0,1,0,0,1,1,0,0,0,0,0,1,0,0,9,4,5,0,18,10,11,16,2,39,15,14,15,3,47,20,21,30,4,75,1,1,1,0,3,1,1,1,0,3,9,7,5,0,21,7,4,6,0,17,1,2,3,3,311,391,36,15,2.0,0.385,0,0,2,2,224,1169,2507,3162,2862,0,36,0,0,0,0,0,0,0,0,0,300
2025020173,2025-10-30,Wild,Penguins,Home,RL,12,12,3.061581611633301,3.30552077293396,0.0,0.0,Filip Gustavsson,Tristan Jarry,CG,CG,0,0,1,0,0,1,1,0,1,1,0,0,0,0,0,13,6,8,0,27,6,12,16,0,34,20,18,15,0,53,12,21,31,0,64,1,0,0,0,1,0,1,3,0,4,6,9,8,0,23,12,4,7,0,23,0,1,4,1,480,13,30,26,1.111,0.765,0,0,2,1,722,811,2067,3103,3103,4,0,0,0,0,0,0,0,0,0,0,0
2025020173,2025-10-30,Penguins,Wild,Away,RW,12,12,3.30552077293396,3.061581611633301,0.0,0.0,Tristan Jarry,Filip Gustavsson,CG,CG,0,1,1,0,0,0,1,0,0,0,0,0,1,0,0,6,12,16,0,34,13,6,8,0,27,12,21,31,0,64,20,18,15,0,53,0,1,3,0,4,1,0,0,0,1,12,4,7,0,23,6,9,8,0,23,1,0,1,4,13,480,26,30,0.765,1.111,0,0,1,2,811,722,2067,3103,3103,0,4,0,0,0,0,0,0,0,0,0,0
2025020174,2025-10-30,Jets,Blackhawks,Home,RW,11,11,3.847557783126831,3.1418373584747314,0.0,0.0,Connor Hellebuyck,Spencer Knight,CG,CG,0,0,0,0,0,0,0,0,1,0,0,0,0,0,0,7,11,14,0,32,7,7,10,0,24,18,19,22,0,59,16,15,20,0,51,2,2,2,0,6,1,0,2,0,3,5,6,7,0,18,4,7,5,0,16,1,0,3,3,240,360,21,26,0.656,1.083,0,0,1,2,3019,0,581,3000,3000,0,0,0,0,0,0,0,0,0,0,0,0
2025020174,2025-10-30,Blackhawks,Jets,Away,RL,11,11,3.1418373584747314,3.847557783126831,0.0,0.0,Spencer Knight,Connor Hellebuyck,CG,CG,0,0,0,0,0,0,0,0,0,0,0,0,0,0,0,7,7,10,0,24,7,11,14,0,32,16,15,20,0,51,18,19,22,0,59,1,0,2,0,3,2,2,2,0,6,4,7,5,0,16,5,6,7,0,18,0,1,3,3,360,240,26,21,1.083,0.656,0,0,2,1,0,3019,581,3000,3000,0,0,0,0,0,0,0,0,0,0,0,0
2025020175,2025-10-30,Oilers,Rangers,Home,OTL,12,12,3.2866456508636475,3.612889289855957,0.0,0.0,Stuart Skinner,Igor Shesterkin,CG,CG,0,0,1,0,0,0,0,0,0,1,1,0,0,0,0,10,14,9,3,36,16,8,10,1,35,14,26,15,3,58,29,15,19,3,66,1,2,0,0,3,1,0,2,1,4,6,5,6,0,17,7,5,6,0,18,1,0,3,2,362,240,31,33,0.861,0.943,0,0,1,1,1396,67,2306,3167,3079,0,0,81,0,0,0,0,0,0,0,3,85
2025020175,2025-10-30,Rangers,Oilers,Away,OTW,12,12,3.612889289855957,3.2866456508636475,0.0,0.0,Igor Shesterkin,Stuart Skinner,CG,CG,0,0,0,0,0,0,1,0,1,0,0,0,1,1,0,16,8,10,1,35,10,14,9,3,36,29,15,19,3,66,14,26,15,3,58,1,0,2,1,4,1,2,0,0,3,7,5,6,0,18,6,5,6,0,17,0,1,2,3,240,362,33,31,0.943,0.861,0,0,1,1,67,1396,2306,3167,3079,0,0,0,81,0,0,0,0,0,0,3,85
2025020176,2025-10-30,Sharks,Devils,Home,RW,11,11,3.3009121417999268,1.807755947113037,0.0,0.0,Alex Nedeljkovic,Jake Allen,CG,CG,0,0,0,0,0,0,0,0,1,0,0,0,0,0,0,15,13,0,0,28,9,13,9,0,31,25,23,15,0,63,19,19,14,0,52,3,2,0,0,5,1,0,1,0,2,4,6,6,0,16,10,12,8,0,30,0,2,2,3,206,207,29,23,1.036,0.742,0,0,0,1,3558,0,42,3153,3153,0,0,0,0,0,0,0,0,0,0,0,0
2025020176,2025-10-30,Devils,Sharks,Away,RL,11,11,1.807755947113037,3.3009121417999268,0.0,0.0,Jake Allen,Alex Nedeljkovic,CG,CG,0,0,0,0,0,0,0,0,0,0,0,0,0,0,0,9,13,9,0,31,15,13,0,0,28,19,19,14,0,52,25,23,15,0,63,1,0,1,0,2,3,2,0,0,5,10,12,8,0,30,4,6,6,0,16,2,0,3,2,207,206,23,29,0.742,1.036,0,0,1,0,0,3558,42,3153,3153,0,0,0,0,0,0,0,0,0,0,0,0
2025020177,2025-10-30,Kings,Red Wings,Home,SOL,12,11,4.189298629760742,3.2265515327453613,0.0,0.0,Darcy Kuemper,Cam Talbot,CG,CG,0,0,1,0,0,0,0,0,1,1,0,0,0,0,0,10,14,9,6,39,6,13,8,0,27,21,28,24,9,82,16,27,16,1,60,0,1,2,0,3,0,2,1,0,3,5,9,3,0,17,3,2,6,0,11,0,2,4,3,470,271,24,36,0.615,1.333,0,0,4,1,43,1361,2496,3123,2943,36,0,115,0,3,0,0,0,0,0,2,178
2025020177,2025-10-30,Red Wings,Kings,Away,SOW,11,12,3.2265515327453613,4.189298629760742,0.0,0.0,Cam Talbot,Darcy Kuemper,CG,CG,0,0,0,0,0,0,1,0,0,0,0,0,1,0,0,6,13,8,0,27,10,14,9,6,39,16,27,16,1,60,21,28,24,9,82,0,2,1,0,3,0,1,2,0,3,3,2,6,0,11,5,9,3,0,17,2,0,3,4,271,470,36,24,1.333,0.615,0,0,1,4,1361,43,2496,3123,2943,0,36,0,115,0,3,0,0,0,0,2,178
2025020178,2025-10-31,Golden Knights,Avalanche,Home,RL,11,12,2.139000415802002,3.704832077026367,0.0,0.0,Carl Lindbom,Scott Wedgewood,CG,CG,0,0,0,0,0,0,0,0,0,0,0,0,0,0,0,9,7,7,0,23,10,10,6,0,26,18,16,18,0,52,21,25,20,0,66,0,0,2,0,2,1,1,2,0,4,4,6,4,0,14,8,4,4,0,16,1,0,6,2,565,136,22,21,0.957,0.808,0,0,0,2,0,3559,41,2882,2828,7,0,40,0,16,0,0,0,0,0,54,0
2025020178,2025-10-31,Avalanche,Golden Knights,Away,RW,12,11,3.704832077026367,2.139000415802002,0.0,0.0,Scott Wedgewood,Carl Lindbom,CG,CG,0,0,0,0,0,0,0,0,1,0,0,0,0,0,0,10,10,6,0,26,9,7,7,0,23,21,25,20,0,66,18,16,18,0,52,1,1,2,0,4,0,0,2,0,2,8,4,4,0,16,4,6,4,0,14,0,1,2,6,136,565,21,22,0.808,0.957,0,0,2,0,3559,0,41,2882,2828,0,7,0,40,0,16,0,0,0,0,54,0
2025020179,2025-10-31,Capitals,Islanders,Home,RL,11,11,2.488490343093872,3.4365761280059814,0.0,0.0,Logan Thompson,Ilya Sorokin,CG,CG,0,0,0,0,1,1,0,0,1,1,0,0,0,0,0,13,6,4,0,23,6,10,7,0,23,20,15,13,0,48,20,17,21,0,58,0,1,0,0,1,0,1,2,0,3,3,4,7,0,14,6,2,4,0,12,0,0,4,5,405,525,20,22,0.87,0.957,0,0,1,2,610,931,2059,2648,2595,0,0,0,0,0,0,0,0,0,0,53,0
2025020179,2025-10-31,Islanders,Capitals,Away,RW,11,11,3.4365761280059814,2.488490343093872,0.0,0.0,Ilya Sorokin,Logan Thompson,CG,CG,1,1,0,0,0,0,0,0,0,0,0,0,1,0,0,6,10,7,0,23,13,6,4,0,23,20,17,21,0,58,20,15,13,0,48,0,1,2,0,3,0,1,0,0,1,6,2,4,0,12,3,4,7,0,14,0,0,5,4,525,405,22,20,0.957,0.87,0,0,2,1,931,610,2059,2648,2595,0,0,0,0,0,0,0,0,0,0,53,0
2025020180,2025-10-31,Ducks,Red Wings,Home,RW,10,12,4.096660614013672,3.303361415863037,0.0,0.0,Lukas Dostal,John Gibson,CG,CG,0,0,0,0,1,1,0,0,1,0,0,0,0,0,0,12,9,11,0,32,6,15,9,0,30,18,20,20,0,58,17,26,18,0,61,2,1,2,0,5,1,1,0,0,2,11,6,4,0,21,2,6,8,0,16,1,1,6,7,320,662,28,27,0.875,0.9,0,0,3,1,3062,0,538,2516,2474,0,0,34,0,0,0,0,0,0,0,42,0
2025020180,2025-10-31,Red Wings,Ducks,Away,RL,12,10,3.303361415863037,4.096660614013672,0.0,0.0,John Gibson,Lukas Dostal,CG,CG,1,1,0,0,0,0,0,0,0,0,0,0,0,0,0,6,15,9,0,30,12,9,11,0,32,17,26,18,0,61,18,20,20,0,58,1,1,0,0,2,2,1,2,0,5,2,6,8,0,16,11,6,4,0,21,1,1,7,6,662,320,27,28,0.9,0.875,0,0,1,3,0,3062,538,2516,2474,0,0,0,34,0,0,0,0,0,0,42,0
2025020181,2025-11-01,Bruins,Hurricanes,Home,RW,14,11,3.738741397857666,2.2502126693725586,0.0,0.0,Jeremy Swayman,Frederik Andersen,CG,CG,0,0,1,0,0,0,0,0,1,0,0,0,0,0,0,11,6,5,0,22,9,9,11,0,29,21,23,15,0,59,21,15,19,0,55,0,0,2,0,2,0,0,1,0,1,10,8,8,0,26,6,8,7,0,21,0,0,1,1,120,120,28,20,1.273,0.69,0,0,2,2,1113,0,2487,3294,3294,0,66,0,0,0,0,0,0,0,0,0,0
2025020181,2025-11-01,Hurricanes,Bruins,Away,RL,11,14,2.2502126693725586,3.738741397857666,0.0,0.0,Frederik Andersen,Jeremy Swayman,CG,CG,0,0,0,0,0,0,1,0,0,0,0,0,0,0,0,9,9,11,0,29,11,6,5,0,22,21,15,19,0,55,21,23,15,0,59,0,0,1,0,1,0,0,2,0,2,6,8,7,0,21,10,8,8,0,26,0,0,1,1,120,120,20,28,0.69,1.273,0,0,2,2,0,1113,2487,3294,3294,66,0,0,0,0,0,0,0,0,0,0,0
2025020182,2025-11-01,Jets,Penguins,Home,RW,12,13,3.9798707962036133,3.1938371658325195,0.0,0.0,Eric Comrie,Arturs Silovs,CG,CG,0,0,0,0,0,0,1,0,1,0,0,0,0,0,0,8,12,14,0,34,11,11,8,0,30,20,21,22,0,63,19,18,23,0,60,2,2,1,0,5,0,1,1,0,2,12,5,12,0,29,8,5,5,0,18,0,1,5,3,360,145,28,29,0.824,0.967,1,0,4,1,3585,0,15,3066,3066,0,29,0,0,0,0,0,0,0,0,0,0
2025020182,2025-11-01,Penguins,Jets,Away,RL,13,12,3.1938371658325195,3.9798707962036133,0.0,0.0,Arturs Silovs,Eric Comrie,CG,CG,0,0,1,0,0,0,0,0,0,0,0,0,0,0,0,11,11,8,0,30,8,12,14,0,34,19,18,23,0,60,20,21,22,0,63,0,1,1,0,2,2,2,1,0,5,8,5,5,0,18,12,5,12,0,29,1,0,3,5,145,360,29,28,0.967,0.824,0,1,1,4,0,3585,15,3066,3066,29,0,0,0,0,0,0,0,0,0,0,0
2025020183,2025-11-01,Predators,Flames,Home,RW,13,13,3.1775963306427,2.774040460586548,0.0,0.0,Juuse Saros,Dustin Wolf,CG,IG,0,0,0,0,0,0,0,0,1,0,0,0,0,0,0,11,7,6,0,24,15,11,9,0,35,22,17,13,0,52,26,20,23,0,69,3,0,1,0,4,0,0,2,0,2,3,6,4,0,13,6,9,3,0,18,1,0,4,2,434,240,33,20,1.375,0.571,1,0,3,1,2971,0,629,2876,2773,0,33,0,0,0,0,0,0,0,0,103,0
2025020183,2025-11-01,Flames,Predators,Away,RL,13,13,2.774040460586548,3.1775963306427,0.0,0.0,Dustin Wolf,Juuse Saros,IG,CG,0,0,0,0,0,0,0,0,0,0,0,0,0,0,0,15,11,9,0,35,11,7,6,0,24,26,20,23,0,69,22,17,13,0,52,0,0,2,0,2,3,0,1,0,4,6,9,3,0,18,3,6,4,0,13,0,1,2,4,240,434,20,33,0.571,1.375,0,1,1,3,0,2971,629,2876,2773,33,0,0,0,0,0,0,0,0,0,103,0
2025020184,2025-11-01,Sharks,Avalanche,Home,OTW,12,13,1.9274898767471313,4.487994194030762,0.0,0.0,Yaroslav Askarov,Mackenzie Blackwood,CG,CG,0,0,0,0,1,0,0,0,0,0,0,0,1,0,0,6,5,9,3,23,15,16,7,1,39,14,13,14,3,44,25,27,22,1,75,1,1,0,1,3,1,1,0,0,2,7,7,2,0,16,3,6,4,0,13,0,0,3,2,360,240,37,20,1.609,0.513,0,0,2,3,303,1071,2334,3108,3000,0,0,0,0,0,0,0,0,0,0,0,108
2025020184,2025-11-01,Avalanche,Sharks,Away,OTL,13,12,4.487994194030762,1.9274898767471313,0.0,0.0,Mackenzie Blackwood,Yaroslav Askarov,CG,CG,1,0,0,0,0,0,0,0,1,1,0,0,0,0,0,15,16,7,1,39,6,5,9,3,23,25,27,22,1,75,14,13,14,3,44,1,1,0,0,2,1,1,0,1,3,3,6,4,0,13,7,7,2,0,16,0,0,2,3,240,360,20,37,0.513,1.609,0,0,3,2,1071,303,2334,3108,3000,0,0,0,0,0,0,0,0,0,0,0,108
2025020185,2025-11-01,Panthers,Stars,Home,SOW,12,12,3.1513876914978027,2.061753034591675,0.0,0.0,Sergei Bobrovsky,Casey DeSmith,CG,CG,0,0,0,0,0,0,0,0,1,0,0,0,0,0,0,6,12,7,3,28,5,7,5,5,22,14,23,13,7,57,13,14,19,6,52,0,2,1,0,3,0,2,1,0,3,10,7,9,0,26,11,7,3,0,21,0,2,1,2,120,206,19,25,0.679,1.136,0,0,3,2,1086,0,2814,3563,3263,0,11,0,0,0,0,0,0,0,0,0,300
2025020185,2025-11-01,Stars,Panthers,Away,SOL,12,12,2.061753034591675,3.1513876914978027,0.0,0.0,Casey DeSmith,Sergei Bobrovsky,CG,CG,0,0,0,0,0,0,0,0,0,0,0,0,0,0,0,5,7,5,5,22,6,12,7,3,28,13,14,19,6,52,14,23,13,7,57,0,2,1,0,3,0,2,1,0,3,11,7,3,0,21,10,7,9,0,26,2,0,2,1,206,120,25,19,1.136,0.679,0,0,2,3,0,1086,2814,3563,3263,11,0,0,0,0,0,0,0,0,0,0,300
2025020186,2025-11-01,Sabres,Capitals,Home,SOW,12,12,2.8387606143951416,3.2359509468078613,0.0,0.0,Ukko-Pekka Luukkonen,Charlie Lindgren,CG,CG,0,0,0,0,1,0,0,0,0,0,0,0,1,1,0,10,7,6,1,24,9,15,5,5,34,23,17,13,3,56,18,25,13,7,63,3,0,0,0,3,2,1,0,0,3,9,6,7,0,22,7,9,1,0,17,0,0,3,5,360,480,31,21,1.292,0.618,0,0,2,2,1232,535,2133,2986,2548,4,0,0,0,0,0,0,0,0,0,138,300
2025020186,2025-11-01,Capitals,Sabres,Away,SOL,12,12,3.2359509468078613,2.8387606143951416,0.0,0.0,Charlie Lindgren,Ukko-Pekka Luukkonen,CG,CG,1,0,0,0,0,0,0,0,1,1,1,0,0,0,0,9,15,5,5,34,10,7,6,1,24,18,25,13,7,63,23,17,13,3,56,2,1,0,0,3,3,0,0,0,3,7,9,1,0,17,9,6,7,0,22,0,0,5,3,480,360,21,31,0.618,1.292,0,0,2,2,535,1232,2133,2986,2548,0,4,0,0,0,0,0,0,0,0,138,300
2025020187,2025-11-01,Canadiens,Senators,Home,OTW,12,13,3.6083898544311523,2.129380226135254,0.0,0.0,Sam Montembeault,Linus Ullmark,CG,CG,0,0,0,0,0,0,1,0,1,0,0,0,1,0,0,9,7,9,2,27,5,7,5,0,17,25,19,14,2,60,17,17,12,0,46,2,0,1,1,4,0,2,1,0,3,15,6,6,0,27,10,10,7,0,27,1,0,3,3,153,194,14,23,0.519,1.353,0,0,2,0,1964,310,1426,3247,2994,0,0,0,0,0,0,0,0,0,0,153,100
2025020187,2025-11-01,Senators,Canadiens,Away,OTL,13,12,2.129380226135254,3.6083898544311523,0.0,0.0,Linus Ullmark,Sam Montembeault,CG,CG,0,0,1,0,0,0,0,0,0,1,0,0,0,0,0,5,7,5,0,17,9,7,9,2,27,17,17,12,0,46,25,19,14,2,60,0,2,1,0,3,2,0,1,1,4,10,10,7,0,27,15,6,6,0,27,0,1,3,3,194,153,23,14,1.353,0.519,0,0,0,2,310,1964,1426,3247,2994,0,0,0,0,0,0,0,0,0,0,153,100
2025020188,2025-11-01,Flyers,Maple Leafs,Home,RL,11,12,3.6326749324798584,3.192035436630249,0.0,0.0,Dan Vladar,Anthony Stolarz,IG,CG,0,0,0,0,0,0,0,0,1,1,0,0,0,0,0,7,7,19,0,33,6,12,9,0,27,21,20,24,0,65,15,22,20,0,57,1,0,1,0,2,1,2,2,0,5,5,9,3,0,17,7,6,7,0,20,1,0,6,2,617,360,22,31,0.667,1.148,0,0,5,1,307,1906,1387,2553,2553,70,0,0,0,0,0,0,0,61,0,0,0
2025020188,2025-11-01,Maple Leafs,Flyers,Away,RW,12,11,3.192035436630249,3.6326749324798584,0.0,0.0,Anthony Stolarz,Dan Vladar,CG,IG,0,0,0,0,0,0,0,0,0,0,0,0,1,0,0,6,12,9,0,27,7,7,19,0,33,15,22,20,0,57,21,20,24,0,65,1,2,2,0,5,1,0,1,0,2,7,6,7,0,20,5,9,3,0,17,0,1,2,6,360,617,31,22,1.148,0.667,0,0,1,5,1906,307,1387,2553,2553,0,70,0,0,0,0,0,0,0,61,0,0
2025020189,2025-11-01,Blue Jackets,Blues,Home,RW,11,12,3.45102596282959,3.9146909713745117,0.0,0.0,Jet Greaves,Joel Hofer,CG,CG,0,0,0,0,0,0,1,0,0,0,0,0,1,0,0,17,10,8,0,35,14,7,18,0,39,25,18,15,0,58,23,16,30,0,69,1,1,1,0,3,1,0,1,0,2,3,6,5,0,14,10,4,7,0,21,1,0,3,2,265,240,37,32,1.057,0.821,0,0,2,2,1685,61,1854,2903,2903,0,128,0,0,0,0,0,0,0,0,0,0
2025020189,2025-11-01,Blues,Blue Jackets,Away,RL,12,11,3.9146909713745117,3.45102596282959,0.0,0.0,Joel Hofer,Jet Greaves,CG,CG,0,0,1,0,0,0,0,0,1,1,0,0,0,0,0,14,7,18,0,39,17,10,8,0,35,23,16,30,0,69,25,18,15,0,58,1,0,1,0,2,1,1,1,0,3,10,4,7,0,21,3,6,5,0,14,0,1,2,3,240,265,32,37,0.821,1.057,0,0,2,2,61,1685,1854,2903,2903,128,0,0,0,0,0,0,0,0,0,0,0
2025020190,2025-11-01,Wild,Canucks,Home,RW,13,13,3.528249740600586,2.4485933780670166,0.0,0.0,Filip Gustavsson,Thatcher Demko,CG,CG,0,0,0,0,0,0,0,0,1,0,0,0,0,0,0,6,14,8,0,28,4,12,12,0,28,16,23,22,0,61,11,24,24,0,59,1,1,3,0,5,0,1,1,0,2,10,9,7,0,26,9,6,7,0,22,1,0,3,3,279,344,26,23,0.929,0.821,1,0,1,2,2152,0,1448,2931,2815,1,41,0,0,0,0,0,0,0,0,116,0
2025020190,2025-11-01,Canucks,Wild,Away,RL,13,13,2.4485933780670166,3.528249740600586,0.0,0.0,Thatcher Demko,Filip Gustavsson,CG,CG,0,0,0,0,0,0,0,0,0,0,0,0,0,0,0,4,12,12,0,28,6,14,8,0,28,11,24,24,0,59,16,23,22,0,61,0,1,1,0,2,1,1,3,0,5,9,6,7,0,22,10,9,7,0,26,0,1,3,3,344,279,23,26,0.821,0.929,0,1,2,1,0,2152,1448,2931,2815,41,1,0,0,0,0,0,0,0,0,116,0
2025020191,2025-11-01,Kings,Devils,Home,RL,13,12,2.78116774559021,2.399399995803833,0.0,0.0,Darcy Kuemper,Jacob Markstrom,CG,CG,0,0,0,0,0,0,0,0,0,0,0,0,0,0,0,14,18,12,0,44,8,11,3,0,22,27,30,21,0,78,19,23,20,0,62,0,0,1,0,1,1,1,2,0,4,4,3,3,0,10,6,5,1,0,12,0,0,4,0,480,0,18,43,0.409,1.955,0,0,2,1,0,3518,82,3060,3060,60,0,0,0,0,0,0,0,38,0,0,0
2025020191,2025-11-01,Devils,Kings,Away,RW,12,13,2.399399995803833,2.78116774559021,0.0,0.0,Jacob Markstrom,Darcy Kuemper,CG,CG,0,0,0,0,0,0,0,0,1,0,0,0,0,0,0,8,11,3,0,22,14,18,12,0,44,19,23,20,0,62,27,30,21,0,78,1,1,2,0,4,0,0,1,0,1,6,5,1,0,12,4,3,3,0,10,0,0,0,4,0,480,43,18,1.955,0.409,0,0,1,2,3518,0,82,3060,3060,0,60,0,0,0,0,0,0,0,38,0,0
2025020192,2025-11-01,Oilers,Blackhawks,Home,OTW,13,12,3.9286253452301025,2.812986373901367,0.0,0.0,Stuart Skinner,Spencer Knight,CG,CG,0,0,0,0,0,0,0,0,1,0,0,0,0,0,0,13,10,4,3,30,6,11,11,1,29,21,19,14,4,58,23,18,20,2,63,0,2,0,1,3,0,1,1,0,2,7,5,6,0,18,5,2,2,0,9,2,1,5,1,290,68,27,27,0.9,0.931,0,0,1,2,820,0,2943,3404,3241,1,0,0,0,0,0,0,0,0,0,0,163
2025020192,2025-11-01,Blackhawks,Oilers,Away,OTL,12,13,2.812986373901367,3.9286253452301025,0.0,0.0,Spencer Knight,Stuart Skinner,CG,CG,0,0,0,0,0,0,0,0,0,0,0,0,0,0,0,6,11,11,1,29,13,10,4,3,30,23,18,20,2,63,21,19,14,4,58,0,1,1,0,2,0,2,0,1,3,5,2,2,0,9,7,5,6,0,18,1,2,1,5,68,290,27,27,0.931,0.9,0,0,2,1,0,820,2943,3404,3241,0,1,0,0,0,0,0,0,0,0,0,163
2025020193,2025-11-01,Kraken,Rangers,Home,OTL,11,13,1.697342038154602,3.813448429107666,0.0,0.0,Joey Daccord,Igor Shesterkin,CG,CG,0,0,0,0,0,0,0,0,0,0,0,0,0,0,0,5,3,4,1,13,10,6,9,2,27,19,16,11,3,49,21,21,20,2,64,1,1,0,0,2,2,0,0,1,3,5,1,5,0,11,8,10,6,0,24,1,0,2,3,170,381,24,11,1.846,0.407,0,0,3,3,0,942,2820,3211,3049,0,0,0,0,0,0,0,0,0,0,0,162
2025020193,2025-11-01,Rangers,Kraken,Away,OTW,13,11,3.813448429107666,1.697342038154602,0.0,0.0,Igor Shesterkin,Joey Daccord,CG,CG,0,0,0,0,0,0,0,0,1,0,0,0,0,0,0,10,6,9,2,27,5,3,4,1,13,21,21,20,2,64,19,16,11,3,49,2,0,0,1,3,1,1,0,0,2,8,10,6,0,24,5,1,5,0,11,0,1,3,2,381,170,11,24,0.407,1.846,0,0,3,3,942,0,2820,3211,3049,0,0,0,0,0,0,0,0,0,0,0,162
2025020194,2025-11-02,Mammoth,Lightning,Home,RL,12,12,2.655034065246582,2.4580018520355225,0.0,0.0,Karel Vejmelka,Jonas Johansson,CG,CG,0,0,0,0,0,0,0,0,1,1,0,0,0,0,0,6,9,12,0,27,9,10,7,0,26,10,20,22,0,52,19,17,17,0,53,1,0,1,0,2,1,1,2,0,4,4,8,7,0,19,6,4,6,0,16,0,0,4,2,329,207,22,25,0.815,0.962,0,0,1,0,562,1648,1390,2980,2836,65,0,0,0,0,0,0,0,0,0,144,0
2025020194,2025-11-02,Lightning,Mammoth,Away,RW,12,12,2.4580018520355225,2.655034065246582,0.0,0.0,Jonas Johansson,Karel Vejmelka,CG,CG,0,0,0,0,0,0,0,0,0,0,0,0,1,0,0,9,10,7,0,26,6,9,12,0,27,19,17,17,0,53,10,20,22,0,52,1,1,2,0,4,1,0,1,0,2,6,4,6,0,16,4,8,7,0,19,0,0,2,4,207,329,25,22,0.962,0.815,0,0,0,1,1648,562,1390,2980,2836,0,65,0,0,0,0,0,0,0,0,144,0
2025020195,2025-11-02,Islanders,Blue Jackets,Home,RW,12,12,4.109055519104004,3.044936180114746,0.0,0.0,David Rittich,Elvis Merzlikins,CG,CG,0,1,1,0,1,0,1,0,1,0,0,0,1,0,0,18,10,11,0,39,3,14,5,0,22,27,15,23,0,65,13,25,12,0,50,1,0,2,0,3,0,1,1,0,2,5,3,2,0,10,8,12,6,0,26,1,0,2,4,49,399,20,36,0.513,1.636,0,0,2,2,1806,403,1391,3100,3028,5,38,0,0,0,0,0,0,0,0,72,0
2025020195,2025-11-02,Blue Jackets,Islanders,Away,RL,12,12,3.044936180114746,4.109055519104004,0.0,0.0,Elvis Merzlikins,David Rittich,CG,CG,1,0,1,0,0,1,1,0,0,1,0,0,0,0,0,3,14,5,0,22,18,10,11,0,39,13,25,12,0,50,27,15,23,0,65,0,1,1,0,2,1,0,2,0,3,8,12,6,0,26,5,3,2,0,10,0,1,4,2,399,49,36,20,1.636,0.513,0,0,2,2,403,1806,1391,3100,3028,38,5,0,0,0,0,0,0,0,0,72,0
2025020196,2025-11-02,Flyers,Flames,Home,RL,12,14,1.40456223487854,1.7035373449325562,0.0,0.0,Aleksei Kolosov,Dustin Wolf,CG,CG,1,1,1,0,1,1,1,0,0,0,0,0,0,0,0,3,6,9,0,18,10,7,4,0,21,12,19,18,0,49,20,19,11,0,50,0,0,1,0,1,0,1,1,0,2,6,6,9,0,21,6,12,7,0,25,0,0,1,2,66,217,19,17,1.056,0.81,0,0,2,2,0,2265,1335,3216,3159,101,0,0,0,0,0,0,0,0,0,57,0
2025020196,2025-11-02,Flames,Flyers,Away,RW,14,12,1.7035373449325562,1.40456223487854,0.0,0.0,Dustin Wolf,Aleksei Kolosov,CG,CG,1,1,1,0,1,1,1,0,1,0,0,0,0,0,0,10,7,4,0,21,3,6,9,0,18,20,19,11,0,50,12,19,18,0,49,0,1,1,0,2,0,0,1,0,1,6,12,7,0,25,6,6,9,0,21,0,0,2,1,217,66,17,19,0.81,1.056,0,0,2,2,2265,0,1335,3216,3159,0,101,0,0,0,0,0,0,0,0,57,0
2025020197,2025-11-02,Ducks,Devils,Home,RW,11,13,4.457419395446777,2.4414963722229004,0.0,0.0,Lukas Dostal,Jake Allen,CG,CG,0,0,0,0,1,1,1,0,1,0,0,0,0,0,0,9,9,11,0,29,14,7,12,0,33,21,21,20,0,62,21,24,30,0,75,2,1,1,0,4,0,0,1,0,1,6,7,5,0,18,3,4,8,0,15,0,0,2,1,249,120,32,25,1.103,0.758,1,0,3,3,3347,0,253,3133,3133,0,98,0,0,0,0,0,0,0,0,0,0
2025020197,2025-11-02,Devils,Ducks,Away,RL,13,11,2.4414963722229004,4.457419395446777,0.0,0.0,Jake Allen,Lukas Dostal,CG,CG,1,1,1,0,0,0,0,0,0,0,0,0,0,0,0,14,7,12,0,33,9,9,11,0,29,21,24,30,0,75,21,21,20,0,62,0,0,1,0,1,2,1,1,0,4,3,4,8,0,15,6,7,5,0,18,0,0,1,2,120,249,25,32,0.758,1.103,0,1,3,3,0,3347,253,3133,3133,98,0,0,0,0,0,0,0,0,0,0,0
2025020198,2025-11-02,Sharks,Red Wings,Home,SOL,13,13,1.181471347808838,2.7903952598571777,0.0,0.0,Alex Nedeljkovic,Cam Talbot,CG,CG,1,1,1,0,0,1,1,0,0,0,0,0,0,0,0,5,4,7,2,18,6,14,8,4,32,18,11,14,3,46,17,28,24,4,73,0,0,2,0,2,0,1,1,0,2,2,10,4,0,16,4,4,8,0,16,0,0,2,2,240,240,30,16,1.667,0.5,0,0,2,0,0,563,3337,3408,3108,0,3,0,0,0,0,0,0,0,0,0,300
2025020198,2025-11-02,Red Wings,Sharks,Away,SOW,13,13,2.7903952598571777,1.181471347808838,0.0,0.0,Cam Talbot,Alex Nedeljkovic,CG,CG,0,1,1,0,1,1,1,0,1,0,0,0,0,0,0,6,14,8,4,32,5,4,7,2,18,17,28,24,4,73,18,11,14,3,46,0,1,1,0,2,0,0,2,0,2,4,4,8,0,16,2,10,4,0,16,0,0,2,2,240,240,16,30,0.5,1.667,0,0,0,2,563,0,3337,3408,3108,3,0,0,0,0,0,0,0,0,0,0,300
2025020199,2025-11-03,Maple Leafs,Penguins,Home,RW,13,14,2.0679879188537598,3.777212619781494,0.0,0.0,Anthony Stolarz,Tristan Jarry,CG,CG,0,0,0,0,0,0,0,0,0,0,0,0,1,1,1,5,3,12,0,20,8,17,12,0,37,17,15,25,0,57,17,26,16,0,59,0,0,4,0,4,2,1,0,0,3,16,13,6,0,35,4,2,3,0,9,0,1,1,3,120,306,34,16,1.7,0.432,0,0,3,0,377,2027,1196,3054,3054,0,120,0,0,0,0,0,0,0,0,0,0
2025020199,2025-11-03,Penguins,Maple Leafs,Away,RL,14,13,3.777212619781494,2.0679879188537598,0.0,0.0,Tristan Jarry,Anthony Stolarz,CG,CG,0,0,0,0,0,0,0,0,1,1,1,1,0,0,0,8,17,12,0,37,5,3,12,0,20,17,26,16,0,59,17,15,25,0,57,2,1,0,0,3,0,0,4,0,4,4,2,3,0,9,16,13,6,0,35,1,0,3,1,306,120,16,34,0.432,1.7,0,0,0,3,2027,377,1196,3054,3054,120,0,0,0,0,0,0,0,0,0,0,0
2025020200,2025-11-03,Blues,Oilers,Home,RW,13,14,2.738478422164917,2.859278917312622,0.0,0.0,Jordan Binnington,Calvin Pickard,CG,CG,0,0,0,0,0,0,0,0,0,0,0,0,1,1,0,9,9,4,0,22,8,11,7,0,26,22,19,17,0,58,15,18,16,0,49,0,2,1,0,3,1,1,0,0,2,3,5,5,0,13,7,6,4,0,17,1,1,2,1,134,8,24,19,1.091,0.731,0,0,3,1,83,1200,2317,3444,3444,0,14,0,0,0,0,0,0,0,0,0,0
2025020200,2025-11-03,Oilers,Blues,Away,RL,14,13,2.859278917312622,2.738478422164917,0.0,0.0,Calvin Pickard,Jordan Binnington,CG,CG,0,0,0,0,0,0,0,0,1,1,1,0,0,0,0,8,11,7,0,26,9,9,4,0,22,15,18,16,0,49,22,19,17,0,58,1,1,0,0,2,0,2,1,0,3,7,6,4,0,17,3,5,5,0,13,1,1,1,2,8,134,19,24,0.731,1.091,0,0,1,3,1200,83,2317,3444,3444,14,0,0,0,0,0,0,0,0,0,0,0
2025020201,2025-11-03,Predators,Canucks,Home,OTL,14,14,2.6728384494781494,3.5190351009368896,0.0,0.0,Juuse Saros,Thatcher Demko,CG,CG,0,0,0,0,0,0,0,0,1,1,0,0,0,0,0,4,10,14,1,29,12,14,8,2,36,11,19,19,2,51,26,22,22,2,72,1,1,2,0,4,1,2,1,1,5,8,7,4,0,19,6,8,8,0,22,2,2,4,3,365,221,31,25,1.069,0.694,0,0,1,2,478,1420,2000,3301,3003,0,11,0,0,0,44,0,0,0,0,0,298
2025020201,2025-11-03,Canucks,Predators,Away,OTW,14,14,3.5190351009368896,2.6728384494781494,0.0,0.0,Thatcher Demko,Juuse Saros,CG,CG,0,0,0,0,0,0,0,0,0,0,0,0,1,0,0,12,14,8,2,36,4,10,14,1,29,26,22,22,2,72,11,19,19,2,51,1,2,1,1,5,1,1,2,0,4,6,8,8,0,22,8,7,4,0,19,2,2,3,4,221,365,25,31,0.694,1.069,0,0,2,1,1420,478,2000,3301,3003,11,0,0,0,44,0,0,0,0,0,0,298
2025020202,2025-11-03,Kraken,Blackhawks,Home,RW,12,13,2.5704498291015625,3.2000765800476074,0.0,0.0,Joey Daccord,Arvid Soderblom,CG,CG,0,0,0,0,0,0,0,0,1,0,0,0,0,0,0,10,5,9,0,24,10,14,6,0,30,12,22,20,0,54,14,25,17,0,56,0,2,1,0,3,0,0,1,0,1,6,9,5,0,20,6,2,4,0,12,1,0,2,3,135,360,29,21,1.208,0.7,0,0,0,2,2223,0,1377,2975,2975,0,130,0,0,0,0,0,0,0,0,0,0
2025020202,2025-11-03,Blackhawks,Kraken,Away,RL,13,12,3.2000765800476074,2.5704498291015625,0.0,0.0,Arvid Soderblom,Joey Daccord,CG,CG,0,0,0,0,0,0,0,0,0,0,0,0,0,0,0,10,14,6,0,30,10,5,9,0,24,14,25,17,0,56,12,22,20,0,54,0,0,1,0,1,0,2,1,0,3,6,2,4,0,12,6,9,5,0,20,0,1,3,2,360,135,21,29,0.7,1.208,0,0,2,0,0,2223,1377,2975,2975,130,0,0,0,0,0,0,0,0,0,0,0
2025020203,2025-11-04,Sabres,Mammoth,Home,OTL,13,13,1.9333915710449219,4.545559883117676,0.0,0.0,Alex Lyon,Karel Vejmelka,CG,CG,0,0,0,0,0,0,0,0,0,0,0,0,0,0,0,9,5,3,1,18,7,15,12,1,35,18,16,17,1,52,17,26,19,1,63,0,0,1,0,1,0,0,1,1,2,6,5,9,0,20,9,5,1,0,15,0,0,3,2,240,240,33,17,1.833,0.486,0,0,3,3,0,232,3415,3167,3120,0,0,0,0,0,0,0,0,0,0,0,47
2025020203,2025-11-04,Mammoth,Sabres,Away,OTW,13,13,4.545559883117676,1.9333915710449219,0.0,0.0,Karel Vejmelka,Alex Lyon,CG,CG,0,0,0,0,0,0,0,0,1,0,0,0,0,0,0,7,15,12,1,35,9,5,3,1,18,17,26,19,1,63,18,16,17,1,52,0,0,1,1,2,0,0,1,0,1,9,5,1,0,15,6,5,9,0,20,0,0,2,3,240,240,17,33,0.486,1.833,0,0,3,3,232,0,3415,3167,3120,0,0,0,0,0,0,0,0,0,0,0,47
2025020204,2025-11-04,Canadiens,Flyers,Home,SOL,13,13,3.120035409927368,5.0031843185424805,0.0,0.0,Sam Montembeault,Dan Vladar,CG,CG,0,0,0,0,0,1,1,0,0,1,0,0,0,0,0,2,9,7,2,20,12,17,11,2,42,6,23,18,5,52,21,26,15,4,66,0,4,0,0,4,3,0,1,0,4,10,9,7,0,26,6,9,7,0,22,2,2,4,6,359,479,38,16,1.9,0.381,0,0,6,0,894,1892,1114,3019,2727,0,22,0,8,0,60,0,0,0,0,0,292
2025020204,2025-11-04,Flyers,Canadiens,Away,SOW,13,13,5.0031843185424805,3.120035409927368,0.0,0.0,Dan Vladar,Sam Montembeault,CG,CG,0,1,1,0,0,0,0,0,1,0,0,0,1,0,0,12,17,11,2,42,2,9,7,2,20,21,26,15,4,66,6,23,18,5,52,3,0,1,0,4,0,4,0,0,4,6,9,7,0,22,10,9,7,0,26,2,2,6,4,479,359,16,38,0.381,1.9,0,0,0,6,1892,894,1114,3019,2727,22,0,8,0,60,0,0,0,0,0,0,292
2025020205,2025-11-04,Islanders,Bruins,Home,SOL,13,15,3.993636131286621,3.480933666229248,0.0,0.0,Ilya Sorokin,Jeremy Swayman,CG,CG,0,0,1,0,0,0,0,0,1,1,0,0,0,0,0,3,18,10,2,33,7,8,11,1,27,9,26,27,4,66,12,22,21,3,58,0,2,1,0,3,0,2,1,0,3,7,5,3,0,15,5,7,4,0,16,0,1,3,4,369,404,24,30,0.727,1.111,0,0,1,1,1294,0,2606,3126,2851,0,0,25,0,0,0,0,0,0,0,14,261
2025020205,2025-11-04,Bruins,Islanders,Away,SOW,15,13,3.480933666229248,3.993636131286621,0.0,0.0,Jeremy Swayman,Ilya Sorokin,CG,CG,0,0,0,0,0,0,1,0,0,0,0,0,1,0,0,7,8,11,1,27,3,18,10,2,33,12,22,21,3,58,9,26,27,4,66,0,2,1,0,3,0,2,1,0,3,5,7,4,0,16,7,5,3,0,15,1,0,4,3,404,369,30,24,1.111,0.727,0,0,1,1,0,1294,2606,3126,2851,0,0,0,25,0,0,0,0,0,0,14,261
2025020206,2025-11-04,Rangers,Hurricanes,Home,RL,14,12,2.064659595489502,3.0499000549316406,0.0,0.0,Igor Shesterkin,Pyotr Kochetkov,CG,CG,0,0,0,0,0,0,0,0,0,0,0,0,0,0,0,15,10,1,0,26,13,13,6,0,32,25,20,11,0,56,25,25,17,0,67,0,0,0,0,0,1,1,1,0,3,9,6,7,0,22,4,3,6,0,13,0,1,3,3,360,301,29,26,1.115,0.812,0,0,0,3,0,2790,810,2875,2875,64,0,0,0,0,0,0,0,0,0,0,0
2025020206,2025-11-04,Hurricanes,Rangers,Away,RW,12,14,3.0499000549316406,2.064659595489502,0.0,0.0,Pyotr Kochetkov,Igor Shesterkin,CG,CG,0,0,0,0,0,0,0,0,1,0,0,0,0,0,0,13,13,6,0,32,15,10,1,0,26,25,25,17,0,67,25,20,11,0,56,1,1,1,0,3,0,0,0,0,0,4,3,6,0,13,9,6,7,0,22,1,0,3,3,301,360,26,29,0.812,1.115,0,0,3,0,2790,0,810,2875,2875,0,64,0,0,0,0,0,0,0,0,0,0
2025020207,2025-11-04,Stars,Oilers,Home,SOW,13,15,4.64670467376709,3.061572551727295,0.0,0.0,Casey DeSmith,Stuart Skinner,CG,CG,0,0,0,0,1,1,1,0,0,0,0,0,1,1,0,11,8,5,3,27,7,5,12,2,26,17,17,12,5,51,20,16,21,4,61,0,1,2,0,3,2,0,1,0,3,7,3,7,1,18,8,5,5,0,18,1,1,4,3,336,194,23,24,0.852,0.923,0,0,3,4,0,2920,980,3347,3009,0,0,0,0,0,0,0,0,0,0,38,300
2025020207,2025-11-04,Oilers,Stars,Away,SOL,15,13,3.061572551727295,4.64670467376709,0.0,0.0,Stuart Skinner,Casey DeSmith,CG,CG,1,1,1,0,0,0,0,0,1,1,1,0,0,0,0,7,5,12,2,26,11,8,5,3,27,20,16,21,4,61,17,17,12,5,51,2,0,1,0,3,0,1,2,0,3,8,5,5,0,18,7,3,7,1,18,1,1,3,4,194,336,24,23,0.923,0.852,0,0,4,3,2920,0,980,3347,3009,0,0,0,0,0,0,0,0,0,0,38,300
2025020208,2025-11-04,Wild,Predators,Home,OTW,14,15,4.23244047164917,3.1490185260772705,0.0,0.0,Filip Gustavsson,Justus Annunen,CG,CG,0,0,0,0,1,1,1,0,1,0,0,0,0,0,0,9,4,8,4,25,10,14,9,1,34,25,16,22,5,68,25,20,17,2,64,1,1,0,1,3,0,1,1,0,2,12,4,6,0,22,4,2,7,0,13,2,0,3,2,268,240,32,22,1.28,0.647,0,0,4,2,2310,0,1508,3132,2914,32,146,0,0,0,0,0,0,0,0,0,218
2025020208,2025-11-04,Predators,Wild,Away,OTL,15,14,3.1490185260772705,4.23244047164917,0.0,0.0,Justus Annunen,Filip Gustavsson,CG,CG,1,1,1,0,0,0,0,0,0,0,0,0,0,0,0,10,14,9,1,34,9,4,8,4,25,25,20,17,2,64,25,16,22,5,68,0,1,1,0,2,1,1,0,1,3,4,2,7,0,13,12,4,6,0,22,0,2,2,3,240,268,22,32,0.647,1.28,0,0,2,4,0,2310,1508,3132,2914,146,32,0,0,0,0,0,0,0,0,0,218
2025020209,2025-11-04,Avalanche,Lightning,Home,RW,14,13,3.7488906383514404,2.2035770416259766,0.0,0.0,Scott Wedgewood,Andrei Vasilevskiy,CG,CG,0,0,0,0,0,0,0,0,0,0,0,0,1,0,0,10,14,9,0,33,9,7,8,0,24,12,30,20,0,62,22,18,18,0,58,1,2,0,0,3,1,0,1,0,2,3,6,8,0,17,6,10,7,0,23,1,0,4,3,377,360,22,30,0.667,1.25,0,0,1,1,2152,734,714,2655,2655,0,180,0,0,0,0,0,0,0,0,0,0
2025020209,2025-11-04,Lightning,Avalanche,Away,RL,13,14,2.2035770416259766,3.7488906383514404,0.0,0.0,Andrei Vasilevskiy,Scott Wedgewood,CG,CG,0,0,0,0,0,0,0,0,1,1,0,0,0,0,0,9,7,8,0,24,10,14,9,0,33,22,18,18,0,58,12,30,20,0,62,1,0,1,0,2,1,2,0,0,3,6,10,7,0,23,3,6,8,0,17,0,1,3,4,360,377,30,22,1.25,0.667,0,0,1,1,734,2152,714,2655,2655,180,0,0,0,0,0,0,0,0,0,0,0
2025020210,2025-11-04,Golden Knights,Red Wings,Home,RW,12,14,4.501266002655029,2.2556631565093994,0.0,0.0,Akira Schmid,John Gibson,CG,CG,0,0,0,0,0,0,1,0,1,0,0,0,0,0,0,14,9,11,0,34,9,5,10,0,24,24,18,24,0,66,19,22,19,0,60,0,1,0,0,1,0,0,0,0,0,5,13,3,0,21,5,2,3,0,10,0,0,1,2,55,175,24,33,0.706,1.375,0,0,0,2,1575,0,2025,3296,3238,0,67,0,0,0,0,0,0,0,0,58,0
2025020210,2025-11-04,Red Wings,Golden Knights,Away,RL,14,12,2.2556631565093994,4.501266002655029,0.0,0.0,John Gibson,Akira Schmid,CG,CG,0,0,1,0,0,0,0,0,0,0,0,0,0,0,0,9,5,10,0,24,14,9,11,0,34,19,22,19,0,60,24,18,24,0,66,0,0,0,0,0,0,1,0,0,1,5,2,3,0,10,5,13,3,0,21,0,0,2,1,175,55,33,24,1.375,0.706,0,0,2,0,0,1575,2025,3296,3238,67,0,0,0,0,0,0,0,0,0,58,0
2025020211,2025-11-04,Ducks,Panthers,Home,RW,12,13,3.7900378704071045,2.9822962284088135,0.0,0.0,Lukas Dostal,Sergei Bobrovsky,CG,CG,0,0,0,0,0,0,0,0,1,0,0,0,1,0,0,9,10,13,0,32,9,10,2,0,21,17,22,17,0,56,22,25,9,0,56,2,2,3,0,7,1,2,0,0,3,6,2,5,0,13,9,15,3,0,27,2,1,6,5,411,432,18,25,0.562,1.19,0,0,1,2,2390,299,911,2666,2442,0,33,0,0,0,0,0,0,0,0,224,0
2025020211,2025-11-04,Panthers,Ducks,Away,RL,13,12,2.9822962284088135,3.7900378704071045,0.0,0.0,Sergei Bobrovsky,Lukas Dostal,CG,CG,0,0,0,0,0,0,0,0,0,1,0,0,0,0,0,9,10,2,0,21,9,10,13,0,32,22,25,9,0,56,17,22,17,0,56,1,2,0,0,3,2,2,3,0,7,9,15,3,0,27,6,2,5,0,13,1,2,5,6,432,411,25,18,1.19,0.562,0,0,2,1,299,2390,911,2666,2442,33,0,0,0,0,0,0,0,0,0,224,0
2025020212,2025-11-04,Kings,Jets,Home,RW,14,13,2.8743996620178223,2.121772289276123,0.0,0.0,Darcy Kuemper,Connor Hellebuyck,CG,CG,0,0,0,0,0,0,0,0,1,0,0,0,0,0,0,7,11,8,0,26,5,8,10,0,23,13,17,19,0,49,15,21,20,0,56,1,0,2,0,3,0,0,0,0,0,3,5,5,0,13,8,5,3,0,16,1,0,5,5,524,498,23,23,0.885,1.0,1,0,1,1,2571,0,1029,2444,2368,0,108,0,0,35,0,0,0,0,0,76,0
2025020212,2025-11-04,Jets,Kings,Away,RL,13,14,2.121772289276123,2.8743996620178223,0.0,0.0,Connor Hellebuyck,Darcy Kuemper,CG,CG,0,0,0,0,0,0,0,0,0,0,0,0,0,0,0,5,8,10,0,23,7,11,8,0,26,15,21,20,0,56,13,17,19,0,49,0,0,0,0,0,1,0,2,0,3,8,5,3,0,16,3,5,5,0,13,0,1,5,5,498,524,23,23,1.0,0.885,0,1,1,1,0,2571,1029,2444,2368,108,0,0,0,0,35,0,0,0,0,76,0
2025020213,2025-11-05,Maple Leafs,Mammoth,Home,RW,14,14,2.8039348125457764,1.981977939605713,0.0,0.0,Anthony Stolarz,Vitek Vanecek,CG,CG,0,0,0,0,1,1,0,0,0,0,0,0,1,0,0,5,7,7,0,19,8,8,8,0,24,17,12,14,0,43,15,15,14,0,44,0,2,3,0,5,1,1,1,0,3,4,5,6,0,15,8,4,5,0,17,0,0,1,4,126,360,21,14,1.105,0.583,1,0,1,1,1165,357,2078,3020,3020,0,94,0,0,0,0,0,0,0,0,0,0
2025020213,2025-11-05,Mammoth,Maple Leafs,Away,RL,14,14,1.981977939605713,2.8039348125457764,0.0,0.0,Vitek Vanecek,Anthony Stolarz,CG,CG,1,1,0,0,0,0,0,0,1,1,0,0,0,0,0,8,8,8,0,24,5,7,7,0,19,15,15,14,0,44,17,12,14,0,43,1,1,1,0,3,0,2,3,0,5,8,4,5,0,17,4,5,6,0,15,0,0,4,1,360,126,14,21,0.583,1.105,0,1,1,1,357,1165,2078,3020,3020,94,0,0,0,0,0,0,0,0,0,0,0
2025020214,2025-11-05,Capitals,Blues,Home,RW,13,14,4.497847557067871,2.5099315643310547,0.0,0.0,Logan Thompson,Jordan Binnington,CG,IG,0,0,0,0,0,0,0,0,1,0,0,0,0,0,0,12,8,12,0,32,5,10,9,0,24,27,15,18,0,60,18,23,20,0,61,1,4,1,0,6,0,0,1,0,1,6,1,1,0,8,6,10,11,0,27,1,0,3,3,258,297,23,26,0.719,1.083,0,0,3,2,3010,0,590,2979,2979,3,25,0,0,0,0,0,0,0,0,0,0
2025020214,2025-11-05,Blues,Capitals,Away,RL,14,13,2.5099315643310547,4.497847557067871,0.0,0.0,Jordan Binnington,Logan Thompson,IG,CG,0,0,0,0,0,0,0,0,0,0,0,0,0,0,0,5,10,9,0,24,12,8,12,0,32,18,23,20,0,61,27,15,18,0,60,0,0,1,0,1,1,4,1,0,6,6,10,11,0,27,6,1,1,0,8,0,1,3,3,297,258,26,23,1.083,0.719,0,0,2,3,0,3010,590,2979,2979,25,3,0,0,0,0,0,0,0,0,0,0
2025020215,2025-11-05,Flames,Blue Jackets,Home,RW,15,13,3.0278737545013428,3.511082410812378,0.0,0.0,Dustin Wolf,Jet Greaves,CG,CG,0,0,0,0,0,0,0,0,1,0,0,0,0,0,0,13,7,6,0,26,10,11,22,0,43,25,18,15,0,58,14,22,36,0,72,2,2,1,0,5,1,0,0,0,1,12,8,4,0,24,5,8,5,0,18,0,0,2,1,240,120,42,21,1.615,0.488,1,0,0,3,3544,0,56,2955,2851,9,260,0,0,0,0,0,0,0,0,104,0
2025020215,2025-11-05,Blue Jackets,Flames,Away,RL,13,15,3.511082410812378,3.0278737545013428,0.0,0.0,Jet Greaves,Dustin Wolf,CG,CG,0,0,0,0,0,0,0,0,0,0,0,0,0,0,0,10,11,22,0,43,13,7,6,0,26,14,22,36,0,72,25,18,15,0,58,1,0,0,0,1,2,2,1,0,5,5,8,5,0,18,12,8,4,0,24,0,0,1,2,120,240,21,42,0.488,1.615,0,1,3,0,0,3544,56,2955,2851,260,9,0,0,0,0,0,0,0,0,104,0
2025020216,2025-11-05,Canucks,Blackhawks,Home,RL,15,14,4.882319927215576,3.4590067863464355,0.0,0.0,Kevin Lankinen,Spencer Knight,CG,CG,0,0,0,0,0,0,0,0,0,0,0,0,0,0,0,16,19,10,0,45,11,8,9,0,28,28,29,24,0,81,19,14,17,0,50,0,0,2,0,2,0,0,5,0,5,8,5,5,0,18,3,4,5,0,12,0,1,2,1,240,55,23,43,0.511,1.536,0,0,2,1,0,1014,2586,3257,3257,48,0,0,0,0,0,0,0,0,0,0,0
2025020216,2025-11-05,Blackhawks,Canucks,Away,RW,14,15,3.4590067863464355,4.882319927215576,0.0,0.0,Spencer Knight,Kevin Lankinen,CG,CG,0,0,0,0,0,0,0,0,1,0,0,0,0,0,0,11,8,9,0,28,16,19,10,0,45,19,14,17,0,50,28,29,24,0,81,0,0,5,0,5,0,0,2,0,2,3,4,5,0,12,8,5,5,0,18,1,0,1,2,55,240,43,23,1.536,0.511,0,0,1,2,1014,0,2586,3257,3257,0,48,0,0,0,0,0,0,0,0,0,0
2025020217,2025-11-05,Kraken,Sharks,Home,RL,13,14,2.939145803451538,2.794184684753418,0.0,0.0,Joey Daccord,Yaroslav Askarov,IG,CG,0,0,0,0,0,0,0,0,0,0,0,0,0,0,0,11,5,14,0,30,6,11,6,0,23,19,16,25,0,60,15,20,20,0,55,1,0,0,0,1,2,1,3,0,6,5,7,4,0,16,9,5,4,0,18,0,1,6,3,764,258,17,29,0.567,1.261,0,0,3,0,0,3400,200,2578,2578,0,0,0,0,0,0,0,0,0,0,0,0
2025020217,2025-11-05,Sharks,Kraken,Away,RW,14,13,2.794184684753418,2.939145803451538,0.0,0.0,Yaroslav Askarov,Joey Daccord,CG,IG,0,0,0,0,0,0,0,0,1,0,0,0,0,0,0,6,11,6,0,23,11,5,14,0,30,15,20,20,0,55,19,16,25,0,60,2,1,3,0,6,1,0,0,0,1,9,5,4,0,18,5,7,4,0,16,1,0,3,6,258,764,29,17,1.261,0.567,0,0,0,3,3400,0,200,2578,2578,0,0,0,0,0,0,0,0,0,0,0,0
2025020218,2025-11-06,Bruins,Senators,Home,OTW,16,14,2.9224886894226074,2.250807523727417,0.0,0.0,Joonas Korpisalo,Linus Ullmark,CG,CG,0,0,0,0,0,0,0,0,0,0,0,0,1,0,0,9,9,3,4,25,2,8,10,2,22,16,21,12,7,56,17,14,17,5,53,0,2,0,1,3,1,0,1,0,2,13,8,3,1,25,9,7,14,0,30,0,0,3,2,165,162,20,22,0.8,1.0,0,0,2,2,949,940,2005,3534,3078,0,0,3,0,0,0,0,0,0,0,165,291
2025020218,2025-11-06,Senators,Bruins,Away,OTL,14,16,2.250807523727417,2.9224886894226074,0.0,0.0,Linus Ullmark,Joonas Korpisalo,CG,CG,0,0,0,0,0,0,0,0,1,1,0,0,0,0,0,2,8,10,2,22,9,9,3,4,25,17,14,17,5,53,16,21,12,7,56,1,0,1,0,2,0,2,0,1,3,9,7,14,0,30,13,8,3,1,25,0,0,2,3,162,165,22,20,1.0,0.8,0,0,2,2,940,949,2005,3534,3078,0,0,0,3,0,0,0,0,0,0,165,291
2025020219,2025-11-06,Sabres,Blues,Home,RL,14,15,2.884962558746338,2.0650031566619873,0.0,0.0,Ukko-Pekka Luukkonen,Joel Hofer,CG,CG,0,0,0,0,1,1,1,0,0,0,0,0,0,0,0,7,9,12,0,28,4,8,5,0,17,17,16,20,0,53,12,18,15,0,45,0,0,0,0,0,1,1,1,0,3,7,6,3,0,16,8,5,2,0,15,0,0,3,2,339,240,14,28,0.5,1.647,0,0,4,1,0,2842,758,3000,3000,21,0,0,0,0,0,0,0,0,0,0,0
2025020219,2025-11-06,Blues,Sabres,Away,RW,15,14,2.0650031566619873,2.884962558746338,0.0,0.0,Joel Hofer,Ukko-Pekka Luukkonen,CG,CG,1,1,1,0,0,0,0,0,1,0,0,0,0,0,0,4,8,5,0,17,7,9,12,0,28,12,18,15,0,45,17,16,20,0,53,1,1,1,0,3,0,0,0,0,0,8,5,2,0,15,7,6,3,0,16,0,0,2,3,240,339,28,14,1.647,0.5,0,0,1,4,2842,0,758,3000,3000,0,21,0,0,0,0,0,0,0,0,0,0
2025020220,2025-11-06,Devils,Canadiens,Home,OTW,14,14,2.872213125228882,2.389512300491333,0.0,0.0,Jacob Markstrom,Jakub Dobes,CG,CG,0,0,0,0,0,0,0,0,1,0,0,0,1,0,0,8,12,6,2,28,4,8,7,0,19,16,20,15,2,53,17,14,18,0,49,1,1,1,1,4,1,0,2,0,3,5,8,6,0,19,3,7,4,0,14,0,0,4,2,500,140,16,24,0.571,1.263,0,0,2,2,840,500,2353,2963,2789,68,3,0,0,0,0,0,0,0,0,81,93
2025020220,2025-11-06,Canadiens,Devils,Away,OTL,14,14,2.389512300491333,2.872213125228882,0.0,0.0,Jakub Dobes,Jacob Markstrom,CG,CG,0,0,0,0,0,0,0,0,0,1,0,0,0,0,0,4,8,7,0,19,8,12,6,2,28,17,14,18,0,49,16,20,15,2,53,1,0,2,0,3,1,1,1,1,4,3,7,4,0,14,5,8,6,0,19,0,0,2,4,140,500,24,16,1.263,0.571,0,0,2,2,500,840,2353,2963,2789,3,68,0,0,0,0,0,0,0,0,81,93
2025020222,2025-11-06,Hurricanes,Wild,Home,RW,13,15,5.207385063171387,2.3869261741638184,0.0,0.0,Frederik Andersen,Filip Gustavsson,CG,CG,0,0,0,0,0,0,0,0,0,0,0,0,1,0,0,7,14,6,0,27,3,7,14,0,24,16,27,27,0,70,13,16,25,0,54,3,1,0,0,4,2,1,0,0,3,7,6,6,0,19,8,12,15,0,35,0,1,2,2,300,291,21,23,0.778,0.958,0,0,7,2,2580,460,560,2909,2790,5,94,0,0,0,0,0,0,0,0,119,0
2025020222,2025-11-06,Wild,Hurricanes,Away,RL,15,13,2.3869261741638184,5.207385063171387,0.0,0.0,Filip Gustavsson,Frederik Andersen,CG,CG,0,0,0,0,0,0,0,0,1,1,0,0,0,0,0,3,7,14,0,24,7,14,6,0,27,13,16,25,0,54,16,27,27,0,70,2,1,0,0,3,3,1,0,0,4,8,12,15,0,35,7,6,6,0,19,1,0,2,2,291,300,23,21,0.958,0.778,0,0,2,7,460,2580,560,2909,2790,94,5,0,0,0,0,0,0,0,0,119,0
2025020221,2025-11-06,Penguins,Capitals,Home,RW,15,14,4.420660018920898,2.780111789703369,0.0,0.0,Arturs Silovs,Charlie Lindgren,CG,CG,0,0,0,0,1,0,0,0,1,0,0,0,0,0,0,16,7,8,0,31,7,15,8,0,30,27,26,15,0,68,13,27,18,0,58,2,1,2,0,5,0,3,0,0,3,3,5,2,0,10,8,9,10,0,27,3,0,5,3,413,285,27,26,0.871,0.867,0,0,6,2,2777,0,823,2834,2766,1,60,0,0,0,0,0,0,0,0,68,0
2025020221,2025-11-06,Capitals,Penguins,Away,RL,14,15,2.780111789703369,4.420660018920898,0.0,0.0,Charlie Lindgren,Arturs Silovs,CG,CG,1,0,0,0,0,0,0,0,0,0,0,0,0,0,0,7,15,8,0,30,16,7,8,0,31,13,27,18,0,58,27,26,15,0,68,0,3,0,0,3,2,1,2,0,5,8,9,10,0,27,3,5,2,0,10,0,3,3,5,285,413,26,27,0.867,0.871,0,0,2,6,0,2777,823,2834,2766,60,1,0,0,0,0,0,0,0,0,68,0
2025020223,2025-11-06,Predators,Flyers,Home,RL,16,14,3.7211337089538574,2.7846593856811523,0.0,0.0,Juuse Saros,Dan Vladar,CG,CG,0,1,1,0,0,0,1,0,1,1,0,0,0,0,0,10,10,4,0,24,7,10,9,0,26,27,20,16,0,63,15,19,17,0,51,1,0,0,0,1,0,2,1,0,3,3,12,7,0,22,8,11,6,0,25,0,0,3,1,360,146,23,23,0.958,0.885,0,0,3,1,1379,1343,878,3009,3009,74,0,0,0,0,0,0,0,0,0,0,0
2025020223,2025-11-06,Flyers,Predators,Away,RW,14,16,2.7846593856811523,3.7211337089538574,0.0,0.0,Dan Vladar,Juuse Saros,CG,CG,0,0,1,0,0,1,1,0,0,0,0,0,1,0,0,7,10,9,0,26,10,10,4,0,24,15,19,17,0,51,27,20,16,0,63,0,2,1,0,3,1,0,0,0,1,8,11,6,0,25,3,12,7,0,22,0,0,1,3,146,360,23,23,0.885,0.958,0,0,1,3,1343,1379,878,3009,3009,0,74,0,0,0,0,0,0,0,0,0,0
2025020224,2025-11-06,Stars,Ducks,Home,RL,14,13,3.300743341445923,3.4226481914520264,0.0,0.0,Jake Oettinger,Lukas Dostal,CG,CG,0,0,0,0,0,0,0,0,1,1,1,0,0,0,0,8,5,13,0,26,7,11,7,0,25,15,16,22,0,53,15,21,14,0,50,2,1,2,0,5,0,4,3,0,7,9,4,2,0,15,6,7,9,0,22,3,2,5,5,304,496,18,21,0.692,0.84,0,0,0,2,1367,1375,858,2724,2705,74,0,0,0,0,0,0,0,0,0,19,0
2025020224,2025-11-06,Ducks,Stars,Away,RW,13,14,3.4226481914520264,3.300743341445923,0.0,0.0,Lukas Dostal,Jake Oettinger,CG,CG,0,0,0,0,0,0,0,0,0,0,0,0,1,1,0,7,11,7,0,25,8,5,13,0,26,15,21,14,0,50,15,16,22,0,53,0,4,3,0,7,2,1,2,0,5,6,7,9,0,22,9,4,2,0,15,2,3,5,5,496,304,21,18,0.84,0.692,0,0,2,0,1375,1367,858,2724,2705,0,74,0,0,0,0,0,0,0,0,19,0
2025020225,2025-11-06,Golden Knights,Lightning,Home,RL,13,14,3.369119644165039,4.792616367340088,0.0,0.0,Carl Lindbom,Andrei Vasilevskiy,CG,CG,0,0,0,0,0,0,0,0,1,1,1,0,0,0,0,15,4,13,0,32,3,15,9,0,27,25,14,21,0,60,13,28,28,0,69,2,0,1,0,3,0,2,4,0,6,3,5,5,0,13,6,4,1,0,11,0,2,2,4,360,456,21,29,0.656,1.074,0,0,0,3,963,998,1639,2701,2701,83,0,0,0,0,0,0,0,0,0,0,0
2025020225,2025-11-06,Lightning,Golden Knights,Away,RW,14,13,4.792616367340088,3.369119644165039,0.0,0.0,Andrei Vasilevskiy,Carl Lindbom,CG,CG,0,0,0,0,0,0,0,0,0,0,0,0,1,1,0,3,15,9,0,27,15,4,13,0,32,13,28,28,0,69,25,14,21,0,60,0,2,4,0,6,2,0,1,0,3,6,4,1,0,11,3,5,5,0,13,2,0,4,2,456,360,29,21,1.074,0.656,0,0,3,0,998,963,1639,2701,2701,0,83,0,0,0,0,0,0,0,0,0,0
2025020226,2025-11-06,Kings,Panthers,Home,RL,15,14,1.914810061454773,2.6346583366394043,0.0,0.0,Anton Forsberg,Sergei Bobrovsky,CG,CG,0,0,0,0,0,0,0,0,0,1,0,0,0,0,0,13,6,7,0,26,8,8,8,0,24,19,18,16,0,53,15,16,18,0,49,2,0,0,0,2,2,1,2,0,5,5,5,6,0,16,11,7,6,0,24,1,0,4,2,398,240,19,24,0.731,1.0,0,0,2,1,390,2132,1078,2962,2962,0,0,0,0,0,0,0,0,0,0,0,0
2025020226,2025-11-06,Panthers,Kings,Away,RW,14,15,2.6346583366394043,1.914810061454773,0.0,0.0,Sergei Bobrovsky,Anton Forsberg,CG,CG,0,0,0,0,0,0,0,0,1,0,0,0,1,0,0,8,8,8,0,24,13,6,7,0,26,15,16,18,0,49,19,18,16,0,53,2,1,2,0,5,2,0,0,0,2,11,7,6,0,24,5,5,6,0,16,0,1,2,4,240,398,24,19,1.0,0.731,0,0,1,2,2132,390,1078,2962,2962,0,0,0,0,0,0,0,0,0,0,0,0
2025020227,2025-11-07,Red Wings,Rangers,Home,RL,15,15,2.307933807373047,3.7227835655212402,0.0,0.0,Cam Talbot,Jonathan Quick,CG,CG,0,0,0,0,0,0,0,0,0,0,0,0,0,0,0,13,10,10,0,33,7,13,6,0,26,21,19,18,0,58,21,26,19,0,66,1,0,0,0,1,1,1,2,0,4,10,10,4,0,24,11,6,10,0,27,0,1,4,3,480,259,22,32,0.667,1.231,0,0,1,4,0,2368,1232,2851,2851,0,0,0,0,0,0,0,0,0,0,0,0
2025020227,2025-11-07,Rangers,Red Wings,Away,RW,15,15,3.7227835655212402,2.307933807373047,0.0,0.0,Jonathan Quick,Cam Talbot,CG,CG,0,0,0,0,0,0,0,0,1,0,0,0,0,0,0,7,13,6,0,26,13,10,10,0,33,21,26,19,0,66,21,19,18,0,58,1,1,2,0,4,1,0,0,0,1,11,6,10,0,27,10,10,4,0,24,1,0,3,4,259,480,32,22,1.231,0.667,0,0,4,1,2368,0,1232,2851,2851,0,0,0,0,0,0,0,0,0,0,0,0
2025020228,2025-11-07,Islanders,Wild,Home,RL,14,16,2.2798664569854736,3.438565731048584,0.0,0.0,David Rittich,Jesper Wallstedt,CG,CG,0,0,0,0,1,1,0,0,0,0,0,0,0,0,0,10,11,6,0,27,7,13,6,0,26,16,21,13,0,50,17,19,16,0,52,0,2,0,0,2,2,2,1,0,5,7,6,2,0,15,6,4,6,0,16,0,0,2,1,240,120,21,25,0.778,0.962,0,0,0,1,0,3156,444,3240,3240,0,0,0,0,0,0,0,0,0,0,0,0
2025020228,2025-11-07,Wild,Islanders,Away,RW,16,14,3.438565731048584,2.2798664569854736,0.0,0.0,Jesper Wallstedt,David Rittich,CG,CG,1,1,0,0,0,0,0,0,1,0,0,0,0,0,0,7,13,6,0,26,10,11,6,0,27,17,19,16,0,52,16,21,13,0,50,2,2,1,0,5,0,2,0,0,2,6,4,6,0,16,7,6,2,0,15,0,0,1,2,120,240,25,21,0.962,0.778,0,0,1,0,3156,0,444,3240,3240,0,0,0,0,0,0,0,0,0,0,0,0
2025020229,2025-11-07,Flames,Blackhawks,Home,RL,16,15,2.1345055103302,2.2821648120880127,0.0,0.0,Dustin Wolf,Spencer Knight,CG,CG,0,0,0,0,0,0,0,0,0,0,0,0,0,0,0,11,11,11,0,33,10,7,10,0,27,18,21,20,0,59,15,11,18,0,44,0,0,0,0,0,1,0,3,0,4,12,8,9,0,29,7,7,4,0,18,0,1,3,3,339,289,23,33,0.697,1.222,0,0,3,0,0,2848,752,2931,2927,0,0,0,0,0,0,0,0,3,0,4,0
2025020229,2025-11-07,Blackhawks,Flames,Away,RW,15,16,2.2821648120880127,2.1345055103302,0.0,0.0,Spencer Knight,Dustin Wolf,CG,CG,0,0,0,0,0,0,0,0,1,0,0,0,0,0,0,10,7,10,0,27,11,11,11,0,33,15,11,18,0,44,18,21,20,0,59,1,0,3,0,4,0,0,0,0,0,7,7,4,0,18,12,8,9,0,29,1,0,3,3,289,339,33,23,1.222,0.697,0,0,0,3,2848,0,752,2931,2927,0,0,0,0,0,0,0,0,0,3,4,0
2025020230,2025-11-07,Sharks,Jets,Home,RW,15,14,3.259035110473633,3.386695384979248,0.0,0.0,Alex Nedeljkovic,Connor Hellebuyck,CG,CG,0,0,0,0,0,0,0,0,0,0,0,0,1,0,0,8,11,9,0,28,12,9,12,0,33,18,18,17,0,53,24,23,23,0,70,1,0,1,0,2,1,0,0,0,1,9,6,1,0,16,6,7,7,0,20,0,0,3,2,411,171,32,26,1.143,0.788,0,0,1,0,261,72,3267,2876,2816,0,133,0,0,0,0,0,0,0,0,60,0
2025020230,2025-11-07,Jets,Sharks,Away,RL,14,15,3.386695384979248,3.259035110473633,0.0,0.0,Connor Hellebuyck,Alex Nedeljkovic,CG,CG,0,0,0,0,0,0,0,0,1,1,0,0,0,0,0,12,9,12,0,33,8,11,9,0,28,24,23,23,0,70,18,18,17,0,53,1,0,0,0,1,1,0,1,0,2,6,7,7,0,20,9,6,1,0,16,0,0,2,3,171,411,26,32,0.788,1.143,0,0,0,1,72,261,3267,2876,2816,133,0,0,0,0,0,0,0,0,0,60,0
2025020231,2025-11-08,Devils,Penguins,Home,SOW,15,16,2.9749741554260254,2.654741048812866,0.0,0.0,Jake Allen,Arturs Silovs,CG,CG,0,0,0,0,0,0,0,0,1,0,0,0,0,0,0,6,9,8,1,24,12,11,7,4,34,19,17,19,4,59,19,21,15,5,60,1,0,0,0,1,0,1,0,0,1,7,6,9,0,22,10,7,1,1,19,0,0,2,1,240,120,33,23,1.375,0.676,0,0,1,1,801,0,3099,3505,3205,0,0,0,0,0,0,0,0,0,0,0,300
2025020231,2025-11-08,Penguins,Devils,Away,SOL,16,15,2.654741048812866,2.9749741554260254,0.0,0.0,Arturs Silovs,Jake Allen,CG,CG,0,0,0,0,0,0,0,0,0,0,0,0,0,0,0,12,11,7,4,34,6,9,8,1,24,19,21,15,5,60,19,17,19,4,59,0,1,0,0,1,1,0,0,0,1,10,7,1,1,19,7,6,9,0,22,0,0,1,2,120,240,23,33,0.676,1.375,0,0,1,1,0,801,3099,3505,3205,0,0,0,0,0,0,0,0,0,0,0,300
2025020232,2025-11-08,Flyers,Senators,Home,OTL,15,15,2.7872602939605713,2.7114977836608887,0.0,0.0,Samuel Ersson,Linus Ullmark,CG,CG,0,0,0,0,0,0,0,0,0,0,0,0,0,0,0,4,10,8,0,22,6,6,1,1,14,12,18,16,0,46,18,14,13,4,49,0,1,1,0,2,2,0,0,1,3,12,8,6,0,26,6,3,9,0,18,0,0,3,2,240,240,11,20,0.5,1.429,0,0,1,1,0,2681,1118,3311,2880,0,0,0,0,0,0,0,0,0,0,232,199
2025020232,2025-11-08,Senators,Flyers,Away,OTW,15,15,2.7114977836608887,2.7872602939605713,0.0,0.0,Linus Ullmark,Samuel Ersson,CG,CG,0,0,0,0,0,0,0,0,1,0,0,0,0,0,0,6,6,1,1,14,4,10,8,0,22,18,14,13,4,49,12,18,16,0,46,2,0,0,1,3,0,1,1,0,2,6,3,9,0,18,12,8,6,0,26,0,0,2,3,240,240,20,11,1.429,0.5,0,0,1,1,2681,0,1118,3311,2880,0,0,0,0,0,0,0,0,0,0,232,199
2025020233,2025-11-08,Predators,Stars,Home,RL,17,15,1.681042194366455,2.708726406097412,0.0,0.0,Justus Annunen,Jake Oettinger,CG,CG,0,0,1,0,0,0,0,0,0,1,0,0,0,0,0,4,7,10,0,21,7,9,6,0,22,10,10,19,0,39,14,22,12,0,48,1,2,1,0,4,1,1,3,0,5,11,9,3,0,23,6,5,4,0,15,1,1,4,5,290,404,17,17,0.81,0.773,0,0,1,2,1292,1530,778,2804,2687,102,0,0,0,0,0,0,0,9,0,117,0
2025020233,2025-11-08,Stars,Predators,Away,RW,15,17,2.708726406097412,1.681042194366455,0.0,0.0,Jake Oettinger,Justus Annunen,CG,CG,0,0,0,0,0,0,1,0,1,0,0,0,1,0,0,7,9,6,0,22,4,7,10,0,21,14,22,12,0,48,10,10,19,0,39,1,1,3,0,5,1,2,1,0,4,6,5,4,0,15,11,9,3,0,23,1,1,5,4,404,290,17,17,0.773,0.81,0,0,2,1,1530,1292,778,2804,2687,0,102,0,0,0,0,0,0,0,9,117,0
2025020234,2025-11-08,Maple Leafs,Bruins,Home,RL,15,17,3.6959853172302246,3.729050636291504,0.0,0.0,Anthony Stolarz,Jeremy Swayman,IG,CG,0,0,0,0,0,0,0,0,1,1,0,0,0,0,0,6,12,15,0,33,13,14,12,0,39,14,22,26,0,62,23,29,18,0,70,2,1,0,0,3,2,2,1,0,5,10,10,6,0,26,9,6,7,0,22,2,1,5,1,456,108,34,30,1.03,0.769,0,0,4,3,18,2818,764,2995,2876,15,0,0,0,0,0,0,0,114,0,119,0
2025020234,2025-11-08,Bruins,Maple Leafs,Away,RW,17,15,3.729050636291504,3.6959853172302246,0.0,0.0,Jeremy Swayman,Anthony Stolarz,CG,IG,0,0,0,0,0,0,0,0,0,0,0,0,1,0,0,13,14,12,0,39,6,12,15,0,33,23,29,18,0,70,14,22,26,0,62,2,2,1,0,5,2,1,0,0,3,9,6,7,0,22,10,10,6,0,26,1,2,1,5,108,456,30,34,0.769,1.03,0,0,3,4,2818,18,764,2995,2876,0,15,0,0,0,0,0,0,0,114,119,0
2025020235,2025-11-08,Canadiens,Mammoth,Home,RW,15,15,2.9371495246887207,3.347766160964966,0.0,0.0,Sam Montembeault,Karel Vejmelka,CG,CG,0,0,0,0,0,0,0,0,0,0,0,0,1,0,0,5,7,11,0,23,4,15,8,0,27,13,17,20,0,50,9,28,17,0,54,1,2,3,0,6,1,1,0,0,2,10,9,6,0,25,8,5,9,0,22,0,0,2,2,240,240,25,17,1.087,0.63,0,0,2,6,1607,744,1249,3120,3120,0,0,0,0,0,0,0,0,0,0,0,0
2025020235,2025-11-08,Mammoth,Canadiens,Away,RL,15,15,3.347766160964966,2.9371495246887207,0.0,0.0,Karel Vejmelka,Sam Montembeault,CG,CG,0,0,0,0,0,0,0,0,1,1,0,0,0,0,0,4,15,8,0,27,5,7,11,0,23,9,28,17,0,54,13,17,20,0,50,1,1,0,0,2,1,2,3,0,6,8,5,9,0,22,10,9,6,0,25,0,0,2,2,240,240,17,25,0.63,1.087,0,0,6,2,744,1607,1249,3120,3120,0,0,0,0,0,0,0,0,0,0,0,0
2025020236,2025-11-08,Lightning,Capitals,Home,RW,15,15,2.0839362144470215,3.6285293102264404,0.0,0.0,Andrei Vasilevskiy,Logan Thompson,CG,CG,0,0,0,0,0,1,0,0,0,0,0,0,1,0,0,8,8,4,0,20,13,10,8,0,31,11,16,13,0,40,23,23,18,0,64,2,0,1,0,3,1,1,0,0,2,8,5,7,0,20,5,6,8,0,19,1,0,3,1,87,120,29,17,1.45,0.548,0,0,0,0,1997,121,1482,3288,3113,2,38,0,0,0,0,0,0,0,0,175,0
2025020236,2025-11-08,Capitals,Lightning,Away,RL,15,15,3.6285293102264404,2.0839362144470215,0.0,0.0,Logan Thompson,Andrei Vasilevskiy,CG,CG,0,1,0,0,0,0,0,0,1,1,0,0,0,0,0,13,10,8,0,31,8,8,4,0,20,23,23,18,0,64,11,16,13,0,40,1,1,0,0,2,2,0,1,0,3,5,6,8,0,19,8,5,7,0,20,0,1,1,3,120,87,17,29,0.548,1.45,0,0,0,0,121,1997,1482,3288,3113,38,2,0,0,0,0,0,0,0,0,175,0
2025020237,2025-11-08,Rangers,Islanders,Home,RL,16,15,3.0229053497314453,3.3698649406433105,0.0,0.0,Igor Shesterkin,Ilya Sorokin,CG,CG,1,0,0,0,1,0,0,0,0,0,0,0,0,0,0,8,7,18,0,33,9,12,5,0,26,16,17,31,0,64,22,19,17,0,58,0,0,0,0,0,2,1,2,0,5,8,3,3,0,14,7,6,5,0,18,0,1,2,2,240,228,21,33,0.636,1.269,0,0,1,3,0,2971,629,2948,2948,184,0,0,0,0,0,0,0,0,0,0,0
2025020237,2025-11-08,Islanders,Rangers,Away,RW,15,16,3.3698649406433105,3.0229053497314453,0.0,0.0,Ilya Sorokin,Igor Shesterkin,CG,CG,1,0,0,0,1,0,0,0,1,0,0,0,0,0,0,9,12,5,0,26,8,7,18,0,33,22,19,17,0,58,16,17,31,0,64,2,1,2,0,5,0,0,0,0,0,7,6,5,0,18,8,3,3,0,14,1,0,2,2,228,240,33,21,1.269,0.636,0,0,3,1,2971,0,629,2948,2948,0,184,0,0,0,0,0,0,0,0,0,0
2025020238,2025-11-08,Hurricanes,Sabres,Home,RW,14,15,3.390779972076416,2.602517604827881,0.0,0.0,Pyotr Kochetkov,Alex Lyon,CG,CG,0,0,0,0,0,0,0,0,1,0,0,0,0,0,0,10,15,10,0,35,6,5,11,0,22,18,24,26,0,68,13,22,19,0,54,1,2,3,0,6,1,0,2,0,3,11,8,6,0,25,8,9,4,0,21,1,0,2,1,215,120,19,29,0.543,1.318,2,0,5,2,2324,0,1276,3171,3030,31,63,0,0,0,0,0,0,0,0,141,0
2025020238,2025-11-08,Sabres,Hurricanes,Away,RL,15,14,2.602517604827881,3.390779972076416,0.0,0.0,Alex Lyon,Pyotr Kochetkov,CG,CG,0,0,0,0,0,0,0,0,0,0,0,0,0,0,0,6,5,11,0,22,10,15,10,0,35,13,22,19,0,54,18,24,26,0,68,1,0,2,0,3,1,2,3,0,6,8,9,4,0,21,11,8,6,0,25,0,1,1,2,120,215,29,19,1.318,0.543,0,2,2,5,0,2324,1276,3171,3030,63,31,0,0,0,0,0,0,0,0,141,0
2025020239,2025-11-08,Blues,Kraken,Home,OTL,16,14,2.685333251953125,2.211768388748169,0.0,0.0,Joel Hofer,Philipp Grubauer,CG,CG,0,1,1,0,0,0,0,0,1,1,1,0,0,0,0,9,5,5,0,19,9,15,5,1,30,18,14,22,0,54,18,22,14,1,55,2,0,1,0,3,0,2,1,1,4,12,10,10,0,32,5,6,3,0,14,1,1,2,3,148,296,26,16,1.368,0.533,0,0,0,0,2683,0,1034,3170,3053,0,103,0,0,0,0,0,0,0,0,0,117
2025020239,2025-11-08,Kraken,Blues,Away,OTW,14,16,2.211768388748169,2.685333251953125,0.0,0.0,Philipp Grubauer,Joel Hofer,CG,CG,0,0,0,0,0,1,1,0,0,0,0,0,1,1,0,9,15,5,1,30,9,5,5,0,19,18,22,14,1,55,18,14,22,0,54,0,2,1,1,4,2,0,1,0,3,5,6,3,0,14,12,10,10,0,32,1,1,3,2,296,148,16,26,0.533,1.368,0,0,0,0,0,2683,1034,3170,3053,103,0,0,0,0,0,0,0,0,0,0,117
2025020240,2025-11-08,Oilers,Avalanche,Home,RL,16,15,2.3890814781188965,4.187767505645752,0.0,0.0,Stuart Skinner,Scott Wedgewood,IG,CG,0,0,0,0,0,0,0,0,0,0,0,0,0,0,0,6,10,8,0,24,9,12,13,0,34,12,25,16,0,53,15,22,21,0,58,0,1,0,0,1,2,4,3,0,9,2,5,6,0,13,0,4,3,0,7,1,1,5,5,393,693,25,23,1.042,0.676,0,0,1,0,0,2791,809,2457,2376,44,0,0,0,0,25,0,0,0,0,81,0
2025020240,2025-11-08,Avalanche,Oilers,Away,RW,15,16,4.187767505645752,2.3890814781188965,0.0,0.0,Scott Wedgewood,Stuart Skinner,CG,IG,0,0,0,0,0,0,0,0,1,0,0,0,0,0,0,9,12,13,0,34,6,10,8,0,24,15,22,21,0,58,12,25,16,0,53,2,4,3,0,9,0,1,0,0,1,0,4,3,0,7,2,5,6,0,13,1,1,5,5,693,393,23,25,0.676,1.042,0,0,0,1,2791,0,809,2457,2376,0,44,0,0,25,0,0,0,0,0,81,0
2025020241,2025-11-08,Canucks,Blue Jackets,Home,RW,16,14,3.6905417442321777,4.312851905822754,0.0,0.0,Kevin Lankinen,Elvis Merzlikins,CG,CG,0,0,0,0,0,0,0,0,1,0,0,0,1,0,0,8,9,7,0,24,11,13,8,0,32,15,22,22,0,59,21,27,18,0,66,0,2,2,0,4,0,2,1,0,3,7,9,4,0,20,5,6,4,0,15,0,0,3,4,450,370,29,20,1.208,0.625,0,0,2,3,633,361,2606,2780,2645,0,0,0,0,0,0,0,0,29,66,135,0
2025020241,2025-11-08,Blue Jackets,Canucks,Away,RL,14,16,4.312851905822754,3.6905417442321777,0.0,0.0,Elvis Merzlikins,Kevin Lankinen,CG,CG,0,0,0,0,0,0,0,0,0,1,0,0,0,0,0,11,13,8,0,32,8,9,7,0,24,21,27,18,0,66,15,22,22,0,59,0,2,1,0,3,0,2,2,0,4,5,6,4,0,15,7,9,4,0,20,0,0,4,3,370,450,20,29,0.625,1.208,0,0,3,2,361,633,2606,2780,2645,0,0,0,0,0,0,0,0,66,29,135,0
2025020242,2025-11-08,Golden Knights,Ducks,Home,OTL,14,14,4.107698440551758,2.708075761795044,0.0,0.0,Akira Schmid,Petr Mrazek,CG,CG,0,0,0,0,0,0,0,0,1,1,0,0,0,0,0,7,8,21,3,39,8,12,6,3,29,15,16,32,4,67,19,28,16,5,68,1,0,2,0,3,1,2,0,1,4,9,4,4,0,17,5,5,8,0,18,1,0,3,1,256,120,25,36,0.641,1.241,0,0,1,1,602,1454,1812,3489,3221,3,0,0,0,0,0,0,0,0,0,0,268
2025020242,2025-11-08,Ducks,Golden Knights,Away,OTW,14,14,2.708075761795044,4.107698440551758,0.0,0.0,Petr Mrazek,Akira Schmid,CG,CG,0,0,0,0,0,0,0,0,0,0,0,0,1,0,0,8,12,6,3,29,7,8,21,3,39,19,28,16,5,68,15,16,32,4,67,1,2,0,1,4,1,0,2,0,3,5,5,8,0,18,9,4,4,0,17,0,1,1,3,120,256,36,25,1.241,0.641,0,0,1,1,1454,602,1812,3489,3221,0,3,0,0,0,0,0,0,0,0,0,268
2025020243,2025-11-08,Sharks,Panthers,Home,RW,16,15,2.391913414001465,3.5483784675598145,0.0,0.0,Yaroslav Askarov,Daniil Tarasov,CG,CG,1,1,0,0,0,0,0,0,1,0,0,0,0,0,0,14,3,6,0,23,6,20,13,0,39,21,12,18,0,51,18,28,24,0,70,1,1,1,0,3,0,1,0,0,1,5,5,7,0,17,4,15,4,0,23,0,0,2,5,240,615,38,20,1.652,0.513,1,0,1,2,2555,0,1045,2646,2646,0,99,0,0,0,5,0,0,0,0,0,0
2025020243,2025-11-08,Panthers,Sharks,Away,RL,15,16,3.5483784675598145,2.391913414001465,0.0,0.0,Daniil Tarasov,Yaroslav Askarov,CG,CG,0,0,0,0,1,1,0,0,0,0,0,0,0,0,0,6,20,13,0,39,14,3,6,0,23,18,28,24,0,70,21,12,18,0,51,0,1,0,0,1,1,1,1,0,3,4,15,4,0,23,5,5,7,0,17,0,0,5,2,615,240,20,38,0.513,1.652,0,1,2,1,0,2555,1045,2646,2646,99,0,0,0,5,0,0,0,0,0,0,0
2025020244,2025-11-09,Red Wings,Blackhawks,Home,RL,16,16,5.202879905700684,1.868689775466919,0.0,0.0,John Gibson,Arvid Soderblom,CG,CG,0,0,0,0,0,0,0,0,0,0,0,0,0,0,0,10,14,22,0,46,9,6,5,0,20,20,21,34,0,75,20,11,14,0,45,1,0,0,0,1,1,1,3,0,5,7,5,8,0,20,8,4,5,0,17,0,3,4,3,614,79,15,45,0.326,2.25,0,0,3,1,0,2398,1202,2878,2878,23,6,0,0,0,0,0,0,0,0,0,0
2025020244,2025-11-09,Blackhawks,Red Wings,Away,RW,16,16,1.868689775466919,5.202879905700684,0.0,0.0,Arvid Soderblom,John Gibson,CG,CG,0,0,0,0,0,0,0,0,1,0,0,0,0,0,0,9,6,5,0,20,10,14,22,0,46,20,11,14,0,45,20,21,34,0,75,1,1,3,0,5,1,0,0,0,1,8,4,5,0,17,7,5,8,0,20,3,0,3,4,79,614,45,15,2.25,0.326,0,0,1,3,2398,0,1202,2878,2878,6,23,0,0,0,0,0,0,0,0,0,0
2025020245,2025-11-09,Penguins,Kings,Home,RL,17,16,3.0300180912017822,2.723788022994995,0.0,0.0,Sergei Murashov,Darcy Kuemper,CG,CG,1,1,0,0,0,0,0,0,1,1,0,0,0,0,0,14,9,10,0,33,10,9,8,0,27,21,23,23,0,67,19,13,21,0,53,1,1,0,0,2,1,0,2,0,3,9,4,6,0,19,5,2,2,0,9,1,1,2,4,236,384,24,31,0.727,1.148,0,0,2,3,1391,488,1721,2870,2870,110,0,0,0,0,0,0,0,0,0,0,0
2025020245,2025-11-09,Kings,Penguins,Away,RW,16,17,2.723788022994995,3.0300180912017822,0.0,0.0,Darcy Kuemper,Sergei Murashov,CG,CG,0,0,0,0,1,1,0,0,0,0,0,0,1,0,0,10,9,8,0,27,14,9,10,0,33,19,13,21,0,53,21,23,23,0,67,1,0,2,0,3,1,1,0,0,2,5,2,2,0,9,9,4,6,0,19,1,1,4,2,384,236,31,24,1.148,0.727,0,0,3,2,488,1391,1721,2870,2870,0,110,0,0,0,0,0,0,0,0,0,0
2025020246,2025-11-09,Maple Leafs,Hurricanes,Home,RL,16,15,2.289036750793457,4.815572261810303,0.0,0.0,Dennis Hildeby,Brandon Bussi,CG,CG,1,0,0,0,1,1,1,0,1,1,1,0,0,0,0,10,8,2,0,20,12,13,22,0,47,19,18,14,0,51,19,23,31,0,73,3,1,0,0,4,2,1,2,0,5,9,4,8,0,21,5,5,3,0,13,1,1,3,4,313,394,42,16,2.1,0.34,0,0,0,4,1673,527,1400,2857,2826,36,0,0,92,0,0,0,0,0,0,31,0
2025020246,2025-11-09,Hurricanes,Maple Leafs,Away,RW,15,16,4.815572261810303,2.289036750793457,0.0,0.0,Brandon Bussi,Dennis Hildeby,CG,CG,1,1,1,0,1,0,0,0,0,0,0,0,1,1,0,12,13,22,0,47,10,8,2,0,20,19,23,31,0,73,19,18,14,0,51,2,1,2,0,5,3,1,0,0,4,5,5,3,0,13,9,4,8,0,21,1,1,4,3,394,313,16,42,0.34,2.1,0,0,4,0,527,1673,1400,2857,2826,0,36,92,0,0,0,0,0,0,0,31,0
2025020247,2025-11-09,Senators,Mammoth,Home,RW,16,16,3.775426149368286,3.3543667793273926,0.0,0.0,Leevi Meriläinen,Vitek Vanecek,CG,CG,1,1,0,0,1,0,1,0,1,0,0,0,0,0,0,5,9,11,0,25,14,9,8,0,31,15,15,20,0,50,17,19,20,0,56,1,2,1,0,4,1,1,0,0,2,10,13,5,0,28,7,3,3,0,13,0,0,2,1,240,120,29,21,1.16,0.677,0,0,0,1,2181,0,1419,2989,2959,0,161,0,0,0,0,0,0,0,0,30,0
2025020247,2025-11-09,Mammoth,Senators,Away,RL,16,16,3.3543667793273926,3.775426149368286,0.0,0.0,Vitek Vanecek,Leevi Meriläinen,CG,CG,1,0,1,0,1,1,0,0,0,0,0,0,0,0,0,14,9,8,0,31,5,9,11,0,25,17,19,20,0,56,15,15,20,0,50,1,1,0,0,2,1,2,1,0,4,7,3,3,0,13,10,13,5,0,28,0,0,1,2,120,240,21,29,0.677,1.16,0,0,1,0,0,2181,1419,2989,2959,161,0,0,0,0,0,0,0,0,0,30,0
2025020248,2025-11-09,Stars,Kraken,Home,RW,16,15,3.426460027694702,2.8737077713012695,0.0,0.0,Casey DeSmith,Matt Murray,CG,CG,1,1,1,0,1,0,0,0,0,0,0,0,1,0,0,10,8,7,0,25,7,15,9,0,31,20,16,18,0,54,18,24,16,0,58,2,0,0,0,2,1,0,0,0,1,7,4,4,0,15,11,6,8,0,25,1,0,3,3,292,336,30,23,1.2,0.742,0,0,2,0,2434,69,1097,2872,2757,0,95,0,0,0,0,0,0,0,0,115,0
2025020248,2025-11-09,Kraken,Stars,Away,RL,15,16,2.8737077713012695,3.426460027694702,0.0,0.0,Matt Murray,Casey DeSmith,CG,CG,1,0,0,0,1,1,1,0,1,1,0,0,0,0,0,7,15,9,0,31,10,8,7,0,25,18,24,16,0,58,20,16,18,0,54,1,0,0,0,1,2,0,0,0,2,11,6,8,0,25,7,4,4,0,15,0,1,3,3,336,292,23,30,0.742,1.2,0,0,0,2,69,2434,1097,2872,2757,95,0,0,0,0,0,0,0,0,0,115,0
2025020249,2025-11-09,Wild,Flames,Home,RW,17,17,2.703138589859009,2.3968279361724854,0.0,0.0,Jesper Wallstedt,Devin Cooley,CG,CG,0,1,1,0,0,0,0,0,1,0,0,0,0,0,0,8,7,4,0,19,11,12,13,0,36,20,20,19,0,59,23,22,21,0,66,0,1,1,0,2,0,0,0,0,0,8,4,1,0,13,6,4,5,0,15,0,0,3,3,331,211,36,17,1.895,0.472,1,0,4,1,1573,0,2027,2907,2791,0,118,0,0,0,0,0,0,0,0,116,0
2025020249,2025-11-09,Flames,Wild,Away,RL,17,17,2.3968279361724854,2.703138589859009,0.0,0.0,Devin Cooley,Jesper Wallstedt,CG,CG,0,0,0,0,0,1,1,0,0,0,0,0,0,0,0,11,12,13,0,36,8,7,4,0,19,23,22,21,0,66,20,20,19,0,59,0,0,0,0,0,0,1,1,0,2,6,4,5,0,15,8,4,1,0,13,0,0,3,3,211,331,17,36,0.472,1.895,0,1,1,4,0,1573,2027,2907,2791,118,0,0,0,0,0,0,0,0,0,116,0
2025020250,2025-11-09,Canucks,Avalanche,Home,OTL,17,16,4.347104072570801,3.931910753250122,0.0,0.0,Kevin Lankinen,Mackenzie Blackwood,CG,CG,1,0,0,0,1,0,0,0,0,0,0,0,0,0,0,16,10,7,0,33,9,7,14,2,32,32,22,20,0,74,24,16,19,2,61,1,1,2,0,4,2,0,2,1,5,4,3,3,0,10,4,8,6,0,18,1,2,5,3,496,213,27,29,0.818,0.906,0,0,1,0,0,1753,1915,2959,2891,0,0,0,0,0,0,0,0,0,0,0,68
2025020250,2025-11-09,Avalanche,Canucks,Away,OTW,16,17,3.931910753250122,4.347104072570801,0.0,0.0,Mackenzie Blackwood,Kevin Lankinen,CG,CG,1,0,0,0,1,0,0,0,1,0,0,0,0,0,0,9,7,14,2,32,16,10,7,0,33,24,16,19,2,61,32,22,20,0,74,2,0,2,1,5,1,1,2,0,4,4,8,6,0,18,4,3,3,0,10,2,1,3,5,213,496,29,27,0.906,0.818,0,0,0,1,1753,0,1915,2959,2891,0,0,0,0,0,0,0,0,0,0,0,68
2025020251,2025-11-09,Ducks,Jets,Home,RW,15,15,3.373317241668701,2.3208041191101074,0.0,0.0,Lukas Dostal,Eric Comrie,CG,CG,1,1,1,0,0,0,0,0,1,0,0,0,0,0,0,9,8,4,0,21,9,5,10,0,24,16,21,22,0,59,20,17,23,0,60,2,1,1,0,4,0,1,0,0,1,12,6,2,0,20,8,8,5,0,21,2,0,4,4,348,480,23,17,1.095,0.708,0,0,1,1,3162,0,438,2772,2772,0,0,0,0,0,0,0,0,0,0,0,0
2025020251,2025-11-09,Jets,Ducks,Away,RL,15,15,2.3208041191101074,3.373317241668701,0.0,0.0,Eric Comrie,Lukas Dostal,CG,CG,0,0,0,0,1,1,1,0,0,0,0,0,0,0,0,9,5,10,0,24,9,8,4,0,21,20,17,23,0,60,16,21,22,0,59,0,1,0,0,1,2,1,1,0,4,8,8,5,0,21,12,6,2,0,20,0,2,4,4,480,348,17,23,0.708,1.095,0,0,1,1,0,3162,438,2772,2772,0,0,0,0,0,0,0,0,0,0,0,0
2025020252,2025-11-10,Devils,Islanders,Home,OTL,16,16,4.1115031242370605,1.7146329879760742,0.0,0.0,Jacob Markstrom,Ilya Sorokin,CG,CG,0,0,0,0,0,1,0,0,1,1,0,0,0,0,0,11,10,14,0,35,7,8,8,1,24,20,23,22,0,65,13,17,17,2,49,1,0,1,0,2,0,1,1,1,3,5,6,2,0,13,6,6,5,0,17,1,1,4,1,465,68,21,33,0.6,1.375,0,0,2,0,1483,168,2026,2977,2900,167,0,0,0,0,0,0,0,0,0,0,77
2025020252,2025-11-10,Islanders,Devils,Away,OTW,16,16,1.7146329879760742,4.1115031242370605,0.0,0.0,Ilya Sorokin,Jacob Markstrom,CG,CG,0,1,0,0,0,0,0,0,0,0,0,0,1,0,0,7,8,8,1,24,11,10,14,0,35,13,17,17,2,49,20,23,22,0,65,0,1,1,1,3,1,0,1,0,2,6,6,5,0,17,5,6,2,0,13,1,1,1,4,68,465,33,21,1.375,0.6,0,0,0,2,168,1483,2026,2977,2900,0,167,0,0,0,0,0,0,0,0,0,77
2025020253,2025-11-10,Rangers,Predators,Home,RW,17,18,2.408001184463501,2.737147331237793,0.0,0.0,Igor Shesterkin,Juuse Saros,CG,IG,0,1,0,0,0,0,0,0,1,0,0,0,0,0,0,8,4,6,0,18,10,4,16,0,30,15,10,16,0,41,16,9,27,0,52,2,3,1,0,6,1,0,2,0,3,12,12,7,0,31,5,5,5,0,15,1,2,2,4,157,317,27,12,1.5,0.4,0,0,2,2,2850,0,750,3126,3126,0,0,0,0,0,71,0,0,0,4,0,0
2025020253,2025-11-10,Predators,Rangers,Away,RL,18,17,2.737147331237793,2.408001184463501,0.0,0.0,Juuse Saros,Igor Shesterkin,IG,CG,0,0,0,0,0,1,0,0,0,0,0,0,0,0,0,10,4,16,0,30,8,4,6,0,18,16,9,27,0,52,15,10,16,0,41,1,0,2,0,3,2,3,1,0,6,5,5,5,0,15,12,12,7,0,31,2,1,4,2,317,157,12,27,0.4,1.5,0,0,2,2,0,2850,750,3126,3126,0,0,0,0,71,0,0,0,4,0,0,0
2025020254,2025-11-10,Oilers,Blue Jackets,Home,OTW,17,15,2.6037728786468506,3.771308660507202,0.0,0.0,Stuart Skinner,Jet Greaves,CG,CG,0,0,0,0,0,0,0,0,0,0,0,0,1,1,0,7,6,9,2,24,5,10,6,1,22,20,21,20,2,63,14,31,14,1,60,1,0,3,1,5,1,2,1,0,4,10,9,4,0,23,8,1,2,0,11,0,0,1,2,120,240,18,19,0.75,0.864,0,0,2,2,0,2589,1067,3250,3022,4,0,0,29,0,0,0,0,0,0,172,56
2025020254,2025-11-10,Blue Jackets,Oilers,Away,OTL,15,17,3.771308660507202,2.6037728786468506,0.0,0.0,Jet Greaves,Stuart Skinner,CG,CG,0,0,0,0,0,0,0,0,1,1,1,0,0,0,0,5,10,6,1,22,7,6,9,2,24,14,31,14,1,60,20,21,20,2,63,1,2,1,0,4,1,0,3,1,5,8,1,2,0,11,10,9,4,0,23,0,0,2,1,240,120,19,18,0.864,0.75,0,0,2,2,2589,0,1067,3250,3022,0,4,29,0,0,0,0,0,0,0,172,56
2025020255,2025-11-10,Golden Knights,Panthers,Home,RL,15,16,3.4820163249969482,2.220254421234131,0.0,0.0,Carl Lindbom,Sergei Bobrovsky,CG,CG,0,0,0,0,0,0,0,0,0,0,0,0,0,0,0,13,7,12,0,32,10,9,1,0,20,25,16,19,0,60,20,16,14,0,50,0,0,2,0,2,1,1,1,0,3,6,8,8,0,22,13,6,2,0,21,0,1,3,3,265,260,17,30,0.531,1.5,0,0,1,1,0,2713,887,2936,2782,90,0,0,0,65,0,0,0,0,0,154,0
2025020255,2025-11-10,Panthers,Golden Knights,Away,RW,16,15,2.220254421234131,3.4820163249969482,0.0,0.0,Sergei Bobrovsky,Carl Lindbom,CG,CG,0,0,0,0,0,0,0,0,1,0,0,0,0,0,0,10,9,1,0,20,13,7,12,0,32,20,16,14,0,50,25,16,19,0,60,1,1,1,0,3,0,0,2,0,2,13,6,2,0,21,6,8,8,0,22,1,0,3,3,260,265,30,17,1.5,0.531,0,0,1,1,2713,0,887,2936,2782,0,90,0,0,0,65,0,0,0,0,154,0
2025020256,2025-11-11,Bruins,Maple Leafs,Home,RW,18,17,4.5023651123046875,3.7237982749938965,0.0,0.0,Jeremy Swayman,Anthony Stolarz,CG,IG,0,0,0,0,0,1,0,0,1,0,0,0,0,0,0,11,11,10,0,32,6,15,12,0,33,25,25,19,0,69,13,29,26,0,68,3,1,1,0,5,1,1,1,0,3,10,5,5,0,20,12,10,8,0,30,3,1,6,5,542,492,30,27,0.938,0.818,0,0,1,0,3162,0,438,2377,2314,0,107,0,0,8,29,0,0,0,0,63,0
2025020256,2025-11-11,Maple Leafs,Bruins,Away,RL,17,18,3.7237982749938965,4.5023651123046875,0.0,0.0,Anthony Stolarz,Jeremy Swayman,IG,CG,0,1,0,0,0,0,0,0,0,0,0,0,0,0,0,6,15,12,0,33,11,11,10,0,32,13,29,26,0,68,25,25,19,0,69,1,1,1,0,3,3,1,1,0,5,12,10,8,0,30,10,5,5,0,20,1,3,5,6,492,542,27,30,0.818,0.938,0,0,0,1,0,3162,438,2377,2314,107,0,0,0,29,8,0,0,0,0,63,0
2025020257,2025-11-11,Canadiens,Kings,Home,RL,16,17,2.756779909133911,3.491910457611084,0.0,0.0,Sam Montembeault,Darcy Kuemper,CG,CG,0,0,0,0,0,0,0,0,1,1,0,0,0,0,0,9,7,6,0,22,12,7,7,0,26,19,18,19,0,56,22,20,21,0,63,1,0,0,0,1,0,3,2,0,5,7,9,5,0,21,2,4,4,0,10,0,0,3,3,292,360,21,21,0.955,0.808,0,0,4,4,120,2143,1337,2894,2894,21,33,0,0,45,0,0,0,0,0,0,0
2025020257,2025-11-11,Kings,Canadiens,Away,RW,17,16,3.491910457611084,2.756779909133911,0.0,0.0,Darcy Kuemper,Sam Montembeault,CG,CG,0,0,0,0,0,0,0,0,0,0,0,0,1,0,0,12,7,7,0,26,9,7,6,0,22,22,20,21,0,63,19,18,19,0,56,0,3,2,0,5,1,0,0,0,1,2,4,4,0,10,7,9,5,0,21,0,0,3,3,360,292,21,21,0.808,0.955,0,0,4,4,2143,120,1337,2894,2894,33,21,0,0,0,45,0,0,0,0,0,0
2025020258,2025-11-11,Senators,Stars,Home,OTL,17,17,3.1982245445251465,2.3710858821868896,0.0,0.0,Linus Ullmark,Jake Oettinger,CG,CG,0,1,1,0,0,1,1,0,1,1,1,0,0,0,0,12,9,6,2,29,6,7,16,4,33,17,15,17,6,55,15,11,21,5,52,2,0,0,0,2,0,1,1,1,3,6,7,2,0,15,8,8,8,0,24,0,1,2,4,240,317,30,27,1.034,0.818,0,0,1,1,2831,0,953,3227,3043,0,0,0,0,0,0,0,0,0,0,0,184
2025020258,2025-11-11,Stars,Senators,Away,OTW,17,17,2.3710858821868896,3.1982245445251465,0.0,0.0,Jake Oettinger,Linus Ullmark,CG,CG,0,1,1,0,0,1,1,0,0,0,0,0,1,1,0,6,7,16,4,33,12,9,6,2,29,15,11,21,5,52,17,15,17,6,55,0,1,1,1,3,2,0,0,0,2,8,8,8,0,24,6,7,2,0,15,1,0,4,2,317,240,27,30,0.818,1.034,0,0,1,1,0,2831,953,3227,3043,0,0,0,0,0,0,0,0,0,0,0,184
2025020259,2025-11-11,Hurricanes,Capitals,Home,RL,16,16,4.016302585601807,3.2835464477539062,0.0,0.0,Frederik Andersen,Logan Thompson,CG,CG,0,1,1,0,0,0,0,0,0,0,0,0,0,0,0,7,14,10,0,31,10,8,10,0,28,18,21,19,0,58,20,20,21,0,61,0,1,0,0,1,1,1,2,0,4,8,5,9,0,22,2,5,6,0,13,0,1,5,5,519,452,24,30,0.774,1.071,0,0,2,1,0,3258,342,2499,2499,67,0,0,0,0,0,0,0,11,0,0,0
2025020259,2025-11-11,Capitals,Hurricanes,Away,RW,16,16,3.2835464477539062,4.016302585601807,0.0,0.0,Logan Thompson,Frederik Andersen,CG,CG,0,0,0,0,0,1,1,0,1,0,0,0,0,0,0,10,8,10,0,28,7,14,10,0,31,20,20,21,0,61,18,21,19,0,58,1,1,2,0,4,0,1,0,0,1,2,5,6,0,13,8,5,9,0,22,1,0,5,5,452,519,30,24,1.071,0.774,0,0,1,2,3258,0,342,2499,2499,0,67,0,0,0,0,0,0,0,11,0,0
2025020260,2025-11-11,Blues,Flames,Home,RW,17,18,4.344390392303467,3.007725954055786,0.0,0.0,Jordan Binnington,Dustin Wolf,CG,CG,0,0,0,0,0,0,0,0,1,0,0,0,0,0,0,14,10,7,0,31,10,14,16,0,40,20,23,17,0,60,16,20,23,0,59,2,1,0,0,3,0,2,0,0,2,10,3,12,0,25,10,4,1,0,15,1,0,2,1,226,120,38,28,1.226,0.7,0,0,1,1,2941,0,659,3148,3030,0,104,0,0,0,0,0,0,0,0,118,0
2025020260,2025-11-11,Flames,Blues,Away,RL,18,17,3.007725954055786,4.344390392303467,0.0,0.0,Dustin Wolf,Jordan Binnington,CG,CG,0,0,0,0,0,0,0,0,0,0,0,0,0,0,0,10,14,16,0,40,14,10,7,0,31,16,20,23,0,59,20,23,17,0,60,0,2,0,0,2,2,1,0,0,3,10,4,1,0,15,10,3,12,0,25,0,1,1,2,120,226,28,38,0.7,1.226,0,0,1,1,0,2941,659,3148,3030,104,0,0,0,0,0,0,0,0,0,118,0
2025020261,2025-11-11,Wild,Sharks,Home,OTL,18,17,3.199596405029297,1.9793980121612549,0.0,0.0,Filip Gustavsson,Yaroslav Askarov,CG,CG,0,0,1,0,0,0,0,0,1,1,0,0,0,0,0,8,15,6,0,29,5,5,7,1,18,18,26,19,0,63,12,13,18,1,44,0,1,0,0,1,0,0,1,1,2,4,8,4,0,16,6,5,11,0,22,1,1,4,3,417,289,16,28,0.552,1.556,0,0,3,0,1615,0,2146,3051,2890,0,4,0,0,0,0,0,0,0,0,0,161
2025020261,2025-11-11,Sharks,Wild,Away,OTW,17,18,1.9793980121612549,3.199596405029297,0.0,0.0,Yaroslav Askarov,Filip Gustavsson,CG,CG,0,0,0,0,0,0,1,0,0,0,0,0,1,0,0,5,5,7,1,18,8,15,6,0,29,12,13,18,1,44,18,26,19,0,63,0,0,1,1,2,0,1,0,0,1,6,5,11,0,22,4,8,4,0,16,1,1,3,4,289,417,28,16,1.556,0.552,0,0,0,3,0,1615,2146,3051,2890,4,0,0,0,0,0,0,0,0,0,0,161
2025020262,2025-11-11,Avalanche,Ducks,Home,RW,17,16,3.984126329421997,3.373232841491699,0.0,0.0,Scott Wedgewood,Lukas Dostal,CG,CG,0,1,0,0,0,1,1,0,1,0,0,0,0,0,0,12,11,13,0,36,12,7,17,0,36,24,20,24,0,68,24,21,25,0,70,1,1,2,0,4,1,0,0,0,1,5,8,3,0,16,6,10,10,0,26,1,0,4,2,435,240,35,32,0.972,0.889,1,0,3,2,2771,0,829,2854,2734,0,71,0,0,0,0,0,0,0,0,120,0
2025020262,2025-11-11,Ducks,Avalanche,Away,RL,16,17,3.373232841491699,3.984126329421997,0.0,0.0,Lukas Dostal,Scott Wedgewood,CG,CG,0,1,1,0,0,1,0,0,0,0,0,0,0,0,0,12,7,17,0,36,12,11,13,0,36,24,21,25,0,70,24,20,24,0,68,1,0,0,0,1,1,1,2,0,4,6,10,10,0,26,5,8,3,0,16,0,1,2,4,240,435,32,35,0.889,0.972,0,1,2,3,0,2771,829,2854,2734,71,0,0,0,0,0,0,0,0,0,120,0
2025020263,2025-11-11,Canucks,Jets,Home,RL,18,16,3.4528677463531494,3.5654640197753906,0.0,0.0,Thatcher Demko,Connor Hellebuyck,IG,CG,0,1,0,0,0,0,0,0,0,1,0,0,0,0,0,12,10,11,0,33,8,13,9,0,30,19,18,27,0,64,22,22,19,0,63,2,0,1,0,3,3,0,2,0,5,10,5,4,0,19,5,3,4,0,12,1,2,2,4,156,385,25,30,0.758,1.0,0,0,1,1,160,3031,409,2878,2878,181,0,0,0,0,0,0,0,0,0,0,0
2025020263,2025-11-11,Jets,Canucks,Away,RW,16,18,3.5654640197753906,3.4528677463531494,0.0,0.0,Connor Hellebuyck,Thatcher Demko,CG,IG,0,0,0,0,0,1,0,0,1,0,0,0,1,0,0,8,13,9,0,30,12,10,11,0,33,22,22,19,0,63,19,18,27,0,64,3,0,2,0,5,2,0,1,0,3,5,3,4,0,12,10,5,4,0,19,2,1,4,2,385,156,30,25,1.0,0.758,0,0,1,1,3031,160,409,2878,2878,0,181,0,0,0,0,0,0,0,0,0,0
2025020264,2025-11-11,Kraken,Blue Jackets,Home,SOL,16,16,2.3734219074249268,2.96537709236145,0.0,0.0,Matt Murray,Jet Greaves,CG,CG,0,1,0,0,1,1,0,0,1,1,0,0,0,0,0,9,8,5,1,23,11,11,11,1,34,18,22,12,2,54,28,21,22,3,74,1,0,0,0,1,0,1,0,0,1,4,2,3,0,9,2,7,6,0,15,0,1,2,4,243,410,33,22,1.435,0.647,0,0,5,3,1299,0,2601,3241,2941,0,0,0,0,0,42,0,0,0,0,0,300
2025020264,2025-11-11,Blue Jackets,Kraken,Away,SOW,16,16,2.96537709236145,2.3734219074249268,0.0,0.0,Jet Greaves,Matt Murray,CG,CG,1,1,0,0,0,1,0,0,0,0,0,0,1,0,0,11,11,11,1,34,9,8,5,1,23,28,21,22,3,74,18,22,12,2,54,0,1,0,0,1,1,0,0,0,1,2,7,6,0,15,4,2,3,0,9,1,0,4,2,410,243,22,33,0.647,1.435,0,0,3,5,0,1299,2601,3241,2941,0,0,0,0,42,0,0,0,0,0,0,300
2025020265,2025-11-12,Lightning,Rangers,Home,RL,16,18,4.735146522521973,3.5054829120635986,0.0,0.0,Andrei Vasilevskiy,Igor Shesterkin,IG,CG,0,0,0,0,0,0,1,0,0,0,0,0,0,0,0,10,12,14,0,36,8,5,8,0,21,19,28,30,0,77,18,11,21,0,50,3,0,0,0,3,4,1,2,0,7,10,10,6,0,26,10,7,4,0,21,0,1,3,3,360,264,14,33,0.389,1.571,0,0,3,3,0,3531,69,2886,2886,87,0,0,0,0,0,0,0,117,0,0,0
2025020265,2025-11-12,Rangers,Lightning,Away,RW,18,16,3.5054829120635986,4.735146522521973,0.0,0.0,Igor Shesterkin,Andrei Vasilevskiy,CG,IG,0,0,1,0,0,0,0,0,1,0,0,0,0,0,0,8,5,8,0,21,10,12,14,0,36,18,11,21,0,50,19,28,30,0,77,4,1,2,0,7,3,0,0,0,3,10,7,4,0,21,10,10,6,0,26,1,0,3,3,264,360,33,14,1.571,0.389,0,0,3,3,3531,0,69,2886,2886,0,87,0,0,0,0,0,0,0,117,0,0
2025020266,2025-11-12,Flyers,Oilers,Home,OTL,16,18,2.3732447624206543,2.8763694763183594,0.0,0.0,Dan Vladar,Stuart Skinner,CG,CG,0,0,0,0,0,0,0,0,0,0,0,0,0,0,0,5,6,9,1,21,13,11,5,2,31,18,14,15,1,48,17,18,14,2,51,0,1,0,0,1,1,0,0,1,2,7,9,5,0,21,6,2,2,0,10,1,0,3,3,300,240,29,20,1.381,0.645,0,0,5,1,0,993,2686,3137,3058,0,0,0,0,0,0,0,0,0,0,0,79
2025020266,2025-11-12,Oilers,Flyers,Away,OTW,18,16,2.8763694763183594,2.3732447624206543,0.0,0.0,Stuart Skinner,Dan Vladar,CG,CG,0,0,0,0,0,0,0,0,1,0,0,0,0,0,0,13,11,5,2,31,5,6,9,1,21,17,18,14,2,51,18,14,15,1,48,1,0,0,1,2,0,1,0,0,1,6,2,2,0,10,7,9,5,0,21,0,1,3,3,240,300,20,29,0.645,1.381,0,0,1,5,993,0,2686,3137,3058,0,0,0,0,0,0,0,0,0,0,0,79
2025020267,2025-11-12,Mammoth,Sabres,Home,RW,17,16,3.1229782104492188,2.4339356422424316,0.0,0.0,Karel Vejmelka,Colten Ellis,CG,CG,0,0,0,0,0,0,0,0,0,0,0,0,1,1,0,12,11,14,0,37,8,8,3,0,19,19,19,23,0,61,17,24,13,0,54,0,1,4,0,5,1,1,0,0,2,3,8,5,0,16,5,11,4,0,20,0,0,2,2,143,233,17,32,0.459,1.684,1,0,1,2,998,2119,483,3115,3115,0,109,0,0,0,2,0,0,0,0,0,0
2025020267,2025-11-12,Sabres,Mammoth,Away,RL,16,17,2.4339356422424316,3.1229782104492188,0.0,0.0,Colten Ellis,Karel Vejmelka,CG,CG,0,0,0,0,0,0,0,0,1,1,1,0,0,0,0,8,8,3,0,19,12,11,14,0,37,17,24,13,0,54,19,19,23,0,61,1,1,0,0,2,0,1,4,0,5,5,11,4,0,20,3,8,5,0,16,0,0,2,2,233,143,32,17,1.684,0.459,0,1,2,1,2119,998,483,3115,3115,109,0,0,0,2,0,0,0,0,0,0,0
2025020268,2025-11-12,Blackhawks,Devils,Home,OTL,17,17,2.4730300903320312,3.1793038845062256,0.0,0.0,Spencer Knight,Jacob Markstrom,CG,CG,0,0,0,0,0,0,0,0,1,1,0,0,0,0,0,12,3,5,0,20,10,14,9,4,37,19,13,16,2,50,17,23,21,4,65,1,0,2,0,3,0,1,2,1,4,12,10,6,0,28,9,8,2,0,19,1,0,3,1,272,120,33,17,1.65,0.459,0,0,3,1,1858,0,1950,3416,3208,0,0,0,0,77,0,0,0,0,0,0,208
2025020268,2025-11-12,Devils,Blackhawks,Away,OTW,17,17,3.1793038845062256,2.4730300903320312,0.0,0.0,Jacob Markstrom,Spencer Knight,CG,CG,0,0,0,0,0,0,0,0,0,0,0,0,1,0,0,10,14,9,4,37,12,3,5,0,20,17,23,21,4,65,19,13,16,2,50,0,1,2,1,4,1,0,2,0,3,9,8,2,0,19,12,10,6,0,28,0,1,1,3,120,272,17,33,0.459,1.65,0,0,1,3,0,1858,1950,3416,3208,0,0,0,0,0,77,0,0,0,0,0,208
2025020269,2025-11-13,Maple Leafs,Kings,Home,OTL,18,18,2.516550302505493,4.200465202331543,0.0,0.0,Dennis Hildeby,Darcy Kuemper,CG,CG,0,0,1,0,0,0,0,0,1,1,1,0,0,0,0,4,4,7,0,15,9,11,16,1,37,19,14,18,1,52,24,19,24,1,68,2,1,0,0,3,0,2,1,1,4,11,6,9,0,26,5,6,3,0,14,0,0,1,2,120,240,33,12,2.2,0.324,0,0,1,1,2609,0,1026,3275,3240,0,0,0,0,0,0,0,0,0,0,0,35
2025020269,2025-11-13,Kings,Maple Leafs,Away,OTW,18,18,4.200465202331543,2.516550302505493,0.0,0.0,Darcy Kuemper,Dennis Hildeby,CG,CG,0,0,0,0,0,0,1,0,0,0,0,0,1,1,0,9,11,16,1,37,4,4,7,0,15,24,19,24,1,68,19,14,18,1,52,0,2,1,1,4,2,1,0,0,3,5,6,3,0,14,11,6,9,0,26,0,0,2,1,240,120,12,33,0.324,2.2,0,0,1,1,0,2609,1026,3275,3240,0,0,0,0,0,0,0,0,0,0,0,35
2025020270,2025-11-13,Canadiens,Stars,Home,RL,17,18,2.534951686859131,2.5392041206359863,0.0,0.0,Jakub Dobes,Casey DeSmith,IG,CG,0,0,0,0,0,0,1,0,0,0,0,0,0,0,0,14,3,7,0,24,5,8,6,0,19,20,10,24,0,54,16,13,12,0,41,0,0,0,0,0,1,4,2,0,7,11,9,10,0,30,9,6,2,0,17,0,1,3,4,360,317,12,24,0.5,1.263,0,0,1,0,0,2739,861,2878,2878,0,13,0,0,0,0,0,0,0,0,0,0
2025020270,2025-11-13,Stars,Canadiens,Away,RW,18,17,2.5392041206359863,2.534951686859131,0.0,0.0,Casey DeSmith,Jakub Dobes,CG,IG,0,0,1,0,0,0,0,0,1,0,0,0,0,0,0,5,8,6,0,19,14,3,7,0,24,16,13,12,0,41,20,10,24,0,54,1,4,2,0,7,0,0,0,0,0,9,6,2,0,17,11,9,10,0,30,1,0,4,3,317,360,24,12,1.263,0.5,0,0,0,1,2739,0,861,2878,2878,13,0,0,0,0,0,0,0,0,0,0,0
2025020271,2025-11-13,Senators,Bruins,Home,RW,18,19,1.8093229532241821,1.9003236293792725,0.0,0.0,Leevi Meriläinen,Joonas Korpisalo,CG,CG,0,0,1,0,0,0,0,0,1,0,0,0,0,0,0,10,4,8,0,22,4,10,7,0,21,20,11,19,0,50,13,22,16,0,51,2,0,3,0,5,0,1,2,0,3,8,8,10,0,26,8,13,9,0,30,1,1,2,2,168,218,18,17,0.818,0.81,1,0,1,1,2970,0,630,3104,3104,0,110,0,0,0,0,0,0,0,0,0,0
2025020271,2025-11-13,Bruins,Senators,Away,RL,19,18,1.9003236293792725,1.8093229532241821,0.0,0.0,Joonas Korpisalo,Leevi Meriläinen,CG,CG,0,0,0,0,0,0,1,0,0,0,0,0,0,0,0,4,10,7,0,21,10,4,8,0,22,13,22,16,0,51,20,11,19,0,50,0,1,2,0,3,2,0,3,0,5,8,13,9,0,30,8,8,10,0,26,1,1,2,2,218,168,17,18,0.81,0.818,0,1,1,1,0,2970,630,3104,3104,110,0,0,0,0,0,0,0,0,0,0,0
2025020272,2025-11-13,Red Wings,Ducks,Home,RW,17,17,3.078889846801758,2.9418563842773438,0.0,0.0,John Gibson,Lukas Dostal,IG,CG,0,0,0,0,0,0,1,0,1,0,0,0,0,0,0,10,16,7,0,33,10,7,11,0,28,20,26,16,0,62,20,20,21,0,61,0,3,3,0,6,0,2,1,0,3,5,7,4,0,16,4,9,8,0,21,2,0,4,3,281,326,25,27,0.758,0.964,1,0,2,2,1697,0,1903,2951,2652,0,38,0,0,0,0,0,0,0,0,299,0
2025020272,2025-11-13,Ducks,Red Wings,Away,RL,17,17,2.9418563842773438,3.078889846801758,0.0,0.0,Lukas Dostal,John Gibson,CG,IG,0,0,1,0,0,0,0,0,0,0,0,0,0,0,0,10,7,11,0,28,10,16,7,0,33,20,20,21,0,61,20,26,16,0,62,0,2,1,0,3,0,3,3,0,6,4,9,8,0,21,5,7,4,0,16,0,2,3,4,326,281,27,25,0.964,0.758,0,1,2,2,0,1697,1903,2951,2652,38,0,0,0,0,0,0,0,0,0,299,0
2025020273,2025-11-13,Panthers,Capitals,Home,RW,17,17,4.40710973739624,3.1871402263641357,0.0,0.0,Daniil Tarasov,Logan Thompson,CG,CG,0,0,0,0,0,0,0,0,0,0,0,0,1,0,0,7,12,9,0,28,17,10,13,0,40,16,23,27,0,66,25,27,24,0,76,1,2,3,0,6,1,0,2,0,3,10,6,6,0,22,3,4,7,0,14,2,0,4,2,434,240,37,22,1.321,0.55,1,0,3,2,2215,28,1357,2885,2885,0,41,0,0,0,0,0,0,0,0,0,0
2025020273,2025-11-13,Capitals,Panthers,Away,RL,17,17,3.1871402263641357,4.40710973739624,0.0,0.0,Logan Thompson,Daniil Tarasov,CG,CG,0,0,0,0,0,0,0,0,1,1,0,0,0,0,0,17,10,13,0,40,7,12,9,0,28,25,27,24,0,76,16,23,27,0,66,1,0,2,0,3,1,2,3,0,6,3,4,7,0,14,10,6,6,0,22,0,2,2,4,240,434,22,37,0.55,1.321,0,1,2,3,28,2215,1357,2885,2885,41,0,0,0,0,0,0,0,0,0,0,0
2025020274,2025-11-13,Blue Jackets,Oilers,Home,RW,17,19,3.988741397857666,3.440363883972168,0.0,0.0,Jet Greaves,Calvin Pickard,CG,CG,0,1,1,0,1,1,1,0,1,0,0,0,0,0,0,6,15,4,0,25,4,12,13,0,29,19,23,13,0,55,15,21,25,0,61,1,3,1,0,5,0,2,2,0,4,4,4,4,0,12,5,5,5,0,15,0,0,1,2,120,240,25,20,1.0,0.69,0,0,9,1,2634,0,966,3133,3014,0,106,0,0,0,0,0,0,0,0,119,0
2025020274,2025-11-13,Oilers,Blue Jackets,Away,RL,19,17,3.440363883972168,3.988741397857666,0.0,0.0,Calvin Pickard,Jet Greaves,CG,CG,1,1,1,0,0,1,1,0,0,0,0,0,0,0,0,4,12,13,0,29,6,15,4,0,25,15,21,25,0,61,19,23,13,0,55,0,2,2,0,4,1,3,1,0,5,5,5,5,0,15,4,4,4,0,12,0,0,2,1,240,120,20,25,0.69,1.0,0,0,1,9,0,2634,966,3133,3014,106,0,0,0,0,0,0,0,0,0,119,0
2025020275,2025-11-13,Avalanche,Sabres,Home,RW,18,17,4.712274551391602,2.611081600189209,0.0,0.0,Mackenzie Blackwood,Alex Lyon,CG,IG,0,0,1,0,1,0,0,0,1,0,0,0,0,0,0,6,12,16,0,34,6,8,7,0,21,23,23,28,0,74,22,16,15,0,53,3,1,2,0,6,2,1,0,0,3,8,11,3,0,22,7,4,5,0,16,0,1,2,4,240,510,18,28,0.529,1.333,1,0,4,1,3462,0,138,2817,2817,0,33,0,0,0,0,0,0,0,0,0,0
2025020275,2025-11-13,Sabres,Avalanche,Away,RL,17,18,2.611081600189209,4.712274551391602,0.0,0.0,Alex Lyon,Mackenzie Blackwood,IG,CG,1,0,0,0,0,0,1,0,0,0,0,0,0,0,0,6,8,7,0,21,6,12,16,0,34,22,16,15,0,53,23,23,28,0,74,2,1,0,0,3,3,1,2,0,6,7,4,5,0,16,8,11,3,0,22,1,0,4,2,510,240,28,18,1.333,0.529,0,1,1,4,0,3462,138,2817,2817,33,0,0,0,0,0,0,0,0,0,0,0
2025020276,2025-11-13,Flames,Sharks,Home,RW,19,18,4.084608554840088,1.5273191928863525,0.0,0.0,Dustin Wolf,Yaroslav Askarov,CG,CG,0,0,0,0,0,0,0,0,1,0,0,0,0,0,0,13,14,9,0,36,1,6,10,0,17,22,26,19,0,67,19,15,19,0,53,0,1,1,0,2,0,0,0,0,0,2,7,1,0,10,8,7,4,0,19,0,0,3,2,360,240,17,34,0.472,2.0,1,0,1,0,2054,0,1546,2914,2914,0,86,0,0,0,0,0,0,0,0,0,0
2025020276,2025-11-13,Sharks,Flames,Away,RL,18,19,1.5273191928863525,4.084608554840088,0.0,0.0,Yaroslav Askarov,Dustin Wolf,CG,CG,0,0,0,0,0,0,0,0,0,0,0,0,0,0,0,1,6,10,0,17,13,14,9,0,36,19,15,19,0,53,22,26,19,0,67,0,0,0,0,0,0,1,1,0,2,8,7,4,0,19,2,7,1,0,10,0,0,2,3,240,360,34,17,2.0,0.472,0,1,0,1,0,2054,1546,2914,2914,86,0,0,0,0,0,0,0,0,0,0,0
2025020277,2025-11-13,Golden Knights,Islanders,Home,OTL,16,17,4.613596439361572,3.667067527770996,0.0,0.0,Akira Schmid,Ilya Sorokin,CG,CG,0,0,0,0,0,0,0,0,0,1,0,0,0,0,0,10,8,8,3,29,6,10,5,3,24,18,19,19,6,62,14,19,19,4,56,0,1,2,0,3,2,0,1,1,4,10,6,6,0,22,4,3,2,0,9,0,1,6,5,394,413,20,26,0.69,1.083,0,0,5,4,398,2060,1324,2924,2674,2,31,21,0,0,0,0,0,0,0,89,161
2025020277,2025-11-13,Islanders,Golden Knights,Away,OTW,17,16,3.667067527770996,4.613596439361572,0.0,0.0,Ilya Sorokin,Akira Schmid,CG,CG,0,0,0,0,0,0,0,0,1,0,0,0,1,0,0,6,10,5,3,24,10,8,8,3,29,14,19,19,4,56,18,19,19,6,62,2,0,1,1,4,0,1,2,0,3,4,3,2,0,9,10,6,6,0,22,1,0,5,6,413,394,26,20,1.083,0.69,0,0,4,5,2060,398,1324,2924,2674,31,2,0,21,0,0,0,0,0,0,89,161
2025020278,2025-11-13,Kraken,Jets,Home,RW,17,17,2.542473554611206,2.204741954803467,0.0,0.0,Philipp Grubauer,Connor Hellebuyck,CG,CG,0,0,1,0,0,0,0,0,0,0,0,0,1,0,0,8,5,5,0,18,4,13,9,0,26,19,13,14,0,46,9,26,18,0,53,1,1,3,0,5,1,2,0,0,3,10,0,4,0,14,8,6,6,0,20,1,1,3,3,316,223,23,13,1.278,0.5,1,0,0,0,759,868,1973,3006,2980,0,53,0,0,0,0,0,0,0,31,26,0
2025020278,2025-11-13,Jets,Kraken,Away,RL,17,17,2.204741954803467,2.542473554611206,0.0,0.0,Connor Hellebuyck,Philipp Grubauer,CG,CG,0,0,0,0,0,0,1,0,1,1,0,0,0,0,0,4,13,9,0,26,8,5,5,0,18,9,26,18,0,53,19,13,14,0,46,1,2,0,0,3,1,1,3,0,5,8,6,6,0,20,10,0,4,0,14,1,1,3,3,223,316,13,23,0.5,1.278,0,1,0,0,868,759,1973,3006,2980,53,0,0,0,0,0,0,0,31,0,26,0
2025020281,2025-11-14,Predators,Penguins,Home,OTW,19,18,3.8297107219696045,2.057385206222534,0.0,0.0,Juuse Saros,Arturs Silovs,CG,CG,0,0,0,0,0,0,0,0,0,0,0,0,1,0,0,8,12,8,2,30,8,2,7,0,17,15,24,16,2,57,14,16,13,1,44,0,0,1,1,2,0,1,0,0,1,6,4,7,0,17,5,3,2,0,10,0,0,1,2,130,240,16,28,0.533,1.647,0,0,3,2,0,1501,2143,3271,3227,3,0,0,0,0,0,0,0,0,0,0,44
2025020281,2025-11-14,Penguins,Predators,Away,OTL,18,19,2.057385206222534,3.8297107219696045,0.0,0.0,Arturs Silovs,Juuse Saros,CG,CG,0,0,0,0,0,0,0,0,1,1,0,0,0,0,0,8,2,7,0,17,8,12,8,2,30,14,16,13,1,44,15,24,16,2,57,0,1,0,0,1,0,0,1,1,2,5,3,2,0,10,6,4,7,0,17,0,0,2,1,240,130,28,16,1.647,0.533,0,0,2,3,1501,0,2143,3271,3227,0,3,0,0,0,0,0,0,0,0,0,44
2025020279,2025-11-14,Hurricanes,Canucks,Home,OTW,17,19,4.292672157287598,1.3577150106430054,0.0,0.0,Pyotr Kochetkov,Kevin Lankinen,CG,CG,0,0,0,0,0,0,0,0,0,0,0,0,1,0,0,8,18,8,4,38,4,8,4,1,17,14,27,22,4,67,16,24,14,3,57,2,0,1,1,4,2,1,0,0,3,6,10,5,0,21,11,4,10,0,25,1,1,2,2,125,150,14,34,0.368,2.0,0,0,2,3,240,1488,2141,3594,3325,0,0,0,0,0,0,0,0,0,0,0,269
2025020279,2025-11-14,Canucks,Hurricanes,Away,OTL,19,17,1.3577150106430054,4.292672157287598,0.0,0.0,Kevin Lankinen,Pyotr Kochetkov,CG,CG,0,0,0,0,0,0,0,0,1,1,0,0,0,0,0,4,8,4,1,17,8,18,8,4,38,16,24,14,3,57,14,27,22,4,67,2,1,0,0,3,2,0,1,1,4,11,4,10,0,25,6,10,5,0,21,1,1,2,2,150,125,34,14,2.0,0.368,0,0,3,2,1488,240,2141,3594,3325,0,0,0,0,0,0,0,0,0,0,0,269
2025020280,2025-11-14,Blues,Flyers,Home,SOL,18,17,2.3048062324523926,2.210009813308716,0.0,0.0,Jordan Binnington,Samuel Ersson,CG,CG,0,0,0,0,0,0,0,0,1,1,1,0,0,0,0,8,4,4,1,17,8,11,6,6,31,13,12,14,2,41,14,23,13,8,58,2,1,2,0,5,1,2,2,0,5,9,4,7,0,20,3,11,4,0,18,0,0,1,2,120,120,26,12,1.529,0.387,0,0,0,0,2730,0,1170,3660,3360,0,0,0,0,0,0,0,0,0,0,0,300
2025020280,2025-11-14,Flyers,Blues,Away,SOW,17,18,2.210009813308716,2.3048062324523926,0.0,0.0,Samuel Ersson,Jordan Binnington,CG,CG,0,0,0,0,0,0,0,0,0,0,0,0,1,1,0,8,11,6,6,31,8,4,4,1,17,14,23,13,8,58,13,12,14,2,41,1,2,2,0,5,2,1,2,0,5,3,11,4,0,18,9,4,7,0,20,0,0,2,1,120,120,12,26,0.387,1.529,0,0,0,0,0,2730,1170,3660,3360,0,0,0,0,0,0,0,0,0,0,0,300
2025020282,2025-11-14,Mammoth,Islanders,Home,OTL,18,18,3.87884259223938,3.6395583152770996,0.0,0.0,Karel Vejmelka,David Rittich,CG,CG,0,0,0,0,1,0,0,0,0,1,0,0,0,0,0,14,10,6,0,30,6,7,6,3,22,26,25,17,1,69,14,17,15,3,49,2,0,0,0,2,1,0,1,1,3,3,5,5,0,13,7,9,2,0,18,1,0,6,3,505,378,19,28,0.633,1.273,0,0,2,1,2109,349,1268,2800,2615,0,0,0,0,39,0,0,0,0,0,59,126
2025020282,2025-11-14,Islanders,Mammoth,Away,OTW,18,18,3.6395583152770996,3.87884259223938,0.0,0.0,David Rittich,Karel Vejmelka,CG,CG,1,0,0,0,0,0,0,0,1,0,0,0,1,0,0,6,7,6,3,22,14,10,6,0,30,14,17,15,3,49,26,25,17,1,69,1,0,1,1,3,2,0,0,0,2,7,9,2,0,18,3,5,5,0,13,0,1,3,6,378,505,28,19,1.273,0.633,0,0,1,2,349,2109,1268,2800,2615,0,0,0,0,0,39,0,0,0,0,59,126
2025020283,2025-11-15,Panthers,Lightning,Home,RL,18,17,2.1839725971221924,2.9923994541168213,0.0,0.0,Sergei Bobrovsky,Andrei Vasilevskiy,CG,CG,0,0,0,0,0,0,0,0,0,0,0,0,0,0,0,6,7,10,0,23,10,7,3,0,20,12,18,24,0,54,19,17,13,0,49,0,1,0,0,1,1,0,2,0,3,12,11,2,0,25,11,9,7,0,27,1,0,4,4,485,474,17,22,0.739,1.1,0,0,3,1,0,2103,1497,2431,2380,135,0,0,0,0,0,0,0,0,0,51,0
2025020283,2025-11-15,Lightning,Panthers,Away,RW,17,18,2.9923994541168213,2.1839725971221924,0.0,0.0,Andrei Vasilevskiy,Sergei Bobrovsky,CG,CG,0,0,0,0,0,0,0,0,1,0,0,0,0,0,0,10,7,3,0,20,6,7,10,0,23,19,17,13,0,49,12,18,24,0,54,1,0,2,0,3,0,1,0,0,1,11,9,7,0,27,12,11,2,0,25,0,1,4,4,474,485,22,17,1.1,0.739,0,0,1,3,2103,0,1497,2431,2380,0,135,0,0,0,0,0,0,0,0,51,0
2025020284,2025-11-15,Wild,Ducks,Home,RW,19,18,3.174830436706543,2.459270715713501,0.0,0.0,Jesper Wallstedt,Petr Mrazek,CG,CG,0,0,0,0,0,0,0,0,1,0,0,0,0,0,0,9,10,11,0,30,8,11,9,0,28,18,17,18,0,53,18,21,17,0,56,0,1,1,0,2,0,0,0,0,0,5,9,4,0,18,10,6,4,0,20,0,0,5,2,865,240,28,28,0.933,1.0,1,0,4,1,2345,0,1255,2420,2420,0,75,0,0,0,0,0,0,0,0,0,0
2025020284,2025-11-15,Ducks,Wild,Away,RL,18,19,2.459270715713501,3.174830436706543,0.0,0.0,Petr Mrazek,Jesper Wallstedt,CG,CG,0,0,0,0,0,0,0,0,0,0,0,0,0,0,0,8,11,9,0,28,9,10,11,0,30,18,21,17,0,56,18,17,18,0,53,0,0,0,0,0,0,1,1,0,2,10,6,4,0,20,5,9,4,0,18,0,0,2,5,240,865,28,28,1.0,0.933,0,1,1,4,0,2345,1255,2420,2420,75,0,0,0,0,0,0,0,0,0,0,0
2025020285,2025-11-15,Canadiens,Bruins,Home,RL,18,20,3.640799045562744,3.6575510501861572,0.0,0.0,Sam Montembeault,Jeremy Swayman,CG,CG,0,0,0,0,0,0,0,0,0,0,0,0,0,0,0,7,12,9,0,28,10,7,6,0,23,16,32,27,0,75,23,16,20,0,59,1,1,0,0,2,1,2,0,0,3,10,12,5,0,27,15,7,5,0,27,0,1,7,5,644,531,20,26,0.714,1.13,0,0,3,3,0,2494,1106,2187,2053,104,0,0,0,171,0,0,0,0,0,134,0
2025020285,2025-11-15,Bruins,Canadiens,Away,RW,20,18,3.6575510501861572,3.640799045562744,0.0,0.0,Jeremy Swayman,Sam Montembeault,CG,CG,0,0,0,0,0,0,0,0,1,0,0,0,0,0,0,10,7,6,0,23,7,12,9,0,28,23,16,20,0,59,16,32,27,0,75,1,2,0,0,3,1,1,0,0,2,15,7,5,0,27,10,12,5,0,27,1,0,5,7,531,644,26,20,1.13,0.714,0,0,3,3,2494,0,1106,2187,2053,0,104,0,0,0,171,0,0,0,0,134,0
2025020286,2025-11-15,Senators,Kings,Home,RL,19,19,2.196232557296753,1.6837126016616821,0.0,0.0,Linus Ullmark,Anton Forsberg,CG,CG,0,0,0,0,0,0,0,0,0,0,0,0,0,0,0,4,6,7,0,17,5,2,11,0,18,12,14,24,0,50,16,10,23,0,49,0,0,0,0,0,1,0,0,0,1,8,8,6,0,22,3,7,6,0,16,0,0,2,2,240,240,17,17,1.0,0.944,0,0,0,1,0,3041,559,2982,2982,138,0,0,0,0,0,0,0,0,0,0,0
2025020286,2025-11-15,Kings,Senators,Away,RW,19,19,1.6837126016616821,2.196232557296753,0.0,0.0,Anton Forsberg,Linus Ullmark,CG,CG,0,0,0,0,0,0,0,0,1,0,0,0,0,0,0,5,2,11,0,18,4,6,7,0,17,16,10,23,0,49,12,14,24,0,50,1,0,0,0,1,0,0,0,0,0,3,7,6,0,16,8,8,6,0,22,0,0,2,2,240,240,17,17,0.944,1.0,0,0,1,0,3041,0,559,2982,2982,0,138,0,0,0,0,0,0,0,0,0,0
2025020287,2025-11-15,Red Wings,Sabres,Home,OTL,18,18,3.3300023078918457,2.857839822769165,0.0,0.0,John Gibson,Colten Ellis,CG,CG,0,0,0,0,0,1,0,0,1,1,1,1,0,0,0,5,15,8,0,28,5,8,13,1,27,16,27,15,1,59,16,14,22,1,53,1,3,0,0,4,1,1,2,1,5,5,4,9,0,18,5,8,6,0,19,1,0,5,5,395,374,22,24,0.786,0.889,0,0,3,1,1565,0,2100,2835,2703,22,0,0,0,0,0,0,0,0,0,67,65
2025020287,2025-11-15,Sabres,Red Wings,Away,OTW,18,18,2.857839822769165,3.3300023078918457,0.0,0.0,Colten Ellis,John Gibson,CG,CG,0,1,0,0,0,0,0,0,0,0,0,0,1,1,1,5,8,13,1,27,5,15,8,0,28,16,14,22,1,53,16,27,15,1,59,1,1,2,1,5,1,3,0,0,4,5,8,6,0,19,5,4,9,0,18,0,1,5,5,374,395,24,22,0.889,0.786,0,0,1,3,0,1565,2100,2835,2703,0,22,0,0,0,0,0,0,0,0,67,65
2025020288,2025-11-15,Capitals,Devils,Home,SOL,18,18,3.490231513977051,3.3197133541107178,0.0,0.0,Logan Thompson,Jake Allen,CG,CG,0,0,0,0,0,0,0,0,0,0,0,0,0,0,0,8,10,11,2,31,14,7,5,5,31,16,20,25,3,64,23,24,18,6,71,0,0,2,0,2,2,0,0,0,2,13,7,5,1,26,6,3,4,0,13,0,1,1,3,120,342,29,29,0.935,0.935,0,0,2,2,0,2604,1296,3438,3138,0,0,0,0,0,6,0,0,0,0,0,300
2025020288,2025-11-15,Devils,Capitals,Away,SOW,18,18,3.3197133541107178,3.490231513977051,0.0,0.0,Jake Allen,Logan Thompson,CG,CG,0,0,0,0,0,0,0,0,1,0,0,0,0,0,0,14,7,5,5,31,8,10,11,2,31,23,24,18,6,71,16,20,25,3,64,2,0,0,0,2,0,0,2,0,2,6,3,4,0,13,13,7,5,1,26,1,0,3,1,342,120,29,29,0.935,0.935,0,0,2,2,2604,0,1296,3438,3138,0,0,0,0,6,0,0,0,0,0,0,300
2025020289,2025-11-15,Hurricanes,Oilers,Home,OTL,18,20,3.423586130142212,4.373056888580322,0.0,0.0,Frederik Andersen,Stuart Skinner,CG,CG,1,0,0,0,0,1,1,0,0,0,0,0,0,0,0,11,16,9,0,36,8,6,8,1,23,22,28,19,0,69,24,13,16,1,54,1,1,1,0,3,2,0,1,1,4,8,2,7,0,17,10,10,5,0,25,0,1,2,1,240,103,19,33,0.528,1.435,0,0,3,1,0,1133,2486,3276,3257,0,0,0,0,0,0,0,0,0,0,0,19
2025020289,2025-11-15,Oilers,Hurricanes,Away,OTW,20,18,4.373056888580322,3.423586130142212,0.0,0.0,Stuart Skinner,Frederik Andersen,CG,CG,0,1,1,0,1,0,0,0,1,0,0,0,0,0,0,8,6,8,1,23,11,16,9,0,36,24,13,16,1,54,22,28,19,0,69,2,0,1,1,4,1,1,1,0,3,10,10,5,0,25,8,2,7,0,17,1,0,1,2,103,240,33,19,1.435,0.528,0,0,1,3,1133,0,2486,3276,3257,0,0,0,0,0,0,0,0,0,0,0,19
2025020290,2025-11-15,Blue Jackets,Rangers,Home,SOL,18,19,2.944129705429077,3.8632431030273438,0.0,0.0,Jet Greaves,Igor Shesterkin,CG,CG,0,0,1,0,0,0,0,0,0,0,0,0,0,0,0,5,13,8,1,27,10,16,6,1,33,16,19,24,5,64,20,25,19,5,69,0,1,0,0,1,0,1,0,0,1,10,9,8,0,27,13,7,11,0,31,1,1,3,2,100,110,32,26,1.185,0.788,0,0,1,5,0,578,3322,3662,3270,0,20,0,0,0,0,0,0,0,0,92,300
2025020290,2025-11-15,Rangers,Blue Jackets,Away,SOW,19,18,3.8632431030273438,2.944129705429077,0.0,0.0,Igor Shesterkin,Jet Greaves,CG,CG,0,0,0,0,0,0,1,0,1,0,0,0,0,0,0,10,16,6,1,33,5,13,8,1,27,20,25,19,5,69,16,19,24,5,64,0,1,0,0,1,0,1,0,0,1,13,7,11,0,31,10,9,8,0,27,1,1,2,3,110,100,26,32,0.788,1.185,0,0,5,1,578,0,3322,3662,3270,20,0,0,0,0,0,0,0,0,0,92,300
2025020291,2025-11-15,Blackhawks,Maple Leafs,Home,RW,18,19,3.1905767917633057,3.5628416538238525,0.0,0.0,Spencer Knight,Joseph Woll,CG,CG,0,0,0,0,0,0,0,0,1,0,0,0,1,0,0,10,11,11,0,32,14,5,14,0,33,20,23,27,0,70,19,15,19,0,53,1,0,2,0,3,1,1,0,0,2,7,7,1,0,15,11,9,8,0,28,0,0,2,3,240,360,31,29,0.969,0.879,0,0,1,2,752,935,1913,2930,2930,0,70,0,0,0,0,0,0,0,0,0,0
2025020291,2025-11-15,Maple Leafs,Blackhawks,Away,RL,19,18,3.5628416538238525,3.1905767917633057,0.0,0.0,Joseph Woll,Spencer Knight,CG,CG,0,0,0,0,0,0,0,0,0,1,0,0,0,0,0,14,5,14,0,33,10,11,11,0,32,19,15,19,0,53,20,23,27,0,70,1,1,0,0,2,1,0,2,0,3,11,9,8,0,28,7,7,1,0,15,0,0,3,2,360,240,29,31,0.879,0.969,0,0,2,1,935,752,1913,2930,2930,70,0,0,0,0,0,0,0,0,0,0,0
2025020292,2025-11-15,Blues,Golden Knights,Home,RL,19,17,1.5262428522109985,3.8420796394348145,0.0,0.0,Joel Hofer,Akira Schmid,CG,CG,1,0,0,0,0,0,0,0,0,0,0,0,0,0,0,8,7,8,0,23,13,15,6,0,34,19,17,15,0,51,29,23,17,0,69,0,0,1,0,1,2,1,1,0,4,13,7,4,0,24,4,6,2,0,12,0,1,2,2,240,303,30,22,1.304,0.647,0,0,0,1,0,2828,772,3057,3057,0,0,0,0,0,0,0,0,0,0,0,0
2025020292,2025-11-15,Golden Knights,Blues,Away,RW,17,19,3.8420796394348145,1.5262428522109985,0.0,0.0,Akira Schmid,Joel Hofer,CG,CG,0,0,0,0,1,0,0,0,1,0,0,0,0,0,0,13,15,6,0,34,8,7,8,0,23,29,23,17,0,69,19,17,15,0,51,2,1,1,0,4,0,0,1,0,1,4,6,2,0,12,13,7,4,0,24,1,0,2,2,303,240,22,30,0.647,1.304,0,0,1,0,2828,0,772,3057,3057,0,0,0,0,0,0,0,0,0,0,0,0
2025020293,2025-11-15,Stars,Flyers,Home,RW,19,18,4.581081390380859,1.739721655845642,0.0,0.0,Jake Oettinger,Dan Vladar,CG,CG,0,0,0,0,1,1,0,0,1,0,0,0,0,0,0,10,6,12,0,28,3,11,7,0,21,21,14,25,0,60,13,17,14,0,44,1,2,2,0,5,0,0,1,0,1,5,10,8,0,23,10,11,11,0,32,1,0,2,1,176,120,20,23,0.714,1.095,0,0,3,1,3372,0,228,3300,3300,0,4,0,0,0,0,0,0,0,0,0,0
2025020293,2025-11-15,Flyers,Stars,Away,RL,18,19,1.739721655845642,4.581081390380859,0.0,0.0,Dan Vladar,Jake Oettinger,CG,CG,1,1,0,0,0,0,0,0,0,0,0,0,0,0,0,3,11,7,0,21,10,6,12,0,28,13,17,14,0,44,21,14,25,0,60,0,0,1,0,1,1,2,2,0,5,10,11,11,0,32,5,10,8,0,23,0,1,1,2,120,176,23,20,1.095,0.714,0,0,1,3,0,3372,228,3300,3300,4,0,0,0,0,0,0,0,0,0,0,0
2025020294,2025-11-15,Flames,Jets,Home,SOL,20,18,3.124866485595703,3.069347858428955,0.0,0.0,Dustin Wolf,Connor Hellebuyck,CG,CG,0,0,0,0,0,0,0,0,0,0,0,0,0,0,0,12,10,11,1,34,8,10,4,1,23,25,26,18,3,72,19,23,14,5,61,0,2,1,0,3,0,2,1,0,3,8,13,6,0,27,6,10,4,1,21,1,1,3,1,302,22,20,31,0.588,1.348,0,0,2,2,0,1383,2517,3576,3365,0,0,89,0,0,0,0,0,31,0,0,211
2025020294,2025-11-15,Jets,Flames,Away,SOW,18,20,3.069347858428955,3.124866485595703,0.0,0.0,Connor Hellebuyck,Dustin Wolf,CG,CG,0,0,0,0,0,0,0,0,1,0,0,0,0,0,0,8,10,4,1,23,12,10,11,1,34,19,23,14,5,61,25,26,18,3,72,0,2,1,0,3,0,2,1,0,3,6,10,4,1,21,8,13,6,0,27,1,1,1,3,22,302,31,20,1.348,0.588,0,0,2,2,1383,0,2517,3576,3365,0,0,0,89,0,0,0,0,0,31,0,211
2025020295,2025-11-15,Kraken,Sharks,Home,RW,18,19,2.6758272647857666,2.946538209915161,0.0,0.0,Matt Murray,Alex Nedeljkovic,IG,CG,0,0,0,0,0,0,0,0,1,0,0,0,0,0,0,6,10,7,0,23,7,14,5,0,26,21,21,20,0,62,20,19,16,0,55,1,2,1,0,4,1,0,0,0,1,6,5,2,0,13,7,6,6,0,19,0,1,2,6,182,574,25,19,1.087,0.731,1,0,1,1,2123,0,1477,2793,2786,0,0,0,0,0,0,0,0,0,24,7,0
2025020295,2025-11-15,Sharks,Kraken,Away,RL,19,18,2.946538209915161,2.6758272647857666,0.0,0.0,Alex Nedeljkovic,Matt Murray,CG,IG,0,0,0,0,0,0,0,0,0,0,0,0,0,0,0,7,14,5,0,26,6,10,7,0,23,20,19,16,0,55,21,21,20,0,62,1,0,0,0,1,1,2,1,0,4,7,6,6,0,19,6,5,2,0,13,1,0,6,2,574,182,19,25,0.731,1.087,0,1,1,1,0,2123,1477,2793,2786,0,0,0,0,0,0,0,0,24,0,7,0
2025020296,2025-11-16,Penguins,Predators,Home,RW,19,20,3.603408098220825,1.592393159866333,0.0,0.0,Sergei Murashov,Juuse Saros,CG,CG,0,0,0,0,0,0,0,0,1,0,0,0,0,0,0,11,4,7,0,22,2,8,11,0,21,18,19,16,0,53,7,17,23,0,47,3,0,1,0,4,0,0,0,0,0,6,6,3,0,15,9,9,9,0,27,0,0,0,4,0,446,21,18,0.955,0.857,1,0,2,0,3461,0,139,3132,3132,0,22,0,0,0,28,0,0,0,0,0,0
2025020296,2025-11-16,Predators,Penguins,Away,RL,20,19,1.592393159866333,3.603408098220825,0.0,0.0,Juuse Saros,Sergei Murashov,CG,CG,0,0,0,0,0,0,0,0,0,0,0,0,0,0,0,2,8,11,0,21,11,4,7,0,22,7,17,23,0,47,18,19,16,0,53,0,0,0,0,0,3,0,1,0,4,9,9,9,0,27,6,6,3,0,15,0,0,4,0,446,0,18,21,0.857,0.955,0,1,0,2,0,3461,139,3132,3132,22,0,0,0,28,0,0,0,0,0,0,0
2025020297,2025-11-16,Lightning,Canucks,Home,RL,18,20,4.112978458404541,2.054075241088867,0.0,0.0,Jonas Johansson,Kevin Lankinen,CG,CG,1,0,0,0,0,0,0,0,1,1,1,0,0,0,0,13,6,11,0,30,1,6,11,0,18,24,13,22,0,59,9,9,20,0,38,1,1,0,0,2,0,1,5,0,6,5,3,10,0,18,6,13,9,0,28,0,2,3,3,240,168,12,28,0.4,1.556,0,0,2,1,1486,906,1208,3052,3022,103,0,0,0,0,0,0,0,0,0,30,0
2025020297,2025-11-16,Canucks,Lightning,Away,RW,20,18,2.054075241088867,4.112978458404541,0.0,0.0,Kevin Lankinen,Jonas Johansson,CG,CG,0,0,0,0,1,0,0,0,0,0,0,0,1,1,0,1,6,11,0,18,13,6,11,0,30,9,9,20,0,38,24,13,22,0,59,0,1,5,0,6,1,1,0,0,2,6,13,9,0,28,5,3,10,0,18,2,0,3,3,168,240,28,12,1.556,0.4,0,0,1,2,906,1486,1208,3052,3022,0,103,0,0,0,0,0,0,0,0,30,0
2025020298,2025-11-16,Wild,Golden Knights,Home,OTW,20,18,2.1462202072143555,1.583052396774292,0.0,0.0,Filip Gustavsson,Carl Lindbom,CG,CG,1,0,0,0,1,1,0,0,1,0,0,0,0,0,0,12,6,7,3,28,8,8,9,0,25,17,14,16,3,50,19,16,16,0,51,1,1,0,1,3,1,0,1,0,2,8,13,10,0,31,5,6,4,0,15,1,2,4,4,359,372,23,25,0.821,1.0,0,0,1,3,1675,0,2215,3150,2868,0,0,19,0,0,0,0,0,0,0,11,271
2025020298,2025-11-16,Golden Knights,Wild,Away,OTL,18,20,1.583052396774292,2.1462202072143555,0.0,0.0,Carl Lindbom,Filip Gustavsson,CG,CG,1,1,0,0,1,0,0,0,0,0,0,0,0,0,0,8,8,9,0,25,12,6,7,3,28,19,16,16,0,51,17,14,16,3,50,1,0,1,0,2,1,1,0,1,3,5,6,4,0,15,8,13,10,0,31,2,1,4,4,372,359,25,23,1.0,0.821,0,0,3,1,0,1675,2215,3150,2868,0,0,0,19,0,0,0,0,0,0,11,271
2025020299,2025-11-16,Rangers,Red Wings,Home,RL,20,19,2.0567357540130615,4.178246021270752,0.0,0.0,Jonathan Quick,Cam Talbot,CG,CG,1,0,0,0,1,1,0,0,0,0,0,0,0,0,0,6,10,3,0,19,9,19,14,0,42,24,16,15,0,55,20,31,29,0,80,0,1,0,0,1,0,1,1,0,2,9,5,12,0,26,12,4,7,0,23,1,1,2,5,248,575,40,18,2.105,0.429,0,0,0,2,0,376,3224,2689,2689,70,18,0,0,0,0,0,0,0,0,0,0
2025020299,2025-11-16,Red Wings,Rangers,Away,RW,19,20,4.178246021270752,2.0567357540130615,0.0,0.0,Cam Talbot,Jonathan Quick,CG,CG,1,1,0,0,1,0,0,0,1,0,0,0,0,0,0,9,19,14,0,42,6,10,3,0,19,20,31,29,0,80,24,16,15,0,55,0,1,1,0,2,0,1,0,0,1,12,4,7,0,23,9,5,12,0,26,1,1,5,2,575,248,18,40,0.429,2.105,0,0,2,0,376,0,3224,2689,2689,18,70,0,0,0,0,0,0,0,0,0,0
2025020300,2025-11-16,Avalanche,Islanders,Home,RW,19,19,3.1989896297454834,2.8881514072418213,0.0,0.0,Scott Wedgewood,Ilya Sorokin,CG,CG,0,0,0,0,0,1,0,0,0,0,0,0,1,0,0,7,10,11,0,28,7,11,11,0,29,15,18,19,0,52,19,19,23,0,61,0,2,2,0,4,1,0,0,0,1,8,6,5,0,19,4,4,3,0,11,0,0,3,4,337,467,28,24,1.0,0.828,1,0,1,2,2049,1347,204,2708,2688,0,45,0,0,0,0,0,0,0,12,20,0
2025020300,2025-11-16,Islanders,Avalanche,Away,RL,19,19,2.8881514072418213,3.1989896297454834,0.0,0.0,Ilya Sorokin,Scott Wedgewood,CG,CG,0,1,0,0,0,0,0,0,1,1,0,0,0,0,0,7,11,11,0,29,7,10,11,0,28,19,19,23,0,61,15,18,19,0,52,1,0,0,0,1,0,2,2,0,4,4,4,3,0,11,8,6,5,0,19,0,0,4,3,467,337,24,28,0.828,1.0,0,1,2,1,1347,2049,204,2708,2688,45,0,0,0,0,0,0,0,12,0,20,0
2025020301,2025-11-17,Bruins,Hurricanes,Home,RL,21,19,1.9139827489852905,4.411304473876953,0.0,0.0,Jeremy Swayman,Pyotr Kochetkov,CG,CG,0,0,0,0,0,1,0,0,0,0,0,0,0,0,0,9,7,14,0,30,10,13,9,0,32,23,19,18,0,60,21,25,22,0,68,0,0,1,0,1,0,2,1,0,3,8,8,10,0,26,12,4,3,0,19,1,0,4,2,470,240,29,29,0.967,0.906,0,0,0,9,0,1895,1705,2887,2770,0,0,0,0,0,0,0,0,0,0,117,0
2025020301,2025-11-17,Hurricanes,Bruins,Away,RW,19,21,4.411304473876953,1.9139827489852905,0.0,0.0,Pyotr Kochetkov,Jeremy Swayman,CG,CG,0,1,0,0,0,0,0,0,1,0,0,0,0,0,0,10,13,9,0,32,9,7,14,0,30,21,25,22,0,68,23,19,18,0,60,0,2,1,0,3,0,0,1,0,1,12,4,3,0,19,8,8,10,0,26,0,1,2,4,240,470,29,29,0.906,0.967,0,0,9,0,1895,0,1705,2887,2770,0,0,0,0,0,0,0,0,0,0,117,0
2025020302,2025-11-17,Sabres,Oilers,Home,RW,19,21,3.7337687015533447,2.164172887802124,0.0,0.0,Colten Ellis,Stuart Skinner,CG,CG,0,0,1,0,0,0,1,0,1,0,0,0,0,0,0,6,13,9,0,28,7,10,16,0,33,16,21,29,0,66,19,18,26,0,63,1,2,2,0,5,0,1,0,0,1,5,5,3,0,13,7,11,2,0,20,1,0,2,1,147,120,32,23,1.143,0.697,1,0,1,0,2205,0,1395,3219,3219,0,114,0,0,0,0,0,0,0,0,0,0
2025020302,2025-11-17,Oilers,Sabres,Away,RL,21,19,2.164172887802124,3.7337687015533447,0.0,0.0,Stuart Skinner,Colten Ellis,CG,CG,0,0,1,0,0,0,1,0,0,0,0,0,0,0,0,7,10,16,0,33,6,13,9,0,28,19,18,26,0,63,16,21,29,0,66,0,1,0,0,1,1,2,2,0,5,7,11,2,0,20,5,5,3,0,13,0,1,1,2,120,147,23,32,0.697,1.143,0,1,0,1,0,2205,1395,3219,3219,114,0,0,0,0,0,0,0,0,0,0,0
2025020303,2025-11-17,Panthers,Canucks,Home,RW,19,21,4.798335075378418,1.9909770488739014,0.0,0.0,Sergei Bobrovsky,Jiri Patera,CG,CG,0,0,0,0,1,1,0,0,0,0,0,0,1,1,0,11,16,14,0,41,5,4,6,0,15,17,31,27,0,75,16,20,12,0,48,2,3,3,0,8,2,1,2,0,5,10,8,6,0,24,5,4,4,0,13,2,2,7,7,581,541,10,33,0.244,2.2,1,0,1,4,2209,302,1089,2372,2372,0,83,0,0,0,0,0,0,0,26,0,0
2025020303,2025-11-17,Canucks,Panthers,Away,RL,21,19,1.9909770488739014,4.798335075378418,0.0,0.0,Jiri Patera,Sergei Bobrovsky,CG,CG,1,1,0,0,0,0,0,0,1,1,1,0,0,0,0,5,4,6,0,15,11,16,14,0,41,16,20,12,0,48,17,31,27,0,75,2,1,2,0,5,2,3,3,0,8,5,4,4,0,13,10,8,6,0,24,2,2,7,7,541,581,33,10,2.2,0.244,0,1,4,1,302,2209,1089,2372,2372,83,0,0,0,0,0,0,0,26,0,0,0
2025020304,2025-11-17,Capitals,Kings,Home,RW,19,20,3.407778739929199,3.1343274116516113,0.0,0.0,Charlie Lindgren,Darcy Kuemper,CG,CG,0,0,0,0,0,0,0,0,1,0,0,0,0,0,0,14,4,7,0,25,8,12,11,0,31,25,17,17,0,59,17,23,20,0,60,1,1,0,0,2,0,1,0,0,1,6,7,4,0,17,8,6,4,0,18,0,1,2,3,147,311,30,23,1.2,0.742,0,0,3,2,3379,0,221,3051,3051,0,91,0,0,0,0,0,0,0,0,0,0
2025020304,2025-11-17,Kings,Capitals,Away,RL,20,19,3.1343274116516113,3.407778739929199,0.0,0.0,Darcy Kuemper,Charlie Lindgren,CG,CG,0,0,0,0,0,0,0,0,0,0,0,0,0,0,0,8,12,11,0,31,14,4,7,0,25,17,23,20,0,60,25,17,17,0,59,0,1,0,0,1,1,1,0,0,2,8,6,4,0,18,6,7,4,0,17,1,0,3,2,311,147,23,30,0.742,1.2,0,0,2,3,0,3379,221,3051,3051,91,0,0,0,0,0,0,0,0,0,0,0
2025020305,2025-11-17,Blue Jackets,Canadiens,Home,SOW,19,19,3.2084357738494873,3.3714616298675537,0.0,0.0,Jet Greaves,Jakub Dobes,CG,CG,0,0,0,0,0,0,0,0,1,0,0,0,0,0,0,10,6,7,0,23,8,9,9,6,32,12,19,13,1,45,15,21,17,6,59,1,2,0,0,3,0,1,2,0,3,6,4,5,0,15,11,3,3,0,17,1,0,2,0,186,0,29,20,1.261,0.625,0,0,2,0,2803,0,1097,3682,3382,0,32,0,0,17,0,0,0,0,0,0,300
2025020305,2025-11-17,Canadiens,Blue Jackets,Away,SOL,19,19,3.3714616298675537,3.2084357738494873,0.0,0.0,Jakub Dobes,Jet Greaves,CG,CG,0,0,0,0,0,0,0,0,0,0,0,0,0,0,0,8,9,9,6,32,10,6,7,0,23,15,21,17,6,59,12,19,13,1,45,0,1,2,0,3,1,2,0,0,3,11,3,3,0,17,6,4,5,0,15,0,1,0,2,0,186,20,29,0.625,1.261,0,0,0,2,0,2803,1097,3682,3382,32,0,0,0,0,17,0,0,0,0,0,300
2025020306,2025-11-17,Ducks,Mammoth,Home,OTW,19,19,2.966346502304077,1.7003754377365112,0.0,0.0,Lukas Dostal,Karel Vejmelka,CG,CG,0,0,0,0,0,0,0,0,1,0,0,0,1,0,0,5,9,11,1,26,6,7,5,0,18,13,22,20,1,56,13,19,15,0,47,1,0,1,1,3,0,1,1,0,2,8,4,8,0,20,5,8,3,1,17,0,0,2,1,120,120,16,23,0.615,1.278,0,0,2,1,1342,636,1732,3290,3137,103,0,0,0,0,0,0,0,0,0,43,110
2025020306,2025-11-17,Mammoth,Ducks,Away,OTL,19,19,1.7003754377365112,2.966346502304077,0.0,0.0,Karel Vejmelka,Lukas Dostal,CG,CG,0,0,0,0,0,0,0,0,0,1,0,0,0,0,0,6,7,5,0,18,5,9,11,1,26,13,19,15,0,47,13,22,20,1,56,0,1,1,0,2,1,0,1,1,3,5,8,3,1,17,8,4,8,0,20,0,0,1,2,120,120,23,16,1.278,0.615,0,0,1,2,636,1342,1732,3290,3137,0,103,0,0,0,0,0,0,0,0,43,110
2025020307,2025-11-18,Maple Leafs,Blues,Home,OTW,20,20,2.0019681453704834,3.694108724594116,0.0,0.0,Joseph Woll,Jordan Binnington,CG,CG,0,0,0,0,0,0,0,0,0,0,0,0,1,0,0,10,11,7,1,29,5,12,13,0,30,19,20,13,5,57,17,21,21,2,61,1,1,0,1,3,1,1,0,0,2,10,3,8,0,21,8,6,4,0,18,0,1,2,3,372,312,28,26,0.966,0.867,0,0,2,2,226,226,3394,3162,2916,0,0,0,0,0,0,0,0,0,0,0,246
2025020307,2025-11-18,Blues,Maple Leafs,Away,OTL,20,20,3.694108724594116,2.0019681453704834,0.0,0.0,Jordan Binnington,Joseph Woll,CG,CG,0,0,0,0,0,0,0,0,1,1,0,0,0,0,0,5,12,13,0,30,10,11,7,1,29,17,21,21,2,61,19,20,13,5,57,1,1,0,0,2,1,1,0,1,3,8,6,4,0,18,10,3,8,0,21,1,0,3,2,312,372,26,28,0.867,0.966,0,0,2,2,226,226,3394,3162,2916,0,0,0,0,0,0,0,0,0,0,0,246
2025020308,2025-11-18,Red Wings,Kraken,Home,RW,20,19,3.440706491470337,2.0802485942840576,0.0,0.0,Cam Talbot,Joey Daccord,CG,CG,0,1,1,0,0,0,0,0,0,0,0,0,1,0,0,10,10,7,0,27,11,6,5,0,22,21,15,16,0,52,20,15,12,0,47,0,3,1,0,4,1,1,0,0,2,8,9,6,0,23,6,3,2,0,11,1,1,2,2,205,192,20,23,0.741,1.045,1,0,0,2,2066,137,1397,3167,3167,0,36,0,0,0,0,0,0,0,0,0,0
2025020308,2025-11-18,Kraken,Red Wings,Away,RL,19,20,2.0802485942840576,3.440706491470337,0.0,0.0,Joey Daccord,Cam Talbot,CG,CG,0,0,0,0,0,1,1,0,1,1,0,0,0,0,0,11,6,5,0,22,10,10,7,0,27,20,15,12,0,47,21,15,16,0,52,1,1,0,0,2,0,3,1,0,4,6,3,2,0,11,8,9,6,0,23,1,1,2,2,192,205,23,20,1.045,0.741,0,1,2,0,137,2066,1397,3167,3167,36,0,0,0,0,0,0,0,0,0,0,0
2025020309,2025-11-18,Lightning,Devils,Home,RW,19,19,4.041190147399902,2.9524810314178467,0.0,0.0,Andrei Vasilevskiy,Jacob Markstrom,CG,CG,0,1,0,0,0,0,0,0,1,0,0,0,0,0,0,7,10,12,0,29,14,13,5,0,32,11,22,17,0,50,21,20,18,0,59,2,1,2,0,5,0,1,0,0,1,7,3,4,0,14,7,4,6,0,17,2,0,3,4,260,480,31,24,1.069,0.75,0,0,2,0,2900,0,700,2860,2816,0,0,0,0,0,0,0,0,0,0,44,0
2025020309,2025-11-18,Devils,Lightning,Away,RL,19,19,2.9524810314178467,4.041190147399902,0.0,0.0,Jacob Markstrom,Andrei Vasilevskiy,CG,CG,0,0,0,0,0,1,0,0,0,0,0,0,0,0,0,14,13,5,0,32,7,10,12,0,29,21,20,18,0,59,11,22,17,0,50,0,1,0,0,1,2,1,2,0,5,7,4,6,0,17,7,3,4,0,14,0,2,4,3,480,260,24,31,0.75,1.069,0,0,0,2,0,2900,700,2860,2816,0,0,0,0,0,0,0,0,0,0,44,0
2025020310,2025-11-18,Stars,Islanders,Home,RL,20,20,3.248845100402832,2.5581564903259277,0.0,0.0,Jake Oettinger,David Rittich,CG,CG,0,0,0,0,0,0,1,0,0,0,0,0,0,0,0,10,5,9,0,24,10,5,7,0,22,15,14,14,0,43,21,18,14,0,53,0,1,1,0,2,0,1,2,0,3,7,5,4,0,16,4,7,6,0,17,0,0,3,2,201,99,19,22,0.792,1.0,0,0,1,2,0,1123,2477,3189,3065,76,0,0,0,0,0,0,0,0,0,124,0
2025020310,2025-11-18,Islanders,Stars,Away,RW,20,20,2.5581564903259277,3.248845100402832,0.0,0.0,David Rittich,Jake Oettinger,CG,CG,0,0,1,0,0,0,0,0,1,0,0,0,0,0,0,10,5,7,0,22,10,5,9,0,24,21,18,14,0,53,15,14,14,0,43,0,1,2,0,3,0,1,1,0,2,4,7,6,0,17,7,5,4,0,16,0,0,2,3,99,201,22,19,1.0,0.792,0,0,2,1,1123,0,2477,3189,3065,0,76,0,0,0,0,0,0,0,0,124,0
2025020311,2025-11-18,Jets,Blue Jackets,Home,RW,19,20,3.3308417797088623,2.583211898803711,0.0,0.0,Eric Comrie,Elvis Merzlikins,CG,CG,0,0,0,0,1,1,1,1,1,0,0,0,0,0,0,11,8,11,0,30,11,4,7,0,22,23,20,21,0,64,23,13,14,0,50,1,2,2,0,5,1,0,1,0,2,8,5,3,0,16,3,5,5,0,13,1,0,2,1,160,120,20,25,0.667,1.136,0,0,1,1,2980,0,620,3320,3320,0,0,0,0,0,0,0,0,0,0,0,0
2025020311,2025-11-18,Blue Jackets,Jets,Away,RL,20,19,2.583211898803711,3.3308417797088623,0.0,0.0,Elvis Merzlikins,Eric Comrie,CG,CG,1,1,1,1,0,0,0,0,0,0,0,0,0,0,0,11,4,7,0,22,11,8,11,0,30,23,13,14,0,50,23,20,21,0,64,1,0,1,0,2,1,2,2,0,5,3,5,5,0,13,8,5,3,0,16,0,1,1,2,120,160,25,20,1.136,0.667,0,0,1,1,0,2980,620,3320,3320,0,0,0,0,0,0,0,0,0,0,0,0
2025020312,2025-11-18,Blackhawks,Flames,Home,RW,19,21,2.7114017009735107,1.8937098979949951,0.0,0.0,Arvid Soderblom,Dustin Wolf,CG,CG,0,0,0,0,0,0,0,0,1,0,0,0,0,0,0,5,9,9,0,23,4,7,10,0,21,16,16,16,0,48,17,19,15,0,51,1,1,3,0,5,0,1,1,0,2,4,5,4,0,13,13,15,15,0,43,0,1,4,4,456,369,19,18,0.826,0.857,1,0,1,2,2580,0,1020,2654,2654,0,121,0,0,23,0,0,0,0,0,0,0
2025020312,2025-11-18,Flames,Blackhawks,Away,RL,21,19,1.8937098979949951,2.7114017009735107,0.0,0.0,Dustin Wolf,Arvid Soderblom,CG,CG,0,0,0,0,0,0,0,0,0,0,0,0,0,0,0,4,7,10,0,21,5,9,9,0,23,17,19,15,0,51,16,16,16,0,48,0,1,1,0,2,1,1,3,0,5,13,15,15,0,43,4,5,4,0,13,1,0,4,4,369,456,18,19,0.857,0.826,0,1,2,1,0,2580,1020,2654,2654,121,0,0,0,0,23,0,0,0,0,0,0
2025020313,2025-11-18,Golden Knights,Rangers,Home,RW,19,21,2.7816081047058105,2.1611406803131104,0.0,0.0,Akira Schmid,Igor Shesterkin,CG,CG,0,1,1,0,0,1,0,0,1,0,0,0,0,0,0,8,7,11,0,26,5,6,8,0,19,23,16,22,0,61,19,16,19,0,54,1,1,1,0,3,0,1,1,0,2,8,5,7,0,20,9,11,14,0,34,2,0,2,1,129,120,17,23,0.654,1.211,0,0,2,2,2900,0,700,3245,3245,11,95,0,0,0,0,0,0,0,0,0,0
2025020313,2025-11-18,Rangers,Golden Knights,Away,RL,21,19,2.1611406803131104,2.7816081047058105,0.0,0.0,Igor Shesterkin,Akira Schmid,CG,CG,0,1,0,0,0,1,1,0,0,0,0,0,0,0,0,5,6,8,0,19,8,7,11,0,26,19,16,19,0,54,23,16,22,0,61,0,1,1,0,2,1,1,1,0,3,9,11,14,0,34,8,5,7,0,20,0,2,1,2,120,129,23,17,1.211,0.654,0,0,2,2,0,2900,700,3245,3245,95,11,0,0,0,0,0,0,0,0,0,0
2025020314,2025-11-18,Sharks,Mammoth,Home,OTW,20,20,2.0481364727020264,2.351926326751709,0.0,0.0,Yaroslav Askarov,Vitek Vanecek,CG,CG,0,0,0,0,1,0,0,0,1,0,0,0,0,0,0,7,9,4,2,22,7,7,11,1,26,16,16,16,2,50,14,18,16,1,49,2,0,0,1,3,0,0,2,0,2,7,8,7,0,22,3,6,4,0,13,1,0,5,2,544,240,24,19,1.091,0.731,0,0,1,1,3322,0,450,2988,2880,0,0,64,0,0,0,0,0,0,0,0,108
2025020314,2025-11-18,Mammoth,Sharks,Away,OTL,20,20,2.351926326751709,2.0481364727020264,0.0,0.0,Vitek Vanecek,Yaroslav Askarov,CG,CG,1,0,0,0,0,0,0,0,0,0,0,0,0,0,0,7,7,11,1,26,7,9,4,2,22,14,18,16,1,49,16,16,16,2,50,0,0,2,0,2,2,0,0,1,3,3,6,4,0,13,7,8,7,0,22,0,1,2,5,240,544,19,24,0.731,1.091,0,0,1,1,0,3322,450,2988,2880,0,0,0,64,0,0,0,0,0,0,0,108
2025020315,2025-11-19,Capitals,Oilers,Home,RW,20,22,3.293586254119873,3.9927854537963867,0.0,0.0,Logan Thompson,Stuart Skinner,CG,CG,0,0,0,0,0,0,0,0,1,0,0,0,0,0,0,11,5,6,0,22,9,5,16,0,30,20,21,20,0,61,16,13,25,0,54,3,1,3,0,7,2,0,2,0,4,6,6,4,0,16,7,3,1,0,11,0,1,1,3,120,294,26,15,1.182,0.5,2,0,1,0,3463,0,137,3093,3093,0,93,0,0,0,0,0,0,0,0,0,0
2025020315,2025-11-19,Oilers,Capitals,Away,RL,22,20,3.9927854537963867,3.293586254119873,0.0,0.0,Stuart Skinner,Logan Thompson,CG,CG,0,0,0,0,0,0,0,0,0,0,0,0,0,0,0,9,5,16,0,30,11,5,6,0,22,16,13,25,0,54,20,21,20,0,61,2,0,2,0,4,3,1,3,0,7,7,3,1,0,11,6,6,4,0,16,1,0,3,1,294,120,15,26,0.5,1.182,0,2,0,1,0,3463,137,3093,3093,93,0,0,0,0,0,0,0,0,0,0,0
2025020316,2025-11-19,Sabres,Flames,Home,RL,20,22,1.7795294523239136,3.776475429534912,0.0,0.0,Colten Ellis,Devin Cooley,CG,CG,0,0,0,0,1,0,0,0,0,0,0,0,0,0,0,5,12,13,0,30,11,10,14,0,35,16,30,22,0,68,21,20,24,0,65,0,2,0,0,2,2,0,4,0,6,9,4,4,0,17,3,4,10,0,17,0,0,3,1,360,122,29,28,0.967,0.8,0,0,0,2,0,2877,723,3118,3118,0,0,0,0,0,0,0,0,0,0,0,0
2025020316,2025-11-19,Flames,Sabres,Away,RW,22,20,3.776475429534912,1.7795294523239136,0.0,0.0,Devin Cooley,Colten Ellis,CG,CG,1,0,0,0,0,0,0,0,1,0,0,0,0,0,0,11,10,14,0,35,5,12,13,0,30,21,20,24,0,65,16,30,22,0,68,2,0,4,0,6,0,2,0,0,2,3,4,10,0,17,9,4,4,0,17,0,0,1,3,122,360,28,29,0.8,0.967,0,0,2,0,2877,0,723,3118,3118,0,0,0,0,0,0,0,0,0,0,0,0
2025020317,2025-11-19,Wild,Hurricanes,Home,SOW,21,20,2.044731855392456,3.7812609672546387,0.0,0.0,Jesper Wallstedt,Frederik Andersen,CG,CG,0,0,0,0,0,0,1,0,1,0,0,0,0,0,0,11,5,3,0,19,14,16,13,2,45,23,15,15,2,55,21,27,20,5,73,2,0,1,0,3,0,1,2,0,3,6,10,2,0,18,5,1,5,1,12,0,0,1,2,120,260,42,16,2.211,0.356,0,0,0,4,3420,0,480,3480,3180,0,40,0,0,0,0,0,0,0,0,0,300
2025020317,2025-11-19,Hurricanes,Wild,Away,SOL,20,21,3.7812609672546387,2.044731855392456,0.0,0.0,Frederik Andersen,Jesper Wallstedt,CG,CG,0,0,1,0,0,0,0,0,0,0,0,0,0,0,0,14,16,13,2,45,11,5,3,0,19,21,27,20,5,73,23,15,15,2,55,0,1,2,0,3,2,0,1,0,3,5,1,5,1,12,6,10,2,0,18,0,0,2,1,260,120,16,42,0.356,2.211,0,0,4,0,0,3420,480,3480,3180,40,0,0,0,0,0,0,0,0,0,0,300
2025020318,2025-11-19,Ducks,Bruins,Home,RW,20,22,3.718005418777466,3.7408900260925293,0.0,0.0,Lukas Dostal,Joonas Korpisalo,CG,CG,0,0,0,0,0,0,0,0,1,0,0,0,0,0,0,11,8,14,0,33,18,12,9,0,39,21,21,24,0,66,30,23,23,0,76,2,1,1,0,4,1,1,1,0,3,6,8,2,0,16,16,15,7,0,38,1,2,3,2,358,49,36,29,1.091,0.744,0,0,1,3,2925,0,675,3097,3097,0,69,0,0,0,0,0,0,0,0,0,0
2025020318,2025-11-19,Bruins,Ducks,Away,RL,22,20,3.7408900260925293,3.718005418777466,0.0,0.0,Joonas Korpisalo,Lukas Dostal,CG,CG,0,0,0,0,0,0,0,0,0,0,0,0,0,0,0,18,12,9,0,39,11,8,14,0,33,30,23,23,0,76,21,21,24,0,66,1,1,1,0,3,2,1,1,0,4,16,15,7,0,38,6,8,2,0,16,2,1,2,3,49,358,29,36,0.744,1.091,0,0,3,1,0,2925,675,3097,3097,69,0,0,0,0,0,0,0,0,0,0,0
2025020319,2025-11-20,Maple Leafs,Blue Jackets,Home,OTL,21,21,2.502458095550537,2.8166184425354004,0.0,0.0,Joseph Woll,Jet Greaves,CG,CG,0,0,0,0,0,1,1,0,0,0,0,0,0,0,0,12,8,8,1,29,4,10,12,4,30,23,17,17,4,61,21,26,23,4,74,0,1,1,0,2,0,2,0,1,3,7,10,9,1,27,5,6,4,0,15,0,0,2,3,240,240,27,27,0.931,0.9,0,0,3,1,0,1216,2645,3381,3120,0,0,0,0,0,0,0,0,0,0,0,261
2025020319,2025-11-20,Blue Jackets,Maple Leafs,Away,OTW,21,21,2.8166184425354004,2.502458095550537,0.0,0.0,Jet Greaves,Joseph Woll,CG,CG,0,1,1,0,0,0,0,0,1,0,0,0,0,0,0,4,10,12,4,30,12,8,8,1,29,21,26,23,4,74,23,17,17,4,61,0,2,0,1,3,0,1,1,0,2,5,6,4,0,15,7,10,9,1,27,0,0,3,2,240,240,27,27,0.9,0.931,0,0,1,3,1216,0,2645,3381,3120,0,0,0,0,0,0,0,0,0,0,0,261
2025020320,2025-11-20,Canadiens,Capitals,Home,RL,20,21,3.2799935340881348,4.003712177276611,0.0,0.0,Sam Montembeault,Charlie Lindgren,IG,CG,0,0,0,0,1,1,1,0,0,0,0,0,0,0,0,12,7,9,0,28,6,15,15,0,36,20,18,20,0,58,12,28,30,0,70,1,2,1,0,4,1,4,3,0,8,5,13,2,0,20,3,7,9,0,19,1,2,3,4,272,315,28,24,1.0,0.667,0,0,1,1,0,3167,433,2959,2897,21,0,0,111,0,0,0,0,0,0,62,0
2025020320,2025-11-20,Capitals,Canadiens,Away,RW,21,20,4.003712177276611,3.2799935340881348,0.0,0.0,Charlie Lindgren,Sam Montembeault,CG,IG,1,1,1,0,0,0,0,0,1,0,0,0,0,0,0,6,15,15,0,36,12,7,9,0,28,12,28,30,0,70,20,18,20,0,58,1,4,3,0,8,1,2,1,0,4,3,7,9,0,19,5,13,2,0,20,2,1,4,3,315,272,24,28,0.667,1.0,0,0,1,1,3167,0,433,2959,2897,0,21,111,0,0,0,0,0,0,0,62,0
2025020321,2025-11-20,Red Wings,Islanders,Home,RL,21,21,3.089416980743408,3.363471031188965,0.0,0.0,John Gibson,Ilya Sorokin,CG,CG,0,0,1,0,0,0,0,0,0,0,0,0,0,0,0,5,15,9,0,29,8,13,5,0,26,15,26,16,0,57,19,23,13,0,55,0,0,0,0,0,2,2,1,0,5,7,10,6,0,23,4,0,4,0,8,0,0,1,3,120,480,21,29,0.724,1.115,0,0,0,2,0,3194,406,2996,2862,0,0,0,0,0,0,0,0,0,0,134,0
2025020321,2025-11-20,Islanders,Red Wings,Away,RW,21,21,3.363471031188965,3.089416980743408,0.0,0.0,Ilya Sorokin,John Gibson,CG,CG,0,0,0,0,0,0,1,0,1,0,0,0,0,0,0,8,13,5,0,26,5,15,9,0,29,19,23,13,0,55,15,26,16,0,57,2,2,1,0,5,0,0,0,0,0,4,0,4,0,8,7,10,6,0,23,0,0,3,1,480,120,29,21,1.115,0.724,0,0,2,0,3194,0,406,2996,2862,0,0,0,0,0,0,0,0,0,0,134,0
2025020323,2025-11-20,Panthers,Devils,Home,RW,20,20,3.6746163368225098,2.061945915222168,0.0,0.0,Sergei Bobrovsky,Jake Allen,CG,CG,0,0,0,0,0,0,0,0,1,0,0,0,0,0,0,9,11,4,0,24,13,7,12,0,32,20,25,15,0,60,18,17,18,0,53,1,0,0,0,1,0,0,0,0,0,7,11,4,0,22,12,4,7,0,23,0,0,1,2,120,249,32,23,1.333,0.719,0,0,2,2,2822,0,778,3162,3162,0,69,0,0,0,0,0,0,0,0,0,0
2025020323,2025-11-20,Devils,Panthers,Away,RL,20,20,2.061945915222168,3.6746163368225098,0.0,0.0,Jake Allen,Sergei Bobrovsky,CG,CG,0,0,0,0,0,0,0,0,0,0,0,0,0,0,0,13,7,12,0,32,9,11,4,0,24,18,17,18,0,53,20,25,15,0,60,0,0,0,0,0,1,0,0,0,1,12,4,7,0,23,7,11,4,0,22,0,0,2,1,249,120,23,32,0.719,1.333,0,0,2,2,0,2822,778,3162,3162,69,0,0,0,0,0,0,0,0,0,0,0
2025020324,2025-11-20,Flyers,Blues,Home,OTW,19,21,3.134427070617676,3.253490924835205,0.0,0.0,Dan Vladar,Joel Hofer,CG,CG,0,0,0,0,0,0,0,0,0,0,0,0,1,1,0,12,9,5,2,28,9,10,7,3,29,24,17,15,4,60,18,20,12,3,53,0,1,1,1,3,2,0,0,0,2,7,10,7,0,24,9,8,8,0,25,0,1,2,3,240,218,27,25,0.964,0.862,0,0,2,0,0,2778,1053,3373,3142,0,0,0,0,0,0,0,0,0,0,0,231
2025020324,2025-11-20,Blues,Flyers,Away,OTL,21,19,3.253490924835205,3.134427070617676,0.0,0.0,Joel Hofer,Dan Vladar,CG,CG,0,0,0,0,0,0,0,0,1,1,1,0,0,0,0,9,10,7,3,29,12,9,5,2,28,18,20,12,3,53,24,17,15,4,60,2,0,0,0,2,0,1,1,1,3,9,8,8,0,25,7,10,7,0,24,1,0,3,2,218,240,25,27,0.862,0.964,0,0,0,2,2778,0,1053,3373,3142,0,0,0,0,0,0,0,0,0,0,0,231
2025020322,2025-11-20,Lightning,Oilers,Home,OTW,20,23,3.3724937438964844,2.716425657272339,0.0,0.0,Andrei Vasilevskiy,Calvin Pickard,CG,CG,0,0,1,0,1,1,1,1,0,0,0,0,1,0,0,8,11,14,2,35,11,7,4,3,25,19,16,28,3,66,18,17,11,3,49,0,0,1,1,2,1,0,0,0,1,13,9,7,0,29,4,8,5,0,17,0,0,3,2,380,240,24,33,0.686,1.32,0,0,3,1,0,3356,347,3083,2980,0,0,0,0,0,0,0,0,0,0,0,103
2025020322,2025-11-20,Oilers,Lightning,Away,OTL,23,20,2.716425657272339,3.3724937438964844,0.0,0.0,Calvin Pickard,Andrei Vasilevskiy,CG,CG,1,1,1,1,0,0,1,0,1,1,0,0,0,0,0,11,7,4,3,25,8,11,14,2,35,18,17,11,3,49,19,16,28,3,66,1,0,0,0,1,0,0,1,1,2,4,8,5,0,17,13,9,7,0,29,0,0,2,3,240,380,33,24,1.32,0.686,0,0,1,3,3356,0,347,3083,2980,0,0,0,0,0,0,0,0,0,0,0,103
2025020325,2025-11-20,Blackhawks,Kraken,Home,RL,20,20,3.221928596496582,2.5146827697753906,0.0,0.0,Spencer Knight,Joey Daccord,CG,CG,0,0,0,0,0,0,0,0,1,1,1,0,0,0,0,7,14,3,0,24,9,6,12,0,27,14,28,8,0,50,17,14,18,0,49,0,2,0,0,2,0,0,3,0,3,2,7,2,0,11,5,6,5,0,16,1,1,2,3,186,358,24,22,1.0,0.815,0,0,2,0,1590,138,1872,2994,2994,62,0,0,0,0,0,0,0,0,0,0,0
2025020325,2025-11-20,Kraken,Blackhawks,Away,RW,20,20,2.5146827697753906,3.221928596496582,0.0,0.0,Joey Daccord,Spencer Knight,CG,CG,0,0,0,0,0,0,0,0,0,0,0,0,1,1,0,9,6,12,0,27,7,14,3,0,24,17,14,18,0,49,14,28,8,0,50,0,0,3,0,3,0,2,0,0,2,5,6,5,0,16,2,7,2,0,11,1,1,3,2,358,186,22,24,0.815,1.0,0,0,0,2,138,1590,1872,2994,2994,0,62,0,0,0,0,0,0,0,0,0,0
2025020326,2025-11-20,Avalanche,Rangers,Home,RW,20,22,4.086769104003906,1.6924598217010498,0.0,0.0,Scott Wedgewood,Igor Shesterkin,CG,CG,0,0,0,0,0,0,1,0,0,0,0,0,1,0,0,10,14,11,0,35,6,4,9,0,19,21,27,19,0,67,16,17,23,0,56,1,1,4,0,6,1,1,1,0,3,6,6,5,0,17,8,9,5,0,22,1,2,6,2,705,58,16,29,0.457,1.526,0,0,3,3,1014,1824,762,2789,2789,0,48,0,0,0,0,0,0,0,0,0,0
2025020326,2025-11-20,Rangers,Avalanche,Away,RL,22,20,1.6924598217010498,4.086769104003906,0.0,0.0,Igor Shesterkin,Scott Wedgewood,CG,CG,0,0,1,0,0,0,0,0,1,1,0,0,0,0,0,6,4,9,0,19,10,14,11,0,35,16,17,23,0,56,21,27,19,0,67,1,1,1,0,3,1,1,4,0,6,8,9,5,0,22,6,6,5,0,17,2,1,2,6,58,705,29,16,1.526,0.457,0,0,3,3,1824,1014,762,2789,2789,48,0,0,0,0,0,0,0,0,0,0,0
2025020327,2025-11-20,Mammoth,Golden Knights,Home,RL,21,20,3.134722948074341,3.5888984203338623,0.0,0.0,Karel Vejmelka,Akira Schmid,CG,CG,0,1,0,0,0,0,1,0,0,0,0,0,0,0,0,9,9,8,0,26,7,17,9,0,33,15,21,15,0,51,16,26,14,0,56,0,1,0,0,1,0,3,1,0,4,12,11,1,0,24,11,5,3,0,19,0,0,2,3,131,251,29,25,1.115,0.758,0,0,0,0,0,2211,1389,3050,2843,0,0,0,0,0,0,0,0,0,0,207,0
2025020327,2025-11-20,Golden Knights,Mammoth,Away,RW,20,21,3.5888984203338623,3.134722948074341,0.0,0.0,Akira Schmid,Karel Vejmelka,CG,CG,0,0,1,0,0,1,0,0,1,0,0,0,0,0,0,7,17,9,0,33,9,9,8,0,26,16,26,14,0,56,15,21,15,0,51,0,3,1,0,4,0,1,0,0,1,11,5,3,0,19,12,11,1,0,24,0,0,3,2,251,131,25,29,0.758,1.115,0,0,0,0,2211,0,1389,3050,2843,0,0,0,0,0,0,0,0,0,0,207,0
2025020328,2025-11-20,Canucks,Stars,Home,RL,22,21,4.128381252288818,2.3973886966705322,0.0,0.0,Kevin Lankinen,Jake Oettinger,CG,CG,0,0,0,0,0,0,0,0,0,0,0,0,0,0,0,10,15,11,0,36,8,6,10,0,24,20,25,20,0,65,20,12,21,0,53,2,0,0,0,2,2,0,2,0,4,10,7,7,0,24,9,7,5,0,21,1,0,5,2,493,240,20,34,0.556,1.417,0,0,3,1,0,1085,2515,2786,2786,81,0,0,0,76,0,0,0,0,0,0,0
2025020328,2025-11-20,Stars,Canucks,Away,RW,21,22,2.3973886966705322,4.128381252288818,0.0,0.0,Jake Oettinger,Kevin Lankinen,CG,CG,0,0,0,0,0,0,0,0,1,0,0,0,0,0,0,8,6,10,0,24,10,15,11,0,36,20,12,21,0,53,20,25,20,0,65,2,0,2,0,4,2,0,0,0,2,9,7,5,0,21,10,7,7,0,24,0,1,2,5,240,493,34,20,1.417,0.556,0,0,1,3,1085,0,2515,2786,2786,0,81,0,0,0,76,0,0,0,0,0,0
2025020329,2025-11-20,Ducks,Senators,Home,RL,21,20,2.277740955352783,3.7376019954681396,0.0,0.0,Petr Mrazek,Linus Ullmark,CG,CG,1,1,1,0,0,0,0,0,0,1,0,0,0,0,0,3,12,10,0,25,10,10,5,0,25,15,24,25,0,64,14,19,18,0,51,0,2,0,0,2,1,1,1,0,3,10,8,6,0,24,16,6,7,0,29,0,1,2,3,240,354,22,23,0.88,0.92,0,0,1,3,268,1107,2225,2916,2916,90,0,0,0,0,0,0,0,0,0,0,0
2025020329,2025-11-20,Senators,Ducks,Away,RW,20,21,3.7376019954681396,2.277740955352783,0.0,0.0,Linus Ullmark,Petr Mrazek,CG,CG,0,0,0,0,1,1,1,0,1,0,0,0,1,0,0,10,10,5,0,25,3,12,10,0,25,14,19,18,0,51,15,24,25,0,64,1,1,1,0,3,0,2,0,0,2,16,6,7,0,29,10,8,6,0,24,1,0,3,2,354,240,23,22,0.92,0.88,0,0,3,1,1107,268,2225,2916,2916,0,90,0,0,0,0,0,0,0,0,0,0
2025020330,2025-11-20,Sharks,Kings,Home,SOW,21,21,3.240530490875244,3.6896071434020996,0.0,0.0,Yaroslav Askarov,Anton Forsberg,CG,CG,0,0,0,0,0,0,0,0,1,0,0,0,0,0,0,9,7,6,2,24,9,12,13,0,34,18,19,21,6,64,18,24,23,0,65,2,1,0,0,3,1,1,1,0,3,8,11,7,0,26,3,3,6,0,12,0,0,3,5,372,483,31,21,1.292,0.618,0,0,1,7,2245,0,1655,2983,2573,0,62,0,6,0,0,0,0,0,0,110,300
2025020330,2025-11-20,Kings,Sharks,Away,SOL,21,21,3.6896071434020996,3.240530490875244,0.0,0.0,Anton Forsberg,Yaroslav Askarov,CG,CG,0,0,0,0,0,0,0,0,0,0,0,0,0,0,0,9,12,13,0,34,9,7,6,2,24,18,24,23,0,65,18,19,21,6,64,1,1,1,0,3,2,1,0,0,3,3,3,6,0,12,8,11,7,0,26,0,0,5,3,483,372,21,31,0.618,1.292,0,0,7,1,0,2245,1655,2983,2573,62,0,6,0,0,0,0,0,0,0,110,300
2025020331,2025-11-21,Sabres,Blackhawks,Home,RW,21,21,3.3064775466918945,1.664642572402954,0.0,0.0,Ukko-Pekka Luukkonen,Arvid Soderblom,CG,CG,0,0,0,0,1,1,0,0,1,0,0,0,0,0,0,15,9,7,0,31,6,7,10,0,23,21,17,17,0,55,14,17,24,0,55,3,3,3,0,9,1,1,1,0,3,12,4,3,0,19,3,7,3,0,13,1,1,2,2,233,199,20,22,0.645,0.957,0,0,2,2,2763,0,837,3168,3168,0,0,0,0,0,0,0,0,0,0,0,0
2025020331,2025-11-21,Blackhawks,Sabres,Away,RL,21,21,1.664642572402954,3.3064775466918945,0.0,0.0,Arvid Soderblom,Ukko-Pekka Luukkonen,CG,CG,1,1,0,0,0,0,0,0,0,0,0,0,0,0,0,6,7,10,0,23,15,9,7,0,31,14,17,24,0,55,21,17,17,0,55,1,1,1,0,3,3,3,3,0,9,3,7,3,0,13,12,4,3,0,19,1,1,2,2,199,233,22,20,0.957,0.645,0,0,2,2,0,2763,837,3168,3168,0,0,0,0,0,0,0,0,0,0,0,0
2025020332,2025-11-21,Penguins,Wild,Home,RL,20,22,1.7825525999069214,3.401257276535034,0.0,0.0,Arturs Silovs,Filip Gustavsson,IG,CG,0,0,0,0,0,0,0,0,0,0,0,0,0,0,0,3,6,10,0,19,9,5,7,0,21,15,16,19,0,50,18,15,19,0,52,0,0,0,0,0,3,2,0,0,5,2,3,4,0,9,11,5,4,0,20,0,1,2,2,240,346,16,19,0.842,0.905,0,0,1,5,0,3363,237,3014,3014,0,0,0,0,0,0,0,0,0,0,0,0
2025020332,2025-11-21,Wild,Penguins,Away,RW,22,20,3.401257276535034,1.7825525999069214,0.0,0.0,Filip Gustavsson,Arturs Silovs,CG,IG,0,0,0,0,0,0,0,0,1,0,0,0,0,0,0,9,5,7,0,21,3,6,10,0,19,18,15,19,0,52,15,16,19,0,50,3,2,0,0,5,0,0,0,0,0,11,5,4,0,20,2,3,4,0,9,1,0,2,2,346,240,19,16,0.905,0.842,0,0,5,1,3363,0,237,3014,3014,0,0,0,0,0,0,0,0,0,0,0,0
2025020333,2025-11-21,Jets,Hurricanes,Home,RL,20,21,2.49043607711792,2.2255969047546387,0.0,0.0,Eric Comrie,Brandon Bussi,CG,CG,0,0,0,0,0,0,0,0,0,1,0,0,0,0,0,11,4,13,0,28,12,9,7,0,28,27,13,21,0,61,19,19,15,0,53,2,0,1,0,3,1,2,1,0,4,12,9,8,0,29,4,4,5,0,13,1,1,3,3,203,290,24,25,0.857,0.893,0,0,0,0,820,2218,562,3098,2947,9,0,0,0,0,0,0,0,52,0,151,0
2025020333,2025-11-21,Hurricanes,Jets,Away,RW,21,20,2.2255969047546387,2.49043607711792,0.0,0.0,Brandon Bussi,Eric Comrie,CG,CG,0,0,0,0,0,0,0,0,1,0,0,0,1,0,0,12,9,7,0,28,11,4,13,0,28,19,19,15,0,53,27,13,21,0,61,1,2,1,0,4,2,0,1,0,3,4,4,5,0,13,12,9,8,0,29,1,1,3,3,290,203,25,24,0.893,0.857,0,0,0,0,2218,820,562,3098,2947,0,9,0,0,0,0,0,0,0,52,151,0
2025020334,2025-11-21,Kings,Bruins,Home,OTL,22,23,3.082453489303589,2.371259927749634,0.0,0.0,Darcy Kuemper,Jeremy Swayman,CG,CG,1,0,0,0,0,0,0,0,0,0,0,0,0,0,0,8,9,15,0,32,9,7,7,3,26,26,15,24,0,65,22,26,22,3,73,0,0,1,0,1,0,0,1,1,2,7,1,3,1,12,9,8,11,0,28,0,0,6,2,530,240,24,31,0.75,1.192,0,0,1,3,0,302,3445,2977,2830,0,0,0,0,53,0,0,0,0,0,0,147
2025020334,2025-11-21,Bruins,Kings,Away,OTW,23,22,2.371259927749634,3.082453489303589,0.0,0.0,Jeremy Swayman,Darcy Kuemper,CG,CG,0,0,0,0,1,0,0,0,1,0,0,0,0,0,0,9,7,7,3,26,8,9,15,0,32,22,26,22,3,73,26,15,24,0,65,0,0,1,1,2,0,0,1,0,1,9,8,11,0,28,7,1,3,1,12,0,0,2,6,240,530,31,24,1.192,0.75,0,0,3,1,302,0,3445,2977,2830,0,0,0,0,0,53,0,0,0,0,0,147
2025020335,2025-11-22,Red Wings,Blue Jackets,Home,OTW,22,22,3.2519490718841553,4.421003818511963,0.0,0.0,Cam Talbot,Jet Greaves,CG,CG,0,0,0,0,0,0,1,0,0,0,0,0,1,1,0,11,9,11,2,33,11,13,10,1,35,23,21,25,2,71,21,28,19,1,69,0,1,2,1,4,1,1,1,0,3,5,4,3,0,12,7,5,4,0,16,0,1,2,3,240,262,32,29,0.97,0.829,0,0,3,2,0,2389,1321,3205,2858,0,0,0,0,0,43,0,0,0,0,237,110
2025020335,2025-11-22,Blue Jackets,Red Wings,Away,OTL,22,22,4.421003818511963,3.2519490718841553,0.0,0.0,Jet Greaves,Cam Talbot,CG,CG,0,0,1,0,0,0,0,0,1,1,1,0,0,0,0,11,13,10,1,35,11,9,11,2,33,21,28,19,1,69,23,21,25,2,71,1,1,1,0,3,0,1,2,1,4,7,5,4,0,16,5,4,3,0,12,1,0,3,2,262,240,29,32,0.829,0.97,0,0,2,3,2389,0,1321,3205,2858,0,0,0,0,43,0,0,0,0,0,237,110
2025020336,2025-11-22,Islanders,Blues,Home,RL,22,22,3.2160089015960693,3.414740562438965,0.0,0.0,Ilya Sorokin,Jordan Binnington,CG,CG,0,0,0,0,0,0,0,0,0,0,0,0,0,0,0,6,11,13,0,30,6,11,5,0,22,18,18,24,0,60,16,20,17,0,53,0,0,1,0,1,1,1,0,0,2,8,4,8,0,20,10,5,7,0,22,0,0,2,1,245,87,20,29,0.667,1.318,0,0,4,0,0,3558,42,3219,3189,46,0,0,0,0,0,0,0,90,0,30,0
2025020336,2025-11-22,Blues,Islanders,Away,RW,22,22,3.414740562438965,3.2160089015960693,0.0,0.0,Jordan Binnington,Ilya Sorokin,CG,CG,0,0,0,0,0,0,0,0,1,0,0,0,0,0,0,6,11,5,0,22,6,11,13,0,30,16,20,17,0,53,18,18,24,0,60,1,1,0,0,2,0,0,1,0,1,10,5,7,0,22,8,4,8,0,20,0,0,1,2,87,245,29,20,1.318,0.667,0,0,0,4,3558,0,42,3219,3189,0,46,0,0,0,0,0,0,0,90,30,0
2025020337,2025-11-22,Canadiens,Maple Leafs,Home,RW,21,22,3.4537696838378906,1.9758192300796509,0.0,0.0,Jakub Dobes,Joseph Woll,CG,IG,0,0,0,0,0,0,0,0,1,0,0,0,0,0,0,9,17,3,0,29,11,6,9,0,26,20,29,13,0,62,18,15,21,0,54,2,2,1,0,5,0,1,1,0,2,12,5,8,0,25,10,3,7,0,20,0,1,3,3,360,270,24,24,0.828,0.923,1,0,2,2,2869,0,731,2659,2553,53,125,0,0,0,0,0,0,0,0,106,0
2025020337,2025-11-22,Maple Leafs,Canadiens,Away,RL,22,21,1.9758192300796509,3.4537696838378906,0.0,0.0,Joseph Woll,Jakub Dobes,IG,CG,0,0,0,0,0,0,0,0,0,0,0,0,0,0,0,11,6,9,0,26,9,17,3,0,29,18,15,21,0,54,20,29,13,0,62,0,1,1,0,2,2,2,1,0,5,10,3,7,0,20,12,5,8,0,25,1,0,3,3,270,360,24,24,0.923,0.828,0,1,2,2,0,2869,731,2659,2553,125,53,0,0,0,0,0,0,0,0,106,0
2025020338,2025-11-22,Panthers,Oilers,Home,RL,21,24,4.649719715118408,3.8983261585235596,0.0,0.0,Sergei Bobrovsky,Stuart Skinner,IG,CG,0,0,0,0,0,1,1,0,0,0,0,0,0,0,0,8,20,10,0,38,13,11,7,0,31,27,31,21,0,79,23,22,20,0,65,1,2,0,0,3,3,1,2,0,6,9,11,10,0,30,10,4,6,0,20,1,0,4,2,338,240,25,35,0.658,1.129,0,0,0,2,0,3539,61,3015,2902,0,0,0,0,0,0,0,0,0,0,113,0
2025020338,2025-11-22,Oilers,Panthers,Away,RW,24,21,3.8983261585235596,4.649719715118408,0.0,0.0,Stuart Skinner,Sergei Bobrovsky,CG,IG,0,1,1,0,0,0,0,0,1,0,0,0,0,0,0,13,11,7,0,31,8,20,10,0,38,23,22,20,0,65,27,31,21,0,79,3,1,2,0,6,1,2,0,0,3,10,4,6,0,20,9,11,10,0,30,0,1,2,4,240,338,35,25,1.129,0.658,0,0,2,0,3539,0,61,3015,2902,0,0,0,0,0,0,0,0,0,0,113,0
2025020339,2025-11-22,Flyers,Devils,Home,RW,20,21,4.202215671539307,3.6341140270233154,0.0,0.0,Dan Vladar,Jake Allen,CG,CG,0,0,0,0,0,0,0,0,0,0,0,0,1,0,0,10,10,9,0,29,9,13,13,0,35,20,21,14,0,55,15,21,28,0,64,4,1,1,0,6,1,1,1,0,3,6,9,8,0,23,7,11,10,0,28,0,1,4,2,480,143,32,23,1.103,0.657,0,0,2,4,2874,83,643,2912,2912,0,65,0,0,0,0,0,0,0,0,0,0
2025020339,2025-11-22,Devils,Flyers,Away,RL,21,20,3.6341140270233154,4.202215671539307,0.0,0.0,Jake Allen,Dan Vladar,CG,CG,0,0,0,0,0,0,0,0,1,1,0,0,0,0,0,9,13,13,0,35,10,10,9,0,29,15,21,28,0,64,20,21,14,0,55,1,1,1,0,3,4,1,1,0,6,7,11,10,0,28,6,9,8,0,23,1,0,2,4,143,480,23,32,0.657,1.103,0,0,4,2,83,2874,643,2912,2912,65,0,0,0,0,0,0,0,0,0,0,0
2025020340,2025-11-22,Penguins,Kraken,Home,OTL,21,21,3.7786641120910645,2.1879703998565674,0.0,0.0,Sergei Murashov,Philipp Grubauer,CG,CG,1,0,0,0,0,0,0,0,0,1,0,0,0,0,0,9,13,8,2,32,3,12,5,1,21,21,22,20,4,67,8,24,15,1,48,0,1,1,0,2,0,1,1,1,3,7,2,6,1,16,5,10,7,0,22,1,0,4,2,456,229,18,30,0.562,1.429,0,0,3,1,400,892,2558,3136,2784,0,0,0,0,0,0,0,0,0,0,102,250
2025020340,2025-11-22,Kraken,Penguins,Away,OTW,21,21,2.1879703998565674,3.7786641120910645,0.0,0.0,Philipp Grubauer,Sergei Murashov,CG,CG,0,0,0,0,1,0,0,0,1,0,0,0,1,0,0,3,12,5,1,21,9,13,8,2,32,8,24,15,1,48,21,22,20,4,67,0,1,1,1,3,0,1,1,0,2,5,10,7,0,22,7,2,6,1,16,0,1,2,4,229,456,30,18,1.429,0.562,0,0,1,3,892,400,2558,3136,2784,0,0,0,0,0,0,0,0,0,0,102,250
2025020341,2025-11-22,Capitals,Lightning,Home,RL,22,21,3.54514479637146,2.400726318359375,0.0,0.0,Logan Thompson,Jonas Johansson,IG,CG,0,1,1,0,0,0,0,0,1,1,0,0,0,0,0,9,11,12,0,32,6,4,6,0,16,19,22,20,0,61,19,14,17,0,50,1,1,1,0,3,4,0,1,0,5,6,8,8,0,22,5,6,4,0,15,0,1,6,3,544,230,11,29,0.344,1.812,0,0,4,0,107,3279,214,2656,2546,159,0,0,0,68,0,0,0,0,0,110,0
2025020341,2025-11-22,Lightning,Capitals,Away,RW,21,22,2.400726318359375,3.54514479637146,0.0,0.0,Jonas Johansson,Logan Thompson,CG,IG,0,0,0,0,0,1,1,0,0,0,0,0,1,0,0,6,4,6,0,16,9,11,12,0,32,19,14,17,0,50,19,22,20,0,61,4,0,1,0,5,1,1,1,0,3,5,6,4,0,15,6,8,8,0,22,1,0,3,6,230,544,29,11,1.812,0.344,0,0,0,4,3279,107,214,2656,2546,0,159,0,0,0,68,0,0,0,0,110,0
2025020342,2025-11-22,Sharks,Senators,Home,RL,22,21,2.0280940532684326,3.2183501720428467,0.0,0.0,Alex Nedeljkovic,Linus Ullmark,CG,CG,0,0,0,0,0,0,0,0,0,1,0,0,0,0,0,6,7,6,0,19,5,15,7,0,27,17,14,12,0,43,11,27,13,0,51,1,1,0,0,2,1,1,1,0,3,10,7,6,0,23,9,6,4,0,19,1,1,5,5,508,473,24,17,1.263,0.63,0,0,1,3,651,894,2055,2524,2484,64,0,0,0,0,0,0,0,0,0,40,0
2025020342,2025-11-22,Senators,Sharks,Away,RW,21,22,3.2183501720428467,2.0280940532684326,0.0,0.0,Linus Ullmark,Alex Nedeljkovic,CG,CG,0,0,0,0,0,0,0,0,1,0,0,0,1,0,0,5,15,7,0,27,6,7,6,0,19,11,27,13,0,51,17,14,12,0,43,1,1,1,0,3,1,1,0,0,2,9,6,4,0,19,10,7,6,0,23,1,1,5,5,473,508,17,24,0.63,1.263,0,0,3,1,894,651,2055,2524,2484,0,64,0,0,0,0,0,0,0,0,40,0
2025020343,2025-11-22,Predators,Avalanche,Home,RL,21,21,3.1894330978393555,3.6042656898498535,0.0,0.0,Juuse Saros,Mackenzie Blackwood,CG,CG,0,0,0,0,0,0,0,0,0,0,0,0,0,0,0,16,11,8,0,35,6,10,10,0,26,22,22,17,0,61,12,26,21,0,59,0,0,0,0,0,1,0,2,0,3,3,7,5,0,15,11,9,8,0,28,0,0,3,2,360,240,23,35,0.657,1.346,0,0,2,1,0,3585,15,2996,2996,4,0,0,0,0,0,0,0,0,0,0,0
2025020343,2025-11-22,Avalanche,Predators,Away,RW,21,21,3.6042656898498535,3.1894330978393555,0.0,0.0,Mackenzie Blackwood,Juuse Saros,CG,CG,0,0,0,0,0,0,0,0,1,0,0,0,0,0,0,6,10,10,0,26,16,11,8,0,35,12,26,21,0,59,22,22,17,0,61,1,0,2,0,3,0,0,0,0,0,11,9,8,0,28,3,7,5,0,15,0,0,2,3,240,360,35,23,1.346,0.657,0,0,1,2,3585,0,15,2996,2996,0,4,0,0,0,0,0,0,0,0,0,0
2025020344,2025-11-22,Mammoth,Rangers,Home,RW,22,23,3.270758867263794,2.9508776664733887,0.0,0.0,Karel Vejmelka,Jonathan Quick,CG,CG,0,0,1,0,0,0,0,0,1,0,0,0,1,0,0,13,8,13,0,34,12,3,7,0,22,24,14,27,0,65,17,14,18,0,49,1,1,1,0,3,1,1,0,0,2,6,6,5,0,17,12,11,7,0,30,0,0,1,2,30,240,20,31,0.588,1.409,0,0,2,3,1059,188,2353,3269,3157,0,53,0,0,0,0,0,0,0,0,112,0
2025020344,2025-11-22,Rangers,Mammoth,Away,RL,23,22,2.9508776664733887,3.270758867263794,0.0,0.0,Jonathan Quick,Karel Vejmelka,CG,CG,0,0,0,0,0,0,1,0,0,1,0,0,0,0,0,12,3,7,0,22,13,8,13,0,34,17,14,18,0,49,24,14,27,0,65,1,1,0,0,2,1,1,1,0,3,12,11,7,0,30,6,6,5,0,17,0,0,2,1,240,30,31,20,1.409,0.588,0,0,3,2,188,1059,2353,3269,3157,53,0,0,0,0,0,0,0,0,0,112,0
2025020345,2025-11-22,Flames,Stars,Home,SOW,23,22,3.4481585025787354,3.5592048168182373,0.0,0.0,Devin Cooley,Casey DeSmith,CG,CG,0,0,0,0,0,0,0,0,1,0,0,0,0,0,0,7,18,7,1,33,13,8,8,1,30,13,29,19,2,63,20,21,15,1,57,1,0,1,0,2,0,0,2,0,2,5,7,5,0,17,10,5,0,0,15,2,0,5,4,537,530,28,31,0.848,1.033,0,0,1,3,2712,0,1188,2830,2550,0,3,0,144,18,68,0,0,0,0,280,0
2025020345,2025-11-22,Stars,Flames,Away,SOL,22,23,3.5592048168182373,3.4481585025787354,0.0,0.0,Casey DeSmith,Devin Cooley,CG,CG,0,0,0,0,0,0,0,0,0,0,0,0,0,0,0,13,8,8,1,30,7,18,7,1,33,20,21,15,1,57,13,29,19,2,63,0,0,2,0,2,1,0,1,0,2,10,5,0,0,15,5,7,5,0,17,0,2,4,5,530,537,31,28,1.033,0.848,0,0,3,1,0,2712,1188,2830,2550,3,0,144,0,68,18,0,0,0,0,280,0
2025020346,2025-11-22,Ducks,Golden Knights,Home,OTW,22,21,3.4843556880950928,3.6152682304382324,0.0,0.0,Lukas Dostal,Akira Schmid,CG,CG,0,1,1,0,0,0,0,0,0,0,0,0,1,1,0,6,13,11,3,33,11,8,12,1,32,19,23,22,6,70,24,15,22,2,63,2,1,0,1,4,3,0,0,0,3,5,7,7,0,19,3,5,7,0,15,0,1,2,4,141,286,29,29,0.879,0.906,0,0,4,2,0,1243,2594,3407,2946,0,0,0,0,0,0,0,0,0,0,224,237
2025020346,2025-11-22,Golden Knights,Ducks,Away,OTL,21,22,3.6152682304382324,3.4843556880950928,0.0,0.0,Akira Schmid,Lukas Dostal,CG,CG,0,0,0,0,0,1,1,0,1,1,1,0,0,0,0,11,8,12,1,32,6,13,11,3,33,24,15,22,2,63,19,23,22,6,70,3,0,0,0,3,2,1,0,1,4,3,5,7,0,15,5,7,7,0,19,1,0,4,2,286,141,29,29,0.906,0.879,0,0,2,4,1243,0,2594,3407,2946,0,0,0,0,0,0,0,0,0,0,224,237
2025020347,2025-11-23,Sabres,Hurricanes,Home,RW,22,22,3.7801692485809326,4.036318302154541,0.0,0.0,Ukko-Pekka Luukkonen,Frederik Andersen,CG,CG,0,0,0,0,0,0,0,0,1,0,0,0,0,0,0,7,10,4,0,21,5,12,13,0,30,21,20,18,0,59,15,27,24,0,66,1,2,1,0,4,1,0,0,0,1,7,14,6,0,27,2,10,6,0,18,1,1,4,4,349,375,29,17,1.381,0.567,1,0,3,0,2690,0,910,2644,2623,0,153,0,0,0,0,0,0,0,0,21,0
2025020347,2025-11-23,Hurricanes,Sabres,Away,RL,22,22,4.036318302154541,3.7801692485809326,0.0,0.0,Frederik Andersen,Ukko-Pekka Luukkonen,CG,CG,0,0,0,0,0,0,0,0,0,0,0,0,0,0,0,5,12,13,0,30,7,10,4,0,21,15,27,24,0,66,21,20,18,0,59,1,0,0,0,1,1,2,1,0,4,2,10,6,0,18,7,14,6,0,27,1,1,4,4,375,349,17,29,0.567,1.381,0,1,0,3,0,2690,910,2644,2623,153,0,0,0,0,0,0,0,0,0,21,0
2025020348,2025-11-23,Jets,Wild,Home,RL,21,23,2.801745891571045,2.6314451694488525,0.0,0.0,Eric Comrie,Jesper Wallstedt,CG,CG,0,0,0,0,0,0,0,0,0,0,0,0,0,0,0,9,13,10,0,32,7,13,10,0,30,19,22,16,0,57,20,18,18,0,56,0,0,0,0,0,0,2,1,0,3,7,10,3,0,20,16,9,3,0,28,0,0,4,1,448,79,27,32,0.844,1.067,0,0,1,0,0,1897,1703,3023,2919,0,34,32,0,0,0,0,0,0,0,104,0
2025020348,2025-11-23,Wild,Jets,Away,RW,23,21,2.6314451694488525,2.801745891571045,0.0,0.0,Jesper Wallstedt,Eric Comrie,CG,CG,0,0,0,0,0,0,0,0,1,0,0,0,0,0,0,7,13,10,0,30,9,13,10,0,32,20,18,18,0,56,19,22,16,0,57,0,2,1,0,3,0,0,0,0,0,16,9,3,0,28,7,10,3,0,20,0,0,1,4,79,448,32,27,1.067,0.844,0,0,0,1,1897,0,1703,3023,2919,34,0,0,32,0,0,0,0,0,0,104,0
2025020349,2025-11-23,Islanders,Kraken,Home,SOW,23,22,4.172149181365967,2.15781831741333,0.0,0.0,David Rittich,Joey Daccord,CG,CG,1,1,1,0,1,1,1,0,0,0,0,0,0,0,0,11,9,11,3,34,4,6,8,1,19,20,21,23,7,71,12,13,33,3,61,0,0,0,0,0,0,0,0,0,0,6,5,7,0,18,5,4,5,0,14,0,0,2,1,139,120,19,34,0.559,1.789,0,0,3,2,0,0,3900,3641,3360,0,0,19,0,0,0,0,0,0,0,0,281
2025020349,2025-11-23,Kraken,Islanders,Away,SOL,22,23,2.15781831741333,4.172149181365967,0.0,0.0,Joey Daccord,David Rittich,CG,CG,1,1,1,0,1,1,1,0,0,0,0,0,0,0,0,4,6,8,1,19,11,9,11,3,34,12,13,33,3,61,20,21,23,7,71,0,0,0,0,0,0,0,0,0,0,5,4,5,0,14,6,5,7,0,18,0,0,1,2,120,139,34,19,1.789,0.559,0,0,2,3,0,0,3900,3641,3360,0,0,0,19,0,0,0,0,0,0,0,281
2025020350,2025-11-23,Blackhawks,Avalanche,Home,RL,22,22,2.358182430267334,2.3543925285339355,0.0,0.0,Spencer Knight,Scott Wedgewood,CG,CG,0,1,1,0,1,1,0,0,0,0,0,0,0,0,0,11,1,10,0,22,2,19,5,0,26,23,7,19,0,49,10,31,19,0,60,0,0,0,0,0,0,1,0,0,1,7,4,9,0,20,10,10,9,0,29,0,0,2,3,240,360,25,22,1.136,0.846,0,0,2,2,0,1299,2301,2878,2878,122,0,0,0,0,0,0,0,0,0,0,0
2025020350,2025-11-23,Avalanche,Blackhawks,Away,RW,22,22,2.3543925285339355,2.358182430267334,0.0,0.0,Scott Wedgewood,Spencer Knight,CG,CG,1,1,0,0,0,1,1,0,1,0,0,0,0,0,0,2,19,5,0,26,11,1,10,0,22,10,31,19,0,60,23,7,19,0,49,0,1,0,0,1,0,0,0,0,0,10,10,9,0,29,7,4,9,0,20,0,0,3,2,360,240,22,25,0.846,1.136,0,0,2,2,1299,0,2301,2878,2878,0,122,0,0,0,0,0,0,0,0,0,0
2025020351,2025-11-23,Sharks,Bruins,Home,RW,23,24,2.880338191986084,2.5669987201690674,0.0,0.0,Yaroslav Askarov,Jeremy Swayman,CG,CG,1,1,1,0,0,0,0,0,1,0,0,0,0,0,0,12,11,8,0,31,10,15,10,0,35,18,20,18,0,56,16,34,14,0,64,1,1,1,0,3,0,0,1,0,1,13,6,4,0,23,12,8,10,0,30,1,0,6,3,509,428,34,28,1.097,0.8,1,0,1,1,2647,0,953,2656,2649,2,4,0,0,99,0,0,0,0,0,7,0
2025020351,2025-11-23,Bruins,Sharks,Away,RL,24,23,2.5669987201690674,2.880338191986084,0.0,0.0,Jeremy Swayman,Yaroslav Askarov,CG,CG,0,0,0,0,1,1,1,0,0,0,0,0,0,0,0,10,15,10,0,35,12,11,8,0,31,16,34,14,0,64,18,20,18,0,56,0,0,1,0,1,1,1,1,0,3,12,8,10,0,30,13,6,4,0,23,0,1,3,6,428,509,28,34,0.8,1.097,0,1,1,1,0,2647,953,2656,2649,4,2,0,0,0,99,0,0,0,0,7,0
2025020352,2025-11-23,Canucks,Flames,Home,RL,23,24,3.2993454933166504,3.0706939697265625,0.0,0.0,Kevin Lankinen,Dustin Wolf,CG,CG,0,0,0,0,1,0,1,0,1,1,0,0,0,0,0,13,6,12,0,31,7,11,3,0,21,27,15,22,0,64,10,17,23,0,50,1,0,1,0,2,2,2,1,0,5,7,6,4,0,17,4,8,3,0,15,1,0,4,4,395,480,16,29,0.516,1.381,0,0,2,3,388,3112,100,2546,2546,179,0,0,0,0,0,0,0,88,0,0,0
2025020352,2025-11-23,Flames,Canucks,Away,RW,24,23,3.0706939697265625,3.2993454933166504,0.0,0.0,Dustin Wolf,Kevin Lankinen,CG,CG,1,0,1,0,0,0,0,0,0,0,0,0,1,0,0,7,11,3,0,21,13,6,12,0,31,10,17,23,0,50,27,15,22,0,64,2,2,1,0,5,1,0,1,0,2,4,8,3,0,15,7,6,4,0,17,0,1,4,4,480,395,29,16,1.381,0.516,0,0,3,2,3112,388,100,2546,2546,0,179,0,0,0,0,0,0,0,88,0,0
2025020353,2025-11-24,Lightning,Flyers,Home,RW,22,21,2.899365186691284,2.0794143676757812,0.0,0.0,Andrei Vasilevskiy,Samuel Ersson,CG,CG,0,0,0,0,0,0,0,0,1,0,0,0,0,0,0,7,5,6,0,18,4,7,9,0,20,12,10,19,0,41,16,16,15,0,47,1,1,1,0,3,0,0,0,0,0,9,7,4,0,20,7,10,5,0,22,0,0,1,1,155,35,20,15,1.111,0.75,1,0,1,3,2666,0,934,3356,3280,0,45,0,0,0,0,0,0,0,0,76,0
2025020353,2025-11-24,Flyers,Lightning,Away,RL,21,22,2.0794143676757812,2.899365186691284,0.0,0.0,Samuel Ersson,Andrei Vasilevskiy,CG,CG,0,0,0,0,0,0,0,0,0,0,0,0,0,0,0,4,7,9,0,20,7,5,6,0,18,16,16,15,0,47,12,10,19,0,41,0,0,0,0,0,1,1,1,0,3,7,10,5,0,22,9,7,4,0,20,0,0,1,1,35,155,15,20,0.75,1.111,0,1,3,1,0,2666,934,3356,3280,45,0,0,0,0,0,0,0,0,0,76,0
2025020354,2025-11-24,Devils,Red Wings,Home,RW,22,23,2.3757076263427734,4.625074863433838,0.0,0.0,Jacob Markstrom,Cam Talbot,CG,CG,0,0,0,0,0,0,0,0,1,0,0,0,0,0,0,9,6,5,0,20,7,15,13,0,35,21,17,14,0,52,25,29,28,0,82,3,1,0,0,4,1,1,1,0,3,10,8,7,0,25,9,10,3,0,22,0,1,1,3,120,310,32,16,1.6,0.457,0,0,1,3,2741,0,859,3046,3046,4,107,0,0,0,0,0,0,0,0,0,0
2025020354,2025-11-24,Red Wings,Devils,Away,RL,23,22,4.625074863433838,2.3757076263427734,0.0,0.0,Cam Talbot,Jacob Markstrom,CG,CG,0,0,0,0,0,0,0,0,0,0,0,0,0,0,0,7,15,13,0,35,9,6,5,0,20,25,29,28,0,82,21,17,14,0,52,1,1,1,0,3,3,1,0,0,4,9,10,3,0,22,10,8,7,0,25,1,0,3,1,310,120,16,32,0.457,1.6,0,0,3,1,0,2741,859,3046,3046,107,4,0,0,0,0,0,0,0,0,0,0
2025020355,2025-11-24,Rangers,Blues,Home,RW,24,23,1.812299370765686,2.1251118183135986,0.0,0.0,Igor Shesterkin,Joel Hofer,CG,CG,0,0,0,0,0,0,0,0,0,0,0,0,1,0,0,9,7,5,0,21,5,7,9,0,21,22,17,14,0,53,17,15,20,0,52,0,1,2,0,3,1,0,1,0,2,13,11,7,0,31,8,6,4,0,18,0,0,0,3,0,363,19,18,0.905,0.857,0,0,2,4,1160,750,1690,3129,3129,0,108,0,0,0,0,0,0,0,40,0,0
2025020355,2025-11-24,Blues,Rangers,Away,RL,23,24,2.1251118183135986,1.812299370765686,0.0,0.0,Joel Hofer,Igor Shesterkin,CG,CG,0,0,0,0,0,0,0,0,1,1,0,0,0,0,0,5,7,9,0,21,9,7,5,0,21,17,15,20,0,52,22,17,14,0,53,1,0,1,0,2,0,1,2,0,3,8,6,4,0,18,13,11,7,0,31,0,0,3,0,363,0,18,19,0.857,0.905,0,0,4,2,750,1160,1690,3129,3129,108,0,0,0,0,0,0,0,40,0,0,0
2025020356,2025-11-24,Capitals,Blue Jackets,Home,RW,23,23,3.3853557109832764,1.9005589485168457,0.0,0.0,Logan Thompson,Elvis Merzlikins,CG,CG,0,0,1,0,0,0,0,0,1,0,0,0,0,0,0,10,12,9,0,31,7,7,9,0,23,20,21,20,0,61,19,14,13,0,46,1,3,1,0,5,0,0,1,0,1,4,3,4,0,11,7,9,5,0,21,1,0,3,2,233,240,22,26,0.71,1.13,0,0,2,2,3235,0,365,3127,3127,0,0,0,0,1,0,0,0,0,0,0,0
2025020356,2025-11-24,Blue Jackets,Capitals,Away,RL,23,23,1.9005589485168457,3.3853557109832764,0.0,0.0,Elvis Merzlikins,Logan Thompson,CG,CG,0,0,0,0,0,0,1,0,0,0,0,0,0,0,0,7,7,9,0,23,10,12,9,0,31,19,14,13,0,46,20,21,20,0,61,0,0,1,0,1,1,3,1,0,5,7,9,5,0,21,4,3,4,0,11,0,1,2,3,240,233,26,22,1.13,0.71,0,0,2,2,0,3235,365,3127,3127,0,0,0,0,0,1,0,0,0,0,0,0
2025020357,2025-11-24,Predators,Panthers,Home,RL,22,22,2.724864959716797,3.0931570529937744,0.0,0.0,Juuse Saros,Daniil Tarasov,IG,CG,0,0,0,0,0,0,0,0,0,0,0,0,0,0,0,13,13,13,0,39,15,4,7,0,26,17,21,17,0,55,22,14,17,0,53,2,0,1,0,3,4,1,3,0,8,8,11,6,0,25,2,6,11,0,19,1,0,3,2,245,240,18,36,0.462,1.385,0,0,0,1,0,3530,70,3109,2995,0,0,0,0,0,0,0,0,0,0,114,0
2025020357,2025-11-24,Panthers,Predators,Away,RW,22,22,3.0931570529937744,2.724864959716797,0.0,0.0,Daniil Tarasov,Juuse Saros,CG,IG,0,0,0,0,0,0,0,0,1,0,0,0,0,0,0,15,4,7,0,26,13,13,13,0,39,22,14,17,0,53,17,21,17,0,55,4,1,3,0,8,2,0,1,0,3,2,6,11,0,19,8,11,6,0,25,0,1,2,3,240,245,36,18,1.385,0.462,0,0,1,0,3530,0,70,3109,2995,0,0,0,0,0,0,0,0,0,0,114,0
2025020358,2025-11-24,Mammoth,Golden Knights,Home,RW,23,22,3.2575955390930176,4.678982734680176,0.0,0.0,Karel Vejmelka,Carl Lindbom,CG,CG,0,0,0,0,0,0,0,0,1,0,0,0,0,0,0,8,4,11,0,23,8,16,10,0,34,21,20,19,0,60,15,29,23,0,67,2,0,3,0,5,0,1,0,0,1,9,4,6,0,19,7,4,6,0,17,0,0,2,3,240,360,33,18,1.435,0.529,2,0,2,3,2706,0,894,2973,2973,2,25,0,0,0,0,0,0,0,59,0,0
2025020358,2025-11-24,Golden Knights,Mammoth,Away,RL,22,23,4.678982734680176,3.2575955390930176,0.0,0.0,Carl Lindbom,Karel Vejmelka,CG,CG,0,0,0,0,0,0,0,0,0,0,0,0,0,0,0,8,16,10,0,34,8,4,11,0,23,15,29,23,0,67,21,20,19,0,60,0,1,0,0,1,2,0,3,0,5,7,4,6,0,17,9,4,6,0,19,0,0,3,2,360,240,18,33,0.529,1.435,0,2,3,2,0,2706,894,2973,2973,25,2,0,0,0,0,0,0,59,0,0,0
2025020359,2025-11-24,Kings,Senators,Home,RW,23,22,2.275097370147705,2.58280086517334,0.0,0.0,Darcy Kuemper,Leevi Meriläinen,CG,CG,0,0,0,0,0,0,0,0,1,0,0,0,0,0,0,10,5,7,0,22,11,10,7,0,28,19,11,13,0,43,20,19,20,0,59,0,0,2,0,2,0,0,1,0,1,8,4,2,0,14,8,5,9,0,22,1,0,3,3,359,360,27,20,1.227,0.714,0,0,2,3,688,0,2912,2753,2753,3,125,0,0,0,0,0,0,0,0,0,0
2025020359,2025-11-24,Senators,Kings,Away,RL,22,23,2.58280086517334,2.275097370147705,0.0,0.0,Leevi Meriläinen,Darcy Kuemper,CG,CG,0,0,0,0,0,0,0,0,0,0,0,0,0,0,0,11,10,7,0,28,10,5,7,0,22,20,19,20,0,59,19,11,13,0,43,0,0,1,0,1,0,0,2,0,2,8,5,9,0,22,8,4,2,0,14,0,1,3,3,360,359,20,27,0.714,1.227,0,0,3,2,0,688,2912,2753,2753,125,3,0,0,0,0,0,0,0,0,0,0
2025020360,2025-11-25,Oilers,Stars,Home,RL,25,23,1.577066421508789,4.429459571838379,0.0,0.0,Stuart Skinner,Jake Oettinger,IG,CG,0,0,0,0,0,0,0,0,0,0,0,0,0,0,0,5,10,10,0,25,8,15,7,0,30,12,22,18,0,52,15,28,12,0,55,0,1,2,0,3,4,2,2,0,8,8,7,7,0,22,13,2,2,0,17,0,3,2,4,147,349,22,22,0.88,0.733,0,0,2,2,0,3372,228,3095,2984,0,0,0,0,0,13,0,0,0,0,111,0
2025020360,2025-11-25,Stars,Oilers,Away,RW,23,25,4.429459571838379,1.577066421508789,0.0,0.0,Jake Oettinger,Stuart Skinner,CG,IG,0,0,0,0,0,0,0,0,1,0,0,0,0,0,0,8,15,7,0,30,5,10,10,0,25,15,28,12,0,55,12,22,18,0,52,4,2,2,0,8,0,1,2,0,3,13,2,2,0,17,8,7,7,0,22,3,0,4,2,349,147,22,22,0.733,0.88,0,0,2,2,3372,0,228,3095,2984,0,0,0,0,13,0,0,0,0,0,111,0
2025020361,2025-11-26,Red Wings,Predators,Home,RL,24,23,3.0703530311584473,3.428577184677124,0.0,0.0,Cam Talbot,Justus Annunen,CG,CG,0,0,0,0,0,0,0,0,0,1,0,0,0,0,0,7,10,14,0,31,12,8,9,0,29,23,23,21,0,67,18,21,13,0,52,0,2,1,0,3,1,0,5,0,6,3,5,5,0,13,12,4,6,0,22,2,1,4,4,315,357,23,28,0.742,0.966,0,0,5,3,331,972,2297,2724,2602,162,0,0,0,0,0,0,0,0,0,122,0
2025020361,2025-11-26,Predators,Red Wings,Away,RW,23,24,3.428577184677124,3.0703530311584473,0.0,0.0,Justus Annunen,Cam Talbot,CG,CG,0,0,0,0,0,0,0,0,1,0,0,0,1,0,0,12,8,9,0,29,7,10,14,0,31,18,21,13,0,52,23,23,21,0,67,1,0,5,0,6,0,2,1,0,3,12,4,6,0,22,3,5,5,0,13,1,2,4,4,357,315,28,23,0.966,0.742,0,0,3,5,972,331,2297,2724,2602,0,162,0,0,0,0,0,0,0,0,122,0
2025020362,2025-11-26,Lightning,Flames,Home,RW,23,25,3.228609323501587,4.1673760414123535,0.0,0.0,Andrei Vasilevskiy,Dustin Wolf,CG,IG,0,0,0,0,0,0,0,0,1,0,0,0,0,0,0,10,9,4,0,23,5,9,18,0,32,18,25,15,0,58,17,18,30,0,65,4,0,1,0,5,0,0,1,0,1,8,2,3,0,13,6,8,11,0,25,0,0,4,4,370,503,31,18,1.348,0.562,0,0,7,0,3561,0,39,2712,2607,0,0,0,0,0,0,0,0,0,0,105,0
2025020362,2025-11-26,Flames,Lightning,Away,RL,25,23,4.1673760414123535,3.228609323501587,0.0,0.0,Dustin Wolf,Andrei Vasilevskiy,IG,CG,0,0,0,0,0,0,0,0,0,0,0,0,0,0,0,5,9,18,0,32,10,9,4,0,23,17,18,30,0,65,18,25,15,0,58,0,0,1,0,1,4,0,1,0,5,6,8,11,0,25,8,2,3,0,13,0,0,4,4,503,370,18,31,0.562,1.348,0,0,0,7,0,3561,39,2712,2607,0,0,0,0,0,0,0,0,0,0,105,0
2025020363,2025-11-26,Panthers,Flyers,Home,RL,23,22,3.2571723461151123,1.732181429862976,0.0,0.0,Sergei Bobrovsky,Dan Vladar,CG,CG,0,0,0,0,0,0,0,0,1,1,1,0,0,0,0,15,5,7,0,27,7,5,6,0,18,29,11,18,0,58,13,19,19,0,51,1,1,0,0,2,0,2,2,0,4,12,14,7,0,33,8,4,5,0,17,0,0,3,1,360,120,14,25,0.519,1.389,0,0,3,2,1552,46,2002,3120,3120,0,0,0,0,0,0,0,0,0,0,0,0
2025020363,2025-11-26,Flyers,Panthers,Away,RW,22,23,1.732181429862976,3.2571723461151123,0.0,0.0,Dan Vladar,Sergei Bobrovsky,CG,CG,0,0,0,0,0,0,0,0,0,0,0,0,1,1,0,7,5,6,0,18,15,5,7,0,27,13,19,19,0,51,29,11,18,0,58,0,2,2,0,4,1,1,0,0,2,8,4,5,0,17,12,14,7,0,33,0,0,1,3,120,360,25,14,1.389,0.519,0,0,2,3,46,1552,2002,3120,3120,0,0,0,0,0,0,0,0,0,0,0,0
2025020364,2025-11-26,Devils,Blues,Home,OTW,23,24,2.074636459350586,2.3122482299804688,0.0,0.0,Jacob Markstrom,Jordan Binnington,CG,CG,0,0,0,0,0,0,0,0,0,0,0,0,1,0,0,14,9,4,2,29,7,8,8,0,23,24,20,15,3,62,17,16,17,0,50,1,1,0,1,3,2,0,0,0,2,7,8,10,1,26,6,3,6,0,15,1,1,2,3,171,414,21,26,0.724,1.13,0,0,3,2,0,1378,2400,3161,2934,0,26,0,0,0,0,0,0,0,0,49,178
2025020364,2025-11-26,Blues,Devils,Away,OTL,24,23,2.3122482299804688,2.074636459350586,0.0,0.0,Jordan Binnington,Jacob Markstrom,CG,CG,0,0,0,0,0,0,0,0,1,1,0,0,0,0,0,7,8,8,0,23,14,9,4,2,29,17,16,17,0,50,24,20,15,3,62,2,0,0,0,2,1,1,0,1,3,6,3,6,0,15,7,8,10,1,26,1,1,3,2,414,171,26,21,1.13,0.724,0,0,2,3,1378,0,2400,3161,2934,26,0,0,0,0,0,0,0,0,0,49,178
2025020365,2025-11-26,Islanders,Bruins,Home,RL,24,25,4.7959675788879395,1.545068621635437,0.0,0.0,Ilya Sorokin,Jeremy Swayman,CG,CG,0,0,0,0,0,0,0,0,1,1,0,0,0,0,0,10,11,23,0,44,4,7,3,0,14,26,22,33,0,81,12,18,11,0,41,1,0,0,0,1,1,1,1,0,3,5,5,7,0,17,10,10,4,0,24,0,0,4,1,480,123,11,43,0.25,3.071,0,0,2,0,102,2357,1141,2723,2723,274,0,0,0,0,0,0,0,0,0,0,0
2025020365,2025-11-26,Bruins,Islanders,Away,RW,25,24,1.545068621635437,4.7959675788879395,0.0,0.0,Jeremy Swayman,Ilya Sorokin,CG,CG,0,0,0,0,0,0,0,0,0,0,0,0,1,0,0,4,7,3,0,14,10,11,23,0,44,12,18,11,0,41,26,22,33,0,81,1,1,1,0,3,1,0,0,0,1,10,10,4,0,24,5,5,7,0,17,0,0,1,4,123,480,43,11,3.071,0.25,0,0,0,2,2357,102,1141,2723,2723,0,274,0,0,0,0,0,0,0,0,0,0
2025020366,2025-11-26,Penguins,Sabres,Home,RW,22,23,2.1619629859924316,3.3041701316833496,0.0,0.0,Tristan Jarry,Ukko-Pekka Luukkonen,CG,CG,0,0,0,0,0,0,0,0,1,0,0,0,0,0,0,3,8,8,0,19,4,8,19,0,31,9,15,17,0,41,12,20,33,0,65,1,0,3,0,4,0,0,2,0,2,9,3,5,0,17,5,9,7,0,21,0,0,1,0,120,0,29,15,1.526,0.484,1,0,2,3,2540,0,1060,3460,3460,0,20,0,0,0,0,0,0,0,0,0,0
2025020366,2025-11-26,Sabres,Penguins,Away,RL,23,22,3.3041701316833496,2.1619629859924316,0.0,0.0,Ukko-Pekka Luukkonen,Tristan Jarry,CG,CG,0,0,0,0,0,0,0,0,0,0,0,0,0,0,0,4,8,19,0,31,3,8,8,0,19,12,20,33,0,65,9,15,17,0,41,0,0,2,0,2,1,0,3,0,4,5,9,7,0,21,9,3,5,0,17,0,0,0,1,0,120,15,29,0.484,1.526,0,1,3,2,0,2540,1060,3460,3460,20,0,0,0,0,0,0,0,0,0,0,0
2025020367,2025-11-26,Capitals,Jets,Home,RW,24,22,2.9627890586853027,3.558702230453491,0.0,0.0,Charlie Lindgren,Eric Comrie,CG,CG,0,0,0,0,0,0,0,0,1,0,0,0,0,0,0,12,15,8,0,35,6,7,8,0,21,24,25,18,0,67,18,13,22,0,53,2,1,1,0,4,1,1,1,0,3,7,5,8,0,20,5,3,4,0,12,0,1,2,2,246,214,18,31,0.514,1.476,0,0,1,0,2964,0,636,3057,3057,0,83,0,0,0,0,0,0,0,0,0,0
2025020367,2025-11-26,Jets,Capitals,Away,RL,22,24,3.558702230453491,2.9627890586853027,0.0,0.0,Eric Comrie,Charlie Lindgren,CG,CG,0,0,0,0,0,0,0,0,0,0,0,0,0,0,0,6,7,8,0,21,12,15,8,0,35,18,13,22,0,53,24,25,18,0,67,1,1,1,0,3,2,1,1,0,4,5,3,4,0,12,7,5,8,0,20,1,0,2,2,214,246,31,18,1.476,0.514,0,0,0,1,0,2964,636,3057,3057,83,0,0,0,0,0,0,0,0,0,0,0
2025020368,2025-11-26,Hurricanes,Rangers,Home,RL,23,25,4.144208908081055,2.5963611602783203,0.0,0.0,Frederik Andersen,Igor Shesterkin,CG,CG,0,0,0,0,0,0,0,0,0,0,0,0,0,0,0,13,11,14,0,38,4,9,5,0,18,21,18,27,0,66,17,26,15,0,58,0,1,1,0,2,1,1,2,0,4,12,6,8,0,26,10,13,11,0,34,1,0,5,1,434,120,14,36,0.368,2.0,0,0,4,2,0,1755,1845,3016,3016,30,0,0,0,0,0,0,0,67,0,0,0
2025020368,2025-11-26,Rangers,Hurricanes,Away,RW,25,23,2.5963611602783203,4.144208908081055,0.0,0.0,Igor Shesterkin,Frederik Andersen,CG,CG,0,0,0,0,0,0,0,0,1,0,0,0,0,0,0,4,9,5,0,18,13,11,14,0,38,17,26,15,0,58,21,18,27,0,66,1,1,2,0,4,0,1,1,0,2,10,13,11,0,34,12,6,8,0,26,0,1,1,5,120,434,36,14,2.0,0.368,0,0,2,4,1755,0,1845,3016,3016,0,30,0,0,0,0,0,0,0,67,0,0
2025020369,2025-11-26,Blue Jackets,Maple Leafs,Home,OTL,24,23,4.039975643157959,3.032513380050659,0.0,0.0,Jet Greaves,Joseph Woll,CG,CG,0,0,0,0,0,0,0,0,1,1,0,0,0,0,0,11,7,14,4,36,6,9,6,3,24,18,20,23,5,66,16,21,12,6,55,0,0,1,0,1,0,0,1,1,2,7,6,7,0,20,9,7,5,0,21,0,0,3,2,418,240,22,35,0.611,1.458,0,0,2,4,193,0,3687,3174,2894,0,4,0,0,0,0,0,0,0,0,0,280
2025020369,2025-11-26,Maple Leafs,Blue Jackets,Away,OTW,23,24,3.032513380050659,4.039975643157959,0.0,0.0,Joseph Woll,Jet Greaves,CG,CG,0,0,0,0,0,0,0,0,0,0,0,0,1,0,0,6,9,6,3,24,11,7,14,4,36,16,21,12,6,55,18,20,23,5,66,0,0,1,1,2,0,0,1,0,1,9,7,5,0,21,7,6,7,0,20,0,0,2,3,240,418,35,22,1.458,0.611,0,0,4,2,0,193,3687,3174,2894,4,0,0,0,0,0,0,0,0,0,0,280
2025020370,2025-11-26,Blackhawks,Wild,Home,OTL,23,24,3.8255438804626465,2.680785655975342,0.0,0.0,Spencer Knight,Filip Gustavsson,CG,CG,0,0,0,0,0,0,0,0,1,1,1,0,0,0,0,20,9,8,0,37,5,8,9,2,24,33,17,19,0,69,11,21,14,3,49,0,2,1,0,3,0,1,2,1,4,1,6,4,0,11,10,9,6,1,26,0,2,4,5,373,436,20,34,0.541,1.417,0,0,5,2,1300,0,2398,2796,2721,1,8,0,45,0,0,0,0,0,0,22,53
2025020370,2025-11-26,Wild,Blackhawks,Away,OTW,24,23,2.680785655975342,3.8255438804626465,0.0,0.0,Filip Gustavsson,Spencer Knight,CG,CG,0,0,0,0,0,0,0,0,0,0,0,0,1,1,0,5,8,9,2,24,20,9,8,0,37,11,21,14,3,49,33,17,19,0,69,0,1,2,1,4,0,2,1,0,3,10,9,6,1,26,1,6,4,0,11,2,0,5,4,436,373,34,20,1.417,0.541,0,0,2,5,0,1300,2398,2796,2721,8,1,45,0,0,0,0,0,0,0,22,53
2025020371,2025-11-26,Avalanche,Sharks,Home,RW,23,24,4.106393337249756,2.002756357192993,0.0,0.0,Mackenzie Blackwood,Yaroslav Askarov,CG,IG,0,0,0,0,0,0,0,0,1,0,0,0,0,0,0,15,11,16,0,42,5,17,4,0,26,32,27,26,0,85,16,34,11,0,61,2,3,1,0,6,0,0,0,0,0,5,2,3,0,10,8,6,8,0,22,1,0,4,4,442,480,26,36,0.619,1.385,0,0,1,0,3381,0,219,2678,2678,0,0,0,0,0,0,0,0,0,0,0,0
2025020371,2025-11-26,Sharks,Avalanche,Away,RL,24,23,2.002756357192993,4.106393337249756,0.0,0.0,Yaroslav Askarov,Mackenzie Blackwood,IG,CG,0,0,0,0,0,0,0,0,0,0,0,0,0,0,0,5,17,4,0,26,15,11,16,0,42,16,34,11,0,61,32,27,26,0,85,0,0,0,0,0,2,3,1,0,6,8,6,8,0,22,5,2,3,0,10,0,1,4,4,480,442,36,26,1.385,0.619,0,0,0,1,0,3381,219,2678,2678,0,0,0,0,0,0,0,0,0,0,0,0
2025020372,2025-11-26,Mammoth,Canadiens,Home,RL,24,22,4.756625652313232,2.2323553562164307,0.0,0.0,Karel Vejmelka,Jakub Dobes,CG,CG,0,0,0,0,0,0,0,0,0,1,0,0,0,0,0,6,13,15,0,34,7,5,5,0,17,15,28,23,0,66,19,12,15,0,46,0,3,0,0,3,2,0,2,0,4,6,8,4,0,18,11,5,4,0,20,1,2,4,3,396,243,13,31,0.382,1.824,0,0,7,2,568,2193,839,2824,2824,127,0,0,0,0,49,0,0,0,0,0,0
2025020372,2025-11-26,Canadiens,Mammoth,Away,RW,22,24,2.2323553562164307,4.756625652313232,0.0,0.0,Jakub Dobes,Karel Vejmelka,CG,CG,0,0,0,0,0,0,0,0,1,0,0,0,1,0,0,7,5,5,0,17,6,13,15,0,34,19,12,15,0,46,15,28,23,0,66,2,0,2,0,4,0,3,0,0,3,11,5,4,0,20,6,8,4,0,18,2,1,3,4,243,396,31,13,1.824,0.382,0,0,2,7,2193,568,839,2824,2824,0,127,0,0,49,0,0,0,0,0,0,0
2025020373,2025-11-26,Golden Knights,Senators,Home,SOL,23,23,4.116811275482178,2.5332791805267334,0.0,0.0,Akira Schmid,Linus Ullmark,CG,CG,0,0,0,0,0,0,0,0,0,0,0,0,0,0,0,11,11,11,2,35,10,7,4,1,22,22,20,21,3,66,19,15,15,3,52,1,1,1,0,3,3,0,0,0,3,10,17,6,0,33,10,10,6,0,26,1,1,3,3,328,303,19,32,0.543,1.455,0,0,2,2,0,2749,1151,3262,2962,2,5,0,0,0,0,0,0,0,0,0,300
2025020373,2025-11-26,Senators,Golden Knights,Away,SOW,23,23,2.5332791805267334,4.116811275482178,0.0,0.0,Linus Ullmark,Akira Schmid,CG,CG,0,0,0,0,0,0,0,0,1,0,0,0,0,0,0,10,7,4,1,22,11,11,11,2,35,19,15,15,3,52,22,20,21,3,66,3,0,0,0,3,1,1,1,0,3,10,10,6,0,26,10,17,6,0,33,1,1,3,3,303,328,32,19,1.455,0.543,0,0,2,2,2749,0,1151,3262,2962,5,2,0,0,0,0,0,0,0,0,0,300
2025020374,2025-11-26,Ducks,Canucks,Home,RL,23,24,5.303034782409668,4.461519718170166,0.0,0.0,Petr Mrazek,Nikita Tolopilo,CG,CG,0,0,0,0,0,0,0,0,0,0,0,0,0,0,0,13,17,11,0,41,5,12,11,0,28,32,31,26,0,89,19,25,24,0,68,0,3,1,0,4,2,1,2,0,5,8,3,4,0,15,3,8,2,0,13,1,1,6,3,586,275,23,37,0.561,1.321,0,0,6,3,0,1967,1633,2587,2475,90,0,0,0,0,0,0,0,0,0,112,0
2025020374,2025-11-26,Canucks,Ducks,Away,RW,24,23,4.461519718170166,5.303034782409668,0.0,0.0,Nikita Tolopilo,Petr Mrazek,CG,CG,0,0,0,0,0,0,0,0,1,0,0,0,0,0,0,5,12,11,0,28,13,17,11,0,41,19,25,24,0,68,32,31,26,0,89,2,1,2,0,5,0,3,1,0,4,3,8,2,0,13,8,3,4,0,15,1,1,3,6,275,586,37,23,1.321,0.561,0,0,3,6,1967,0,1633,2587,2475,0,90,0,0,0,0,0,0,0,0,112,0
2025020375,2025-11-26,Kraken,Stars,Home,RL,23,24,2.437058925628662,2.975888252258301,0.0,0.0,Joey Daccord,Casey DeSmith,CG,CG,0,0,0,0,1,0,0,0,0,0,0,0,0,0,0,10,9,9,0,28,10,9,2,0,21,15,14,18,0,47,16,14,13,0,43,1,0,1,0,2,1,1,1,0,3,8,9,6,0,23,4,6,7,0,17,0,0,4,1,600,125,18,26,0.643,1.238,0,0,3,1,0,1383,2217,2767,2666,89,0,0,0,0,0,0,0,0,0,101,0
2025020375,2025-11-26,Stars,Kraken,Away,RW,24,23,2.975888252258301,2.437058925628662,0.0,0.0,Casey DeSmith,Joey Daccord,CG,CG,1,0,0,0,0,0,0,0,1,0,0,0,0,0,0,10,9,2,0,21,10,9,9,0,28,16,14,13,0,43,15,14,18,0,47,1,1,1,0,3,1,0,1,0,2,4,6,7,0,17,8,9,6,0,23,0,0,1,4,125,600,26,18,1.238,0.643,0,0,1,3,1383,0,2217,2767,2666,0,89,0,0,0,0,0,0,0,0,101,0
2025020377,2025-11-28,Red Wings,Lightning,Home,RL,25,24,3.1902267932891846,4.594915390014648,0.0,0.0,John Gibson,Andrei Vasilevskiy,CG,CG,0,0,0,0,0,0,0,0,1,1,0,0,0,0,0,11,13,13,0,37,11,9,7,0,27,27,20,17,0,64,15,19,10,0,44,1,2,0,0,3,1,3,2,0,6,10,4,6,0,20,4,7,4,0,15,0,1,1,1,120,36,21,34,0.568,1.259,0,0,3,4,338,2366,896,3423,3315,9,0,0,0,0,0,0,0,0,0,108,0
2025020377,2025-11-28,Lightning,Red Wings,Away,RW,24,25,4.594915390014648,3.1902267932891846,0.0,0.0,Andrei Vasilevskiy,John Gibson,CG,CG,0,0,0,0,0,0,0,0,0,0,0,0,1,0,0,11,9,7,0,27,11,13,13,0,37,15,19,10,0,44,27,20,17,0,64,1,3,2,0,6,1,2,0,0,3,4,7,4,0,15,10,4,6,0,20,1,0,1,1,36,120,34,21,1.259,0.568,0,0,4,3,2366,338,896,3423,3315,0,9,0,0,0,0,0,0,0,0,108,0
2025020376,2025-11-28,Bruins,Rangers,Home,RL,26,26,2.2135891914367676,4.304921627044678,0.0,0.0,Joonas Korpisalo,Igor Shesterkin,CG,CG,0,0,0,0,0,0,0,0,0,0,0,0,0,0,0,7,5,9,0,21,12,17,8,0,37,19,12,16,0,47,22,25,24,0,71,0,0,2,0,2,2,2,2,0,6,14,4,7,0,25,14,9,11,0,34,0,2,2,2,197,166,31,19,1.476,0.514,0,0,1,0,0,3392,208,3203,3203,34,0,0,0,0,0,0,0,0,0,0,0
2025020376,2025-11-28,Rangers,Bruins,Away,RW,26,26,4.304921627044678,2.2135891914367676,0.0,0.0,Igor Shesterkin,Joonas Korpisalo,CG,CG,0,0,0,0,0,0,0,0,1,0,0,0,0,0,0,12,17,8,0,37,7,5,9,0,21,22,25,24,0,71,19,12,16,0,47,2,2,2,0,6,0,0,2,0,2,14,9,11,0,34,14,4,7,0,25,2,0,2,2,166,197,19,31,0.514,1.476,0,0,0,1,3392,0,208,3203,3203,0,34,0,0,0,0,0,0,0,0,0,0
2025020378,2025-11-28,Wild,Avalanche,Home,SOW,25,24,4.0004048347473145,4.460169792175293,0.0,0.0,Jesper Wallstedt,Scott Wedgewood,CG,CG,0,0,0,0,0,0,0,0,0,0,0,0,1,0,0,12,17,10,0,39,14,10,14,3,41,24,30,23,0,77,28,19,25,3,75,0,2,0,0,2,1,0,1,0,2,5,12,8,0,25,3,6,3,0,12,0,0,1,1,120,120,39,37,1.0,0.902,0,0,1,1,785,1026,2089,3652,3352,0,8,0,0,0,0,0,0,0,0,0,300
2025020378,2025-11-28,Avalanche,Wild,Away,SOL,24,25,4.460169792175293,4.0004048347473145,0.0,0.0,Scott Wedgewood,Jesper Wallstedt,CG,CG,0,0,0,0,0,0,0,0,1,1,0,0,0,0,0,14,10,14,3,41,12,17,10,0,39,28,19,25,3,75,24,30,23,0,77,1,0,1,0,2,0,2,0,0,2,3,6,3,0,12,5,12,8,0,25,0,0,1,1,120,120,37,39,0.902,1.0,0,0,1,1,1026,785,2089,3652,3352,8,0,0,0,0,0,0,0,0,0,0,300
2025020379,2025-11-28,Sabres,Devils,Home,RL,24,24,3.3201963901519775,2.8364717960357666,0.0,0.0,Alex Lyon,Jake Allen,CG,CG,0,0,0,0,0,0,0,0,0,0,0,0,0,0,0,10,15,17,0,42,9,8,6,0,23,15,27,31,0,73,18,19,16,0,53,0,0,0,0,0,1,1,3,0,5,9,4,11,0,24,6,9,5,0,20,0,0,2,1,214,94,18,42,0.429,1.826,0,0,3,1,0,2873,727,3259,3236,0,0,0,0,0,0,0,0,0,0,23,0
2025020379,2025-11-28,Devils,Sabres,Away,RW,24,24,2.8364717960357666,3.3201963901519775,0.0,0.0,Jake Allen,Alex Lyon,CG,CG,0,0,0,0,0,0,0,0,1,0,0,0,0,0,0,9,8,6,0,23,10,15,17,0,42,18,19,16,0,53,15,27,31,0,73,1,1,3,0,5,0,0,0,0,0,6,9,5,0,20,9,4,11,0,24,0,0,1,2,94,214,42,18,1.826,0.429,0,0,1,3,2873,0,727,3259,3236,0,0,0,0,0,0,0,0,0,0,23,0
2025020380,2025-11-28,Panthers,Flames,Home,RL,24,26,5.199189186096191,3.190368413925171,0.0,0.0,Daniil Tarasov,Devin Cooley,CG,CG,0,0,0,0,0,0,0,0,1,1,1,0,0,0,0,20,8,13,0,41,14,10,10,0,34,30,20,27,0,77,31,26,24,0,81,2,0,1,0,3,2,2,1,0,5,4,13,13,0,30,8,6,6,0,20,0,1,2,1,240,128,29,38,0.707,1.118,0,0,2,2,587,2345,668,3077,3077,155,0,0,0,0,98,0,0,0,0,0,0
2025020380,2025-11-28,Flames,Panthers,Away,RW,26,24,3.190368413925171,5.199189186096191,0.0,0.0,Devin Cooley,Daniil Tarasov,CG,CG,0,0,0,0,0,0,0,0,0,0,0,0,1,1,0,14,10,10,0,34,20,8,13,0,41,31,26,24,0,81,30,20,27,0,77,2,2,1,0,5,2,0,1,0,3,8,6,6,0,20,4,13,13,0,30,1,0,1,2,128,240,38,29,1.118,0.707,0,0,2,2,2345,587,668,3077,3077,0,155,0,0,98,0,0,0,0,0,0,0
2025020381,2025-11-28,Islanders,Flyers,Home,SOL,25,23,3.716156244277954,2.5036087036132812,0.0,0.0,David Rittich,Samuel Ersson,CG,CG,0,0,0,0,0,0,0,0,0,0,0,0,0,0,0,6,13,9,3,31,3,12,5,1,21,18,21,20,6,65,17,20,11,2,50,0,3,0,0,3,2,1,0,0,3,6,5,5,1,17,10,7,3,0,20,1,1,4,2,565,211,18,28,0.581,1.333,0,0,3,1,0,1843,2057,3120,2796,0,0,0,0,0,0,0,0,0,0,24,300
2025020381,2025-11-28,Flyers,Islanders,Away,SOW,23,25,2.5036087036132812,3.716156244277954,0.0,0.0,Samuel Ersson,David Rittich,CG,CG,0,0,0,0,0,0,0,0,1,0,0,0,0,0,0,3,12,5,1,21,6,13,9,3,31,17,20,11,2,50,18,21,20,6,65,2,1,0,0,3,0,3,0,0,3,10,7,3,0,20,6,5,5,1,17,1,1,2,4,211,565,28,18,1.333,0.581,0,0,1,3,1843,0,2057,3120,2796,0,0,0,0,0,0,0,0,0,0,24,300
2025020382,2025-11-28,Blues,Senators,Home,RW,25,24,3.283404588699341,3.1280901432037354,0.0,0.0,Jordan Binnington,Leevi Meriläinen,CG,CG,0,0,0,0,0,0,0,0,1,0,0,0,1,0,0,7,11,13,0,31,5,9,14,0,28,12,23,25,0,60,13,18,27,0,58,0,1,3,0,4,0,2,1,0,3,7,6,4,0,17,7,6,7,0,20,0,0,3,1,360,120,25,27,0.806,0.964,0,0,1,1,891,215,2494,2939,2823,0,167,0,0,0,0,0,0,0,0,116,0
2025020382,2025-11-28,Senators,Blues,Away,RL,24,25,3.1280901432037354,3.283404588699341,0.0,0.0,Leevi Meriläinen,Jordan Binnington,CG,CG,0,0,0,0,0,0,0,0,0,1,0,0,0,0,0,5,9,14,0,28,7,11,13,0,31,13,18,27,0,58,12,23,25,0,60,0,2,1,0,3,0,1,3,0,4,7,6,7,0,20,7,6,4,0,17,0,0,1,3,120,360,27,25,0.964,0.806,0,0,1,1,215,891,2494,2939,2823,167,0,0,0,0,0,0,0,0,0,116,0
2025020383,2025-11-28,Golden Knights,Canadiens,Home,RL,24,23,3.6842219829559326,3.3411126136779785,0.0,0.0,Akira Schmid,Sam Montembeault,CG,CG,0,0,0,0,0,0,0,0,0,0,0,0,0,0,0,11,11,9,0,31,6,5,8,0,19,21,23,14,0,58,19,17,22,0,58,0,0,1,0,1,1,1,2,0,4,5,4,6,0,15,10,6,4,0,20,0,0,1,1,120,167,15,30,0.484,1.579,0,0,4,4,0,2730,870,3222,3121,72,0,0,0,0,0,0,0,0,0,101,0
2025020383,2025-11-28,Canadiens,Golden Knights,Away,RW,23,24,3.3411126136779785,3.6842219829559326,0.0,0.0,Sam Montembeault,Akira Schmid,CG,CG,0,0,0,0,0,0,0,0,1,0,0,0,0,0,0,6,5,8,0,19,11,11,9,0,31,19,17,22,0,58,21,23,14,0,58,1,1,2,0,4,0,0,1,0,1,10,6,4,0,20,5,4,6,0,15,0,0,1,1,167,120,30,15,1.579,0.484,0,0,4,4,2730,0,870,3222,3121,0,72,0,0,0,0,0,0,0,0,101,0
2025020384,2025-11-28,Ducks,Kings,Home,SOW,24,24,3.8858377933502197,2.605675220489502,0.0,0.0,Ville Husso,Darcy Kuemper,CG,CG,0,0,0,0,0,0,0,0,0,0,0,0,1,1,0,7,11,9,4,31,9,5,11,2,27,18,24,23,4,69,19,23,23,2,67,0,2,2,0,4,1,1,2,0,4,4,7,6,1,18,2,9,2,1,14,1,0,2,1,130,137,23,27,0.742,1.0,0,0,3,1,0,1637,2263,3590,3290,40,3,0,0,0,0,0,0,0,0,0,300
2025020384,2025-11-28,Kings,Ducks,Away,SOL,24,24,2.605675220489502,3.8858377933502197,0.0,0.0,Darcy Kuemper,Ville Husso,CG,CG,0,0,0,0,0,0,0,0,1,1,1,0,0,0,0,9,5,11,2,27,7,11,9,4,31,19,23,23,2,67,18,24,23,4,69,1,1,2,0,4,0,2,2,0,4,2,9,2,1,14,4,7,6,1,18,0,1,1,2,137,130,27,23,1.0,0.742,0,0,1,3,1637,0,2263,3590,3290,3,40,0,0,0,0,0,0,0,0,0,300
2025020385,2025-11-28,Sharks,Canucks,Home,RW,25,25,2.497096061706543,4.362271308898926,0.0,0.0,Yaroslav Askarov,Nikita Tolopilo,CG,CG,0,0,0,0,0,0,0,0,0,0,0,0,1,0,0,12,7,5,0,24,8,17,9,0,34,18,21,13,0,52,12,28,16,0,56,1,2,0,0,3,1,1,0,0,2,5,7,2,0,14,6,7,4,0,17,2,0,6,7,503,756,32,21,1.333,0.618,0,0,1,6,1483,956,1161,2270,2155,0,0,0,0,52,0,0,2,0,41,115,0
2025020385,2025-11-28,Canucks,Sharks,Away,RL,25,25,4.362271308898926,2.497096061706543,0.0,0.0,Nikita Tolopilo,Yaroslav Askarov,CG,CG,0,0,0,0,0,0,0,0,1,1,0,0,0,0,0,8,17,9,0,34,12,7,5,0,24,12,28,16,0,56,18,21,13,0,52,1,1,0,0,2,1,2,0,0,3,6,7,4,0,17,5,7,2,0,14,0,2,7,6,756,503,21,32,0.618,1.333,0,0,6,1,956,1483,1161,2270,2155,0,0,0,0,0,52,2,0,41,0,115,0
2025020386,2025-11-28,Capitals,Maple Leafs,Home,RW,25,24,3.352626085281372,3.5420525074005127,0.0,0.0,Logan Thompson,Joseph Woll,CG,CG,0,0,0,0,0,0,0,0,0,0,0,0,1,1,0,10,13,11,0,34,5,5,12,0,22,18,23,23,0,64,15,12,25,0,52,0,1,3,0,4,1,1,0,0,2,10,5,2,0,17,6,12,10,0,28,0,0,2,0,240,0,20,30,0.588,1.364,1,0,4,4,236,3009,355,3273,3273,0,87,0,0,0,0,0,0,0,0,0,0
2025020386,2025-11-28,Maple Leafs,Capitals,Away,RL,24,25,3.5420525074005127,3.352626085281372,0.0,0.0,Joseph Woll,Logan Thompson,CG,CG,0,0,0,0,0,0,0,0,1,1,1,0,0,0,0,5,5,12,0,22,10,13,11,0,34,15,12,25,0,52,18,23,23,0,64,1,1,0,0,2,0,1,3,0,4,6,12,10,0,28,10,5,2,0,17,0,0,0,2,0,240,30,20,1.364,0.588,0,1,4,4,3009,236,355,3273,3273,87,0,0,0,0,0,0,0,0,0,0,0
2025020387,2025-11-28,Hurricanes,Jets,Home,RW,24,23,3.4413299560546875,1.455507755279541,0.0,0.0,Brandon Bussi,Thomas Milic,CG,CG,0,0,0,0,0,0,0,0,1,0,0,0,0,0,0,10,10,15,0,35,5,5,3,0,13,19,19,29,0,67,17,11,16,0,44,1,0,4,0,5,0,1,0,0,1,7,4,2,0,13,11,12,9,0,32,0,0,4,2,480,240,12,30,0.343,2.308,1,0,3,2,1363,0,2237,2837,2837,0,43,0,0,0,0,0,0,0,0,0,0
2025020387,2025-11-28,Jets,Hurricanes,Away,RL,23,24,1.455507755279541,3.4413299560546875,0.0,0.0,Thomas Milic,Brandon Bussi,CG,CG,0,0,0,0,0,0,0,0,0,0,0,0,0,0,0,5,5,3,0,13,10,10,15,0,35,17,11,16,0,44,19,19,29,0,67,0,1,0,0,1,1,0,4,0,5,11,12,9,0,32,7,4,2,0,13,0,0,2,4,240,480,30,12,2.308,0.343,0,1,2,3,0,1363,2237,2837,2837,43,0,0,0,0,0,0,0,0,0,0,0
2025020388,2025-11-28,Blue Jackets,Penguins,Home,OTL,25,23,4.026208400726318,3.4227354526519775,0.0,0.0,Jet Greaves,Tristan Jarry,CG,CG,0,0,0,0,0,0,0,0,0,1,1,0,0,0,0,8,13,8,0,29,8,7,8,1,24,16,24,16,0,56,25,18,19,1,63,1,2,0,0,3,1,0,2,1,4,3,6,7,0,16,11,2,5,0,18,0,0,2,2,242,240,20,26,0.69,1.083,0,0,4,3,1477,450,1732,3144,3085,1,32,0,0,0,0,0,0,0,0,0,59
2025020388,2025-11-28,Penguins,Blue Jackets,Away,OTW,23,25,3.4227354526519775,4.026208400726318,0.0,0.0,Tristan Jarry,Jet Greaves,CG,CG,0,0,0,0,0,0,0,0,1,0,0,0,1,1,0,8,7,8,1,24,8,13,8,0,29,25,18,19,1,63,16,24,16,0,56,1,0,2,1,4,1,2,0,0,3,11,2,5,0,18,3,6,7,0,16,0,0,2,2,240,242,26,20,1.083,0.69,0,0,3,4,450,1477,1732,3144,3085,32,1,0,0,0,0,0,0,0,0,0,59
2025020389,2025-11-28,Blackhawks,Predators,Home,RL,24,24,3.286993980407715,3.306605100631714,0.0,0.0,Arvid Soderblom,Juuse Saros,CG,CG,0,0,0,0,0,0,0,0,1,1,0,0,0,0,0,11,6,10,0,27,10,11,8,0,29,19,19,24,0,62,16,30,20,0,66,1,1,1,0,3,0,3,1,0,4,3,5,7,0,15,10,6,5,0,21,1,0,3,2,469,240,25,24,0.926,0.828,0,0,4,1,156,1889,1555,2825,2825,43,0,0,0,0,0,0,0,0,0,0,0
2025020389,2025-11-28,Predators,Blackhawks,Away,RW,24,24,3.306605100631714,3.286993980407715,0.0,0.0,Juuse Saros,Arvid Soderblom,CG,CG,0,0,0,0,0,0,0,0,0,0,0,0,1,0,0,10,11,8,0,29,11,6,10,0,27,16,30,20,0,66,19,19,24,0,62,0,3,1,0,4,1,1,1,0,3,10,6,5,0,21,3,5,7,0,15,0,1,2,3,240,469,24,25,0.828,0.926,0,0,1,4,1889,156,1555,2825,2825,0,43,0,0,0,0,0,0,0,0,0,0
2025020390,2025-11-28,Stars,Mammoth,Home,RW,25,25,3.5496106147766113,3.37753963470459,0.0,0.0,Jake Oettinger,Vitek Vanecek,CG,CG,0,1,0,0,0,0,0,0,0,0,0,0,1,1,0,11,12,5,0,28,8,13,9,0,30,15,17,14,0,46,13,17,20,0,50,1,3,0,0,4,2,1,0,0,3,3,8,8,0,19,8,4,10,0,22,2,0,3,2,309,162,27,24,0.964,0.8,0,0,3,1,1703,1639,258,3057,2983,0,68,0,0,28,0,0,0,0,0,74,0
2025020390,2025-11-28,Mammoth,Stars,Away,RL,25,25,3.37753963470459,3.5496106147766113,0.0,0.0,Vitek Vanecek,Jake Oettinger,CG,CG,0,0,0,0,0,1,0,0,1,1,1,0,0,0,0,8,13,9,0,30,11,12,5,0,28,13,17,20,0,50,15,17,14,0,46,2,1,0,0,3,1,3,0,0,4,8,4,10,0,22,3,8,8,0,19,0,2,2,3,162,309,24,27,0.8,0.964,0,0,1,3,1639,1703,258,3057,2983,68,0,0,0,0,28,0,0,0,0,74,0
2025020391,2025-11-29,Rangers,Lightning,Home,RL,27,25,1.551529049873352,4.75629186630249,0.0,0.0,Igor Shesterkin,Jonas Johansson,CG,CG,1,1,1,0,1,1,1,0,0,0,0,0,0,0,0,2,7,4,0,13,11,16,8,0,35,14,15,16,0,45,20,32,25,0,77,0,1,0,0,1,1,1,2,0,4,9,10,5,0,24,7,4,5,0,16,0,1,2,2,240,261,31,12,2.385,0.343,0,0,0,4,0,2947,653,2993,2993,106,0,0,0,0,0,0,0,0,0,0,0
2025020391,2025-11-29,Lightning,Rangers,Away,RW,25,27,4.75629186630249,1.551529049873352,0.0,0.0,Jonas Johansson,Igor Shesterkin,CG,CG,1,1,1,0,1,1,1,0,1,0,0,0,0,0,0,11,16,8,0,35,2,7,4,0,13,20,32,25,0,77,14,15,16,0,45,1,1,2,0,4,0,1,0,0,1,7,4,5,0,16,9,10,5,0,24,1,0,2,2,261,240,12,31,0.343,2.385,0,0,4,0,2947,0,653,2993,2993,0,106,0,0,0,0,0,0,0,0,0,0
2025020392,2025-11-29,Avalanche,Canadiens,Home,RW,25,24,4.622663974761963,2.038963794708252,0.0,0.0,Mackenzie Blackwood,Jakub Dobes,CG,CG,1,1,0,0,1,1,0,0,1,0,0,0,0,0,0,14,10,12,0,36,12,5,6,0,23,24,22,20,0,66,25,13,14,0,52,2,3,2,0,7,0,1,1,0,2,4,6,3,0,13,6,9,12,0,27,1,1,4,2,427,172,21,29,0.583,1.261,0,0,2,2,3148,0,452,3001,2837,0,0,0,0,0,0,0,0,0,0,164,0
2025020392,2025-11-29,Canadiens,Avalanche,Away,RL,24,25,2.038963794708252,4.622663974761963,0.0,0.0,Jakub Dobes,Mackenzie Blackwood,CG,CG,1,1,0,0,1,1,0,0,0,0,0,0,0,0,0,12,5,6,0,23,14,10,12,0,36,25,13,14,0,52,24,22,20,0,66,0,1,1,0,2,2,3,2,0,7,6,9,12,0,27,4,6,3,0,13,1,1,2,4,172,427,29,21,1.261,0.583,0,0,2,2,0,3148,452,3001,2837,0,0,0,0,0,0,0,0,0,0,164,0
2025020393,2025-11-29,Kraken,Oilers,Home,RL,24,26,2.6241769790649414,3.457725763320923,0.0,0.0,Joey Daccord,Stuart Skinner,CG,CG,0,0,0,0,0,0,0,0,0,0,0,0,0,0,0,12,6,8,0,26,11,8,6,0,25,20,16,18,0,54,23,19,17,0,59,0,0,0,0,0,1,2,1,0,4,5,6,7,0,18,9,6,4,0,19,0,2,6,2,618,102,21,26,0.808,1.04,0,0,2,3,0,2911,689,2867,2867,0,0,0,0,94,0,0,0,0,0,0,0
2025020393,2025-11-29,Oilers,Kraken,Away,RW,26,24,3.457725763320923,2.6241769790649414,0.0,0.0,Stuart Skinner,Joey Daccord,CG,CG,0,0,0,0,0,0,0,0,1,0,0,0,0,0,0,11,8,6,0,25,12,6,8,0,26,23,19,17,0,59,20,16,18,0,54,1,2,1,0,4,0,0,0,0,0,9,6,4,0,19,5,6,7,0,18,2,0,2,6,102,618,26,21,1.04,0.808,0,0,3,2,2911,0,689,2867,2867,0,0,0,0,0,94,0,0,0,0,0,0
2025020394,2025-11-29,Bruins,Red Wings,Home,SOW,27,26,2.431156873703003,3.8737471103668213,0.0,0.0,Jeremy Swayman,Cam Talbot,CG,CG,1,1,0,0,1,1,1,0,1,0,0,0,0,0,0,5,9,5,1,20,4,5,13,4,26,15,20,16,3,54,12,18,18,8,56,0,1,1,0,2,0,0,2,0,2,9,11,7,1,28,10,5,8,1,24,1,0,2,5,185,600,24,18,1.2,0.692,0,0,5,1,1600,0,2300,3001,2780,0,35,0,109,0,0,0,0,0,0,137,84
2025020394,2025-11-29,Red Wings,Bruins,Away,SOL,26,27,3.8737471103668213,2.431156873703003,0.0,0.0,Cam Talbot,Jeremy Swayman,CG,CG,1,1,1,0,1,1,0,0,0,0,0,0,0,0,0,4,5,13,4,26,5,9,5,1,20,12,18,18,8,56,15,20,16,3,54,0,0,2,0,2,0,1,1,0,2,10,5,8,1,24,9,11,7,1,28,0,1,5,2,600,185,18,24,0.692,1.2,0,0,1,5,0,1600,2300,3001,2780,35,0,109,0,0,0,0,0,0,0,137,84
2025020395,2025-11-29,Devils,Flyers,Home,RL,25,24,2.7103261947631836,4.817763805389404,0.0,0.0,Jacob Markstrom,Dan Vladar,CG,CG,1,1,1,0,1,1,1,0,0,0,0,0,0,0,0,6,14,12,0,32,8,12,12,0,32,15,26,17,0,58,17,26,22,0,65,1,1,1,0,3,1,3,1,0,5,7,8,5,0,20,5,12,3,0,20,1,0,4,2,456,214,27,29,0.844,0.906,0,0,1,1,0,2758,842,2911,2901,3,0,0,0,0,0,0,0,0,0,10,0
2025020395,2025-11-29,Flyers,Devils,Away,RW,24,25,4.817763805389404,2.7103261947631836,0.0,0.0,Dan Vladar,Jacob Markstrom,CG,CG,1,1,1,0,1,1,1,0,1,0,0,0,0,0,0,8,12,12,0,32,6,14,12,0,32,17,26,22,0,65,15,26,17,0,58,1,3,1,0,5,1,1,1,0,3,5,12,3,0,20,7,8,5,0,20,0,1,2,4,214,456,29,27,0.906,0.844,0,0,1,1,2758,0,842,2911,2901,0,3,0,0,0,0,0,0,0,0,10,0
2025020396,2025-11-29,Penguins,Maple Leafs,Home,RL,24,25,3.567614793777466,3.028113603591919,0.0,0.0,Arturs Silovs,Dennis Hildeby,IG,CG,1,1,0,0,1,1,0,0,0,0,0,0,0,0,0,10,10,15,0,35,7,8,8,0,23,21,24,26,0,71,17,21,21,0,59,1,0,1,0,2,2,3,2,0,7,5,8,3,0,16,8,5,6,0,19,1,1,3,3,248,398,16,33,0.457,1.435,0,0,2,0,0,3022,578,2913,2913,10,0,0,0,0,0,0,0,0,0,0,0
2025020396,2025-11-29,Maple Leafs,Penguins,Away,RW,25,24,3.028113603591919,3.567614793777466,0.0,0.0,Dennis Hildeby,Arturs Silovs,CG,IG,1,1,0,0,1,1,0,0,1,0,0,0,0,0,0,7,8,8,0,23,10,10,15,0,35,17,21,21,0,59,21,24,26,0,71,2,3,2,0,7,1,0,1,0,2,8,5,6,0,19,5,8,3,0,16,1,1,3,3,398,248,33,16,1.435,0.457,0,0,0,2,3022,0,578,2913,2913,0,10,0,0,0,0,0,0,0,0,0,0
2025020397,2025-11-29,Predators,Jets,Home,RL,25,24,2.287492513656616,4.611392974853516,0.0,0.0,Justus Annunen,Eric Comrie,CG,CG,1,1,1,0,1,1,0,0,0,0,0,0,0,0,0,5,9,9,0,23,9,9,9,0,27,12,19,16,0,47,21,14,23,0,58,0,1,1,0,2,2,1,2,0,5,7,7,5,0,19,13,12,2,0,27,1,0,4,4,290,406,22,21,0.957,0.778,0,0,1,2,0,3553,47,2647,2601,183,0,0,0,0,0,0,0,0,0,46,0
2025020397,2025-11-29,Jets,Predators,Away,RW,24,25,4.611392974853516,2.287492513656616,0.0,0.0,Eric Comrie,Justus Annunen,CG,CG,1,1,0,0,1,1,1,0,1,0,0,0,0,0,0,9,9,9,0,27,5,9,9,0,23,21,14,23,0,58,12,19,16,0,47,2,1,2,0,5,0,1,1,0,2,13,12,2,0,27,7,7,5,0,19,0,1,4,4,406,290,21,22,0.778,0.957,0,0,2,1,3553,0,47,2647,2601,0,183,0,0,0,0,0,0,0,0,46,0
2025020398,2025-11-29,Blues,Mammoth,Home,RW,26,26,3.6889572143554688,2.188997745513916,0.0,0.0,Joel Hofer,Karel Vejmelka,CG,CG,1,1,1,0,1,1,1,0,1,0,0,0,0,0,0,8,8,3,0,19,4,4,10,0,18,21,22,15,0,58,12,16,25,0,53,0,1,0,0,1,0,0,0,0,0,8,11,7,0,26,7,7,6,0,20,0,0,2,2,276,420,18,18,0.947,1.0,0,0,2,3,1310,0,2290,2816,2816,0,88,0,0,0,0,0,0,0,0,0,0
2025020398,2025-11-29,Mammoth,Blues,Away,RL,26,26,2.188997745513916,3.6889572143554688,0.0,0.0,Karel Vejmelka,Joel Hofer,CG,CG,1,1,1,0,1,1,1,0,0,0,0,0,0,0,0,4,4,10,0,18,8,8,3,0,19,12,16,25,0,53,21,22,15,0,58,0,0,0,0,0,0,1,0,0,1,7,7,6,0,20,8,11,7,0,26,0,0,2,2,420,276,18,18,1.0,0.947,0,0,3,2,0,1310,2290,2816,2816,88,0,0,0,0,0,0,0,0,0,0,0
2025020399,2025-11-29,Wild,Sabres,Home,SOL,26,25,2.379213809967041,3.091214179992676,0.0,0.0,Filip Gustavsson,Colten Ellis,CG,CG,1,1,0,0,1,1,0,0,1,1,0,0,0,0,0,11,8,3,2,24,11,12,8,2,33,21,16,11,2,50,15,18,17,5,55,2,0,0,0,2,1,0,1,0,2,5,6,6,1,18,6,5,9,0,20,0,0,3,2,271,271,31,22,1.292,0.667,0,0,1,2,2101,0,1799,3357,2969,0,0,0,0,0,0,0,0,0,0,88,300
2025020399,2025-11-29,Sabres,Wild,Away,SOW,25,26,3.091214179992676,2.379213809967041,0.0,0.0,Colten Ellis,Filip Gustavsson,CG,CG,1,1,0,0,1,1,0,0,0,0,0,0,1,0,0,11,12,8,2,33,11,8,3,2,24,15,18,17,5,55,21,16,11,2,50,1,0,1,0,2,2,0,0,0,2,6,5,9,0,20,5,6,6,1,18,0,0,2,3,271,271,22,31,0.667,1.292,0,0,2,1,0,2101,1799,3357,2969,0,0,0,0,0,0,0,0,0,0,88,300
2025020400,2025-11-29,Golden Knights,Sharks,Home,RW,25,26,3.796456813812256,2.2318663597106934,0.0,0.0,Carl Lindbom,Alex Nedeljkovic,CG,CG,1,1,1,0,1,1,0,0,0,0,0,0,1,0,0,9,10,5,0,24,7,9,5,0,21,26,19,18,0,63,19,24,15,0,58,1,3,0,0,4,1,2,0,0,3,4,1,1,0,6,12,7,6,0,25,1,1,2,2,216,69,18,20,0.75,0.952,0,0,2,1,2064,519,1017,3269,3269,0,46,0,0,0,0,0,0,0,35,0,0
2025020400,2025-11-29,Sharks,Golden Knights,Away,RL,26,25,2.2318663597106934,3.796456813812256,0.0,0.0,Alex Nedeljkovic,Carl Lindbom,CG,CG,1,1,0,0,1,1,1,0,1,1,0,0,0,0,0,7,9,5,0,21,9,10,5,0,24,19,24,15,0,58,26,19,18,0,63,1,2,0,0,3,1,3,0,0,4,12,7,6,0,25,4,1,1,0,6,1,1,2,2,69,216,20,18,0.952,0.75,0,0,1,2,519,2064,1017,3269,3269,46,0,0,0,0,0,0,0,35,0,0,0
2025020401,2025-11-29,Kings,Canucks,Home,OTW,25,26,2.2541422843933105,2.0010986328125,0.0,0.0,Anton Forsberg,Kevin Lankinen,CG,CG,1,0,0,0,1,1,0,0,1,0,0,0,0,0,0,7,6,9,1,23,6,6,7,1,20,13,14,18,4,49,14,23,16,3,56,1,0,0,1,2,0,1,0,0,1,5,2,6,1,14,9,4,3,0,16,0,0,4,3,489,360,19,21,0.826,1.05,0,0,2,5,333,0,3505,2987,2749,2,0,0,0,0,0,0,0,0,0,0,238
2025020401,2025-11-29,Canucks,Kings,Away,OTL,26,25,2.0010986328125,2.2541422843933105,0.0,0.0,Kevin Lankinen,Anton Forsberg,CG,CG,1,1,0,0,1,0,0,0,0,0,0,0,0,0,0,6,6,7,1,20,7,6,9,1,23,14,23,16,3,56,13,14,18,4,49,0,1,0,0,1,1,0,0,1,2,9,4,3,0,16,5,2,6,1,14,0,0,3,4,360,489,21,19,1.05,0.826,0,0,5,2,0,333,3505,2987,2749,0,2,0,0,0,0,0,0,0,0,0,238
2025020402,2025-11-30,Islanders,Capitals,Home,RL,26,26,3.808140993118286,2.8004043102264404,0.0,0.0,Ilya Sorokin,Logan Thompson,CG,CG,0,0,0,0,0,0,0,0,0,0,0,0,0,0,0,9,13,9,0,31,7,8,4,0,19,19,29,15,0,63,17,20,13,0,50,0,0,1,0,1,1,1,2,0,4,11,4,8,0,23,9,8,4,0,21,1,1,3,2,319,132,15,30,0.484,1.579,0,0,4,1,0,3143,457,3037,3037,112,0,0,0,0,0,0,0,0,0,0,0
2025020402,2025-11-30,Capitals,Islanders,Away,RW,26,26,2.8004043102264404,3.808140993118286,0.0,0.0,Logan Thompson,Ilya Sorokin,CG,CG,0,0,0,0,0,0,0,0,1,0,0,0,0,0,0,7,8,4,0,19,9,13,9,0,31,17,20,13,0,50,19,29,15,0,63,1,1,2,0,4,0,0,1,0,1,9,8,4,0,21,11,4,8,0,23,1,1,2,3,132,319,30,15,1.579,0.484,0,0,1,4,3143,0,457,3037,3037,0,112,0,0,0,0,0,0,0,0,0,0
2025020403,2025-11-30,Blackhawks,Ducks,Home,RW,25,25,2.6548283100128174,2.641450881958008,0.0,0.0,Spencer Knight,Petr Mrazek,CG,IG,0,0,0,0,0,0,0,0,0,0,0,0,1,1,1,5,9,4,0,18,10,7,9,0,26,20,18,19,0,57,16,16,17,0,49,1,2,2,0,5,3,0,0,0,3,8,5,2,0,15,4,5,13,0,22,2,0,4,3,355,360,23,13,1.278,0.5,0,0,2,2,605,1939,1056,2777,2777,4,104,0,0,0,0,0,0,0,0,0,0
2025020403,2025-11-30,Ducks,Blackhawks,Away,RL,25,25,2.641450881958008,2.6548283100128174,0.0,0.0,Petr Mrazek,Spencer Knight,IG,CG,0,0,0,0,0,0,0,0,1,1,1,1,0,0,0,10,7,9,0,26,5,9,4,0,18,16,16,17,0,49,20,18,19,0,57,3,0,0,0,3,1,2,2,0,5,4,5,13,0,22,8,5,2,0,15,0,2,3,4,360,355,13,23,0.5,1.278,0,0,2,2,1939,605,1056,2777,2777,104,4,0,0,0,0,0,0,0,0,0,0
2025020404,2025-11-30,Hurricanes,Flames,Home,OTW,25,27,3.4741950035095215,1.9637901782989502,0.0,0.0,Brandon Bussi,Devin Cooley,CG,CG,0,0,0,0,0,0,0,0,1,0,0,0,0,0,0,6,4,5,2,17,3,8,5,0,16,16,16,12,5,49,16,22,21,0,59,0,0,0,1,1,0,0,0,0,0,8,2,8,0,18,9,7,5,0,21,0,0,1,1,120,120,16,16,0.941,1.0,0,0,4,2,0,0,3772,3489,3233,0,7,0,0,0,0,0,0,0,0,84,172
2025020404,2025-11-30,Flames,Hurricanes,Away,OTL,27,25,1.9637901782989502,3.4741950035095215,0.0,0.0,Devin Cooley,Brandon Bussi,CG,CG,0,0,0,0,0,0,0,0,0,0,0,0,0,0,0,3,8,5,0,16,6,4,5,2,17,16,22,21,0,59,16,16,12,5,49,0,0,0,0,0,0,0,0,1,1,9,7,5,0,21,8,2,8,0,18,0,0,1,1,120,120,16,16,1.0,0.941,0,0,2,4,0,0,3772,3489,3233,7,0,0,0,0,0,0,0,0,0,84,172
2025020405,2025-11-30,Stars,Senators,Home,RW,26,25,3.2041103839874268,2.5326473712921143,0.0,0.0,Casey DeSmith,Linus Ullmark,CG,CG,0,0,1,0,0,0,0,0,1,0,0,0,0,0,0,5,6,15,0,26,7,4,5,0,16,9,12,17,0,38,18,18,9,0,45,0,3,3,0,6,0,1,0,0,1,8,11,2,0,21,13,9,9,0,31,2,0,4,3,332,338,15,20,0.577,1.25,0,0,0,1,2238,0,1362,2885,2885,0,0,0,0,0,0,0,0,0,0,0,0
2025020405,2025-11-30,Senators,Stars,Away,RL,25,26,2.5326473712921143,3.2041103839874268,0.0,0.0,Linus Ullmark,Casey DeSmith,CG,CG,0,0,0,0,0,0,1,0,0,0,0,0,0,0,0,7,4,5,0,16,5,6,15,0,26,18,18,9,0,45,9,12,17,0,38,0,1,0,0,1,0,3,3,0,6,13,9,9,0,31,8,11,2,0,21,0,2,3,4,338,332,20,15,1.25,0.577,0,0,1,0,0,2238,1362,2885,2885,0,0,0,0,0,0,0,0,0,0,0,0
2025020406,2025-12-01,Devils,Blue Jackets,Home,RL,26,26,3.838212490081787,2.5709075927734375,0.0,0.0,Jake Allen,Elvis Merzlikins,CG,CG,0,1,1,0,0,0,0,0,1,1,1,0,0,0,0,10,14,9,0,33,8,11,6,0,25,16,24,23,0,63,15,15,15,0,45,2,0,1,0,3,1,1,3,0,5,4,15,4,0,23,9,9,3,0,21,2,1,5,3,362,248,20,30,0.606,1.2,0,0,0,2,1202,800,1598,2524,2343,326,4,0,0,0,0,0,0,0,0,181,0
2025020406,2025-12-01,Blue Jackets,Devils,Away,RW,26,26,2.5709075927734375,3.838212490081787,0.0,0.0,Elvis Merzlikins,Jake Allen,CG,CG,0,0,0,0,0,1,1,0,0,0,0,0,1,1,0,8,11,6,0,25,10,14,9,0,33,15,15,15,0,45,16,24,23,0,63,1,1,3,0,5,2,0,1,0,3,9,9,3,0,21,4,15,4,0,23,1,2,3,5,248,362,30,20,1.2,0.606,0,0,2,0,800,1202,1598,2524,2343,4,326,0,0,0,0,0,0,0,0,181,0
2025020407,2025-12-01,Flyers,Penguins,Home,RL,25,25,2.5000040531158447,3.6741485595703125,0.0,0.0,Dan Vladar,Tristan Jarry,CG,CG,0,1,1,0,0,1,1,0,0,0,0,0,0,0,0,8,6,15,0,29,7,9,11,0,27,18,14,23,0,55,14,17,22,0,53,0,1,0,0,1,1,2,2,0,5,12,6,9,0,27,6,9,3,0,18,1,3,7,4,564,254,22,28,0.759,1.037,0,0,1,3,0,2890,710,2740,2740,0,0,0,0,118,0,0,0,0,0,0,0
2025020407,2025-12-01,Penguins,Flyers,Away,RW,25,25,3.6741485595703125,2.5000040531158447,0.0,0.0,Tristan Jarry,Dan Vladar,CG,CG,0,1,1,0,0,1,1,0,1,0,0,0,0,0,0,7,9,11,0,27,8,6,15,0,29,14,17,22,0,53,18,14,23,0,55,1,2,2,0,5,0,1,0,0,1,6,9,3,0,18,12,6,9,0,27,3,1,4,7,254,564,28,22,1.037,0.759,0,0,3,1,2890,0,710,2740,2740,0,0,0,0,0,118,0,0,0,0,0,0
2025020408,2025-12-01,Sabres,Jets,Home,RW,26,25,3.0103704929351807,2.2175817489624023,0.0,0.0,Ukko-Pekka Luukkonen,Eric Comrie,CG,IG,0,1,1,0,0,1,1,0,1,0,0,0,0,0,0,14,7,10,0,31,8,6,10,0,24,19,17,13,0,49,25,14,16,0,55,3,1,1,0,5,0,1,0,0,1,5,3,4,0,12,12,12,11,0,35,1,0,3,2,315,240,23,26,0.742,1.083,0,0,3,0,3434,0,166,3045,3045,0,0,0,0,0,0,0,0,0,0,0,0
2025020408,2025-12-01,Jets,Sabres,Away,RL,25,26,2.2175817489624023,3.0103704929351807,0.0,0.0,Eric Comrie,Ukko-Pekka Luukkonen,IG,CG,0,1,1,0,0,1,1,0,0,0,0,0,0,0,0,8,6,10,0,24,14,7,10,0,31,25,14,16,0,55,19,17,13,0,49,0,1,0,0,1,3,1,1,0,5,12,12,11,0,35,5,3,4,0,12,0,1,2,3,240,315,26,23,1.083,0.742,0,0,0,3,0,3434,166,3045,3045,0,0,0,0,0,0,0,0,0,0,0,0
2025020409,2025-12-01,Blues,Ducks,Home,RL,27,26,2.827709197998047,2.368690252304077,0.0,0.0,Jordan Binnington,Ville Husso,IG,CG,0,1,1,0,1,1,1,0,0,0,0,0,0,0,0,9,4,9,0,22,10,10,6,0,26,12,15,20,0,47,21,22,19,0,62,1,0,0,0,1,2,0,2,0,4,4,10,1,0,15,4,7,6,0,17,0,0,7,2,632,258,22,21,1.0,0.808,0,0,1,0,0,2996,604,2642,2557,51,0,0,0,0,0,0,0,0,0,85,0
2025020409,2025-12-01,Ducks,Blues,Away,RW,26,27,2.368690252304077,2.827709197998047,0.0,0.0,Ville Husso,Jordan Binnington,CG,IG,1,1,1,0,0,1,1,0,1,0,0,0,0,0,0,10,10,6,0,26,9,4,9,0,22,21,22,19,0,62,12,15,20,0,47,2,0,2,0,4,1,0,0,0,1,4,7,6,0,17,4,10,1,0,15,0,0,2,7,258,632,21,22,0.808,1.0,0,0,0,1,2996,0,604,2642,2557,0,51,0,0,0,0,0,0,0,0,85,0
2025020410,2025-12-01,Sharks,Mammoth,Home,RW,27,27,3.365994691848755,2.764685869216919,0.0,0.0,Yaroslav Askarov,Karel Vejmelka,CG,IG,0,1,1,0,0,1,1,0,1,0,0,0,0,0,0,13,15,2,0,30,12,17,5,0,34,21,19,15,0,55,25,24,14,0,63,3,3,0,0,6,2,0,1,0,3,8,5,6,0,19,3,7,6,0,16,1,0,4,3,479,360,31,24,1.033,0.706,0,0,1,1,3319,0,281,2761,2761,0,0,0,0,0,0,0,0,0,0,0,0
2025020410,2025-12-01,Mammoth,Sharks,Away,RL,27,27,2.764685869216919,3.365994691848755,0.0,0.0,Karel Vejmelka,Yaroslav Askarov,IG,CG,0,1,1,0,0,1,1,0,0,0,0,0,0,0,0,12,17,5,0,34,13,15,2,0,30,25,24,14,0,63,21,19,15,0,55,2,0,1,0,3,3,3,0,0,6,3,7,6,0,16,8,5,6,0,19,0,1,3,4,360,479,24,31,0.706,1.033,0,0,1,1,0,3319,281,2761,2761,0,0,0,0,0,0,0,0,0,0,0,0
2025020411,2025-12-02,Canadiens,Senators,Home,RL,25,26,2.0333197116851807,4.938477039337158,0.0,0.0,Sam Montembeault,Linus Ullmark,CG,CG,0,0,0,0,0,0,0,0,1,1,0,0,0,0,0,6,10,6,0,22,10,11,8,0,29,18,15,18,0,51,16,25,19,0,60,1,1,0,0,2,2,2,1,0,5,16,10,7,0,33,8,6,7,0,21,2,0,3,2,222,240,24,20,1.091,0.69,0,0,2,6,24,2587,989,3067,2865,0,33,0,0,0,0,0,0,0,0,202,0
2025020411,2025-12-02,Senators,Canadiens,Away,RW,26,25,4.938477039337158,2.0333197116851807,0.0,0.0,Linus Ullmark,Sam Montembeault,CG,CG,0,0,0,0,0,0,0,0,0,0,0,0,1,0,0,10,11,8,0,29,6,10,6,0,22,16,25,19,0,60,18,15,18,0,51,2,2,1,0,5,1,1,0,0,2,8,6,7,0,21,16,10,7,0,33,0,2,2,3,240,222,20,24,0.69,1.091,0,0,6,2,2587,24,989,3067,2865,33,0,0,0,0,0,0,0,0,0,202,0
2025020412,2025-12-02,Red Wings,Bruins,Home,RW,27,28,3.6186792850494385,3.319082260131836,0.0,0.0,John Gibson,Jeremy Swayman,CG,IG,0,0,0,0,0,0,0,0,1,0,0,0,0,0,0,7,14,11,0,32,10,10,18,0,38,15,33,16,0,64,24,15,27,0,66,2,2,1,0,5,0,2,2,0,4,9,5,4,0,18,11,7,9,0,27,1,0,3,2,189,158,34,27,1.062,0.711,0,0,3,0,3188,0,412,3013,2961,0,209,0,0,0,0,0,0,0,0,52,0
2025020412,2025-12-02,Bruins,Red Wings,Away,RL,28,27,3.319082260131836,3.6186792850494385,0.0,0.0,Jeremy Swayman,John Gibson,IG,CG,0,0,0,0,0,0,0,0,0,0,0,0,0,0,0,10,10,18,0,38,7,14,11,0,32,24,15,27,0,66,15,33,16,0,64,0,2,2,0,4,2,2,1,0,5,11,7,9,0,27,9,5,4,0,18,0,1,2,3,158,189,27,34,0.711,1.062,0,0,0,3,0,3188,412,3013,2961,209,0,0,0,0,0,0,0,0,0,52,0
2025020414,2025-12-02,Islanders,Lightning,Home,RW,27,26,2.7776694297790527,3.6182758808135986,0.0,0.0,Ilya Sorokin,Andrei Vasilevskiy,CG,CG,0,0,0,0,0,0,0,0,1,0,0,0,0,0,0,9,8,7,0,24,9,13,9,0,31,17,16,26,0,59,17,20,22,0,59,0,1,1,0,2,0,0,1,0,1,3,9,7,0,19,5,5,4,0,14,0,0,3,3,360,360,30,22,1.25,0.71,0,0,0,0,2345,0,1255,2710,2710,0,170,0,0,0,0,0,0,0,0,0,0
2025020414,2025-12-02,Lightning,Islanders,Away,RL,26,27,3.6182758808135986,2.7776694297790527,0.0,0.0,Andrei Vasilevskiy,Ilya Sorokin,CG,CG,0,0,0,0,0,0,0,0,0,0,0,0,0,0,0,9,13,9,0,31,9,8,7,0,24,17,20,22,0,59,17,16,26,0,59,0,0,1,0,1,0,1,1,0,2,5,5,4,0,14,3,9,7,0,19,0,0,3,3,360,360,22,30,0.71,1.25,0,0,0,0,0,2345,1255,2710,2710,170,0,0,0,0,0,0,0,0,0,0,0
2025020415,2025-12-02,Rangers,Stars,Home,OTW,28,27,3.862671136856079,2.143317222595215,0.0,0.0,Igor Shesterkin,Casey DeSmith,CG,CG,0,0,0,0,0,0,0,0,1,0,0,0,1,0,0,10,11,18,2,41,10,12,4,0,26,22,20,26,2,70,19,18,16,1,54,1,0,1,1,3,1,0,1,0,2,14,7,6,0,27,8,4,5,0,17,0,0,4,3,600,240,24,38,0.585,1.462,0,0,2,2,133,495,3041,2763,2694,15,51,0,0,0,0,0,0,0,0,0,69
2025020415,2025-12-02,Stars,Rangers,Away,OTL,27,28,2.143317222595215,3.862671136856079,0.0,0.0,Casey DeSmith,Igor Shesterkin,CG,CG,0,0,0,0,0,0,0,0,0,1,0,0,0,0,0,10,12,4,0,26,10,11,18,2,41,19,18,16,1,54,22,20,26,2,70,1,0,1,0,2,1,0,1,1,3,8,4,5,0,17,14,7,6,0,27,0,0,3,4,240,600,38,24,1.462,0.585,0,0,2,2,495,133,3041,2763,2694,51,15,0,0,0,0,0,0,0,0,0,69
2025020413,2025-12-02,Panthers,Maple Leafs,Home,RL,25,26,2.241912841796875,4.74677038192749,0.0,0.0,Sergei Bobrovsky,Joseph Woll,CG,CG,0,0,0,0,0,0,0,0,0,0,0,0,0,0,0,11,9,6,0,26,11,10,10,0,31,18,20,15,0,53,25,23,22,0,70,0,1,0,0,1,2,0,2,0,4,7,11,9,0,27,7,11,4,0,22,0,0,1,3,120,349,27,25,1.038,0.806,0,0,2,0,0,3276,324,3079,3079,49,0,0,0,0,0,0,0,0,0,0,0
2025020413,2025-12-02,Maple Leafs,Panthers,Away,RW,26,25,4.74677038192749,2.241912841796875,0.0,0.0,Joseph Woll,Sergei Bobrovsky,CG,CG,0,0,0,0,0,0,0,0,1,0,0,0,0,0,0,11,10,10,0,31,11,9,6,0,26,25,23,22,0,70,18,20,15,0,53,2,0,2,0,4,0,1,0,0,1,7,11,4,0,22,7,11,9,0,27,0,0,3,1,349,120,25,27,0.806,1.038,0,0,0,2,3276,0,324,3079,3079,0,49,0,0,0,0,0,0,0,0,0,0
2025020416,2025-12-02,Predators,Flames,Home,RW,26,28,2.7466177940368652,2.1958694458007812,0.0,0.0,Juuse Saros,Devin Cooley,CG,IG,0,0,0,0,0,0,0,0,1,0,0,0,0,0,0,9,7,12,0,28,10,10,8,0,28,13,15,23,0,51,17,19,16,0,52,1,3,1,0,5,0,0,1,0,1,5,9,4,0,18,8,10,6,0,24,0,1,4,3,240,309,27,23,0.964,0.821,0,0,0,2,3216,0,384,2996,2786,0,0,4,0,0,0,0,0,0,0,210,0
2025020416,2025-12-02,Flames,Predators,Away,RL,28,26,2.1958694458007812,2.7466177940368652,0.0,0.0,Devin Cooley,Juuse Saros,IG,CG,0,0,0,0,0,0,0,0,0,0,0,0,0,0,0,10,10,8,0,28,9,7,12,0,28,17,19,16,0,52,13,15,23,0,51,0,0,1,0,1,1,3,1,0,5,8,10,6,0,24,5,9,4,0,18,1,0,3,4,309,240,23,27,0.821,0.964,0,0,2,0,0,3216,384,2996,2786,0,0,0,4,0,0,0,0,0,0,210,0
2025020417,2025-12-02,Avalanche,Canucks,Home,RW,26,27,3.689134120941162,2.631312847137451,0.0,0.0,Scott Wedgewood,Kevin Lankinen,IG,CG,0,0,0,0,0,0,0,0,0,0,0,0,1,0,0,14,12,5,0,31,8,5,8,0,21,21,27,22,0,70,20,14,17,0,51,1,2,0,0,3,1,0,0,0,1,3,10,5,0,18,8,2,7,0,17,0,0,1,1,120,120,20,28,0.645,1.333,0,0,2,2,1568,988,1044,3174,3174,0,186,0,0,0,0,0,0,0,0,0,0
2025020417,2025-12-02,Canucks,Avalanche,Away,RL,27,26,2.631312847137451,3.689134120941162,0.0,0.0,Kevin Lankinen,Scott Wedgewood,CG,IG,0,0,0,0,0,0,0,0,1,1,0,0,0,0,0,8,5,8,0,21,14,12,5,0,31,20,14,17,0,51,21,27,22,0,70,1,0,0,0,1,1,2,0,0,3,8,2,7,0,17,3,10,5,0,18,0,0,1,1,120,120,28,20,1.333,0.645,0,0,2,2,988,1568,1044,3174,3174,186,0,0,0,0,0,0,0,0,0,0,0
2025020418,2025-12-02,Oilers,Wild,Home,RL,27,27,2.8204352855682373,3.364990234375,0.0,0.0,Stuart Skinner,Jesper Wallstedt,CG,CG,0,0,0,0,0,0,0,0,0,0,0,0,0,0,0,7,15,11,0,33,9,6,9,0,24,19,23,23,0,65,16,16,25,0,57,0,0,0,0,0,1,0,0,0,1,7,5,7,0,19,9,6,10,0,25,0,0,3,2,282,240,23,33,0.697,1.375,0,0,3,0,0,2809,791,3027,3027,51,0,0,0,0,0,0,0,42,0,0,0
2025020418,2025-12-02,Wild,Oilers,Away,RW,27,27,3.364990234375,2.8204352855682373,0.0,0.0,Jesper Wallstedt,Stuart Skinner,CG,CG,0,0,0,0,0,0,0,0,1,0,0,0,0,0,0,9,6,9,0,24,7,15,11,0,33,16,16,25,0,57,19,23,23,0,65,1,0,0,0,1,0,0,0,0,0,9,6,10,0,25,7,5,7,0,19,0,0,2,3,240,282,33,23,1.375,0.697,0,0,0,3,2809,0,791,3027,3027,0,51,0,0,0,0,0,0,0,42,0,0
2025020419,2025-12-02,Golden Knights,Blackhawks,Home,SOW,26,26,3.0171990394592285,3.213742256164551,0.0,0.0,Carter Hart,Spencer Knight,CG,CG,0,0,0,0,0,0,0,0,1,0,0,0,1,0,0,8,9,9,2,28,8,10,6,6,30,12,22,19,6,59,19,19,17,9,64,1,1,1,0,3,1,1,1,0,3,4,9,7,0,20,2,1,6,0,9,0,0,2,5,123,485,27,25,0.964,0.833,0,0,1,0,56,1124,2720,3243,2874,0,1,0,0,0,0,0,0,0,0,69,300
2025020419,2025-12-02,Blackhawks,Golden Knights,Away,SOL,26,26,3.213742256164551,3.0171990394592285,0.0,0.0,Spencer Knight,Carter Hart,CG,CG,0,0,0,0,0,0,0,0,0,1,0,0,0,0,0,8,10,6,6,30,8,9,9,2,28,19,19,17,9,64,12,22,19,6,59,1,1,1,0,3,1,1,1,0,3,2,1,6,0,9,4,9,7,0,20,0,0,5,2,485,123,25,27,0.833,0.964,0,0,0,1,1124,56,2720,3243,2874,1,0,0,0,0,0,0,0,0,0,69,300
2025020420,2025-12-02,Kings,Capitals,Home,RL,26,27,2.656378746032715,2.8670506477355957,0.0,0.0,Darcy Kuemper,Logan Thompson,CG,CG,0,0,0,0,0,0,0,0,0,0,0,0,0,0,0,3,14,8,0,25,12,8,5,0,25,12,21,20,0,53,23,17,19,0,59,0,1,0,0,1,1,0,2,0,3,5,4,4,0,13,8,5,7,0,20,0,1,2,2,246,189,22,24,0.88,0.96,0,0,4,2,0,1760,1840,3083,3083,82,0,0,0,0,0,0,0,0,0,0,0
2025020420,2025-12-02,Capitals,Kings,Away,RW,27,26,2.8670506477355957,2.656378746032715,0.0,0.0,Logan Thompson,Darcy Kuemper,CG,CG,0,0,0,0,0,0,0,0,1,0,0,0,0,0,0,12,8,5,0,25,3,14,8,0,25,23,17,19,0,59,12,21,20,0,53,1,0,2,0,3,0,1,0,0,1,8,5,7,0,20,5,4,4,0,13,1,0,2,2,189,246,24,22,0.96,0.88,0,0,2,4,1760,0,1840,3083,3083,0,82,0,0,0,0,0,0,0,0,0,0
2025020421,2025-12-03,Devils,Stars,Home,RL,27,28,2.1185874938964844,2.7442774772644043,0.0,0.0,Jacob Markstrom,Jake Oettinger,CG,CG,0,0,1,0,1,1,1,1,0,0,0,0,0,0,0,8,13,9,0,30,6,13,9,0,28,17,21,15,0,53,23,20,16,0,59,0,0,0,0,0,0,2,1,0,3,10,5,8,0,23,5,5,2,0,12,0,0,2,1,240,133,25,30,0.833,1.071,0,0,0,1,0,1706,1894,3227,3227,0,0,0,0,0,0,0,0,0,0,0,0
2025020421,2025-12-03,Stars,Devils,Away,RW,28,27,2.7442774772644043,2.1185874938964844,0.0,0.0,Jake Oettinger,Jacob Markstrom,CG,CG,1,1,1,1,0,0,1,0,1,0,0,0,0,0,0,6,13,9,0,28,8,13,9,0,30,23,20,16,0,59,17,21,15,0,53,0,2,1,0,3,0,0,0,0,0,5,5,2,0,12,10,5,8,0,23,0,0,1,2,133,240,30,25,1.071,0.833,0,0,1,0,1706,0,1894,3227,3227,0,0,0,0,0,0,0,0,0,0,0,0
2025020422,2025-12-03,Canadiens,Jets,Home,SOW,26,26,4.513241291046143,2.9789891242980957,0.0,0.0,Jakub Dobes,Eric Comrie,CG,CG,1,0,1,0,0,0,1,0,0,0,0,0,1,0,0,11,8,7,5,31,11,12,8,1,32,22,25,18,6,71,26,17,16,4,63,0,2,0,0,2,1,1,0,0,2,13,9,3,0,25,11,5,6,0,22,1,0,1,1,28,120,30,29,0.968,0.906,0,0,5,0,0,814,3086,3752,3452,0,0,0,0,0,0,0,0,0,0,0,300
2025020422,2025-12-03,Jets,Canadiens,Away,SOL,26,26,2.9789891242980957,4.513241291046143,0.0,0.0,Eric Comrie,Jakub Dobes,CG,CG,0,0,1,0,1,0,1,0,1,1,0,0,0,0,0,11,12,8,1,32,11,8,7,5,31,26,17,16,4,63,22,25,18,6,71,1,1,0,0,2,0,2,0,0,2,11,5,6,0,22,13,9,3,0,25,0,1,1,1,120,28,29,30,0.906,0.968,0,0,0,5,814,0,3086,3752,3452,0,0,0,0,0,0,0,0,0,0,0,300
2025020423,2025-12-03,Flyers,Sabres,Home,RW,26,27,5.513547897338867,3.61254620552063,0.0,0.0,Samuel Ersson,Colten Ellis,CG,CG,0,0,1,0,0,0,1,0,0,0,0,0,1,0,0,11,12,12,0,35,4,14,11,0,29,23,18,22,0,63,17,28,25,0,70,3,2,0,0,5,1,1,0,0,2,7,7,4,0,18,5,4,7,0,16,3,1,4,6,608,578,27,30,0.771,1.034,0,0,1,3,3056,258,286,2396,2331,0,0,0,0,36,0,0,0,0,0,65,0
2025020423,2025-12-03,Sabres,Flyers,Away,RL,27,26,3.61254620552063,5.513547897338867,0.0,0.0,Colten Ellis,Samuel Ersson,CG,CG,0,0,1,0,0,0,1,0,1,1,0,0,0,0,0,4,14,11,0,29,11,12,12,0,35,17,28,25,0,70,23,18,22,0,63,1,1,0,0,2,3,2,0,0,5,5,4,7,0,16,7,7,4,0,18,1,3,6,4,578,608,30,27,1.034,0.771,0,0,3,1,258,3056,286,2396,2331,0,0,0,0,0,36,0,0,0,0,65,0
2025020424,2025-12-03,Ducks,Mammoth,Home,RL,27,28,2.283562183380127,3.948981761932373,0.0,0.0,Ville Husso,Karel Vejmelka,IG,CG,0,1,1,0,0,0,1,0,0,0,0,0,0,0,0,6,16,5,0,27,8,13,13,0,34,15,26,16,0,57,20,33,23,0,76,0,0,0,0,0,2,2,3,0,7,9,5,8,0,22,14,8,8,0,30,0,1,3,2,360,162,27,27,1.0,0.794,0,0,2,3,0,3241,359,3078,3078,0,0,0,0,0,0,0,0,0,0,0,0
2025020424,2025-12-03,Mammoth,Ducks,Away,RW,28,27,3.948981761932373,2.283562183380127,0.0,0.0,Karel Vejmelka,Ville Husso,CG,IG,0,0,1,0,0,1,1,0,1,0,0,0,0,0,0,8,13,13,0,34,6,16,5,0,27,20,33,23,0,76,15,26,16,0,57,2,2,3,0,7,0,0,0,0,0,14,8,8,0,30,9,5,8,0,22,1,0,2,3,162,360,27,27,0.794,1.0,0,0,3,2,3241,0,359,3078,3078,0,0,0,0,0,0,0,0,0,0,0,0
2025020425,2025-12-03,Sharks,Capitals,Home,RL,28,28,2.3792526721954346,3.180032730102539,0.0,0.0,Yaroslav Askarov,Charlie Lindgren,IG,CG,0,0,1,0,1,1,1,0,0,0,0,0,0,0,0,11,7,6,0,24,12,14,5,0,31,20,13,12,0,45,22,24,13,0,59,0,0,1,0,1,4,2,1,0,7,2,12,5,0,19,6,2,2,0,10,1,1,5,2,562,222,24,23,1.0,0.742,0,0,3,2,0,3095,505,2816,2816,0,0,0,0,0,0,0,0,0,0,0,0
2025020425,2025-12-03,Capitals,Sharks,Away,RW,28,28,3.180032730102539,2.3792526721954346,0.0,0.0,Charlie Lindgren,Yaroslav Askarov,CG,IG,1,1,1,0,0,0,1,0,1,0,0,0,0,0,0,12,14,5,0,31,11,7,6,0,24,22,24,13,0,59,20,13,12,0,45,4,2,1,0,7,0,0,1,0,1,6,2,2,0,10,2,12,5,0,19,1,1,2,5,222,562,23,24,0.742,1.0,0,0,2,3,3095,0,505,2816,2816,0,0,0,0,0,0,0,0,0,0,0,0
2025020426,2025-12-04,Bruins,Blues,Home,RW,29,28,2.983243942260742,2.835895538330078,0.0,0.0,Joonas Korpisalo,Jordan Binnington,CG,CG,0,0,0,0,0,0,0,0,1,0,0,0,0,0,0,14,8,5,0,27,10,15,14,0,39,20,17,11,0,48,23,19,24,0,66,2,3,0,0,5,0,1,1,0,2,9,4,6,0,19,8,18,5,0,31,1,0,2,2,134,224,37,22,1.37,0.564,0,0,1,2,3210,0,390,3242,3242,0,0,0,0,0,0,0,0,0,0,0,0
2025020426,2025-12-04,Blues,Bruins,Away,RL,28,29,2.835895538330078,2.983243942260742,0.0,0.0,Jordan Binnington,Joonas Korpisalo,CG,CG,0,0,0,0,0,0,0,0,0,0,0,0,0,0,0,10,15,14,0,39,14,8,5,0,27,23,19,24,0,66,20,17,11,0,48,0,1,1,0,2,2,3,0,0,5,8,18,5,0,31,9,4,6,0,19,0,1,2,2,224,134,22,37,0.564,1.37,0,0,2,1,0,3210,390,3242,3242,0,0,0,0,0,0,0,0,0,0,0,0
2025020427,2025-12-04,Senators,Rangers,Home,RL,27,29,2.805255651473999,3.4416539669036865,0.0,0.0,Leevi Meriläinen,Igor Shesterkin,CG,CG,0,0,0,0,0,0,0,0,0,0,0,0,0,0,0,11,7,9,0,27,9,13,6,0,28,23,16,23,0,62,14,21,19,0,54,1,0,1,0,2,2,1,1,0,4,14,10,5,0,29,8,7,5,0,20,2,0,3,1,226,120,24,25,0.889,0.893,0,0,2,2,0,3401,199,3178,3178,76,0,0,0,0,0,0,0,0,0,0,0
2025020427,2025-12-04,Rangers,Senators,Away,RW,29,27,3.4416539669036865,2.805255651473999,0.0,0.0,Igor Shesterkin,Leevi Meriläinen,CG,CG,0,0,0,0,0,0,0,0,1,0,0,0,0,0,0,9,13,6,0,28,11,7,9,0,27,14,21,19,0,54,23,16,23,0,62,2,1,1,0,4,1,0,1,0,2,8,7,5,0,20,14,10,5,0,29,0,2,1,3,120,226,25,24,0.893,0.889,0,0,2,2,3401,0,199,3178,3178,0,76,0,0,0,0,0,0,0,0,0,0
2025020428,2025-12-04,Lightning,Penguins,Home,RL,27,26,4.248393535614014,3.3786449432373047,0.0,0.0,Jonas Johansson,Tristan Jarry,CG,CG,0,0,0,0,0,0,0,0,0,0,0,0,0,0,0,15,9,16,0,40,8,11,12,0,31,22,15,25,0,62,14,23,25,0,62,0,1,2,0,3,1,2,1,0,4,5,4,4,0,13,9,6,6,0,21,1,2,6,4,623,349,27,37,0.675,1.194,0,0,2,1,0,2895,705,2537,2537,73,0,0,0,0,0,0,0,0,0,0,0
2025020428,2025-12-04,Penguins,Lightning,Away,RW,26,27,3.3786449432373047,4.248393535614014,0.0,0.0,Tristan Jarry,Jonas Johansson,CG,CG,0,0,0,0,0,0,0,0,1,0,0,0,0,0,0,8,11,12,0,31,15,9,16,0,40,14,23,25,0,62,22,15,25,0,62,1,2,1,0,4,0,1,2,0,3,9,6,6,0,21,5,4,4,0,13,2,1,4,6,349,623,37,27,1.194,0.675,0,0,1,2,2895,0,705,2537,2537,0,73,0,0,0,0,0,0,0,0,0,0
2025020429,2025-12-04,Panthers,Predators,Home,OTL,26,27,4.350077152252197,4.498395919799805,0.0,0.0,Sergei Bobrovsky,Juuse Saros,CG,CG,0,0,0,0,0,0,0,0,1,1,0,0,0,0,0,9,16,3,3,31,9,5,12,3,29,15,24,14,4,57,22,13,22,3,60,1,0,0,0,1,0,0,1,1,2,11,4,4,0,19,9,3,6,1,19,0,0,5,5,696,576,27,30,0.871,1.034,0,0,4,2,2235,0,1608,2539,2264,0,0,0,87,0,0,0,0,0,0,32,243
2025020429,2025-12-04,Predators,Panthers,Away,OTW,27,26,4.498395919799805,4.350077152252197,0.0,0.0,Juuse Saros,Sergei Bobrovsky,CG,CG,0,0,0,0,0,0,0,0,0,0,0,0,1,0,0,9,5,12,3,29,9,16,3,3,31,22,13,22,3,60,15,24,14,4,57,0,0,1,1,2,1,0,0,0,1,9,3,6,1,19,11,4,4,0,19,0,0,5,5,576,696,30,27,1.034,0.871,0,0,2,4,0,2235,1608,2539,2264,0,0,87,0,0,0,0,0,0,0,32,243
2025020430,2025-12-04,Islanders,Avalanche,Home,RW,28,27,4.834342956542969,3.3139572143554688,0.0,0.0,Ilya Sorokin,Mackenzie Blackwood,CG,CG,0,0,0,0,0,0,0,0,1,0,0,0,0,0,0,16,16,10,0,42,19,7,12,0,38,24,24,25,0,73,25,19,22,0,66,2,3,1,0,6,0,2,1,0,3,6,7,5,0,18,8,13,5,0,26,1,0,5,3,305,274,35,36,0.833,0.947,1,0,1,3,3244,0,356,2992,2912,0,20,0,0,0,0,0,0,0,123,80,0
2025020430,2025-12-04,Avalanche,Islanders,Away,RL,27,28,3.3139572143554688,4.834342956542969,0.0,0.0,Mackenzie Blackwood,Ilya Sorokin,CG,CG,0,0,0,0,0,0,0,0,0,0,0,0,0,0,0,19,7,12,0,38,16,16,10,0,42,25,19,22,0,66,24,24,25,0,73,0,2,1,0,3,2,3,1,0,6,8,13,5,0,26,6,7,5,0,18,0,1,3,5,274,305,36,35,0.947,0.833,0,1,3,1,0,3244,356,2992,2912,20,0,0,0,0,0,0,0,123,0,80,0
2025020431,2025-12-04,Hurricanes,Maple Leafs,Home,RL,26,27,4.232046127319336,3.4010064601898193,0.0,0.0,Frederik Andersen,Joseph Woll,CG,IG,0,0,0,0,0,0,0,0,0,0,0,0,0,0,0,13,11,9,0,33,7,8,9,0,24,23,21,17,0,61,18,17,22,0,57,1,0,0,0,1,2,2,1,0,5,9,7,2,0,18,5,9,6,0,20,0,0,3,2,376,240,19,32,0.576,1.333,0,0,4,0,0,3547,53,2831,2831,153,0,0,0,0,0,0,0,0,0,0,0
2025020431,2025-12-04,Maple Leafs,Hurricanes,Away,RW,27,26,3.4010064601898193,4.232046127319336,0.0,0.0,Joseph Woll,Frederik Andersen,IG,CG,0,0,0,0,0,0,0,0,1,0,0,0,0,0,0,7,8,9,0,24,13,11,9,0,33,18,17,22,0,57,23,21,17,0,61,2,2,1,0,5,1,0,0,0,1,5,9,6,0,20,9,7,2,0,18,0,0,2,3,240,376,32,19,1.333,0.576,0,0,0,4,3547,0,53,2831,2831,0,153,0,0,0,0,0,0,0,0,0,0
2025020432,2025-12-04,Blue Jackets,Red Wings,Home,SOW,27,28,3.5968480110168457,4.5185465812683105,0.0,0.0,Elvis Merzlikins,Cam Talbot,CG,CG,0,0,0,0,0,0,0,0,1,0,0,0,1,0,0,8,9,14,1,32,6,16,11,0,33,21,14,23,5,63,15,26,25,3,69,1,3,1,0,5,0,3,2,0,5,7,6,9,2,24,6,4,5,0,15,2,3,3,4,157,440,28,27,0.875,0.818,0,0,3,1,1441,411,2048,3246,2946,57,0,0,0,0,0,0,0,0,0,0,300
2025020432,2025-12-04,Red Wings,Blue Jackets,Away,SOL,28,27,4.5185465812683105,3.5968480110168457,0.0,0.0,Cam Talbot,Elvis Merzlikins,CG,CG,0,0,0,0,0,0,0,0,0,1,0,0,0,0,0,6,16,11,0,33,8,9,14,1,32,15,26,25,3,69,21,14,23,5,63,0,3,2,0,5,1,3,1,0,5,6,4,5,0,15,7,6,9,2,24,3,2,4,3,440,157,27,28,0.818,0.875,0,0,1,3,411,1441,2048,3246,2946,0,57,0,0,0,0,0,0,0,0,0,300
2025020433,2025-12-04,Flames,Wild,Home,RW,29,28,3.4482169151306152,3.053400754928589,0.0,0.0,Dustin Wolf,Filip Gustavsson,CG,CG,0,0,0,0,0,0,0,0,1,0,0,0,0,0,0,6,15,10,0,31,11,7,9,0,27,15,24,20,0,59,23,20,18,0,61,0,1,3,0,4,0,1,0,0,1,5,8,9,0,22,7,9,8,0,24,0,0,1,5,26,506,26,27,0.839,1.0,1,0,5,1,1737,0,1863,2911,2855,0,119,0,0,0,0,0,0,0,0,56,0
2025020433,2025-12-04,Wild,Flames,Away,RL,28,29,3.053400754928589,3.4482169151306152,0.0,0.0,Filip Gustavsson,Dustin Wolf,CG,CG,0,0,0,0,0,0,0,0,0,0,0,0,0,0,0,11,7,9,0,27,6,15,10,0,31,23,20,18,0,61,15,24,20,0,59,0,1,0,0,1,0,1,3,0,4,7,9,8,0,24,5,8,9,0,22,0,0,5,1,506,26,27,26,1.0,0.839,0,1,1,5,0,1737,1863,2911,2855,119,0,0,0,0,0,0,0,0,0,56,0
2025020434,2025-12-04,Oilers,Kraken,Home,RW,28,25,4.270230770111084,3.196558713912964,0.0,0.0,Calvin Pickard,Joey Daccord,CG,IG,0,0,0,0,0,0,0,0,1,0,0,0,0,0,0,10,10,12,0,32,11,13,8,0,32,23,23,20,0,66,20,25,16,0,61,3,3,3,0,9,2,1,1,0,4,7,7,8,0,22,11,8,4,0,23,4,1,4,3,224,255,28,23,0.875,0.719,0,0,1,4,3163,0,437,3115,3053,0,0,0,0,108,27,0,0,0,0,62,0
2025020434,2025-12-04,Kraken,Oilers,Away,RL,25,28,3.196558713912964,4.270230770111084,0.0,0.0,Joey Daccord,Calvin Pickard,IG,CG,0,0,0,0,0,0,0,0,0,0,0,0,0,0,0,11,13,8,0,32,10,10,12,0,32,20,25,16,0,61,23,23,20,0,66,2,1,1,0,4,3,3,3,0,9,11,8,4,0,23,7,7,8,0,22,1,4,3,4,255,224,23,28,0.719,0.875,0,0,4,1,0,3163,437,3115,3053,0,0,0,0,27,108,0,0,0,0,62,0
2025020435,2025-12-04,Kings,Blackhawks,Home,RL,27,27,2.092817783355713,3.531869649887085,0.0,0.0,Darcy Kuemper,Spencer Knight,CG,CG,0,0,0,0,0,0,0,0,0,0,0,0,0,0,0,12,8,7,0,27,13,12,11,0,36,23,25,19,0,67,19,29,27,0,75,0,0,1,0,1,0,2,0,0,2,6,6,8,0,20,4,4,5,0,13,0,1,5,3,497,159,34,26,1.259,0.722,0,0,2,3,0,2023,1577,2873,2795,53,6,0,0,0,0,0,0,86,0,78,0
2025020435,2025-12-04,Blackhawks,Kings,Away,RW,27,27,3.531869649887085,2.092817783355713,0.0,0.0,Spencer Knight,Darcy Kuemper,CG,CG,0,0,0,0,0,0,0,0,1,0,0,0,0,0,0,13,12,11,0,36,12,8,7,0,27,19,29,27,0,75,23,25,19,0,67,0,2,0,0,2,0,0,1,0,1,4,4,5,0,13,6,6,8,0,20,1,0,3,5,159,497,26,34,0.722,1.259,0,0,3,2,2023,0,1577,2873,2795,6,53,0,0,0,0,0,0,0,86,78,0
2025020436,2025-12-05,Devils,Golden Knights,Home,RL,28,27,2.211270570755005,3.1669247150421143,0.0,0.0,Jacob Markstrom,Akira Schmid,CG,CG,0,0,0,0,0,0,0,0,0,0,0,0,0,0,0,5,11,8,0,24,13,7,5,0,25,15,20,16,0,51,23,18,18,0,59,0,0,0,0,0,1,0,2,0,3,6,6,3,0,15,9,7,5,0,21,0,2,2,2,240,157,22,24,0.917,0.96,0,0,1,4,0,2413,1187,3158,3158,45,0,0,0,0,0,0,0,0,0,0,0
2025020436,2025-12-05,Golden Knights,Devils,Away,RW,27,28,3.1669247150421143,2.211270570755005,0.0,0.0,Akira Schmid,Jacob Markstrom,CG,CG,0,0,0,0,0,0,0,0,1,0,0,0,0,0,0,13,7,5,0,25,5,11,8,0,24,23,18,18,0,59,15,20,16,0,51,1,0,2,0,3,0,0,0,0,0,9,7,5,0,21,6,6,3,0,15,2,0,2,2,157,240,24,22,0.96,0.917,0,0,4,1,2413,0,1187,3158,3158,0,45,0,0,0,0,0,0,0,0,0,0
2025020437,2025-12-05,Jets,Sabres,Home,RW,27,28,2.4850027561187744,3.5407769680023193,0.0,0.0,Eric Comrie,Ukko-Pekka Luukkonen,CG,CG,0,0,0,0,0,0,0,0,1,0,0,0,0,0,0,8,9,6,0,23,15,11,9,0,35,15,16,15,0,46,26,23,14,0,63,1,2,1,0,4,1,0,0,0,1,15,12,6,0,33,7,6,9,0,22,0,1,2,2,120,139,34,19,1.478,0.543,1,0,2,3,2878,0,722,3226,3152,0,69,0,0,0,0,0,0,0,0,74,0
2025020437,2025-12-05,Sabres,Jets,Away,RL,28,27,3.5407769680023193,2.4850027561187744,0.0,0.0,Ukko-Pekka Luukkonen,Eric Comrie,CG,CG,0,0,0,0,0,0,0,0,0,0,0,0,0,0,0,15,11,9,0,35,8,9,6,0,23,26,23,14,0,63,15,16,15,0,46,1,0,0,0,1,1,2,1,0,4,7,6,9,0,22,15,12,6,0,33,1,0,2,2,139,120,19,34,0.543,1.478,0,1,3,2,0,2878,722,3226,3152,69,0,0,0,0,0,0,0,0,0,74,0
2025020438,2025-12-05,Stars,Sharks,Home,RW,29,29,2.9934651851654053,1.8950520753860474,0.0,0.0,Jake Oettinger,Yaroslav Askarov,CG,CG,0,1,1,0,0,0,0,0,1,0,0,0,0,0,0,9,4,11,0,24,3,6,8,0,17,17,11,27,0,55,8,14,12,0,34,1,0,3,0,4,0,1,0,0,1,5,9,3,0,17,7,10,7,0,24,1,0,2,4,199,480,16,20,0.667,1.176,1,0,0,0,1387,0,2213,2903,2793,0,8,0,0,0,0,0,0,0,0,110,0
2025020438,2025-12-05,Sharks,Stars,Away,RL,29,29,1.8950520753860474,2.9934651851654053,0.0,0.0,Yaroslav Askarov,Jake Oettinger,CG,CG,0,0,0,0,0,1,1,0,0,0,0,0,0,0,0,3,6,8,0,17,9,4,11,0,24,8,14,12,0,34,17,11,27,0,55,0,1,0,0,1,1,0,3,0,4,7,10,7,0,24,5,9,3,0,17,0,1,4,2,480,199,20,16,1.176,0.667,0,1,0,0,0,1387,2213,2903,2793,8,0,0,0,0,0,0,0,0,0,110,0
2025020439,2025-12-05,Canucks,Mammoth,Home,RL,28,29,3.098585605621338,2.88980770111084,0.0,0.0,Kevin Lankinen,Karel Vejmelka,CG,CG,0,0,0,0,0,0,0,0,0,0,0,0,0,0,0,11,14,8,0,33,8,7,3,0,18,21,25,16,0,62,21,20,17,0,58,0,0,1,0,1,1,1,2,0,4,8,5,8,0,21,9,12,4,0,25,0,1,3,2,341,133,14,32,0.424,1.778,0,0,1,2,0,2640,960,3119,2983,7,0,0,0,0,0,0,0,65,0,136,0
2025020439,2025-12-05,Mammoth,Canucks,Away,RW,29,28,2.88980770111084,3.098585605621338,0.0,0.0,Karel Vejmelka,Kevin Lankinen,CG,CG,0,0,0,0,0,0,0,0,1,0,0,0,0,0,0,8,7,3,0,18,11,14,8,0,33,21,20,17,0,58,21,25,16,0,62,1,1,2,0,4,0,0,1,0,1,9,12,4,0,25,8,5,8,0,21,1,0,2,3,133,341,32,14,1.778,0.424,0,0,2,1,2640,0,960,3119,2983,0,7,0,0,0,0,0,0,0,65,136,0
2025020440,2025-12-05,Ducks,Capitals,Home,SOW,28,29,3.7185585498809814,2.9403493404388428,0.0,0.0,Ville Husso,Logan Thompson,CG,CG,0,0,1,0,0,1,1,0,0,0,0,0,1,0,0,12,15,8,3,38,8,9,3,1,21,22,28,19,5,74,24,16,16,5,61,1,2,0,0,3,1,2,0,0,3,8,6,4,0,18,1,12,7,1,21,0,0,5,3,533,293,18,35,0.474,1.667,0,0,1,4,0,1161,2739,2999,2693,14,0,0,0,0,0,0,0,0,0,6,300
2025020440,2025-12-05,Capitals,Ducks,Away,SOL,29,28,2.9403493404388428,3.7185585498809814,0.0,0.0,Logan Thompson,Ville Husso,CG,CG,0,1,1,0,0,0,1,0,1,1,0,0,0,0,0,8,9,3,1,21,12,15,8,3,38,24,16,16,5,61,22,28,19,5,74,1,2,0,0,3,1,2,0,0,3,1,12,7,1,21,8,6,4,0,18,0,0,3,5,293,533,35,18,1.667,0.474,0,0,4,1,1161,0,2739,2999,2693,0,14,0,0,0,0,0,0,0,0,6,300
2025020441,2025-12-06,Rangers,Avalanche,Home,OTL,30,28,2.018817186355591,4.659377574920654,0.0,0.0,Igor Shesterkin,Mackenzie Blackwood,CG,CG,0,0,0,0,0,0,0,0,0,0,0,0,0,0,0,11,8,8,0,27,9,13,19,1,42,22,20,23,0,65,18,23,25,3,69,0,0,2,0,2,0,1,1,1,3,13,11,7,1,32,7,7,7,0,21,0,0,2,2,240,240,39,25,1.444,0.595,0,0,4,3,0,1269,2497,3213,3047,73,0,0,0,0,0,0,0,0,0,0,166
2025020441,2025-12-06,Avalanche,Rangers,Away,OTW,28,30,4.659377574920654,2.018817186355591,0.0,0.0,Mackenzie Blackwood,Igor Shesterkin,CG,CG,0,0,0,0,0,0,0,0,1,0,0,0,0,0,0,9,13,19,1,42,11,8,8,0,27,18,23,25,3,69,22,20,23,0,65,0,1,1,1,3,0,0,2,0,2,7,7,7,0,21,13,11,7,1,32,0,0,2,2,240,240,25,39,0.595,1.444,0,0,3,4,1269,0,2497,3213,3047,0,73,0,0,0,0,0,0,0,0,0,166
2025020442,2025-12-06,Panthers,Blue Jackets,Home,OTW,27,28,3.9670400619506836,2.898547649383545,0.0,0.0,Sergei Bobrovsky,Elvis Merzlikins,CG,CG,0,0,0,0,0,0,0,0,0,0,0,0,1,1,1,9,15,12,4,40,8,12,6,5,31,15,23,14,5,57,19,23,11,7,60,1,3,2,1,7,1,4,1,0,6,10,12,7,1,30,8,4,3,0,15,2,1,5,5,461,479,25,33,0.625,1.065,0,0,1,1,0,1725,2171,2956,2781,0,0,0,92,0,0,0,0,0,0,4,171
2025020442,2025-12-06,Blue Jackets,Panthers,Away,OTL,28,27,2.898547649383545,3.9670400619506836,0.0,0.0,Elvis Merzlikins,Sergei Bobrovsky,CG,CG,0,0,0,0,0,0,0,0,1,1,1,1,0,0,0,8,12,6,5,31,9,15,12,4,40,19,23,11,7,60,15,23,14,5,57,1,4,1,0,6,1,3,2,1,7,8,4,3,0,15,10,12,7,1,30,1,2,5,5,479,461,33,25,1.065,0.625,0,0,1,1,1725,0,2171,2956,2781,0,0,92,0,0,0,0,0,0,0,4,171
2025020443,2025-12-06,Bruins,Devils,Home,RW,30,29,2.8505470752716064,2.288677930831909,0.0,0.0,Jeremy Swayman,Jake Allen,CG,CG,0,0,0,0,1,1,1,1,1,0,0,0,0,0,0,5,4,13,0,22,12,9,9,0,30,17,17,24,0,58,20,25,21,0,66,1,1,2,0,4,1,0,0,0,1,10,8,6,0,24,7,4,4,0,15,0,0,1,1,120,120,29,18,1.318,0.6,1,0,4,1,2385,0,1215,3336,3336,0,24,0,0,0,0,0,0,0,0,0,0
2025020443,2025-12-06,Devils,Bruins,Away,RL,29,30,2.288677930831909,2.8505470752716064,0.0,0.0,Jake Allen,Jeremy Swayman,CG,CG,1,1,1,1,0,0,0,0,0,0,0,0,0,0,0,12,9,9,0,30,5,4,13,0,22,20,25,21,0,66,17,17,24,0,58,1,0,0,0,1,1,1,2,0,4,7,4,4,0,15,10,8,6,0,24,0,0,1,1,120,120,18,29,0.6,1.318,0,1,1,4,0,2385,1215,3336,3336,24,0,0,0,0,0,0,0,0,0,0,0
2025020444,2025-12-06,Maple Leafs,Canadiens,Home,SOL,28,27,2.1882107257843018,3.631364583969116,0.0,0.0,Dennis Hildeby,Jakub Dobes,CG,CG,0,0,0,0,0,0,0,0,0,0,0,0,0,0,0,7,3,10,3,23,9,14,8,3,34,17,7,17,5,46,15,32,16,3,66,0,0,1,0,1,0,1,0,0,1,10,12,6,0,28,11,5,5,0,21,0,1,3,4,311,338,33,22,1.435,0.647,0,0,1,0,0,1323,2577,3206,2897,0,5,0,0,0,0,0,0,0,0,9,300
2025020444,2025-12-06,Canadiens,Maple Leafs,Away,SOW,27,28,3.631364583969116,2.1882107257843018,0.0,0.0,Jakub Dobes,Dennis Hildeby,CG,CG,0,0,0,0,0,0,0,0,1,0,0,0,0,0,0,9,14,8,3,34,7,3,10,3,23,15,32,16,3,66,17,7,17,5,46,0,1,0,0,1,0,0,1,0,1,11,5,5,0,21,10,12,6,0,28,1,0,4,3,338,311,22,33,0.647,1.435,0,0,0,1,1323,0,2577,3206,2897,5,0,0,0,0,0,0,0,0,0,9,300
2025020445,2025-12-06,Senators,Blues,Home,RL,28,29,3.878257989883423,2.3328888416290283,0.0,0.0,Linus Ullmark,Joel Hofer,CG,CG,0,0,0,0,0,0,0,0,0,0,0,0,0,0,0,15,10,17,0,42,2,10,8,0,20,20,18,29,0,67,6,17,31,0,54,0,0,1,0,1,0,1,1,0,2,10,7,8,0,25,8,4,10,0,22,1,0,6,2,740,127,18,41,0.429,2.05,0,0,2,3,0,1344,2256,2653,2653,80,0,0,0,0,0,0,0,0,0,0,0
2025020445,2025-12-06,Blues,Senators,Away,RW,29,28,2.3328888416290283,3.878257989883423,0.0,0.0,Joel Hofer,Linus Ullmark,CG,CG,0,0,0,0,0,0,0,0,1,0,0,0,0,0,0,2,10,8,0,20,15,10,17,0,42,6,17,31,0,54,20,18,29,0,67,0,1,1,0,2,0,0,1,0,1,8,4,10,0,22,10,7,8,0,25,0,1,2,6,127,740,41,18,2.05,0.429,0,0,3,2,1344,0,2256,2653,2653,0,80,0,0,0,0,0,0,0,0,0,0
2025020446,2025-12-06,Lightning,Islanders,Home,RL,28,29,3.6991283893585205,1.8768439292907715,0.0,0.0,Jonas Johansson,Ilya Sorokin,CG,CG,0,0,0,0,0,0,0,0,0,0,0,0,0,0,0,9,12,11,0,32,4,8,7,0,19,20,21,19,0,60,14,17,25,0,56,0,0,0,0,0,0,0,2,0,2,11,3,7,0,21,6,9,7,0,22,0,1,2,2,243,272,17,32,0.531,1.684,0,0,4,4,0,434,3166,2887,2887,194,4,0,0,0,0,0,0,0,0,0,0
2025020446,2025-12-06,Islanders,Lightning,Away,RW,29,28,1.8768439292907715,3.6991283893585205,0.0,0.0,Ilya Sorokin,Jonas Johansson,CG,CG,0,0,0,0,0,0,0,0,1,0,0,0,0,0,0,4,8,7,0,19,9,12,11,0,32,14,17,25,0,56,20,21,19,0,60,0,0,2,0,2,0,0,0,0,0,6,9,7,0,22,11,3,7,0,21,1,0,2,2,272,243,32,17,1.684,0.531,0,0,4,4,434,0,3166,2887,2887,4,194,0,0,0,0,0,0,0,0,0,0
2025020447,2025-12-06,Hurricanes,Predators,Home,RW,27,28,4.767859935760498,2.258690357208252,0.0,0.0,Brandon Bussi,Juuse Saros,CG,IG,0,0,0,0,0,0,0,0,1,0,0,0,0,0,0,19,14,7,0,40,4,7,11,0,22,23,22,16,0,61,12,20,22,0,54,3,1,2,0,6,0,0,3,0,3,6,4,2,0,12,5,11,3,0,19,2,1,6,3,649,261,19,34,0.475,1.545,0,0,1,0,3119,0,481,2668,2517,0,0,0,0,10,0,0,0,0,0,151,0
2025020447,2025-12-06,Predators,Hurricanes,Away,RL,28,27,2.258690357208252,4.767859935760498,0.0,0.0,Juuse Saros,Brandon Bussi,IG,CG,0,0,0,0,0,0,0,0,0,0,0,0,0,0,0,4,7,11,0,22,19,14,7,0,40,12,20,22,0,54,23,22,16,0,61,0,0,3,0,3,3,1,2,0,6,5,11,3,0,19,6,4,2,0,12,1,2,3,6,261,649,34,19,1.545,0.475,0,0,0,1,0,3119,481,2668,2517,0,0,0,0,0,10,0,0,0,0,151,0
2025020448,2025-12-06,Flames,Mammoth,Home,RW,30,30,3.4813332557678223,2.829990863800049,0.0,0.0,Dustin Wolf,Vitek Vanecek,CG,CG,0,0,0,0,1,1,1,1,1,0,0,0,0,0,0,9,5,9,0,23,12,9,7,0,28,18,16,25,0,59,23,17,12,0,52,1,0,1,0,2,0,0,0,0,0,4,6,10,0,20,6,10,6,0,22,0,0,1,2,120,122,28,21,1.217,0.75,1,0,3,2,3584,0,16,3331,3331,0,15,0,0,0,0,0,0,0,0,0,0
2025020448,2025-12-06,Mammoth,Flames,Away,RL,30,30,2.829990863800049,3.4813332557678223,0.0,0.0,Vitek Vanecek,Dustin Wolf,CG,CG,1,1,1,1,0,0,0,0,0,0,0,0,0,0,0,12,9,7,0,28,9,5,9,0,23,23,17,12,0,52,18,16,25,0,59,0,0,0,0,0,1,0,1,0,2,6,10,6,0,22,4,6,10,0,20,0,0,2,1,122,120,21,28,0.75,1.217,0,1,2,3,0,3584,16,3331,3331,15,0,0,0,0,0,0,0,0,0,0,0
2025020449,2025-12-06,Kings,Blackhawks,Home,RW,28,28,3.8819854259490967,1.1879963874816895,0.0,0.0,Darcy Kuemper,Spencer Knight,CG,CG,0,0,0,0,0,0,0,0,1,0,0,0,0,0,0,7,13,12,0,32,11,5,7,0,23,15,20,20,0,55,19,13,12,0,44,0,3,3,0,6,0,0,0,0,0,7,8,5,0,20,2,4,4,0,10,1,0,2,3,129,360,23,26,0.719,1.13,0,0,3,1,2285,0,1315,3069,2986,0,5,0,0,0,0,0,0,0,0,83,0
2025020449,2025-12-06,Blackhawks,Kings,Away,RL,28,28,1.1879963874816895,3.8819854259490967,0.0,0.0,Spencer Knight,Darcy Kuemper,CG,CG,0,0,0,0,0,0,0,0,0,0,0,0,0,0,0,11,5,7,0,23,7,13,12,0,32,19,13,12,0,44,15,20,20,0,55,0,0,0,0,0,0,3,3,0,6,2,4,4,0,10,7,8,5,0,20,0,1,3,2,360,129,26,23,1.13,0.719,0,0,1,3,0,2285,1315,3069,2986,5,0,0,0,0,0,0,0,0,0,83,0
2025020450,2025-12-06,Oilers,Jets,Home,RW,29,28,3.628211498260498,2.1478965282440186,0.0,0.0,Stuart Skinner,Eric Comrie,CG,IG,0,0,0,0,1,1,1,1,1,0,0,0,0,0,0,16,5,6,0,27,5,4,12,0,21,24,18,12,0,54,11,8,22,0,41,4,1,1,0,6,0,0,2,0,2,1,2,6,0,9,14,11,11,0,36,1,0,1,1,73,120,19,21,0.704,1.0,0,0,3,2,3420,0,180,3399,3286,0,1,0,0,0,0,0,0,0,0,113,0
2025020450,2025-12-06,Jets,Oilers,Away,RL,28,29,2.1478965282440186,3.628211498260498,0.0,0.0,Eric Comrie,Stuart Skinner,IG,CG,1,1,1,1,0,0,0,0,0,0,0,0,0,0,0,5,4,12,0,21,16,5,6,0,27,11,8,22,0,41,24,18,12,0,54,0,0,2,0,2,4,1,1,0,6,14,11,11,0,36,1,2,6,0,9,0,1,1,1,120,73,21,19,1.0,0.704,0,0,2,3,0,3420,180,3399,3286,1,0,0,0,0,0,0,0,0,0,113,0
2025020451,2025-12-06,Canucks,Wild,Home,RW,29,29,2.5556299686431885,3.0792009830474854,0.0,0.0,Nikita Tolopilo,Jesper Wallstedt,CG,CG,1,0,0,0,0,0,0,0,0,0,0,0,1,0,0,5,6,10,0,21,10,6,14,0,30,11,18,16,0,45,19,17,25,0,61,0,3,1,0,4,1,0,1,0,2,10,11,6,0,27,10,8,4,0,22,0,1,3,3,195,209,28,17,1.333,0.567,0,0,2,2,1694,1578,328,3054,2771,20,79,0,0,0,0,0,0,0,55,283,0
2025020451,2025-12-06,Wild,Canucks,Away,RL,29,29,3.0792009830474854,2.5556299686431885,0.0,0.0,Jesper Wallstedt,Nikita Tolopilo,CG,CG,0,0,0,0,1,0,0,0,1,1,0,0,0,0,0,10,6,14,0,30,5,6,10,0,21,19,17,25,0,61,11,18,16,0,45,1,0,1,0,2,0,3,1,0,4,10,8,4,0,22,10,11,6,0,27,1,0,3,3,209,195,17,28,0.567,1.333,0,0,2,2,1578,1694,328,3054,2771,79,20,0,0,0,0,0,0,55,0,283,0
2025020452,2025-12-06,Kraken,Red Wings,Home,RL,26,29,3.488062620162964,3.33217716217041,0.0,0.0,Joey Daccord,John Gibson,CG,CG,0,0,0,0,0,0,0,0,0,1,0,0,0,0,0,8,14,5,0,27,6,12,7,0,25,19,29,21,0,69,26,27,16,0,69,1,2,0,0,3,1,2,1,0,4,6,7,4,0,17,7,7,5,0,19,0,1,2,1,240,106,21,24,0.778,0.96,0,0,3,2,408,793,2399,3199,3059,55,0,0,0,0,0,0,0,0,0,140,0
2025020452,2025-12-06,Red Wings,Kraken,Away,RW,29,26,3.33217716217041,3.488062620162964,0.0,0.0,John Gibson,Joey Daccord,CG,CG,0,0,0,0,0,0,0,0,1,0,0,0,1,0,0,6,12,7,0,25,8,14,5,0,27,26,27,16,0,69,19,29,21,0,69,1,2,1,0,4,1,2,0,0,3,7,7,5,0,19,6,7,4,0,17,1,0,1,2,106,240,24,21,0.96,0.778,0,0,2,3,793,408,2399,3199,3059,0,55,0,0,0,0,0,0,0,0,140,0
2025020453,2025-12-07,Flyers,Avalanche,Home,RL,27,29,2.3680355548858643,2.7994298934936523,0.0,0.0,Samuel Ersson,Mackenzie Blackwood,CG,CG,0,0,0,0,1,1,1,0,1,1,0,0,0,0,0,3,9,13,0,25,12,13,3,0,28,12,23,26,0,61,23,26,15,0,64,1,1,0,0,2,2,1,0,0,3,7,7,7,0,21,6,7,5,0,18,0,1,2,2,130,223,25,23,1.0,0.821,0,0,0,3,379,2452,769,3148,3148,99,0,0,0,0,0,0,0,0,0,0,0
2025020453,2025-12-07,Avalanche,Flyers,Away,RW,29,27,2.7994298934936523,2.3680355548858643,0.0,0.0,Mackenzie Blackwood,Samuel Ersson,CG,CG,1,1,1,0,0,0,0,0,0,0,0,0,1,0,0,12,13,3,0,28,3,9,13,0,25,23,26,15,0,64,12,23,26,0,61,2,1,0,0,3,1,1,0,0,2,6,7,5,0,18,7,7,7,0,21,1,0,2,2,223,130,23,25,0.821,1.0,0,0,3,0,2452,379,769,3148,3148,0,99,0,0,0,0,0,0,0,0,0,0
2025020454,2025-12-07,Panthers,Islanders,Home,RW,28,30,3.2850735187530518,2.105419874191284,0.0,0.0,Daniil Tarasov,David Rittich,CG,CG,1,1,1,0,1,1,1,0,1,0,0,0,0,0,0,11,11,8,0,30,10,8,3,0,21,25,18,20,0,63,23,20,11,0,54,1,1,2,0,4,0,1,0,0,1,7,5,6,0,18,11,8,4,0,23,0,0,1,1,120,120,20,26,0.667,1.238,1,0,1,3,2866,0,734,3268,3107,0,13,0,0,0,0,0,0,0,0,161,0
2025020454,2025-12-07,Islanders,Panthers,Away,RL,30,28,2.105419874191284,3.2850735187530518,0.0,0.0,David Rittich,Daniil Tarasov,CG,CG,1,1,1,0,1,1,1,0,0,0,0,0,0,0,0,10,8,3,0,21,11,11,8,0,30,23,20,11,0,54,25,18,20,0,63,0,1,0,0,1,1,1,2,0,4,11,8,4,0,23,7,5,6,0,18,0,0,1,1,120,120,26,20,1.238,0.667,0,1,3,1,0,2866,734,3268,3107,13,0,0,0,0,0,0,0,0,0,161,0
2025020455,2025-12-07,Hurricanes,Sharks,Home,RL,28,30,3.315016746520996,3.010378122329712,0.0,0.0,Pyotr Kochetkov,Alex Nedeljkovic,CG,CG,1,1,0,0,0,0,0,0,0,0,0,0,0,0,0,8,6,15,0,29,6,10,7,0,23,22,13,31,0,66,16,22,20,0,58,1,0,0,0,1,1,2,1,0,4,3,7,2,0,12,8,7,6,0,21,1,1,3,2,329,143,19,28,0.655,1.217,0,0,3,1,0,2691,909,3083,3068,45,0,0,0,0,0,0,0,0,0,15,0
2025020455,2025-12-07,Sharks,Hurricanes,Away,RW,30,28,3.010378122329712,3.315016746520996,0.0,0.0,Alex Nedeljkovic,Pyotr Kochetkov,CG,CG,0,0,0,0,1,1,0,0,1,0,0,0,0,0,0,6,10,7,0,23,8,6,15,0,29,16,22,20,0,58,22,13,31,0,66,1,2,1,0,4,1,0,0,0,1,8,7,6,0,21,3,7,2,0,12,1,1,2,3,143,329,28,19,1.217,0.655,0,0,1,3,2691,0,909,3083,3068,0,45,0,0,0,0,0,0,0,0,15,0
2025020456,2025-12-07,Stars,Penguins,Home,SOW,30,27,3.1465697288513184,3.13557505607605,0.0,0.0,Jake Oettinger,Tristan Jarry,CG,CG,0,0,1,0,0,0,0,0,0,0,0,0,1,0,0,7,3,9,4,23,7,11,9,2,29,17,16,16,7,56,19,22,21,6,68,0,1,1,0,2,1,1,0,0,2,8,4,5,0,17,13,7,6,0,26,0,0,1,2,120,240,27,21,1.174,0.724,0,0,2,3,0,2124,1776,3465,3165,75,0,0,0,0,0,0,0,0,0,0,300
2025020456,2025-12-07,Penguins,Stars,Away,SOL,27,30,3.13557505607605,3.1465697288513184,0.0,0.0,Tristan Jarry,Jake Oettinger,CG,CG,0,0,0,0,0,0,1,0,1,1,0,0,0,0,0,7,11,9,2,29,7,3,9,4,23,19,22,21,6,68,17,16,16,7,56,1,1,0,0,2,0,1,1,0,2,13,7,6,0,26,8,4,5,0,17,0,0,2,1,240,120,21,27,0.724,1.174,0,0,3,2,2124,0,1776,3465,3165,0,75,0,0,0,0,0,0,0,0,0,300
2025020457,2025-12-07,Canadiens,Blues,Home,RL,28,30,2.6782712936401367,2.45402193069458,0.0,0.0,Jakub Dobes,Jordan Binnington,CG,CG,1,0,1,0,1,1,0,0,0,1,0,0,0,0,0,11,7,8,0,26,4,6,8,0,18,15,14,17,0,46,11,19,18,0,48,2,0,1,0,3,1,2,1,0,4,6,6,2,0,14,12,11,11,0,34,0,1,4,2,269,184,14,23,0.538,1.278,0,0,1,0,83,2538,979,3074,2991,65,0,0,0,0,0,0,0,0,0,83,0
2025020457,2025-12-07,Blues,Canadiens,Away,RW,30,28,2.45402193069458,2.6782712936401367,0.0,0.0,Jordan Binnington,Jakub Dobes,CG,CG,1,1,0,0,1,0,1,0,1,0,0,0,1,0,0,4,6,8,0,18,11,7,8,0,26,11,19,18,0,48,15,14,17,0,46,1,2,1,0,4,2,0,1,0,3,12,11,11,0,34,6,6,2,0,14,1,0,2,4,184,269,23,14,1.278,0.538,0,0,0,1,2538,83,979,3074,2991,0,65,0,0,0,0,0,0,0,0,83,0
2025020458,2025-12-07,Rangers,Golden Knights,Home,OTL,31,28,2.8296093940734863,3.2229230403900146,0.0,0.0,Jonathan Quick,Carter Hart,CG,CG,1,1,1,0,0,0,0,0,0,1,0,0,0,0,0,4,16,3,1,24,8,5,13,2,28,18,25,14,2,59,18,13,23,4,58,0,2,0,0,2,1,0,1,1,3,11,15,6,1,33,2,9,4,0,15,0,1,0,2,0,146,25,22,1.042,0.786,0,0,4,4,1567,1712,613,3705,3201,0,0,0,0,0,0,0,0,0,0,212,292
2025020458,2025-12-07,Golden Knights,Rangers,Away,OTW,28,31,3.2229230403900146,2.8296093940734863,0.0,0.0,Carter Hart,Jonathan Quick,CG,CG,0,0,0,0,1,1,1,0,1,0,0,0,1,0,0,8,5,13,2,28,4,16,3,1,24,18,13,23,4,58,18,25,14,2,59,1,0,1,1,3,0,2,0,0,2,2,9,4,0,15,11,15,6,1,33,1,0,2,0,146,0,22,25,0.786,1.042,0,0,4,4,1712,1567,613,3705,3201,0,0,0,0,0,0,0,0,0,0,212,292
2025020459,2025-12-07,Capitals,Blue Jackets,Home,RW,30,29,4.736926555633545,3.1163761615753174,0.0,0.0,Logan Thompson,Jet Greaves,CG,CG,0,0,1,0,1,1,0,0,1,0,0,0,0,0,0,9,19,10,0,38,12,11,16,0,39,17,30,23,0,70,17,20,23,0,60,0,1,1,0,2,0,0,0,0,0,7,4,5,0,16,6,5,1,0,12,0,0,4,1,370,240,39,36,1.026,0.923,1,0,3,1,2350,0,1250,2886,2728,1,103,0,0,0,0,0,0,0,0,158,0
2025020459,2025-12-07,Blue Jackets,Capitals,Away,RL,29,30,3.1163761615753174,4.736926555633545,0.0,0.0,Jet Greaves,Logan Thompson,CG,CG,1,1,0,0,0,0,1,0,0,0,0,0,0,0,0,12,11,16,0,39,9,19,10,0,38,17,20,23,0,60,17,30,23,0,70,0,0,0,0,0,0,1,1,0,2,6,5,1,0,12,7,4,5,0,16,0,0,1,4,240,370,36,39,0.923,1.026,0,1,1,3,0,2350,1250,2886,2728,103,1,0,0,0,0,0,0,0,0,158,0
2025020460,2025-12-07,Ducks,Blackhawks,Home,RW,29,29,6.373289108276367,1.0580302476882935,0.0,0.0,Ville Husso,Arvid Soderblom,CG,CG,0,0,0,0,1,1,1,0,1,0,0,0,0,0,0,17,27,9,0,53,6,7,7,0,20,30,35,16,0,81,13,14,13,0,40,1,4,2,0,7,0,0,1,0,1,6,4,5,0,15,4,6,5,0,15,2,1,5,2,556,128,19,46,0.358,2.3,0,0,3,1,2984,0,616,2916,2916,0,0,0,0,0,0,0,0,0,0,0,0
2025020460,2025-12-07,Blackhawks,Ducks,Away,RL,29,29,1.0580302476882935,6.373289108276367,0.0,0.0,Arvid Soderblom,Ville Husso,CG,CG,1,1,1,0,0,0,0,0,0,0,0,0,0,0,0,6,7,7,0,20,17,27,9,0,53,13,14,13,0,40,30,35,16,0,81,0,0,1,0,1,1,4,2,0,7,4,6,5,0,15,6,4,5,0,15,1,2,2,5,128,556,46,19,2.3,0.358,0,0,1,3,0,2984,616,2916,2916,0,0,0,0,0,0,0,0,0,0,0,0
2025020461,2025-12-08,Maple Leafs,Lightning,Home,RW,29,29,2.369701862335205,2.1800320148468018,0.0,0.0,Dennis Hildeby,Jonas Johansson,CG,CG,0,0,0,0,0,0,0,0,1,0,0,0,0,0,0,10,8,6,0,24,15,5,9,0,29,20,19,17,0,56,20,15,14,0,49,1,0,1,0,2,0,0,0,0,0,9,7,4,0,20,5,6,5,0,16,0,0,2,1,240,120,29,22,1.208,0.759,1,0,2,0,2614,0,986,3026,3026,0,92,0,0,0,0,0,0,0,0,0,0
2025020461,2025-12-08,Lightning,Maple Leafs,Away,RL,29,29,2.1800320148468018,2.369701862335205,0.0,0.0,Jonas Johansson,Dennis Hildeby,CG,CG,0,0,0,0,0,0,0,0,0,0,0,0,0,0,0,15,5,9,0,29,10,8,6,0,24,20,15,14,0,49,20,19,17,0,56,0,0,0,0,0,1,0,1,0,2,5,6,5,0,16,9,7,4,0,20,0,0,1,2,120,240,22,29,0.759,1.208,0,1,0,2,0,2614,986,3026,3026,92,0,0,0,0,0,0,0,0,0,0,0
2025020462,2025-12-08,Mammoth,Kings,Home,RL,31,29,2.260004997253418,3.3687186241149902,0.0,0.0,Karel Vejmelka,Darcy Kuemper,CG,CG,0,1,1,0,0,0,0,0,0,0,0,0,0,0,0,7,6,8,0,21,12,7,8,0,27,23,16,17,0,56,23,12,20,0,55,0,1,1,0,2,2,0,2,0,4,12,12,8,0,32,6,3,8,0,17,1,0,4,1,380,120,23,19,1.095,0.704,0,0,1,0,0,3130,470,3063,3063,37,0,0,0,0,0,0,0,29,0,0,0
2025020462,2025-12-08,Kings,Mammoth,Away,RW,29,31,3.3687186241149902,2.260004997253418,0.0,0.0,Darcy Kuemper,Karel Vejmelka,CG,CG,0,0,0,0,0,1,1,0,1,0,0,0,0,0,0,12,7,8,0,27,7,6,8,0,21,23,12,20,0,55,23,16,17,0,56,2,0,2,0,4,0,1,1,0,2,6,3,8,0,17,12,12,8,0,32,0,1,1,4,120,380,19,23,0.704,1.095,0,0,0,1,3130,0,470,3063,3063,0,37,0,0,0,0,0,0,0,29,0,0
2025020463,2025-12-08,Flames,Sabres,Home,RW,31,29,3.4871537685394287,3.052222490310669,0.0,0.0,Dustin Wolf,Ukko-Pekka Luukkonen,CG,IG,0,0,0,0,0,0,0,0,1,0,0,0,0,0,0,12,10,6,0,28,7,15,7,0,29,22,18,17,0,57,17,25,14,0,56,2,3,2,0,7,0,3,1,0,4,5,3,9,0,17,11,7,1,0,19,2,2,5,6,279,458,25,21,0.893,0.724,1,0,0,0,3006,0,594,2663,2431,9,84,0,0,23,0,0,0,0,27,232,0
2025020463,2025-12-08,Sabres,Flames,Away,RL,29,31,3.052222490310669,3.4871537685394287,0.0,0.0,Ukko-Pekka Luukkonen,Dustin Wolf,IG,CG,0,0,0,0,0,0,0,0,0,0,0,0,0,0,0,7,15,7,0,29,12,10,6,0,28,17,25,14,0,56,22,18,17,0,57,0,3,1,0,4,2,3,2,0,7,11,7,1,0,19,5,3,9,0,17,2,2,6,5,458,279,21,25,0.724,0.893,0,1,0,0,0,3006,594,2663,2431,84,9,0,0,0,23,0,0,27,0,232,0
2025020464,2025-12-08,Canucks,Red Wings,Home,RL,30,30,4.125471591949463,2.683626651763916,0.0,0.0,Kevin Lankinen,John Gibson,IG,CG,0,1,0,0,0,0,0,0,0,0,0,0,0,0,0,11,11,17,0,39,6,7,7,0,20,19,24,28,0,71,18,14,24,0,56,0,0,0,0,0,1,2,1,0,4,12,7,8,0,27,7,3,5,0,15,0,0,3,2,250,156,16,39,0.41,1.95,0,0,2,2,0,2746,854,3147,3063,47,0,0,0,0,0,0,0,0,0,84,0
2025020464,2025-12-08,Red Wings,Canucks,Away,RW,30,30,2.683626651763916,4.125471591949463,0.0,0.0,John Gibson,Kevin Lankinen,CG,IG,0,0,0,0,0,1,0,0,1,0,0,0,0,0,0,6,7,7,0,20,11,11,17,0,39,18,14,24,0,56,19,24,28,0,71,1,2,1,0,4,0,0,0,0,0,7,3,5,0,15,12,7,8,0,27,0,0,2,3,156,250,39,16,1.95,0.41,0,0,2,2,2746,0,854,3147,3063,0,47,0,0,0,0,0,0,0,0,84,0
2025020465,2025-12-08,Kraken,Wild,Home,RL,27,30,1.9661625623703003,3.376690149307251,0.0,0.0,Philipp Grubauer,Filip Gustavsson,CG,CG,0,0,0,0,0,0,0,0,0,0,0,0,0,0,0,8,6,10,0,24,10,9,10,0,29,18,24,24,0,66,25,20,19,0,64,0,1,0,0,1,0,1,3,0,4,7,4,5,0,16,7,11,6,0,24,1,0,3,3,248,360,25,23,1.042,0.793,0,0,3,5,0,1038,2562,2944,2944,45,0,0,0,0,0,0,0,0,0,0,0
2025020465,2025-12-08,Wild,Kraken,Away,RW,30,27,3.376690149307251,1.9661625623703003,0.0,0.0,Filip Gustavsson,Philipp Grubauer,CG,CG,0,0,0,0,0,0,0,0,1,0,0,0,0,0,0,10,9,10,0,29,8,6,10,0,24,25,20,19,0,64,18,24,24,0,66,0,1,3,0,4,0,1,0,0,1,7,11,6,0,24,7,4,5,0,16,0,1,3,3,360,248,23,25,0.793,1.042,0,0,5,3,1038,0,2562,2944,2944,0,45,0,0,0,0,0,0,0,0,0,0
2025020466,2025-12-09,Canadiens,Lightning,Home,RL,1,1,3.050382375717163,3.5298523902893066,0.0,0.0,Jakub Dobes,Jonas Johansson,IG,CG,0,0,0,0,0,0,0,0,0,0,0,0,0,0,0,7,15,5,0,27,14,4,9,0,27,25,28,11,0,64,28,14,16,0,58,0,1,0,0,1,3,1,2,0,6,9,4,11,0,24,16,4,7,0,27,1,1,4,3,419,244,21,26,0.778,0.963,0,0,4,2,0,3453,147,2930,2873,0,0,0,0,0,0,0,0,0,0,57,0
2025020466,2025-12-09,Lightning,Canadiens,Away,RW,1,1,3.5298523902893066,3.050382375717163,0.0,0.0,Jonas Johansson,Jakub Dobes,CG,IG,0,0,0,0,0,0,0,0,1,0,0,0,0,0,0,14,4,9,0,27,7,15,5,0,27,28,14,16,0,58,25,28,11,0,64,3,1,2,0,6,0,1,0,0,1,16,4,7,0,27,9,4,11,0,24,1,1,3,4,244,419,26,21,0.963,0.778,0,0,2,4,3453,0,147,2930,2873,0,0,0,0,0,0,0,0,0,0,57,0
2025020467,2025-12-09,Senators,Devils,Home,RL,1,1,3.5272598266601562,3.097306966781616,0.0,0.0,Linus Ullmark,Jacob Markstrom,CG,CG,0,0,0,0,0,0,0,0,1,1,0,0,0,0,0,10,10,18,0,38,14,9,9,0,32,21,22,27,0,70,21,20,21,0,62,2,1,0,0,3,2,1,1,0,4,5,13,4,0,22,9,2,4,0,15,3,0,3,3,211,360,28,35,0.737,1.094,0,0,3,0,513,830,2257,2851,2735,138,36,0,0,0,0,0,0,0,0,116,0
2025020467,2025-12-09,Devils,Senators,Away,RW,1,1,3.097306966781616,3.5272598266601562,0.0,0.0,Jacob Markstrom,Linus Ullmark,CG,CG,0,0,0,0,0,0,0,0,0,0,0,0,1,0,0,14,9,9,0,32,10,10,18,0,38,21,20,21,0,62,21,22,27,0,70,2,1,1,0,4,2,1,0,0,3,9,2,4,0,15,5,13,4,0,22,0,3,3,3,360,211,35,28,1.094,0.737,0,0,0,3,830,513,2257,2851,2735,36,138,0,0,0,0,0,0,0,0,116,0
2025020468,2025-12-09,Islanders,Golden Knights,Home,SOW,1,1,2.5110764503479004,3.7501041889190674,0.0,0.0,Ilya Sorokin,Carter Hart,CG,CG,0,0,0,0,0,0,0,0,0,0,0,0,1,1,0,13,6,8,0,27,12,9,10,5,36,24,10,17,1,52,19,20,17,6,62,1,2,1,0,4,2,0,2,0,4,10,10,4,0,24,4,7,3,0,14,1,0,2,4,211,364,32,23,1.185,0.639,0,0,1,2,1048,714,2138,3311,2918,0,13,0,154,0,0,0,0,0,31,221,172
2025020468,2025-12-09,Golden Knights,Islanders,Away,SOL,1,1,3.7501041889190674,2.5110764503479004,0.0,0.0,Carter Hart,Ilya Sorokin,CG,CG,0,0,0,0,0,0,0,0,1,1,1,0,0,0,0,12,9,10,5,36,13,6,8,0,27,19,20,17,6,62,24,10,17,1,52,2,0,2,0,4,1,2,1,0,4,4,7,3,0,14,10,10,4,0,24,0,1,4,2,364,211,23,32,0.639,1.185,0,0,2,1,714,1048,2138,3311,2918,13,0,154,0,0,0,0,0,31,0,221,172
2025020469,2025-12-09,Flyers,Sharks,Home,RW,1,1,2.929710865020752,1.888347864151001,0.0,0.0,Dan Vladar,Alex Nedeljkovic,CG,CG,0,0,0,0,0,0,0,0,0,0,0,0,1,0,0,16,10,4,0,30,3,8,7,0,18,25,20,9,0,54,16,17,13,0,46,1,2,1,0,4,1,0,0,0,1,5,5,7,0,17,11,10,7,0,28,0,0,2,2,246,240,17,26,0.567,1.444,1,0,0,2,2200,426,974,3011,3011,0,103,0,0,0,0,0,0,0,0,0,0
2025020469,2025-12-09,Sharks,Flyers,Away,RL,1,1,1.888347864151001,2.929710865020752,0.0,0.0,Alex Nedeljkovic,Dan Vladar,CG,CG,0,0,0,0,0,0,0,0,1,1,0,0,0,0,0,3,8,7,0,18,16,10,4,0,30,16,17,13,0,46,25,20,9,0,54,1,0,0,0,1,1,2,1,0,4,11,10,7,0,28,5,5,7,0,17,0,0,2,2,240,246,26,17,1.444,0.567,0,1,2,0,426,2200,974,3011,3011,103,0,0,0,0,0,0,0,0,0,0,0
2025020470,2025-12-09,Penguins,Ducks,Home,SOL,1,1,5.845630645751953,2.8965256214141846,0.0,0.0,Arturs Silovs,Ville Husso,CG,CG,0,0,0,0,0,0,0,0,1,1,0,0,0,0,0,16,12,12,7,47,8,10,9,2,29,31,23,21,11,86,16,19,18,3,56,1,1,1,0,3,0,2,1,0,3,5,4,2,0,11,6,9,9,0,24,1,0,6,1,497,120,26,44,0.553,1.517,0,0,2,0,1164,331,2405,3156,2963,0,127,107,0,0,0,0,0,0,0,2,191
2025020470,2025-12-09,Ducks,Penguins,Away,SOW,1,1,2.8965256214141846,5.845630645751953,0.0,0.0,Ville Husso,Arturs Silovs,CG,CG,0,0,0,0,0,0,0,0,0,0,0,0,1,0,0,8,10,9,2,29,16,12,12,7,47,16,19,18,3,56,31,23,21,11,86,0,2,1,0,3,1,1,1,0,3,6,9,9,0,24,5,4,2,0,11,0,1,1,6,120,497,44,26,1.517,0.553,0,0,0,2,331,1164,2405,3156,2963,127,0,0,107,0,0,0,0,0,0,2,191
2025020471,2025-12-09,Hurricanes,Blue Jackets,Home,RW,1,1,4.841766834259033,2.787569284439087,0.0,0.0,Brandon Bussi,Jet Greaves,CG,CG,0,0,0,0,0,0,0,0,0,0,0,0,1,0,0,9,13,9,0,31,6,8,10,0,24,23,28,23,0,74,16,19,20,0,55,0,1,3,0,4,1,0,0,0,1,9,6,4,0,19,5,5,4,0,14,1,1,4,3,380,235,23,27,0.742,1.125,1,0,4,2,727,1023,1850,2879,2879,0,106,0,0,0,0,0,0,0,7,0,0
2025020471,2025-12-09,Blue Jackets,Hurricanes,Away,RL,1,1,2.787569284439087,4.841766834259033,0.0,0.0,Jet Greaves,Brandon Bussi,CG,CG,0,0,0,0,0,0,0,0,1,1,0,0,0,0,0,6,8,10,0,24,9,13,9,0,31,16,19,20,0,55,23,28,23,0,74,1,0,0,0,1,0,1,3,0,4,5,5,4,0,14,9,6,4,0,19,1,1,3,4,235,380,27,23,1.125,0.742,0,1,2,4,1023,727,1850,2879,2879,106,0,0,0,0,0,0,0,7,0,0,0
2025020472,2025-12-09,Blues,Bruins,Home,RL,1,1,2.730120897293091,3.9072105884552,0.0,0.0,Joel Hofer,Jeremy Swayman,CG,CG,0,0,0,0,0,0,0,0,1,1,0,0,0,0,0,10,3,13,0,26,11,13,7,0,31,20,16,20,0,56,17,32,25,0,74,1,0,1,0,2,0,2,3,0,5,13,10,7,0,30,5,9,12,0,26,1,0,2,2,213,244,26,24,1.0,0.774,0,0,1,5,1641,1336,623,3023,2937,120,0,31,0,0,0,0,0,0,0,86,0
2025020472,2025-12-09,Bruins,Blues,Away,RW,1,1,3.9072105884552,2.730120897293091,0.0,0.0,Jeremy Swayman,Joel Hofer,CG,CG,0,0,0,0,0,0,0,0,0,0,0,0,1,0,0,11,13,7,0,31,10,3,13,0,26,17,32,25,0,74,20,16,20,0,56,0,2,3,0,5,1,0,1,0,2,5,9,12,0,26,13,10,7,0,30,0,1,2,2,244,213,24,26,0.774,1.0,0,0,5,1,1336,1641,623,3023,2937,0,120,0,31,0,0,0,0,0,0,86,0
2025020473,2025-12-09,Jets,Stars,Home,RL,1,1,3.52588152885437,2.8331356048583984,0.0,0.0,Eric Comrie,Casey DeSmith,CG,CG,0,0,0,0,0,0,0,0,0,0,0,0,0,0,0,11,14,8,0,33,6,8,5,0,19,19,22,18,0,59,18,17,15,0,50,0,2,1,0,3,1,2,1,0,4,15,12,5,0,32,6,0,2,0,8,0,2,4,4,480,443,15,30,0.455,1.579,0,0,1,0,0,3556,44,2644,2644,33,0,0,0,0,0,0,0,54,0,0,0
2025020473,2025-12-09,Stars,Jets,Away,RW,1,1,2.8331356048583984,3.52588152885437,0.0,0.0,Casey DeSmith,Eric Comrie,CG,CG,0,0,0,0,0,0,0,0,1,0,0,0,0,0,0,6,8,5,0,19,11,14,8,0,33,18,17,15,0,50,19,22,18,0,59,1,2,1,0,4,0,2,1,0,3,6,0,2,0,8,15,12,5,0,32,2,0,4,4,443,480,30,15,1.579,0.455,0,0,0,1,3556,0,44,2644,2644,0,33,0,0,0,0,0,0,0,54,0,0
2025020474,2025-12-09,Oilers,Sabres,Home,OTL,1,1,2.567495822906494,2.6462597846984863,0.0,0.0,Stuart Skinner,Colten Ellis,CG,IG,0,0,0,0,0,0,0,0,0,0,0,0,0,0,0,8,10,12,0,30,7,14,6,1,28,14,19,27,1,61,14,22,13,1,50,0,0,3,0,3,1,2,0,1,4,4,10,3,0,17,7,4,3,0,14,0,2,4,6,432,437,24,27,0.8,0.964,0,0,1,4,0,2457,1176,2665,2632,41,0,0,0,0,36,0,0,0,0,0,33
2025020474,2025-12-09,Sabres,Oilers,Away,OTW,1,1,2.6462597846984863,2.567495822906494,0.0,0.0,Colten Ellis,Stuart Skinner,IG,CG,0,0,0,0,0,0,0,0,1,0,0,0,0,0,0,7,14,6,1,28,8,10,12,0,30,14,22,13,1,50,14,19,27,1,61,1,2,0,1,4,0,0,3,0,3,7,4,3,0,14,4,10,3,0,17,2,0,6,4,437,432,27,24,0.964,0.8,0,0,4,1,2457,0,1176,2665,2632,0,41,0,0,36,0,0,0,0,0,0,33
2025020475,2025-12-09,Predators,Avalanche,Home,SOW,1,1,3.275784969329834,4.003226280212402,0.0,0.0,Juuse Saros,Scott Wedgewood,CG,CG,0,0,0,0,0,0,0,0,0,0,0,0,1,0,0,11,5,7,5,28,13,13,12,4,42,21,18,18,5,62,18,22,21,5,66,2,0,1,0,3,2,0,1,0,3,5,1,5,0,11,3,4,2,0,9,1,1,2,4,184,462,39,25,1.393,0.595,0,0,1,2,705,173,3022,3180,2880,5,69,0,0,0,0,0,0,0,90,0,300
2025020475,2025-12-09,Avalanche,Predators,Away,SOL,1,1,4.003226280212402,3.275784969329834,0.0,0.0,Scott Wedgewood,Juuse Saros,CG,CG,0,0,0,0,0,0,0,0,1,1,0,0,0,0,0,13,13,12,4,42,11,5,7,5,28,18,22,21,5,66,21,18,18,5,62,2,0,1,0,3,2,0,1,0,3,3,4,2,0,9,5,1,5,0,11,1,1,4,2,462,184,25,39,0.595,1.393,0,0,2,1,173,705,3022,3180,2880,69,5,0,0,0,0,0,0,90,0,0,300
2025020476,2025-12-10,Blackhawks,Rangers,Home,RW,1,1,3.2956738471984863,2.271320104598999,0.0,0.0,Spencer Knight,Igor Shesterkin,CG,CG,0,0,0,0,0,0,0,0,1,0,0,0,0,0,0,10,8,7,0,25,6,11,4,0,21,22,16,15,0,53,16,22,11,0,49,0,2,1,0,3,0,0,0,0,0,4,2,6,0,12,13,11,12,0,36,0,0,3,3,259,360,21,22,0.84,1.048,0,0,1,3,1972,0,1628,2981,2981,0,0,0,0,0,0,0,0,0,0,0,0
2025020476,2025-12-10,Rangers,Blackhawks,Away,RL,1,1,2.271320104598999,3.2956738471984863,0.0,0.0,Igor Shesterkin,Spencer Knight,CG,CG,0,0,0,0,0,0,0,0,0,0,0,0,0,0,0,6,11,4,0,21,10,8,7,0,25,16,22,11,0,49,22,16,15,0,53,0,0,0,0,0,0,2,1,0,3,13,11,12,0,36,4,2,6,0,12,0,0,3,3,360,259,22,21,1.048,0.84,0,0,3,1,0,1972,1628,2981,2981,0,0,0,0,0,0,0,0,0,0,0,0
2025020477,2025-12-10,Flames,Red Wings,Home,RL,1,1,2.6066439151763916,4.376511096954346,0.0,0.0,Devin Cooley,John Gibson,CG,CG,0,0,0,0,0,0,0,0,0,0,0,0,0,0,0,8,17,12,0,37,7,8,12,0,27,17,27,16,0,60,16,18,32,0,66,0,0,3,0,3,2,2,0,0,4,5,5,5,0,15,10,5,5,0,20,0,0,4,3,243,123,23,34,0.622,1.259,0,0,0,0,0,3538,62,3089,3018,99,0,0,0,0,0,0,0,0,0,71,0
2025020477,2025-12-10,Red Wings,Flames,Away,RW,1,1,4.376511096954346,2.6066439151763916,0.0,0.0,John Gibson,Devin Cooley,CG,CG,0,0,0,0,0,0,0,0,1,0,0,0,0,0,0,7,8,12,0,27,8,17,12,0,37,16,18,32,0,66,17,27,16,0,60,2,2,0,0,4,0,0,3,0,3,10,5,5,0,20,5,5,5,0,15,0,0,3,4,123,243,34,23,1.259,0.622,0,0,0,0,3538,0,62,3089,3018,0,99,0,0,0,0,0,0,0,0,71,0
2025020478,2025-12-10,Mammoth,Panthers,Home,RL,1,1,3.033825635910034,4.180229663848877,0.0,0.0,Karel Vejmelka,Sergei Bobrovsky,CG,CG,0,0,0,0,0,0,0,0,1,1,0,0,0,0,0,13,13,4,0,30,10,7,19,0,36,26,22,10,0,58,23,19,40,0,82,1,2,0,0,3,1,2,1,0,4,8,8,3,0,19,9,5,7,0,21,0,0,3,2,363,194,32,27,1.067,0.75,0,0,2,4,474,829,2297,3025,2979,18,0,0,0,0,0,0,0,0,0,46,0
2025020478,2025-12-10,Panthers,Mammoth,Away,RW,1,1,4.180229663848877,3.033825635910034,0.0,0.0,Sergei Bobrovsky,Karel Vejmelka,CG,CG,0,0,0,0,0,0,0,0,0,0,0,0,1,0,0,10,7,19,0,36,13,13,4,0,30,23,19,40,0,82,26,22,10,0,58,1,2,1,0,4,1,2,0,0,3,9,5,7,0,21,8,8,3,0,19,0,0,2,3,194,363,27,32,0.75,1.067,0,0,4,2,829,474,2297,3025,2979,0,18,0,0,0,0,0,0,0,0,46,0
2025020479,2025-12-10,Kraken,Kings,Home,OTW,1,1,3.392122983932495,3.4515955448150635,0.0,0.0,Joey Daccord,Anton Forsberg,CG,CG,0,0,0,0,0,0,0,0,1,0,0,0,1,0,0,6,16,10,1,33,9,6,11,0,26,17,25,22,1,65,27,15,24,0,66,0,1,1,1,3,0,1,1,0,2,6,4,8,0,18,5,3,10,0,18,3,1,6,4,475,483,24,30,0.727,1.154,0,0,1,6,295,294,3092,2601,2536,78,9,16,0,31,0,0,0,13,0,0,65
2025020479,2025-12-10,Kings,Kraken,Away,OTL,1,1,3.4515955448150635,3.392122983932495,0.0,0.0,Anton Forsberg,Joey Daccord,CG,CG,0,0,0,0,0,0,0,0,0,1,0,0,0,0,0,9,6,11,0,26,6,16,10,1,33,27,15,24,0,66,17,25,22,1,65,0,1,1,0,2,0,1,1,1,3,5,3,10,0,18,6,4,8,0,18,1,3,4,6,483,475,30,24,1.154,0.727,0,0,6,1,294,295,3092,2601,2536,9,78,0,16,0,31,0,0,0,13,0,65
2025020480,2025-12-11,Maple Leafs,Sharks,Home,OTL,1,1,2.9078292846679688,3.4258551597595215,0.0,0.0,Dennis Hildeby,Alex Nedeljkovic,CG,CG,0,0,0,0,0,0,0,0,1,1,1,0,0,0,0,11,14,5,0,30,11,8,11,2,32,24,23,12,1,60,21,15,17,3,56,1,1,0,0,2,0,1,1,1,3,6,4,9,0,19,11,6,5,0,22,1,0,3,4,268,240,29,28,0.967,0.875,0,0,2,0,2642,0,1127,3215,3046,0,46,0,0,0,0,0,0,0,0,0,169
2025020480,2025-12-11,Sharks,Maple Leafs,Away,OTW,1,1,3.4258551597595215,2.9078292846679688,0.0,0.0,Alex Nedeljkovic,Dennis Hildeby,CG,CG,0,0,0,0,0,0,0,0,0,0,0,0,1,1,0,11,8,11,2,32,11,14,5,0,30,21,15,17,3,56,24,23,12,1,60,0,1,1,1,3,1,1,0,0,2,11,6,5,0,22,6,4,9,0,19,0,1,4,3,240,268,28,29,0.875,0.967,0,0,0,2,0,2642,1127,3215,3046,46,0,0,0,0,0,0,0,0,0,0,169
2025020481,2025-12-11,Devils,Lightning,Home,RL,1,1,2.904005289077759,3.5040688514709473,0.0,0.0,Jacob Markstrom,Jonas Johansson,IG,CG,0,0,0,0,0,0,0,0,0,0,0,0,0,0,0,15,6,16,0,37,15,13,7,0,35,26,12,25,0,63,19,24,13,0,56,1,1,2,0,4,4,2,2,0,8,10,14,8,0,32,8,3,4,0,15,1,2,3,4,272,147,27,33,0.73,0.943,0,0,1,3,0,3423,177,3147,3134,0,25,0,0,0,0,0,0,0,0,13,0
2025020481,2025-12-11,Lightning,Devils,Away,RW,1,1,3.5040688514709473,2.904005289077759,0.0,0.0,Jonas Johansson,Jacob Markstrom,CG,IG,0,0,0,0,0,0,0,0,1,0,0,0,0,0,0,15,13,7,0,35,15,6,16,0,37,19,24,13,0,56,26,12,25,0,63,4,2,2,0,8,1,1,2,0,4,8,3,4,0,15,10,14,8,0,32,2,1,4,3,147,272,33,27,0.943,0.73,0,0,3,1,3423,0,177,3147,3134,25,0,0,0,0,0,0,0,0,0,13,0
2025020482,2025-12-11,Islanders,Ducks,Home,RW,1,1,3.314821720123291,3.5086519718170166,0.0,0.0,David Rittich,Ville Husso,CG,CG,0,0,0,0,0,0,0,0,1,0,0,0,0,0,0,13,15,9,0,37,12,10,11,0,33,24,30,18,0,72,23,22,29,0,74,3,0,2,0,5,0,1,1,0,2,9,3,8,0,20,3,9,3,0,15,2,0,4,1,376,39,31,32,0.838,0.97,0,0,2,2,3102,0,498,2949,2894,0,210,0,0,0,0,0,0,0,0,55,0
2025020482,2025-12-11,Ducks,Islanders,Away,RL,1,1,3.5086519718170166,3.314821720123291,0.0,0.0,Ville Husso,David Rittich,CG,CG,0,0,0,0,0,0,0,0,0,0,0,0,0,0,0,12,10,11,0,33,13,15,9,0,37,23,22,29,0,74,24,30,18,0,72,0,1,1,0,2,3,0,2,0,5,3,9,3,0,15,9,3,8,0,20,0,2,1,4,39,376,32,31,0.97,0.838,0,0,2,2,0,3102,498,2949,2894,210,0,0,0,0,0,0,0,0,0,55,0
2025020483,2025-12-11,Flyers,Golden Knights,Home,OTL,1,1,2.0557572841644287,2.593196153640747,0.0,0.0,Dan Vladar,Akira Schmid,CG,CG,0,0,0,0,0,0,0,0,0,0,0,0,0,0,0,5,9,5,0,19,5,9,5,2,21,19,12,13,1,45,13,20,17,2,52,1,1,0,0,2,1,1,0,1,3,11,8,6,0,25,9,7,7,0,23,0,1,3,2,378,168,18,17,0.947,0.81,0,0,3,0,0,799,2968,3221,3054,0,0,0,0,0,0,0,0,0,0,0,167
2025020483,2025-12-11,Golden Knights,Flyers,Away,OTW,1,1,2.593196153640747,2.0557572841644287,0.0,0.0,Akira Schmid,Dan Vladar,CG,CG,0,0,0,0,0,0,0,0,1,0,0,0,0,0,0,5,9,5,2,21,5,9,5,0,19,13,20,17,2,52,19,12,13,1,45,1,1,0,1,3,1,1,0,0,2,9,7,7,0,23,11,8,6,0,25,1,0,2,3,168,378,17,18,0.81,0.947,0,0,0,3,799,0,2968,3221,3054,0,0,0,0,0,0,0,0,0,0,0,167
2025020484,2025-12-11,Penguins,Canadiens,Home,RL,1,1,2.9845664501190186,3.3467459678649902,0.0,0.0,Tristan Jarry,Jacob Fowler,CG,CG,0,0,0,0,0,0,0,0,0,0,0,0,0,0,0,4,16,18,0,38,9,11,9,0,29,18,32,25,0,75,22,23,23,0,68,0,0,2,0,2,1,2,1,0,4,6,11,8,0,25,6,4,2,0,12,1,1,6,4,588,285,25,36,0.658,1.241,0,0,2,2,0,3426,174,2539,2539,184,0,0,0,14,0,0,0,17,0,0,0
2025020484,2025-12-11,Canadiens,Penguins,Away,RW,1,1,3.3467459678649902,2.9845664501190186,0.0,0.0,Jacob Fowler,Tristan Jarry,CG,CG,0,0,0,0,0,0,0,0,1,0,0,0,0,0,0,9,11,9,0,29,4,16,18,0,38,22,23,23,0,68,18,32,25,0,75,1,2,1,0,4,0,0,2,0,2,6,4,2,0,12,6,11,8,0,25,1,1,4,6,285,588,36,25,1.241,0.658,0,0,2,2,3426,0,174,2539,2539,0,184,0,0,0,14,0,0,0,17,0,0
2025020485,2025-12-11,Capitals,Hurricanes,Home,SOL,1,1,3.185230016708374,4.060506343841553,0.0,0.0,Logan Thompson,Brandon Bussi,CG,CG,0,0,0,0,0,0,0,0,1,1,0,0,0,0,0,4,5,13,3,25,13,16,10,0,39,17,16,19,6,58,19,32,20,0,71,0,1,1,0,2,0,1,1,0,2,7,8,6,0,21,11,9,9,0,29,0,0,1,2,120,248,37,23,1.48,0.59,0,0,2,6,896,0,3004,3502,3202,0,0,0,0,0,0,0,0,0,0,0,300
2025020485,2025-12-11,Hurricanes,Capitals,Away,SOW,1,1,4.060506343841553,3.185230016708374,0.0,0.0,Brandon Bussi,Logan Thompson,CG,CG,0,0,0,0,0,0,0,0,0,0,0,0,1,0,0,13,16,10,0,39,4,5,13,3,25,19,32,20,0,71,17,16,19,6,58,0,1,1,0,2,0,1,1,0,2,11,9,9,0,29,7,8,6,0,21,0,0,2,1,248,120,23,37,0.59,1.48,0,0,6,2,0,896,3004,3502,3202,0,0,0,0,0,0,0,0,0,0,0,300
2025020486,2025-12-11,Blue Jackets,Senators,Home,RL,1,1,1.7747641801834106,2.9951834678649902,0.0,0.0,Elvis Merzlikins,Linus Ullmark,IG,CG,0,0,0,0,0,0,0,0,0,0,0,0,0,0,0,9,11,6,0,26,7,12,10,0,29,16,17,14,0,47,20,26,14,0,60,1,2,0,0,3,4,1,1,0,6,10,10,3,0,23,9,6,3,0,18,1,1,1,2,59,174,23,23,0.885,0.793,0,0,1,2,0,3182,418,3260,3260,107,0,0,0,0,0,0,0,0,0,0,0
2025020486,2025-12-11,Senators,Blue Jackets,Away,RW,1,1,2.9951834678649902,1.7747641801834106,0.0,0.0,Linus Ullmark,Elvis Merzlikins,CG,IG,0,0,0,0,0,0,0,0,1,0,0,0,0,0,0,7,12,10,0,29,9,11,6,0,26,20,26,14,0,60,16,17,14,0,47,4,1,1,0,6,1,2,0,0,3,9,6,3,0,18,10,10,3,0,23,1,1,2,1,174,59,23,23,0.793,0.885,0,0,2,1,3182,0,418,3260,3260,0,107,0,0,0,0,0,0,0,0,0,0
2025020487,2025-12-11,Predators,Blues,Home,RW,1,1,4.410594463348389,2.259611129760742,0.0,0.0,Juuse Saros,Jordan Binnington,CG,IG,0,0,0,0,0,0,0,0,1,0,0,0,0,0,0,12,13,7,0,32,9,9,8,0,26,25,23,12,0,60,18,14,12,0,44,2,4,1,0,7,0,2,0,0,2,5,9,0,0,14,11,10,6,0,27,1,0,3,3,446,360,24,25,0.75,0.962,0,0,0,0,3098,0,502,2741,2741,53,0,0,0,0,0,0,0,0,0,0,0
2025020487,2025-12-11,Blues,Predators,Away,RL,1,1,2.259611129760742,4.410594463348389,0.0,0.0,Jordan Binnington,Juuse Saros,IG,CG,0,0,0,0,0,0,0,0,0,0,0,0,0,0,0,9,9,8,0,26,12,13,7,0,32,18,14,12,0,44,25,23,12,0,60,0,2,0,0,2,2,4,1,0,7,11,10,6,0,27,5,9,0,0,14,0,1,3,3,360,446,25,24,0.962,0.75,0,0,0,0,0,3098,502,2741,2741,0,53,0,0,0,0,0,0,0,0,0,0
2025020488,2025-12-11,Wild,Stars,Home,RW,1,1,4.396617889404297,1.2130930423736572,0.0,0.0,Filip Gustavsson,Jake Oettinger,CG,CG,0,0,0,0,0,0,0,0,0,0,0,0,1,0,0,14,12,6,0,32,5,4,9,0,18,23,32,22,0,77,12,17,15,0,44,1,1,3,0,5,1,1,0,0,2,8,11,7,0,26,5,4,3,0,12,0,1,3,1,367,41,16,27,0.5,1.5,2,0,3,3,680,829,2091,3150,3150,0,42,0,0,0,0,0,0,0,0,0,0
2025020488,2025-12-11,Stars,Wild,Away,RL,1,1,1.2130930423736572,4.396617889404297,0.0,0.0,Jake Oettinger,Filip Gustavsson,CG,CG,0,0,0,0,0,0,0,0,1,1,0,0,0,0,0,5,4,9,0,18,14,12,6,0,32,12,17,15,0,44,23,32,22,0,77,1,1,0,0,2,1,1,3,0,5,5,4,3,0,12,8,11,7,0,26,1,0,1,3,41,367,27,16,1.5,0.5,0,2,3,3,829,680,2091,3150,3150,42,0,0,0,0,0,0,0,0,0,0,0
2025020489,2025-12-11,Jets,Bruins,Home,RL,1,1,2.852626323699951,2.923002243041992,0.0,0.0,Eric Comrie,Joonas Korpisalo,CG,CG,0,0,0,0,0,0,0,0,1,1,0,0,0,0,0,13,11,5,0,29,7,9,8,0,24,20,22,15,0,57,13,19,21,0,53,2,1,0,0,3,3,1,2,0,6,9,10,5,0,24,7,8,6,0,21,1,2,4,2,395,160,18,26,0.621,1.083,0,0,1,1,145,2972,483,2953,2953,92,0,0,0,0,0,0,0,0,0,0,0
2025020489,2025-12-11,Bruins,Jets,Away,RW,1,1,2.923002243041992,2.852626323699951,0.0,0.0,Joonas Korpisalo,Eric Comrie,CG,CG,0,0,0,0,0,0,0,0,0,0,0,0,1,0,0,7,9,8,0,24,13,11,5,0,29,13,19,21,0,53,20,22,15,0,57,3,1,2,0,6,2,1,0,0,3,7,8,6,0,21,9,10,5,0,24,2,1,2,4,160,395,26,18,1.083,0.621,0,0,1,1,2972,145,483,2953,2953,0,92,0,0,0,0,0,0,0,0,0,0
2025020491,2025-12-11,Oilers,Red Wings,Home,RW,1,1,3.2478249073028564,3.522977113723755,0.0,0.0,Stuart Skinner,Cam Talbot,CG,CG,0,0,0,0,0,0,0,0,1,0,0,0,0,0,0,7,15,7,0,29,7,9,12,0,28,20,26,18,0,64,22,19,20,0,61,1,2,1,0,4,0,1,0,0,1,11,9,5,0,25,4,2,3,0,9,1,0,2,2,196,240,27,25,0.931,0.893,0,0,2,2,2735,0,865,3080,3080,0,84,0,0,0,0,0,0,0,0,0,0
2025020491,2025-12-11,Red Wings,Oilers,Away,RL,1,1,3.522977113723755,3.2478249073028564,0.0,0.0,Cam Talbot,Stuart Skinner,CG,CG,0,0,0,0,0,0,0,0,0,0,0,0,0,0,0,7,9,12,0,28,7,15,7,0,29,22,19,20,0,61,20,26,18,0,64,0,1,0,0,1,1,2,1,0,4,4,2,3,0,9,11,9,5,0,25,0,1,2,2,240,196,25,27,0.893,0.931,0,0,2,2,0,2735,865,3080,3080,84,0,0,0,0,0,0,0,0,0,0,0
2025020490,2025-12-11,Avalanche,Panthers,Home,RW,1,1,4.438446044921875,1.885486125946045,0.0,0.0,Mackenzie Blackwood,Daniil Tarasov,CG,CG,0,0,0,0,0,0,0,0,1,0,0,0,0,0,0,20,14,8,0,42,12,8,5,0,25,31,25,20,0,76,20,13,16,0,49,2,3,1,0,6,1,0,1,0,2,5,4,2,0,11,13,10,5,0,28,0,0,4,2,405,240,23,36,0.548,1.44,0,0,1,0,2857,0,743,2955,2955,0,0,0,0,0,0,0,0,0,0,0,0
2025020490,2025-12-11,Panthers,Avalanche,Away,RL,1,1,1.885486125946045,4.438446044921875,0.0,0.0,Daniil Tarasov,Mackenzie Blackwood,CG,CG,0,0,0,0,0,0,0,0,0,0,0,0,0,0,0,12,8,5,0,25,20,14,8,0,42,20,13,16,0,49,31,25,20,0,76,1,0,1,0,2,2,3,1,0,6,13,10,5,0,28,5,4,2,0,11,0,0,2,4,240,405,36,23,1.44,0.548,0,0,0,1,0,2857,743,2955,2955,0,0,0,0,0,0,0,0,0,0,0,0
2025020492,2025-12-11,Canucks,Sabres,Home,RL,1,1,3.4509246349334717,1.7205256223678589,0.0,0.0,Thatcher Demko,Alex Lyon,CG,CG,0,0,0,0,0,0,0,0,0,1,0,0,0,0,0,12,8,12,0,32,7,6,2,0,15,26,17,22,0,65,19,18,19,0,56,1,1,0,0,2,1,2,0,0,3,11,9,2,0,22,4,6,3,0,13,1,1,3,2,288,157,12,30,0.375,2.0,0,0,2,1,177,2247,1176,3010,2911,124,0,0,0,0,0,0,0,0,0,99,0
2025020492,2025-12-11,Sabres,Canucks,Away,RW,1,1,1.7205256223678589,3.4509246349334717,0.0,0.0,Alex Lyon,Thatcher Demko,CG,CG,0,0,0,0,0,0,0,0,1,0,0,0,1,0,0,7,6,2,0,15,12,8,12,0,32,19,18,19,0,56,26,17,22,0,65,1,2,0,0,3,1,1,0,0,2,4,6,3,0,13,11,9,2,0,22,1,1,2,3,157,288,30,12,2.0,0.375,0,0,1,2,2247,177,1176,3010,2911,0,124,0,0,0,0,0,0,0,0,99,0
2025020493,2025-12-12,Blues,Blackhawks,Home,RW,1,1,3.4651975631713867,2.167814254760742,0.0,0.0,Joel Hofer,Spencer Knight,CG,CG,0,0,0,0,0,0,0,0,1,0,0,0,0,0,0,11,9,6,0,26,6,12,11,0,29,17,19,17,0,53,15,18,18,0,51,2,1,0,0,3,1,0,1,0,2,10,11,9,0,30,3,10,6,0,19,0,0,1,0,120,0,27,23,1.038,0.793,0,0,3,1,3379,0,221,3345,3258,0,102,0,0,0,0,0,0,0,0,87,0
2025020493,2025-12-12,Blackhawks,Blues,Away,RL,1,1,2.167814254760742,3.4651975631713867,0.0,0.0,Spencer Knight,Joel Hofer,CG,CG,0,0,0,0,0,0,0,0,0,0,0,0,0,0,0,6,12,11,0,29,11,9,6,0,26,15,18,18,0,51,17,19,17,0,53,1,0,1,0,2,2,1,0,0,3,3,10,6,0,19,10,11,9,0,30,0,0,0,1,0,120,23,27,0.793,1.038,0,0,1,3,0,3379,221,3345,3258,102,0,0,0,0,0,0,0,0,0,87,0
2025020494,2025-12-12,Mammoth,Kraken,Home,RW,1,1,4.361346244812012,3.739407539367676,0.0,0.0,Karel Vejmelka,Philipp Grubauer,CG,CG,0,0,0,0,0,0,0,0,0,0,0,0,1,0,0,11,13,8,0,32,9,16,11,0,36,20,30,18,0,68,27,29,22,0,78,0,2,3,0,5,0,1,2,0,3,3,7,3,0,13,4,4,6,0,14,1,0,2,4,141,378,33,27,1.031,0.75,1,0,2,0,1291,274,2035,3001,2903,10,48,0,0,0,79,0,0,0,0,98,0
2025020494,2025-12-12,Kraken,Mammoth,Away,RL,1,1,3.739407539367676,4.361346244812012,0.0,0.0,Philipp Grubauer,Karel Vejmelka,CG,CG,0,0,0,0,0,0,0,0,1,1,0,0,0,0,0,9,16,11,0,36,11,13,8,0,32,27,29,22,0,78,20,30,18,0,68,0,1,2,0,3,0,2,3,0,5,4,4,6,0,14,3,7,3,0,13,0,1,4,2,378,141,27,33,0.75,1.031,0,1,0,2,274,1291,2035,3001,2903,48,10,0,0,79,0,0,0,0,0,98,0
2025020495,2025-12-13,Devils,Ducks,Home,RW,1,1,3.342968463897705,2.6418604850769043,0.0,0.0,Jake Allen,Lukas Dostal,CG,CG,0,0,0,0,0,0,0,0,0,0,0,0,1,0,0,9,8,5,0,22,6,11,14,0,31,21,19,14,0,54,19,25,25,0,69,1,2,1,0,4,1,0,0,0,1,6,5,6,0,17,5,6,6,0,17,0,0,2,3,195,360,30,18,1.364,0.581,1,0,3,2,2048,171,1381,2915,2915,0,130,0,0,40,0,0,0,0,0,0,0
2025020495,2025-12-13,Ducks,Devils,Away,RL,1,1,2.6418604850769043,3.342968463897705,0.0,0.0,Lukas Dostal,Jake Allen,CG,CG,0,0,0,0,0,0,0,0,1,1,0,0,0,0,0,6,11,14,0,31,9,8,5,0,22,19,25,25,0,69,21,19,14,0,54,1,0,0,0,1,1,2,1,0,4,5,6,6,0,17,6,5,6,0,17,0,0,3,2,360,195,18,30,0.581,1.364,0,1,2,3,171,2048,1381,2915,2915,130,0,0,0,0,40,0,0,0,0,0,0
2025020496,2025-12-13,Wild,Senators,Home,RW,1,1,2.6646924018859863,4.01613712310791,0.0,0.0,Jesper Wallstedt,Leevi Meriläinen,CG,CG,0,0,0,0,0,0,0,0,1,0,0,0,0,0,0,5,16,4,0,25,8,18,10,0,36,14,30,11,0,55,17,27,19,0,63,0,2,1,0,3,0,1,1,0,2,7,5,9,0,21,15,7,8,0,30,1,2,3,4,358,279,34,22,1.36,0.611,0,0,2,3,1335,0,2265,2900,2787,0,56,0,0,0,72,0,0,0,0,113,0
2025020496,2025-12-13,Senators,Wild,Away,RL,1,1,4.01613712310791,2.6646924018859863,0.0,0.0,Leevi Meriläinen,Jesper Wallstedt,CG,CG,0,0,0,0,0,0,0,0,0,0,0,0,0,0,0,8,18,10,0,36,5,16,4,0,25,17,27,19,0,63,14,30,11,0,55,0,1,1,0,2,0,2,1,0,3,15,7,8,0,30,7,5,9,0,21,2,1,4,3,279,358,22,34,0.611,1.36,0,0,3,2,0,1335,2265,2900,2787,56,0,0,0,72,0,0,0,0,0,113,0
2025020497,2025-12-13,Penguins,Sharks,Home,OTL,1,1,4.697813510894775,4.577001094818115,0.0,0.0,Arturs Silovs,Yaroslav Askarov,CG,CG,0,0,0,0,0,0,0,0,0,1,1,1,0,0,0,12,20,10,1,43,7,6,18,1,32,24,34,20,2,80,23,21,26,1,71,1,3,1,0,5,1,0,4,1,6,7,2,5,0,14,6,6,5,0,17,3,1,5,4,372,350,26,38,0.605,1.188,0,0,3,3,2283,134,1360,2964,2608,0,51,0,0,0,39,0,0,0,0,179,177
2025020497,2025-12-13,Sharks,Penguins,Away,OTW,1,1,4.577001094818115,4.697813510894775,0.0,0.0,Yaroslav Askarov,Arturs Silovs,CG,CG,0,0,0,0,0,0,0,0,1,0,0,0,1,1,1,7,6,18,1,32,12,20,10,1,43,23,21,26,1,71,24,34,20,2,80,1,0,4,1,6,1,3,1,0,5,6,6,5,0,17,7,2,5,0,14,1,3,4,5,350,372,38,26,1.188,0.605,0,0,3,3,134,2283,1360,2964,2608,51,0,0,0,39,0,0,0,0,0,179,177
2025020498,2025-12-13,Islanders,Lightning,Home,SOW,1,1,2.376070737838745,3.910099744796753,0.0,0.0,Ilya Sorokin,Jonas Johansson,CG,CG,0,0,0,0,0,0,0,0,1,0,0,0,0,0,0,9,1,6,1,17,8,17,8,1,34,21,13,17,2,53,14,26,17,3,60,2,0,0,0,2,0,1,1,0,2,7,4,8,0,19,13,9,5,0,27,1,1,5,4,315,369,32,15,1.882,0.441,0,0,2,5,2415,0,1485,3176,2796,0,0,54,0,0,53,0,0,0,0,80,300
2025020498,2025-12-13,Lightning,Islanders,Away,SOL,1,1,3.910099744796753,2.376070737838745,0.0,0.0,Jonas Johansson,Ilya Sorokin,CG,CG,0,0,0,0,0,0,0,0,0,0,0,0,0,0,0,8,17,8,1,34,9,1,6,1,17,14,26,17,3,60,21,13,17,2,53,0,1,1,0,2,2,0,0,0,2,13,9,5,0,27,7,4,8,0,19,1,1,4,5,369,315,15,32,0.441,1.882,0,0,5,2,0,2415,1485,3176,2796,0,0,0,54,53,0,0,0,0,0,80,300
2025020499,2025-12-13,Maple Leafs,Oilers,Home,RL,1,1,2.98764705657959,4.856302738189697,0.0,0.0,Dennis Hildeby,Tristan Jarry,IG,CG,0,0,0,0,0,0,0,0,0,1,0,0,0,0,0,10,12,6,0,28,12,14,12,0,38,18,24,20,0,62,20,24,20,0,64,1,1,1,0,3,1,2,3,0,6,10,6,9,0,25,6,6,5,0,17,0,0,1,2,120,240,32,25,1.143,0.658,0,0,3,0,335,1989,1276,3240,3240,0,0,0,0,0,0,0,0,0,0,0,0
2025020499,2025-12-13,Oilers,Maple Leafs,Away,RW,1,1,4.856302738189697,2.98764705657959,0.0,0.0,Tristan Jarry,Dennis Hildeby,CG,IG,0,0,0,0,0,0,0,0,1,0,0,0,1,0,0,12,14,12,0,38,10,12,6,0,28,20,24,20,0,64,18,24,20,0,62,1,2,3,0,6,1,1,1,0,3,6,6,5,0,17,10,6,9,0,25,0,0,2,1,240,120,25,32,0.658,1.143,0,0,0,3,1989,335,1276,3240,3240,0,0,0,0,0,0,0,0,0,0,0,0
2025020500,2025-12-13,Rangers,Canadiens,Home,OTW,1,1,4.416247367858887,3.080047369003296,0.0,0.0,Igor Shesterkin,Jacob Fowler,CG,CG,0,0,0,0,0,0,0,0,0,0,0,0,1,1,1,11,8,5,4,28,7,4,5,1,17,25,22,20,6,73,22,11,23,2,58,2,2,0,1,5,3,1,0,0,4,11,10,11,0,32,8,9,4,0,21,2,0,4,2,178,142,13,23,0.464,1.353,0,0,3,3,0,917,2859,3436,3221,7,0,68,0,0,0,0,0,0,0,107,108
2025020500,2025-12-13,Canadiens,Rangers,Away,OTL,1,1,3.080047369003296,4.416247367858887,0.0,0.0,Jacob Fowler,Igor Shesterkin,CG,CG,0,0,0,0,0,0,0,0,1,1,1,1,0,0,0,7,4,5,1,17,11,8,5,4,28,22,11,23,2,58,25,22,20,6,73,3,1,0,0,4,2,2,0,1,5,8,9,4,0,21,11,10,11,0,32,0,2,2,4,142,178,23,13,1.353,0.464,0,0,3,3,917,0,2859,3436,3221,0,7,0,68,0,0,0,0,0,0,107,108
2025020501,2025-12-13,Flyers,Hurricanes,Home,SOL,1,1,2.681851625442505,3.6757514476776123,0.0,0.0,Samuel Ersson,Pyotr Kochetkov,CG,CG,0,0,0,0,0,0,0,0,1,1,1,0,0,0,0,7,9,2,0,18,5,8,6,2,21,15,22,9,2,48,12,18,16,4,50,2,0,1,0,3,0,2,1,0,3,10,7,11,0,28,9,7,3,0,19,0,0,0,2,0,240,18,15,1.0,0.714,0,0,1,3,1448,23,2429,3660,3360,0,0,0,0,0,0,0,0,0,0,0,300
2025020501,2025-12-13,Hurricanes,Flyers,Away,SOW,1,1,3.6757514476776123,2.681851625442505,0.0,0.0,Pyotr Kochetkov,Samuel Ersson,CG,CG,0,0,0,0,0,0,0,0,0,0,0,0,1,1,0,5,8,6,2,21,7,9,2,0,18,12,18,16,4,50,15,22,9,2,48,0,2,1,0,3,2,0,1,0,3,9,7,3,0,19,10,7,11,0,28,0,0,2,0,240,0,15,18,0.714,1.0,0,0,3,1,23,1448,2429,3660,3360,0,0,0,0,0,0,0,0,0,0,0,300
2025020502,2025-12-13,Blue Jackets,Golden Knights,Home,RL,1,1,2.0459911823272705,2.0266644954681396,0.0,0.0,Jet Greaves,Carter Hart,CG,CG,0,0,0,0,0,0,0,0,1,1,0,0,0,0,0,9,10,10,0,29,8,7,10,0,25,15,17,25,0,57,22,23,17,0,62,1,0,1,0,2,0,1,2,0,3,2,7,6,0,15,7,3,5,0,15,0,1,3,3,419,265,22,27,0.759,1.08,0,0,1,2,882,407,2311,2916,2916,0,0,0,0,0,0,0,0,29,0,0,0
2025020502,2025-12-13,Golden Knights,Blue Jackets,Away,RW,1,1,2.0266644954681396,2.0459911823272705,0.0,0.0,Carter Hart,Jet Greaves,CG,CG,0,0,0,0,0,0,0,0,0,0,0,0,1,0,0,8,7,10,0,25,9,10,10,0,29,22,23,17,0,62,15,17,25,0,57,0,1,2,0,3,1,0,1,0,2,7,3,5,0,15,2,7,6,0,15,1,0,3,3,265,419,27,22,1.08,0.759,0,0,2,1,407,882,2311,2916,2916,0,0,0,0,0,0,0,0,0,29,0,0
2025020503,2025-12-13,Jets,Capitals,Home,RW,1,1,3.8593578338623047,1.9629064798355103,0.0,0.0,Connor Hellebuyck,Logan Thompson,CG,CG,0,0,0,0,0,0,0,0,1,0,0,0,0,0,0,13,10,12,0,35,3,9,13,0,25,21,16,26,0,63,8,17,25,0,50,2,2,1,0,5,0,0,1,0,1,11,5,7,0,23,5,7,8,0,20,1,1,3,5,269,521,24,30,0.686,1.2,0,0,1,1,3047,0,553,2810,2810,0,0,0,0,0,62,0,0,0,0,0,0
2025020503,2025-12-13,Capitals,Jets,Away,RL,1,1,1.9629064798355103,3.8593578338623047,0.0,0.0,Logan Thompson,Connor Hellebuyck,CG,CG,0,0,0,0,0,0,0,0,0,0,0,0,0,0,0,3,9,13,0,25,13,10,12,0,35,8,17,25,0,50,21,16,26,0,63,0,0,1,0,1,2,2,1,0,5,5,7,8,0,20,11,5,7,0,23,1,1,5,3,521,269,30,24,1.2,0.686,0,0,1,1,0,3047,553,2810,2810,0,0,0,0,62,0,0,0,0,0,0,0
2025020504,2025-12-13,Blackhawks,Red Wings,Home,RL,1,1,2.4750359058380127,2.827824115753174,0.0,0.0,Arvid Soderblom,John Gibson,CG,CG,0,0,0,0,0,0,0,0,0,0,0,0,0,0,0,8,6,12,0,26,10,10,4,0,24,16,18,23,0,57,22,20,15,0,57,0,0,0,0,0,2,1,1,0,4,14,7,9,0,30,8,2,5,0,15,0,0,3,3,356,356,20,26,0.769,1.083,0,0,2,2,0,3545,55,2801,2801,83,0,0,0,0,0,0,0,0,0,0,0
2025020504,2025-12-13,Red Wings,Blackhawks,Away,RW,1,1,2.827824115753174,2.4750359058380127,0.0,0.0,John Gibson,Arvid Soderblom,CG,CG,0,0,0,0,0,0,0,0,1,0,0,0,0,0,0,10,10,4,0,24,8,6,12,0,26,22,20,15,0,57,16,18,23,0,57,2,1,1,0,4,0,0,0,0,0,8,2,5,0,15,14,7,9,0,30,0,0,3,3,356,356,26,20,1.083,0.769,0,0,2,2,3545,0,55,2801,2801,0,83,0,0,0,0,0,0,0,0,0,0
2025020505,2025-12-13,Stars,Panthers,Home,RL,1,1,1.6541705131530762,2.4195475578308105,0.0,0.0,Jake Oettinger,Sergei Bobrovsky,CG,CG,0,0,0,0,0,0,0,0,0,0,0,0,0,0,0,2,7,6,0,15,2,13,8,0,23,15,17,13,0,45,14,20,17,0,51,0,0,0,0,0,0,3,1,0,4,3,9,1,0,13,13,3,6,0,22,0,1,4,4,368,264,19,15,1.267,0.652,0,0,2,4,0,2381,1219,2795,2710,168,0,0,0,0,0,0,0,0,0,85,0
2025020505,2025-12-13,Panthers,Stars,Away,RW,1,1,2.4195475578308105,1.6541705131530762,0.0,0.0,Sergei Bobrovsky,Jake Oettinger,CG,CG,0,0,0,0,0,0,0,0,1,0,0,0,0,0,0,2,13,8,0,23,2,7,6,0,15,14,20,17,0,51,15,17,13,0,45,0,3,1,0,4,0,0,0,0,0,13,3,6,0,22,3,9,1,0,13,1,0,4,4,264,368,15,19,0.652,1.267,0,0,4,2,2381,0,1219,2795,2710,0,168,0,0,0,0,0,0,0,0,85,0
2025020506,2025-12-13,Avalanche,Predators,Home,RW,1,1,6.179183483123779,3.0912563800811768,0.0,0.0,Scott Wedgewood,Justus Annunen,CG,CG,0,0,0,0,0,0,0,0,1,0,0,0,0,0,0,11,15,15,0,41,8,13,8,0,29,18,29,27,0,74,21,28,17,0,66,2,1,1,0,4,1,0,1,0,2,7,5,4,0,16,7,4,7,0,18,0,1,4,3,458,284,27,37,0.659,1.276,1,0,2,1,3514,0,86,2802,2789,4,43,0,0,0,0,0,0,0,0,13,0
2025020506,2025-12-13,Predators,Avalanche,Away,RL,1,1,3.0912563800811768,6.179183483123779,0.0,0.0,Justus Annunen,Scott Wedgewood,CG,CG,0,0,0,0,0,0,0,0,0,0,0,0,0,0,0,8,13,8,0,29,11,15,15,0,41,21,28,17,0,66,18,29,27,0,74,1,0,1,0,2,2,1,1,0,4,7,4,7,0,18,7,5,4,0,16,1,0,3,4,284,458,37,27,1.276,0.659,0,1,1,2,0,3514,86,2802,2789,43,4,0,0,0,0,0,0,0,0,13,0
2025020507,2025-12-13,Kings,Flames,Home,OTL,1,1,2.54933762550354,3.2396180629730225,0.0,0.0,Darcy Kuemper,Dustin Wolf,CG,CG,0,0,0,0,0,0,0,0,1,1,0,0,0,0,0,7,3,11,0,21,13,17,7,1,38,23,15,19,0,57,21,24,16,1,62,1,0,0,0,1,0,1,0,1,2,4,5,4,0,13,5,3,4,0,12,0,0,3,4,240,480,36,20,1.714,0.526,0,0,2,0,931,0,2735,2904,2838,0,0,0,0,0,0,0,0,0,0,0,66
2025020507,2025-12-13,Flames,Kings,Away,OTW,1,1,3.2396180629730225,2.54933762550354,0.0,0.0,Dustin Wolf,Darcy Kuemper,CG,CG,0,0,0,0,0,0,0,0,0,0,0,0,1,0,0,13,17,7,1,38,7,3,11,0,21,21,24,16,1,62,23,15,19,0,57,0,1,0,1,2,1,0,0,0,1,5,3,4,0,12,4,5,4,0,13,0,0,4,3,480,240,20,36,0.526,1.714,0,0,0,2,0,931,2735,2904,2838,0,0,0,0,0,0,0,0,0,0,0,66
2025020508,2025-12-14,Devils,Canucks,Home,RL,1,1,2.6738898754119873,2.420070171356201,0.0,0.0,Jacob Markstrom,Thatcher Demko,CG,CG,0,0,0,0,0,0,0,0,0,0,0,0,0,0,0,5,13,8,0,26,8,6,1,0,15,11,22,21,0,54,16,16,14,0,46,0,1,0,0,1,2,0,0,0,2,6,8,4,0,18,10,7,5,0,22,0,2,3,3,282,202,13,25,0.5,1.667,0,0,1,2,0,3539,61,3004,3004,112,0,0,0,73,0,0,0,0,0,0,0
2025020508,2025-12-14,Canucks,Devils,Away,RW,1,1,2.420070171356201,2.6738898754119873,0.0,0.0,Thatcher Demko,Jacob Markstrom,CG,CG,0,0,0,0,0,0,0,0,1,0,0,0,0,0,0,8,6,1,0,15,5,13,8,0,26,16,16,14,0,46,11,22,21,0,54,2,0,0,0,2,0,1,0,0,1,10,7,5,0,22,6,8,4,0,18,2,0,3,3,202,282,25,13,1.667,0.5,0,0,2,1,3539,0,61,3004,3004,0,112,0,0,0,73,0,0,0,0,0,0
2025020509,2025-12-14,Penguins,Mammoth,Home,OTL,1,1,1.6446887254714966,2.876845359802246,0.0,0.0,Sergei Murashov,Karel Vejmelka,CG,CG,0,0,0,0,0,0,0,0,1,1,1,1,0,0,0,6,4,6,0,16,8,11,17,1,37,13,14,13,0,40,19,25,23,1,68,2,1,1,0,4,0,0,4,1,5,4,4,10,0,18,3,4,2,0,9,0,1,3,5,240,571,32,12,2.0,0.324,0,0,1,4,2687,420,535,2821,2779,2,8,0,0,0,0,0,0,0,0,0,42
2025020509,2025-12-14,Mammoth,Penguins,Away,OTW,1,1,2.876845359802246,1.6446887254714966,0.0,0.0,Karel Vejmelka,Sergei Murashov,CG,CG,0,0,0,0,0,0,0,0,0,0,0,0,1,1,1,8,11,17,1,37,6,4,6,0,16,19,25,23,1,68,13,14,13,0,40,0,0,4,1,5,2,1,1,0,4,3,4,2,0,9,4,4,10,0,18,1,0,5,3,571,240,12,32,0.324,2.0,0,0,4,1,420,2687,535,2821,2779,8,2,0,0,0,0,0,0,0,0,0,42
2025020510,2025-12-14,Hurricanes,Flyers,Home,SOW,1,1,4.309085369110107,2.9716293811798096,0.0,0.0,Brandon Bussi,Dan Vladar,CG,CG,0,0,0,0,0,0,0,0,1,0,0,0,0,0,0,14,9,7,2,32,4,7,15,0,26,29,19,18,4,70,12,18,25,4,59,2,0,0,0,2,1,0,1,0,2,4,3,3,0,10,7,5,11,0,23,1,0,6,4,551,378,24,30,0.75,1.154,0,0,1,1,3144,0,756,2888,2537,0,32,119,0,0,0,0,0,0,0,236,115
2025020510,2025-12-14,Flyers,Hurricanes,Away,SOL,1,1,2.9716293811798096,4.309085369110107,0.0,0.0,Dan Vladar,Brandon Bussi,CG,CG,0,0,0,0,0,0,0,0,0,0,0,0,0,0,0,4,7,15,0,26,14,9,7,2,32,12,18,25,4,59,29,19,18,4,70,1,0,1,0,2,2,0,0,0,2,7,5,11,0,23,4,3,3,0,10,0,1,4,6,378,551,30,24,1.154,0.75,0,0,1,1,0,3144,756,2888,2537,32,0,0,119,0,0,0,0,0,0,236,115
2025020511,2025-12-14,Wild,Bruins,Home,RW,1,1,3.6261239051818848,2.4920969009399414,0.0,0.0,Filip Gustavsson,Jeremy Swayman,CG,CG,0,0,0,0,0,0,0,0,1,0,0,0,0,0,0,6,13,12,0,31,7,9,15,0,31,15,22,23,0,60,16,23,26,0,65,1,2,3,0,6,0,0,2,0,2,6,6,2,0,14,10,3,7,0,20,2,0,3,2,327,240,29,25,0.935,0.806,0,0,1,2,2989,0,611,3033,3033,0,0,0,0,0,0,0,0,0,0,0,0
2025020511,2025-12-14,Bruins,Wild,Away,RL,1,1,2.4920969009399414,3.6261239051818848,0.0,0.0,Jeremy Swayman,Filip Gustavsson,CG,CG,0,0,0,0,0,0,0,0,0,0,0,0,0,0,0,7,9,15,0,31,6,13,12,0,31,16,23,26,0,65,15,22,23,0,60,0,0,2,0,2,1,2,3,0,6,10,3,7,0,20,6,6,2,0,14,0,2,2,3,240,327,25,29,0.806,0.935,0,0,2,1,0,2989,611,3033,3033,0,0,0,0,0,0,0,0,0,0,0,0
2025020512,2025-12-14,Canadiens,Oilers,Home,RW,1,1,3.398585796356201,3.987328052520752,0.0,0.0,Jakub Dobes,Calvin Pickard,CG,CG,0,0,0,0,0,0,0,0,1,0,0,0,0,0,0,10,12,5,0,27,12,6,10,0,28,16,17,15,0,48,19,20,19,0,58,0,2,2,0,4,0,0,1,0,1,6,9,5,0,20,5,6,6,0,17,2,1,4,4,302,387,27,23,1.0,0.821,0,0,4,2,2252,0,1348,2652,2652,4,255,0,0,0,114,0,0,0,0,0,0
2025020512,2025-12-14,Oilers,Canadiens,Away,RL,1,1,3.987328052520752,3.398585796356201,0.0,0.0,Calvin Pickard,Jakub Dobes,CG,CG,0,0,0,0,0,0,0,0,0,0,0,0,0,0,0,12,6,10,0,28,10,12,5,0,27,19,20,19,0,58,16,17,15,0,48,0,0,1,0,1,0,2,2,0,4,5,6,6,0,17,6,9,5,0,20,1,2,4,4,387,302,23,27,0.821,1.0,0,0,2,4,0,2252,1348,2652,2652,255,4,0,0,114,0,0,0,0,0,0,0
2025020513,2025-12-14,Kraken,Sabres,Home,RL,1,1,2.6971933841705322,2.8955976963043213,0.0,0.0,Joey Daccord,Alex Lyon,CG,CG,0,0,0,0,0,0,0,0,0,0,0,0,0,0,0,3,11,10,0,24,9,7,7,0,23,14,24,23,0,61,18,20,17,0,55,0,1,0,0,1,1,1,1,0,3,10,3,11,0,24,9,2,5,0,16,1,0,3,2,246,240,20,23,0.833,1.0,0,0,3,1,0,2571,1029,3086,3086,28,0,0,0,0,0,0,0,0,0,0,0
2025020513,2025-12-14,Sabres,Kraken,Away,RW,1,1,2.8955976963043213,2.6971933841705322,0.0,0.0,Alex Lyon,Joey Daccord,CG,CG,0,0,0,0,0,0,0,0,1,0,0,0,0,0,0,9,7,7,0,23,3,11,10,0,24,18,20,17,0,55,14,24,23,0,61,1,1,1,0,3,0,1,0,0,1,9,2,5,0,16,10,3,11,0,24,0,1,2,3,240,246,23,20,1.0,0.833,0,0,1,3,2571,0,1029,3086,3086,0,28,0,0,0,0,0,0,0,0,0,0
2025020514,2025-12-15,Lightning,Panthers,Home,RL,1,1,2.079434633255005,2.552560567855835,1.19,1.69,Jonas Johansson,Sergei Bobrovsky,CG,CG,0,0,0,0,0,0,0,0,0,0,0,0,0,0,0,13,5,10,0,28,8,13,3,0,24,25,12,14,0,51,16,19,11,0,46,0,1,1,0,2,2,2,1,0,5,10,12,11,0,33,6,8,11,0,25,0,1,5,4,600,388,19,26,0.679,1.083,0,0,1,2,0,3464,136,2507,2507,0,0,0,0,0,0,0,0,0,0,0,0
2025020514,2025-12-15,Panthers,Lightning,Away,RW,1,1,2.552560567855835,2.079434633255005,1.69,1.19,Sergei Bobrovsky,Jonas Johansson,CG,CG,0,0,0,0,0,0,0,0,1,0,0,0,0,0,0,8,13,3,0,24,13,5,10,0,28,16,19,11,0,46,25,12,14,0,51,2,2,1,0,5,0,1,1,0,2,6,8,11,0,25,10,12,11,0,33,1,0,4,5,388,600,26,19,1.083,0.679,0,0,2,1,3464,0,136,2507,2507,0,0,0,0,0,0,0,0,0,0,0,0
2025020515,2025-12-15,Rangers,Ducks,Home,RL,1,1,2.9904839992523193,2.673799991607666,2.27,1.27,Igor Shesterkin,Lukas Dostal,CG,CG,0,0,0,0,0,0,0,0,0,0,0,0,0,0,0,9,13,5,0,27,9,9,8,0,26,23,23,15,0,61,19,23,15,0,57,0,1,0,0,1,0,1,3,0,4,11,3,6,0,20,11,8,6,0,25,0,1,4,3,448,349,22,26,0.815,1.0,0,0,4,3,0,1389,2211,2754,2746,34,12,0,0,15,0,0,0,0,0,8,0
2025020515,2025-12-15,Ducks,Rangers,Away,RW,1,1,2.673799991607666,2.9904839992523193,1.27,2.27,Lukas Dostal,Igor Shesterkin,CG,CG,0,0,0,0,0,0,0,0,1,0,0,0,0,0,0,9,9,8,0,26,9,13,5,0,27,19,23,15,0,57,23,23,15,0,61,0,1,3,0,4,0,1,0,0,1,11,8,6,0,25,11,3,6,0,20,1,0,3,4,349,448,26,22,1.0,0.815,0,0,3,4,1389,0,2211,2754,2746,12,34,0,0,0,15,0,0,0,0,8,0
2025020516,2025-12-15,Jets,Senators,Home,OTL,1,1,3.160041570663452,3.1481735706329346,2.23,2.03,Connor Hellebuyck,Linus Ullmark,CG,CG,0,0,0,0,0,0,0,0,0,1,0,0,0,0,0,7,10,7,1,25,7,12,8,4,31,18,20,19,3,60,18,21,18,4,61,0,2,0,0,2,0,1,1,1,3,7,8,5,0,20,7,13,9,2,31,0,0,2,3,240,360,28,23,1.12,0.742,0,0,1,2,1171,290,2270,3108,2977,0,23,0,0,0,0,0,0,0,0,0,131
2025020516,2025-12-15,Senators,Jets,Away,OTW,1,1,3.1481735706329346,3.160041570663452,2.03,2.23,Linus Ullmark,Connor Hellebuyck,CG,CG,0,0,0,0,0,0,0,0,1,0,0,0,1,0,0,7,12,8,4,31,7,10,7,1,25,18,21,18,4,61,18,20,19,3,60,0,1,1,1,3,0,2,0,0,2,7,13,9,2,31,7,8,5,0,20,0,0,3,2,360,240,23,28,0.742,1.12,0,0,2,1,290,1171,2270,3108,2977,23,0,0,0,0,0,0,0,0,0,0,131
2025020517,2025-12-15,Blues,Predators,Home,RL,1,1,2.216109275817871,3.5629026889801025,1.45,2.65,Joel Hofer,Juuse Saros,CG,CG,0,0,0,0,0,0,0,0,0,0,0,0,0,0,0,6,6,10,0,22,12,8,6,0,26,11,16,19,0,46,18,19,13,0,50,1,0,1,0,2,1,3,1,0,5,8,10,4,0,22,7,4,2,0,13,1,1,3,4,285,442,21,20,0.955,0.769,0,0,3,3,0,2896,704,2861,2861,12,0,0,0,0,0,0,0,0,0,0,0
2025020517,2025-12-15,Predators,Blues,Away,RW,1,1,3.5629026889801025,2.216109275817871,2.65,1.45,Juuse Saros,Joel Hofer,CG,CG,0,0,0,0,0,0,0,0,1,0,0,0,0,0,0,12,8,6,0,26,6,6,10,0,22,18,19,13,0,50,11,16,19,0,46,1,3,1,0,5,1,0,1,0,2,7,4,2,0,13,8,10,4,0,22,1,1,4,3,442,285,20,21,0.769,0.955,0,0,3,3,2896,0,704,2861,2861,0,12,0,0,0,0,0,0,0,0,0,0
2025020518,2025-12-15,Stars,Kings,Home,RW,1,1,2.896453619003296,3.0934815406799316,2.54,2.28,Casey DeSmith,Darcy Kuemper,CG,IG,0,0,0,0,0,0,0,0,0,0,0,0,1,0,0,5,9,12,0,26,11,13,4,0,28,21,15,18,0,54,27,20,13,0,60,0,1,3,0,4,0,1,0,0,1,7,3,9,0,19,12,9,9,0,30,0,1,2,3,213,349,27,22,1.038,0.786,1,0,2,2,828,279,2493,2937,2937,0,74,0,0,0,3,0,0,0,1,0,0
2025020518,2025-12-15,Kings,Stars,Away,RL,1,1,3.0934815406799316,2.896453619003296,2.28,2.54,Darcy Kuemper,Casey DeSmith,IG,CG,0,0,0,0,0,0,0,0,1,1,0,0,0,0,0,11,13,4,0,28,5,9,12,0,26,27,20,13,0,60,21,15,18,0,54,0,1,0,0,1,0,1,3,0,4,12,9,9,0,30,7,3,9,0,19,1,0,3,2,349,213,22,27,0.786,1.038,0,1,2,2,279,828,2493,2937,2937,74,0,0,0,3,0,0,0,1,0,0,0
