game_id,team_id,period,time_seconds,event_type,x,y,dist_to_net,angle,last_event_type,time_since_last,dist_from_last,implied_speed,is_rebound,royal_road,is_goal
2023020009,22,1,9,shot-on-goal,-76.0,-35.0,37.33630940518894,-69.62356478616361,faceoff,9,83.6719785830358,9.2968865092262,0,0,0
2023020009,22,1,81,shot-on-goal,77.0,11.0,16.278820596099706,42.510447078000844,hit,0,122.65398485169571,0.0,0,1,0
2023020009,22,1,105,missed-shot,72.0,8.0,18.788294228055936,25.20112364547507,shot-on-goal,24,5.830951894845301,0.24295632895188754,0,0,0
2023020009,23,1,199,blocked-shot,-45.0,-6.0,44.40720662234904,-7.765166018425333,giveaway,3,51.24451190127583,17.081503967091944,0,0,0
2023020009,22,1,221,shot-on-goal,57.0,-28.0,42.5205832509386,-41.18592516570965,blocked-shot,22,104.34557968596465,4.742980894816575,0,0,0
2023020009,22,1,222,shot-on-goal,84.0,-9.0,10.295630140987,-60.94539590092286,shot-on-goal,1,33.015148038438355,33.015148038438355,1,0,0
2023020009,23,1,247,shot-on-goal,-57.0,29.0,43.18564576337837,42.18444331578877,takeaway,0,28.30194339616981,0.0,0,0,0
2023020009,23,1,250,shot-on-goal,-77.0,-19.0,22.47220505424423,-57.724355685422374,shot-on-goal,3,52.0,17.333333333333332,0,1,0
2023020009,22,1,398,missed-shot,58.0,16.0,34.88552708502482,27.299572211332805,takeaway,44,65.37583651472461,1.4858144662437411,0,0,0
2023020009,22,1,429,missed-shot,51.0,-35.0,51.66236541235796,-42.6467031338917,missed-shot,31,51.478150704935004,1.6605855066108066,0,1,0
2023020009,22,1,432,blocked-shot,83.0,8.0,10.0,53.13010235415598,missed-shot,3,53.600373133029585,17.866791044343195,0,1,0
2023020009,22,1,452,blocked-shot,71.0,6.0,18.973665961010276,18.43494882292201,blocked-shot,20,12.165525060596439,0.6082762530298219,0,0,0
2023020009,22,1,466,shot-on-goal,63.0,-3.0,26.1725046566048,-6.581944655178011,hit,8,35.6931365951495,4.461642074393687,0,0,0
2023020009,23,1,486,goal,-82.0,-3.0,7.615773105863909,-23.19859051364819,hit,10,159.45218719101973,15.945218719101973,0,0,1
2023020009,23,1,496,missed-shot,-86.0,15.0,15.297058540778355,78.69006752597979,faceoff,10,87.29833904490967,8.729833904490967,0,0,0
2023020009,23,1,560,missed-shot,-80.0,3.0,9.486832980505138,18.43494882292201,giveaway,4,176.07100840286,44.017752100715,0,0,0
2023020009,23,1,586,missed-shot,-64.0,-21.0,32.64965543462902,-40.0302592718897,giveaway,3,37.21558813185679,12.405196043952264,0,0,0
2023020009,22,1,646,shot-on-goal,67.0,0.0,22.0,0.0,hit,4,126.81088281373961,31.702720703434903,0,0,0
2023020009,23,1,664,missed-shot,-35.0,-35.0,64.35060217278468,-32.94921511659045,shot-on-goal,18,107.83784122468327,5.990991179149071,0,0,0
2023020009,23,1,687,goal,-66.0,-13.0,26.419689627245813,-29.475889003245747,hit,11,49.92995093127971,4.539086448298156,0,0,1
2023020009,22,1,697,blocked-shot,60.0,-10.0,30.675723300355934,-19.025606037568682,hit,2,36.89173349139343,18.445866745696716,0,0,0
2023020009,23,1,726,missed-shot,-76.0,31.0,33.61547262794322,67.24902365721238,hit,7,85.44588931013593,12.206555615733704,0,1,0
2023020009,22,1,802,blocked-shot,68.0,2.0,21.095023109728988,5.440332031005506,giveaway,44,34.828149534535996,0.7915488530576362,0,0,0
2023020009,23,1,916,missed-shot,-38.0,-3.0,51.088159097779204,-3.3664606634298013,hit,46,42.2965719651132,0.9194906948937652,0,1,0
2023020009,23,1,925,blocked-shot,-70.0,4.0,19.4164878389476,11.888658039627975,faceoff,7,26.019223662515376,3.7170319517879107,0,1,0
2023020009,23,1,974,blocked-shot,-72.0,-2.0,17.11724276862369,-6.7098368077569335,blocked-shot,49,6.324555320336759,0.12907255755789304,0,1,0
2023020009,23,1,977,shot-on-goal,-72.0,-4.0,17.46424919657298,-13.240519915187205,blocked-shot,3,2.0,0.6666666666666666,0,0,0
2023020009,23,1,993,shot-on-goal,-81.0,-3.0,8.54400374531753,-20.556045219583467,shot-on-goal,16,9.055385138137417,0.5659615711335886,0,0,0
2023020009,23,1,996,shot-on-goal,-73.0,-1.0,16.0312195418814,-3.576334374997351,shot-on-goal,3,8.246211251235321,2.748737083745107,0,0,0
2023020009,23,1,1045,blocked-shot,-76.0,4.0,13.601470508735444,17.102728969052375,faceoff,48,26.92582403567252,0.5609546674098441,0,1,0
2023020009,23,1,1058,blocked-shot,-81.0,3.0,8.54400374531753,20.556045219583467,hit,2,31.0,15.5,0,0,0
2023020009,23,1,1109,shot-on-goal,-52.0,27.0,45.803929962395145,36.119340849479755,giveaway,38,100.72239075796404,2.650589230472738,0,1,0
2023020009,23,1,1110,shot-on-goal,-79.0,5.0,11.180339887498949,26.56505117707799,shot-on-goal,1,34.828149534535996,34.828149534535996,1,0,0
2023020009,23,1,1117,shot-on-goal,-49.0,-26.0,47.70744176750625,-33.02386755579665,shot-on-goal,7,43.139309220245984,6.162758460035141,0,1,0
2023020009,23,1,1133,missed-shot,-83.0,5.0,7.810249675906654,39.80557109226519,hit,8,43.0,5.375,0,1,0
2023020009,22,2,15,shot-on-goal,-75.0,17.0,22.02271554554524,50.527540151656176,faceoff,15,76.90253571892151,5.126835714594767,0,0,0
2023020009,22,2,22,shot-on-goal,-37.0,-9.0,52.773099207835045,-9.819300638757898,hit,1,58.215118311311535,58.215118311311535,0,0,0
2023020009,22,2,36,blocked-shot,-79.0,2.0,10.198039027185569,11.309932474020213,shot-on-goal,14,43.41658669218482,3.1011847637274874,0,1,0
2023020009,22,2,47,missed-shot,-86.0,-14.0,14.317821063276353,-77.9052429229879,blocked-shot,11,17.46424919657298,1.5876590178702708,0,1,0
2023020009,22,2,54,blocked-shot,-61.0,-10.0,29.732137494637012,-19.65382405805331,missed-shot,7,25.317977802344327,3.6168539717634753,0,0,0
2023020009,22,2,75,shot-on-goal,-90.0,4.0,4.123105625617661,104.03624346792648,blocked-shot,21,32.202484376209235,1.5334516369623445,0,1,0
2023020009,22,2,82,blocked-shot,-74.0,6.0,16.15549442140351,21.80140948635181,shot-on-goal,7,16.1245154965971,2.3035022137995855,0,0,0
2023020009,22,2,89,shot-on-goal,-68.0,-1.0,21.02379604162864,-2.7263109939062655,blocked-shot,7,9.219544457292887,1.3170777796132696,0,1,0
2023020009,23,2,240,shot-on-goal,58.0,-15.0,34.438350715445125,-25.82099197418928,hit,30,65.19202405202648,2.1730674684008826,0,0,0
2023020009,23,2,241,shot-on-goal,75.0,5.0,14.866068747318506,19.65382405805331,shot-on-goal,1,26.248809496813376,26.248809496813376,1,1,0
2023020009,23,2,243,goal,87.0,3.0,3.605551275463989,56.309932474020215,shot-on-goal,2,12.165525060596439,6.082762530298219,1,0,1
2023020009,22,2,264,shot-on-goal,-56.0,41.0,52.630789467763066,51.170175095029606,faceoff,14,64.32728814430156,4.59480629602154,0,1,0
2023020009,22,2,272,missed-shot,-55.0,14.0,36.76955262170047,22.380135051959574,shot-on-goal,8,27.018512172212592,3.377314021526574,0,0,0
2023020009,22,2,303,shot-on-goal,-87.0,15.0,15.132745950421556,82.40535663140857,missed-shot,31,32.01562118716424,1.0327619737794917,0,0,0
2023020009,22,2,319,shot-on-goal,-72.0,4.0,17.46424919657298,13.240519915187205,faceoff,4,26.1725046566048,6.5431261641512,0,1,0
2023020009,23,2,348,missed-shot,51.0,19.0,42.485291572496,26.56505117707799,faceoff,2,18.24828759089466,9.12414379544733,0,0,0
2023020009,23,2,357,shot-on-goal,58.0,21.0,37.44329045369811,34.11447294534126,missed-shot,9,7.280109889280518,0.8089010988089465,0,0,0
2023020009,23,2,363,missed-shot,63.0,-23.0,34.713109915419565,-41.49646835521554,shot-on-goal,6,44.28317965096906,7.3805299418281765,0,1,0
2023020009,23,2,390,shot-on-goal,59.0,-25.0,39.05124837953327,-39.80557109226519,faceoff,24,10.44030650891055,0.4350127712046063,0,0,0
2023020009,23,2,450,goal,72.0,-12.0,20.808652046684813,-35.21759296819271,takeaway,18,64.63745044476924,3.5909694691538467,0,1,1
2023020009,23,2,461,shot-on-goal,88.0,-11.0,11.045361017187261,-84.8055710922652,faceoff,11,88.68483523128404,8.06225774829855,0,0,0
2023020009,22,2,489,shot-on-goal,-74.0,2.0,15.132745950421556,7.594643368591445,faceoff,10,24.515301344262525,2.4515301344262523,0,1,0
2023020009,22,2,500,goal,-82.0,22.0,23.08679276123039,72.34987578006988,shot-on-goal,11,21.540659228538015,1.9582417480489105,0,0,1
2023020009,22,2,602,shot-on-goal,-37.0,22.0,56.462376853972415,22.932100437589785,hit,19,21.02379604162864,1.1065155811383494,0,0,0
2023020009,23,2,668,goal,43.0,-24.0,51.884487084291386,-27.5528115767178,hit,23,39.395431207184416,1.7128448350949745,0,0,1
2023020009,23,2,687,blocked-shot,78.0,-17.0,20.248456731316587,-57.094757077012105,faceoff,19,79.83107164506812,4.201635349740427,0,0,0
2023020009,22,2,746,shot-on-goal,-79.0,-16.0,18.867962264113206,-57.9946167919165,hit,5,89.80534505250787,17.961069010501575,0,0,0
2023020009,22,2,862,shot-on-goal,-60.0,-35.0,45.45327270945405,-50.355825042855194,hit,56,14.317821063276353,0.2556753761299349,0,0,0
2023020009,22,2,893,blocked-shot,-80.0,-1.0,9.055385138137417,-6.34019174590991,faceoff,29,23.706539182259394,0.8174668683537722,0,0,0
2023020009,22,2,905,shot-on-goal,-73.0,10.0,18.867962264113206,32.005383208083494,blocked-shot,12,13.038404810405298,1.0865337342004415,0,1,0
2023020009,23,2,981,shot-on-goal,75.0,16.0,21.2602916254693,48.81407483429036,takeaway,3,45.221676218380054,15.07389207279335,0,0,0
2023020009,22,2,1046,missed-shot,-83.0,34.0,34.52535300326414,79.99202019855866,hit,9,14.422205101855956,1.6024672335395507,0,0,0
2023020009,22,2,1066,missed-shot,-70.0,-19.0,26.870057685088806,-45.0,missed-shot,20,54.57105459856901,2.7285527299284507,0,1,0
2023020009,22,2,1073,blocked-shot,-66.0,12.0,25.942243542145693,27.5528115767178,missed-shot,7,31.25699921617557,4.465285602310796,0,1,0
2023020009,22,2,1108,blocked-shot,-84.0,-8.0,9.433981132056603,-57.9946167919165,blocked-shot,35,26.90724809414742,0.7687785169756406,0,1,0
2023020009,22,2,1115,blocked-shot,-48.0,-32.0,52.009614495783374,-37.971603761050396,faceoff,3,23.259406699226016,7.753135566408672,0,0,0
2023020009,23,2,1121,shot-on-goal,60.0,-24.0,37.64306044943742,-39.61068824002659,blocked-shot,6,108.29589096544707,18.049315160907845,0,0,0
2023020009,23,2,1155,missed-shot,53.0,17.0,39.81205847478876,25.27772223555295,faceoff,1,16.76305461424021,16.76305461424021,0,0,0
2023020009,22,2,1186,shot-on-goal,-82.0,8.0,10.63014581273465,48.81407483429036,faceoff,11,63.56099432828282,5.778272211662074,0,0,0
2023020009,22,2,1188,missed-shot,-85.0,10.0,10.770329614269007,68.19859051364818,shot-on-goal,2,3.605551275463989,1.8027756377319946,1,0,0
2023020009,23,3,211,shot-on-goal,-76.0,-22.0,25.553864678361276,-59.42077312751099,faceoff,27,7.0,0.25925925925925924,0,0,0
2023020009,22,3,285,shot-on-goal,67.0,20.0,29.732137494637012,42.27368900609374,faceoff,72,142.33762678926468,1.9769114831842316,0,1,0
2023020009,22,3,286,shot-on-goal,80.0,4.0,9.848857801796104,23.962488974578186,shot-on-goal,1,20.615528128088304,20.615528128088304,1,0,0
2023020009,23,3,335,shot-on-goal,-65.0,26.0,35.38361202590826,47.290610042638534,faceoff,10,85.09406559801923,8.509406559801922,0,0,0
2023020009,23,3,341,blocked-shot,-79.0,-6.0,11.661903789690601,-30.96375653207352,faceoff,5,29.732137494637012,5.946427498927402,0,1,0
2023020009,23,3,343,goal,-85.0,4.0,5.656854249492381,45.0,blocked-shot,2,11.661903789690601,5.830951894845301,0,1,1
2023020009,22,3,353,blocked-shot,47.0,-22.0,47.41307836451879,-27.64597536373868,faceoff,10,51.894122981316485,5.189412298131648,0,0,0
2023020009,23,3,369,shot-on-goal,-54.0,-12.0,37.0,-18.924644416051233,faceoff,2,18.027756377319946,9.013878188659973,0,0,0
2023020009,23,3,388,shot-on-goal,-60.0,14.0,32.202484376209235,25.769327624338715,shot-on-goal,19,26.68332812825267,1.4043856909606667,0,1,0
2023020009,23,3,399,shot-on-goal,-80.0,18.0,20.12461179749811,63.43494882292201,shot-on-goal,11,20.396078054371138,1.8541889140337398,0,0,0
2023020009,23,3,416,goal,-48.0,-15.0,43.657759905886145,-20.095231191904816,faceoff,15,42.5440947723653,2.8362729848243533,0,1,1
2023020009,22,3,442,missed-shot,55.0,-34.0,48.08326112068523,-45.0,faceoff,9,57.723478758647246,6.4137198620719165,0,1,0
2023020009,23,3,482,blocked-shot,-40.0,-2.0,49.040799340956916,-2.33730585912382,hit,21,56.04462507680822,2.6687916703242007,0,1,0
2023020009,23,3,500,missed-shot,-86.0,-6.0,6.708203932499369,-63.43494882292201,faceoff,6,23.345235059857504,3.890872509976251,0,0,0
2023020009,23,3,524,shot-on-goal,-57.0,-15.0,35.34119409414458,-25.114834886144564,missed-shot,24,30.364452901377952,1.2651855375574146,0,0,0
2023020009,22,3,585,shot-on-goal,52.0,36.0,51.62363799656123,44.21517539700812,giveaway,3,88.56635930193812,29.522119767312706,0,0,0
2023020009,22,3,589,blocked-shot,78.0,-9.0,14.212670403551895,-39.28940686250036,shot-on-goal,4,51.97114584074513,12.992786460186283,0,1,0
2023020009,23,3,604,blocked-shot,-60.0,10.0,30.675723300355934,19.025606037568682,blocked-shot,15,139.30183056945089,9.286788704630059,0,1,0
2023020009,23,3,613,blocked-shot,-64.0,14.0,28.653097563788805,29.248826336546973,blocked-shot,9,5.656854249492381,0.628539361054709,0,0,0
2023020009,22,3,651,missed-shot,37.0,39.0,65.0,36.86989764584402,hit,5,78.10249675906654,15.620499351813308,0,1,0
2023020009,22,3,659,shot-on-goal,37.0,37.0,63.8200595424354,35.433314010285585,hit,4,7.0710678118654755,1.7677669529663689,0,0,0
2023020009,22,3,700,missed-shot,68.0,6.0,21.840329667841555,15.945395900922854,shot-on-goal,41,43.840620433565945,1.0692834252089254,0,0,0
2023020009,22,3,702,missed-shot,91.0,-5.0,5.385164807134504,-111.80140948635182,missed-shot,2,25.495097567963924,12.747548783981962,0,1,0
2023020009,23,3,814,shot-on-goal,-69.0,-20.0,28.284271247461902,-45.0,faceoff,80,2.0,0.025,0,0,0
2023020009,23,3,834,shot-on-goal,-63.0,36.0,44.40720662234904,54.16234704572171,hit,7,97.25224933131366,13.893178475901951,0,0,0
2023020009,22,3,871,shot-on-goal,33.0,-29.0,63.06346010171025,-27.377702771331727,shot-on-goal,37,115.93532679903913,3.1333872107848415,0,1,0
2023020009,23,3,887,blocked-shot,-83.0,-3.0,6.708203932499369,-26.56505117707799,shot-on-goal,16,118.87808881370864,7.42988055085679,0,0,0
2023020009,23,3,888,goal,-84.0,-3.0,5.830951894845301,-30.96375653207352,blocked-shot,1,1.0,1.0,0,0,1
2023020009,22,3,920,missed-shot,35.0,-32.0,62.76941930590086,-30.650667957052864,faceoff,8,35.4400902933387,4.430011286667337,0,0,0
2023020009,22,3,1047,shot-on-goal,75.0,38.0,40.496913462633174,69.77514056883192,takeaway,18,84.17244204607586,4.676246780337547,0,1,0
2023020009,22,3,1087,blocked-shot,45.0,-4.0,44.181444068749045,-5.194428907734806,faceoff,38,35.38361202590826,0.9311476848923227,0,1,0
2023020009,23,3,1119,shot-on-goal,9.0,36.0,87.72684879784524,24.22774531795417,faceoff,30,83.45058418010026,2.7816861393366756,0,1,0
2023020009,22,3,1162,shot-on-goal,52.0,17.0,40.718546143004666,24.67686317033706,faceoff,13,17.72004514666935,1.3630803958976423,0,0,0
2023020009,22,3,1169,blocked-shot,65.0,11.0,26.40075756488817,24.623564786163612,shot-on-goal,7,14.317821063276353,2.0454030090394792,0,0,0
2023020005,10,1,49,shot-on-goal,-48.0,-15.0,43.657759905886145,-20.095231191904816,takeaway,13,112.75194011634566,8.673226162795821,0,0,0
2023020005,8,1,54,shot-on-goal,-95.0,13.0,14.317821063276353,114.77514056883193,hit,0,45.5411901469428,0.0,0,1,0
2023020005,10,1,69,shot-on-goal,-61.0,34.0,44.04543109109048,50.527540151656176,shot-on-goal,15,39.96248240537617,2.664165493691745,0,0,0
2023020005,8,1,112,blocked-shot,67.0,-7.0,23.08679276123039,-17.650124219930124,hit,4,45.617978911828175,11.404494727957044,0,0,0
2023020005,8,1,181,goal,81.0,-8.0,11.313708498984761,-45.0,giveaway,2,120.03332870498926,60.01666435249463,0,1,1
2023020005,8,1,216,shot-on-goal,-85.0,-9.0,9.848857801796104,-66.03751102542182,faceoff,35,85.47514258543241,2.4421469310123545,0,0,0
2023020005,10,1,249,shot-on-goal,-81.0,7.0,10.63014581273465,41.18592516570965,shot-on-goal,33,16.492422502470642,0.4997703788627467,0,1,0
2023020005,10,1,265,shot-on-goal,-81.0,14.0,16.1245154965971,60.25511870305778,faceoff,10,14.422205101855956,1.4422205101855956,0,0,0
2023020005,10,1,300,shot-on-goal,94.0,-11.0,12.083045973594572,-114.44395478041653,faceoff,2,41.400483088968905,20.700241544484452,0,1,0
2023020005,8,1,327,shot-on-goal,67.0,-23.0,31.827660925679098,-46.27303002005671,shot-on-goal,27,29.546573405388315,1.0943175335329005,0,0,0
2023020005,8,1,335,shot-on-goal,44.0,2.0,45.044422518220834,2.5448043798130953,shot-on-goal,8,33.97057550292606,4.2463219378657575,0,1,0
2023020005,8,1,389,blocked-shot,64.0,12.0,27.730849247724095,25.641005824305285,hit,9,58.66856057549052,6.51872895283228,0,1,0
2023020005,8,1,399,blocked-shot,76.0,-10.0,16.401219466856727,-37.568592028827496,hit,3,45.12205669071391,15.040685563571303,0,1,0
2023020005,8,1,479,shot-on-goal,64.0,23.0,33.97057550292606,42.61405596961119,hit,16,105.11898020814318,6.569936263008949,0,1,0
2023020005,8,1,500,shot-on-goal,70.0,20.0,27.586228448267445,46.46880071438583,shot-on-goal,21,6.708203932499369,0.31943828249996997,0,0,0
2023020005,8,1,520,blocked-shot,71.0,-5.0,18.681541692269406,-15.524110996754258,takeaway,1,29.206163733020468,29.206163733020468,0,1,0
2023020005,10,1,625,missed-shot,-86.0,8.0,8.54400374531753,69.44395478041653,faceoff,5,34.48187929913333,6.896375859826667,0,1,0
2023020005,10,1,673,shot-on-goal,-84.0,1.0,5.0990195135927845,11.309932474020213,giveaway,24,45.967379738244816,1.915307489093534,0,1,0
2023020005,10,1,681,blocked-shot,-76.0,3.0,13.341664064126334,12.994616791916505,shot-on-goal,8,8.246211251235321,1.0307764064044151,0,0,0
2023020005,10,1,723,blocked-shot,-76.0,-4.0,13.601470508735444,-17.102728969052375,blocked-shot,42,7.0,0.16666666666666666,0,1,0
2023020005,10,1,734,shot-on-goal,-74.0,10.0,18.027756377319946,33.690067525979785,blocked-shot,11,14.142135623730951,1.2856486930664501,0,1,0
2023020005,10,1,740,missed-shot,-78.0,0.0,11.0,0.0,faceoff,3,23.769728648009426,7.9232428826698085,0,0,0
2023020005,10,1,773,missed-shot,-49.0,7.0,40.607881008493905,9.926245506651705,missed-shot,33,29.832867780352597,0.9040262963743211,0,0,0
2023020005,8,1,802,missed-shot,68.0,-4.0,21.37755832643195,-10.7842978675626,takeaway,7,134.30189872075525,19.185985531536463,0,1,0
2023020005,10,1,835,missed-shot,-56.0,-8.0,33.95585369269929,-13.62699485989154,hit,9,31.25699921617557,3.4729999129083966,0,0,0
2023020005,10,1,888,shot-on-goal,-86.0,-15.0,15.297058540778355,-78.69006752597979,giveaway,10,96.25487000666512,9.625487000666512,0,1,0
2023020005,8,1,1004,shot-on-goal,50.0,9.0,40.024992192379,12.994616791916505,hit,5,144.05554484295286,28.81110896859057,0,0,0
2023020005,8,1,1011,blocked-shot,86.0,-3.0,4.242640687119285,-45.0,hit,1,11.180339887498949,11.180339887498949,0,0,0
2023020005,8,1,1018,missed-shot,54.0,-19.0,39.824615503479755,-28.495638618244982,blocked-shot,7,35.77708763999664,5.1110125199995196,0,0,0
2023020005,8,1,1037,missed-shot,52.0,28.0,46.400431032480725,37.116860683270275,missed-shot,19,47.042533945356304,2.475922839229279,0,1,0
2023020005,8,1,1054,missed-shot,62.0,-23.0,35.4682957019364,-40.426078740099136,missed-shot,17,51.97114584074513,3.057126225926184,0,1,0
2023020005,8,1,1058,shot-on-goal,29.0,39.0,71.56116265125938,33.02386755579665,missed-shot,4,70.2353187506115,17.558829687652874,0,1,0
2023020005,8,1,1065,shot-on-goal,58.0,35.0,46.75467891024384,48.46822925891715,faceoff,4,17.029386365926403,4.257346591481601,0,0,0
2023020005,8,1,1068,blocked-shot,66.0,-16.0,28.0178514522438,-34.824489156956794,shot-on-goal,3,51.62363799656123,17.207879332187076,0,1,0
2023020005,10,1,1097,shot-on-goal,-80.0,-15.0,17.4928556845359,-59.03624346792648,hit,10,59.61543424315552,5.961543424315552,0,0,0
2023020005,10,1,1107,blocked-shot,-80.0,4.0,9.848857801796104,23.962488974578186,takeaway,7,26.92582403567252,3.84654629081036,0,1,0
2023020005,10,1,1123,blocked-shot,-68.0,-8.0,22.47220505424423,-20.854458039578347,blocked-shot,16,16.97056274847714,1.0606601717798212,0,1,0
2023020005,10,1,1156,shot-on-goal,-79.0,-39.0,40.26164427839479,-75.6186054089094,hit,12,178.51890656174209,14.876575546811841,0,1,0
2023020005,8,1,1183,shot-on-goal,11.0,17.0,79.83107164506812,12.295266422998148,shot-on-goal,27,106.0,3.925925925925926,0,1,0
2023020005,10,1,1196,blocked-shot,-75.0,10.0,17.204650534085253,35.53767779197438,shot-on-goal,13,86.28441342444185,6.637262571110911,0,0,0
2023020005,8,2,70,goal,-85.0,-9.0,9.848857801796104,-66.03751102542182,hit,8,179.7386992275175,22.467337403439686,0,1,1
2023020005,10,2,101,shot-on-goal,34.0,28.0,61.71709649683789,26.980230718222856,hit,23,82.00609733428362,3.5654824927949402,0,1,0
2023020005,10,2,106,blocked-shot,54.0,-22.0,41.340053217188775,-32.15229514128234,faceoff,4,46.486557196677836,11.621639299169459,0,1,0
2023020005,8,2,164,shot-on-goal,-57.0,-1.0,32.01562118716424,-1.7899106082460694,takeaway,13,115.52488909321661,8.886529930247432,0,1,0
2023020005,10,2,198,blocked-shot,53.0,-4.0,36.22154055254967,-6.34019174590991,faceoff,27,30.528675044947494,1.1306916683313888,0,1,0
2023020005,10,2,252,shot-on-goal,62.0,-14.0,30.4138126514911,-27.407575437818405,faceoff,52,10.63014581273465,0.2044258810141279,0,0,0
2023020005,10,2,281,shot-on-goal,58.0,21.0,37.44329045369811,34.11447294534126,giveaway,10,125.15989773086265,12.515989773086265,0,1,0
2023020005,10,2,314,missed-shot,56.0,39.0,51.088159097779204,49.76364169072618,faceoff,2,21.400934559032695,10.700467279516348,0,0,0
2023020005,10,2,354,shot-on-goal,-34.0,-24.0,60.00833275470999,-23.574706201912615,faceoff,19,14.142135623730951,0.7443229275647869,0,0,0
2023020005,8,2,381,blocked-shot,-73.0,-1.0,16.0312195418814,-3.576334374997351,shot-on-goal,27,45.27692569068709,1.6769231737291515,0,0,0
2023020005,10,2,466,goal,64.0,25.0,35.35533905932738,45.0,blocked-shot,85,139.44532978913278,1.6405332916368562,0,1,1
2023020005,10,2,564,blocked-shot,65.0,0.0,24.0,0.0,hit,10,41.6293165929973,4.16293165929973,0,0,0
2023020005,8,2,649,missed-shot,-84.0,-2.0,5.385164807134504,-21.80140948635181,hit,20,147.41099009232656,7.370549504616328,0,1,0
2023020005,10,2,686,shot-on-goal,58.0,9.0,32.28002478313795,16.189206257026942,hit,30,149.85659811966906,4.995219937322302,0,0,0
2023020005,10,2,688,shot-on-goal,78.0,27.0,29.154759474226502,67.83365417791754,shot-on-goal,2,26.90724809414742,13.45362404707371,1,0,0
2023020005,8,2,714,blocked-shot,-68.0,16.0,26.40075756488817,37.30394827798343,hit,11,56.08029957123981,5.098209051930892,0,1,0
2023020005,8,2,734,blocked-shot,-70.0,7.0,20.248456731316587,20.224859431168078,hit,3,45.70557952810576,15.235193176035253,0,1,0
2023020005,10,2,761,shot-on-goal,69.0,-20.0,28.284271247461902,-45.0,takeaway,4,78.84795495128583,19.711988737821457,0,0,0
2023020005,10,2,768,blocked-shot,74.0,11.0,18.601075237738275,36.25383773744479,shot-on-goal,7,31.400636936215164,4.485805276602166,0,1,0
2023020005,10,2,783,missed-shot,50.0,8.0,39.81205847478876,11.592175410291071,giveaway,3,44.9221548904324,14.974051630144134,0,1,0
2023020005,10,2,886,missed-shot,52.0,-1.0,37.013511046643494,-1.5481576989779677,takeaway,24,37.12142238654117,1.5467259327725487,0,0,0
2023020005,10,2,891,goal,77.0,-16.0,20.0,-53.13010235415598,missed-shot,5,29.154759474226502,5.830951894845301,0,0,1
2023020005,10,2,917,missed-shot,73.0,-36.0,39.395431207184416,-66.03751102542182,hit,9,61.07372593840988,6.785969548712209,0,0,0
2023020005,10,2,976,missed-shot,81.0,-2.0,8.246211251235321,-14.036243467926479,hit,22,30.870698080866262,1.4032135491302846,0,1,0
2023020005,10,2,1028,shot-on-goal,74.0,-12.0,19.209372712298546,-38.65980825409009,hit,10,173.0028901492689,17.30028901492689,0,1,0
2023020005,10,2,1074,shot-on-goal,74.0,5.0,15.811388300841896,18.43494882292201,takeaway,3,65.39113089708727,21.79704363236242,0,0,0
2023020005,10,2,1077,shot-on-goal,91.0,9.0,9.219544457292887,102.52880770915151,shot-on-goal,3,17.46424919657298,5.82141639885766,0,0,0
2023020005,10,2,1081,shot-on-goal,70.0,-15.0,24.20743687382041,-38.29016319224307,shot-on-goal,4,31.89043743820395,7.9726093595509875,0,1,0
2023020005,10,2,1114,shot-on-goal,50.0,-24.0,45.79301256742124,-31.6075022462489,shot-on-goal,33,21.93171219946131,0.6645973393776154,0,0,0
2023020005,10,2,1129,blocked-shot,79.0,-5.0,11.180339887498949,-26.56505117707799,faceoff,11,28.792360097775937,2.617487281615994,0,1,0
2023020005,10,2,1149,shot-on-goal,77.0,-8.0,14.422205101855956,-33.690067525979785,blocked-shot,20,3.605551275463989,0.18027756377319945,0,0,0
2023020005,10,2,1155,goal,60.0,32.0,43.18564576337837,47.81555668421123,shot-on-goal,6,43.46262762420146,7.243771270700243,0,1,1
2023020005,8,2,1189,blocked-shot,-75.0,-11.0,17.804493814764857,-38.15722658736906,hit,22,121.59769734661919,5.527168061209963,0,0,0
2023020005,10,3,10,shot-on-goal,-69.0,10.0,22.360679774997898,26.56505117707799,hit,6,84.40379138403677,14.067298564006128,0,1,0
2023020005,10,3,109,missed-shot,-81.0,0.0,8.0,0.0,hit,26,33.24154027718932,1.278520779891897,0,0,0
2023020005,10,3,115,blocked-shot,-78.0,14.0,17.804493814764857,51.84277341263094,hit,2,51.478150704935004,25.739075352467502,0,1,0
2023020005,10,3,145,shot-on-goal,-70.0,-32.0,37.21558813185679,-59.30027744918559,blocked-shot,30,46.69047011971501,1.5563490039905004,0,1,0
2023020005,10,3,153,missed-shot,-22.0,7.0,67.36467917239716,5.96448710125312,hit,4,74.43117626371358,18.607794065928395,0,1,0
2023020005,10,3,209,missed-shot,-76.0,10.0,16.401219466856727,37.568592028827496,hit,47,33.1058907144937,0.7043806534998659,0,0,0
2023020005,10,3,223,blocked-shot,-76.0,15.0,19.849433241279208,49.08561677997488,missed-shot,14,5.0,0.35714285714285715,0,0,0
2023020005,10,3,230,shot-on-goal,-57.0,10.0,33.52610922848042,17.35402463626132,blocked-shot,7,19.6468827043885,2.806697529198357,0,0,0
2023020005,10,3,234,blocked-shot,-42.0,14.0,49.040799340956916,16.587338556927413,takeaway,4,11.180339887498949,2.7950849718747373,0,0,0
2023020005,10,3,249,shot-on-goal,-77.0,-1.0,12.041594578792296,-4.763641690726178,blocked-shot,15,38.07886552931954,2.5385910352879697,0,1,0
2023020005,8,3,265,goal,48.0,0.0,41.0,0.0,faceoff,12,30.4138126514911,2.5344843876242584,0,0,1
2023020005,8,3,317,shot-on-goal,81.0,1.0,8.06225774829855,7.125016348901798,faceoff,33,151.75308893067054,4.598578452444562,0,1,0
2023020005,8,3,326,blocked-shot,69.0,19.0,27.586228448267445,43.53119928561418,giveaway,7,59.80802621722272,8.54400374531753,0,1,0
2023020005,8,3,332,blocked-shot,84.0,-12.0,13.0,-67.38013505195957,blocked-shot,6,34.438350715445125,5.7397251192408545,0,1,0
2023020005,8,3,347,goal,71.0,-1.0,18.027756377319946,-3.1798301198642345,takeaway,8,43.266615305567875,5.408326913195984,0,0,1
2023020005,10,3,403,shot-on-goal,-55.0,-37.0,50.24937810560445,-47.41950921665634,faceoff,3,20.518284528683193,6.839428176227731,0,0,0
2023020005,10,3,443,blocked-shot,-75.0,-13.0,19.1049731745428,-42.87890360333855,hit,19,172.20046457544765,9.063182346076193,0,1,0
2023020005,10,3,448,blocked-shot,-58.0,-2.0,31.064449134018133,-3.6913859864512757,blocked-shot,5,20.248456731316587,4.049691346263318,0,0,0
2023020005,8,3,496,shot-on-goal,50.0,36.0,53.075418038862395,42.70938995736147,hit,5,127.20062892926276,25.44012578585255,0,0,0
2023020005,8,3,503,missed-shot,74.0,3.0,15.297058540778355,11.309932474020213,faceoff,4,19.6468827043885,4.911720676097125,0,0,0
2023020005,8,3,516,shot-on-goal,64.0,24.0,34.655446902326915,43.830860672092584,hit,6,26.476404589747453,4.412734098291242,0,0,0
2023020005,8,3,518,shot-on-goal,58.0,-18.0,35.84689665786984,-30.141385552075338,shot-on-goal,2,42.42640687119285,21.213203435596427,1,1,0
2023020005,8,3,533,blocked-shot,81.0,16.0,17.88854381999832,63.43494882292201,shot-on-goal,15,41.048751503547585,2.736583433569839,0,1,0
2023020005,8,3,591,missed-shot,81.0,-6.0,10.0,-36.86989764584402,hit,6,42.1070065428546,7.0178344238090995,0,1,0
2023020005,10,3,607,shot-on-goal,-53.0,-35.0,50.20956084253277,-44.19307054489763,faceoff,14,122.6906679417795,8.763619138698536,0,0,0
2023020005,10,3,611,shot-on-goal,-33.0,26.0,61.741396161732524,24.904768808095188,faceoff,2,60.0,30.0,0,1,0
2023020005,10,3,685,shot-on-goal,-62.0,-27.0,38.18376618407357,-45.0,takeaway,34,57.201398584300364,1.6823940760088343,0,1,0
2023020005,10,3,691,blocked-shot,-55.0,-14.0,36.76955262170047,-22.380135051959574,faceoff,4,16.1245154965971,4.031128874149275,0,0,0
2023020005,8,3,715,goal,80.0,13.0,15.811388300841896,55.30484646876604,giveaway,2,44.77722635447622,22.38861317723811,0,0,1
2023020005,8,3,731,missed-shot,62.0,3.0,27.16615541441225,6.34019174590991,hit,3,37.013511046643494,12.337837015547832,0,0,0
2023020005,8,3,854,missed-shot,73.0,34.0,37.57658845611187,64.79887635452492,hit,0,15.652475842498529,0.0,0,0,0
2023020005,10,3,914,shot-on-goal,-70.0,-17.0,25.495097567963924,-41.82016988013577,hit,48,27.018512172212592,0.562885670254429,0,0,0
2023020005,10,3,928,goal,-83.0,18.0,18.973665961010276,71.56505117707799,faceoff,13,42.37924020083418,3.2599415539103216,0,1,1
2023020005,8,3,972,shot-on-goal,66.0,-18.0,29.206163733020468,-38.04704253182609,hit,25,165.73774464496614,6.629509785798645,0,1,0
2023020005,8,3,973,missed-shot,70.0,0.0,19.0,0.0,shot-on-goal,1,18.439088914585774,18.439088914585774,1,0,0
2023020005,10,3,1104,shot-on-goal,-78.0,0.0,11.0,0.0,hit,41,45.27692569068709,1.1043152607484654,0,0,0
2023020005,10,3,1110,blocked-shot,-76.0,2.0,13.152946437965905,8.74616226255521,faceoff,4,25.0,6.25,0,1,0
2023020005,10,3,1133,goal,-81.0,8.0,11.313708498984761,45.0,takeaway,2,62.00806399170998,31.00403199585499,0,1,1
2023020005,10,3,1155,shot-on-goal,65.0,-39.0,45.79301256742124,-58.3924977537511,faceoff,22,75.8023746329889,3.4455624833176772,0,0,0
2023020005,8,3,1190,blocked-shot,84.0,22.0,22.561028345356956,77.19573393471325,shot-on-goal,35,63.89053137985315,1.82544375371009,0,1,0
2023020005,8,3,1198,shot-on-goal,57.0,39.0,50.44799302251776,50.63068275763526,hit,4,77.83315488916018,19.458288722290046,0,1,0
2023020005,10,4,26,shot-on-goal,69.0,15.0,25.0,36.86989764584402,faceoff,26,70.61161377563892,2.7158312990630353,0,0,0
2023020005,8,4,77,blocked-shot,-53.0,-8.0,36.87817782917155,-12.528807709151511,takeaway,41,124.33824833895642,3.032640203389181,0,0,0
2023020005,10,4,88,shot-on-goal,77.0,3.0,12.36931687685298,14.036243467926479,blocked-shot,11,130.4645545732633,11.860414052114846,0,1,0
2023020005,10,4,143,shot-on-goal,85.0,-4.0,5.656854249492381,-45.0,hit,41,34.713109915419565,0.8466612174492577,0,1,0
2023020005,8,4,157,shot-on-goal,-53.0,13.0,38.27531841800928,19.855214369321057,shot-on-goal,14,139.04315876734103,9.931654197667216,0,1,0
2023020005,8,4,249,shot-on-goal,-60.0,20.0,35.22782990761707,34.59228868750995,giveaway,35,7.615773105863909,0.2175935173103974,0,0,0
2023020005,8,4,273,missed-shot,-78.0,-31.0,32.89376840679705,-70.4633450618716,faceoff,23,53.75872022286245,2.3373356618635848,0,1,0
2023020005,8,4,297,blocked-shot,-82.0,-17.0,18.384776310850235,-67.61986494804043,missed-shot,24,14.560219778561036,0.6066758241067098,0,0,0
2023020005,10,5,299,missed-shot,-87.0,8.0,8.246211251235321,75.96375653207353,NONE,0,0.0,0.0,0,0,0
2023020005,8,5,0,missed-shot,69.0,0.0,20.0,0.0,missed-shot,0,156.20499351813308,0.0,0,0,0
2023020005,10,5,0,shot-on-goal,-73.0,0.0,16.0,0.0,missed-shot,0,142.0,0.0,0,0,0
2023020005,8,5,0,missed-shot,66.0,-1.0,23.021728866442675,-2.489552921999156,shot-on-goal,0,139.00359707575916,0.0,1,0,0
2023020005,10,5,0,goal,-76.0,0.0,13.0,0.0,missed-shot,0,142.00352108310554,0.0,0,0,1
2023020005,8,5,0,shot-on-goal,70.0,-1.0,19.026297590440446,-3.0127875041833403,goal,0,146.00342461736986,0.0,1,0,0
2023020004,9,1,30,blocked-shot,79.0,3.0,10.44030650891055,16.69924423399362,hit,25,69.6419413859206,2.785677655436824,0,0,0
2023020004,9,1,32,missed-shot,78.0,-1.0,11.045361017187261,-5.194428907734806,blocked-shot,2,4.123105625617661,2.0615528128088303,0,1,0
2023020004,12,1,73,blocked-shot,-57.0,-8.0,32.984845004941285,-14.036243467926479,faceoff,28,129.52219886953742,4.625792816769193,0,1,0
2023020004,9,1,95,missed-shot,80.0,7.0,11.40175425099138,37.874983651098205,faceoff,21,151.79591562357663,7.22837693445603,0,1,0
2023020004,9,1,103,shot-on-goal,82.0,6.0,9.219544457292887,40.60129464500447,missed-shot,8,2.23606797749979,0.2795084971874737,0,0,0
2023020004,9,1,110,blocked-shot,61.0,-34.0,44.04543109109048,-50.527540151656176,takeaway,3,29.068883707497267,9.689627902499089,0,0,0
2023020004,9,1,138,missed-shot,44.0,18.0,48.46648326421054,21.80140948635181,blocked-shot,28,54.70831746635972,1.9538684809414186,0,1,0
2023020004,9,1,147,blocked-shot,59.0,-17.0,34.48187929913333,-29.538782259558097,missed-shot,9,38.07886552931954,4.230985058813283,0,1,0
2023020004,9,1,189,shot-on-goal,59.0,6.0,30.59411708155671,11.309932474020213,takeaway,30,36.235341863986875,1.2078447287995624,0,0,0
2023020004,9,1,194,goal,78.0,0.0,11.0,0.0,shot-on-goal,5,19.924858845171276,3.984971769034255,0,0,1
2023020004,12,1,241,blocked-shot,-77.0,0.0,12.0,0.0,faceoff,23,23.40939982143925,1.017799992236489,0,0,0
2023020004,9,1,347,shot-on-goal,67.0,-14.0,26.076809620810597,-32.47119229084849,hit,22,96.77293009927931,4.398769549967241,0,1,0
2023020004,9,1,364,shot-on-goal,81.0,15.0,17.0,61.92751306414704,hit,7,148.66068747318505,21.237241067597864,0,0,0
2023020004,12,1,372,shot-on-goal,-76.0,5.0,13.92838827718412,21.037511025421818,shot-on-goal,8,157.31814898478814,19.664768623098517,0,0,0
2023020004,12,1,376,shot-on-goal,-67.0,-6.0,22.80350850198276,-15.255118703057777,penalty,0,15.231546211727817,0.0,0,0,0
2023020004,12,1,378,shot-on-goal,-42.0,15.0,49.33558553417604,17.700427788667195,faceoff,2,27.892651361962706,13.946325680981353,0,0,0
2023020004,12,1,381,shot-on-goal,-72.0,-40.0,43.46262762420146,-66.97450799147197,shot-on-goal,3,62.64982043070834,20.88327347690278,0,1,0
2023020004,12,1,387,missed-shot,-45.0,1.0,44.01136216933077,1.3019526725788753,shot-on-goal,6,49.09175083453431,8.181958472422385,0,1,0
2023020004,12,1,390,missed-shot,-63.0,41.0,48.54894437575342,57.61932229343077,missed-shot,3,43.86342439892262,14.62114146630754,0,0,0
2023020004,9,1,411,shot-on-goal,75.0,0.0,14.0,0.0,hit,3,168.8697723099075,56.289924103302496,0,0,0
2023020004,9,1,428,missed-shot,38.0,32.0,60.207972893961475,32.106255955117845,shot-on-goal,17,48.91829923454004,2.8775470137964727,0,0,0
2023020004,12,1,443,shot-on-goal,-37.0,34.0,62.12889826803627,33.17851165939275,faceoff,2,34.17601498127012,17.08800749063506,0,0,0
2023020004,9,1,484,blocked-shot,65.0,20.0,31.240998703626616,39.80557109226519,shot-on-goal,41,102.95630140987001,2.5111293026797563,0,0,0
2023020004,9,1,519,blocked-shot,75.0,17.0,22.02271554554524,50.527540151656176,faceoff,7,39.45883931389772,5.636977044842531,0,1,0
2023020004,9,1,536,shot-on-goal,81.0,-9.0,12.041594578792296,-48.366460663429805,hit,14,37.57658845611187,2.6840420325794194,0,1,0
2023020004,9,1,578,shot-on-goal,69.0,-21.0,29.0,-46.39718102729638,hit,32,170.06175348972502,5.314429796553907,0,1,0
2023020004,12,1,650,blocked-shot,-64.0,7.0,25.96150997149434,15.642246457208728,hit,20,47.16990566028302,2.3584952830141512,0,1,0
2023020004,9,1,660,shot-on-goal,62.0,24.0,36.124783736376884,41.6335393365702,giveaway,8,137.71347065556077,17.214183831945096,0,0,0
2023020004,12,1,668,shot-on-goal,-71.0,-3.0,18.24828759089466,-9.462322208025617,faceoff,6,142.21462653327893,23.702437755546487,0,1,0
2023020004,12,1,707,shot-on-goal,-36.0,-30.0,60.90155991434045,-29.51149855709032,shot-on-goal,39,44.204072210600685,1.1334377489897611,0,0,0
2023020004,9,1,717,missed-shot,54.0,13.0,37.33630940518894,20.37643521383639,shot-on-goal,10,99.74467404327912,9.974467404327912,0,1,0
2023020004,12,1,752,shot-on-goal,-55.0,-29.0,44.68780594300866,-40.46222749209335,missed-shot,35,116.81181447096864,3.337480413456247,0,1,0
2023020004,12,1,753,shot-on-goal,-91.0,-8.0,8.246211251235321,-104.03624346792648,shot-on-goal,1,41.677331968349414,41.677331968349414,1,0,0
2023020004,12,1,817,shot-on-goal,-50.0,-23.0,45.27692569068709,-30.52970589993411,faceoff,15,30.01666203960727,2.0011108026404845,0,0,0
2023020004,12,1,823,shot-on-goal,-72.0,-1.0,17.029386365926403,-3.3664606634298013,faceoff,5,21.213203435596427,4.242640687119286,0,0,0
2023020004,12,1,845,missed-shot,-26.0,-1.0,63.00793600809346,-0.9093804491991415,shot-on-goal,22,46.0,2.090909090909091,0,0,0
2023020004,12,1,871,missed-shot,-57.0,-15.0,35.34119409414458,-25.114834886144564,giveaway,4,43.41658669218482,10.854146673046206,0,1,0
2023020004,12,1,895,shot-on-goal,-54.0,26.0,43.60045871318328,36.6070748126075,missed-shot,24,41.10960958218893,1.7129003992578722,0,1,0
2023020004,9,1,923,shot-on-goal,73.0,-1.0,16.0312195418814,-3.576334374997351,hit,11,153.05227865013967,13.913843513649061,0,1,0
2023020004,12,1,985,missed-shot,-30.0,17.0,61.40032573203501,16.07357416474639,hit,12,125.86500705120545,10.488750587600455,0,1,0
2023020004,9,1,998,shot-on-goal,8.0,16.0,82.56512580987206,11.173838241814732,faceoff,5,28.635642126552707,5.727128425310541,0,0,0
2023020004,12,1,1057,missed-shot,-50.0,-41.0,56.586217403180434,-46.43209618416465,faceoff,29,64.66065264130884,2.229677677286512,0,0,0
2023020004,12,1,1126,missed-shot,-57.0,-26.0,41.23105625617661,-39.0938588862295,hit,4,90.93404203047393,22.733510507618483,0,0,0
2023020004,12,1,1134,shot-on-goal,-86.0,-5.0,5.830951894845301,-59.03624346792648,faceoff,6,24.041630560342615,4.006938426723769,0,0,0
2023020004,12,1,1135,shot-on-goal,-88.0,-4.0,4.123105625617661,-75.96375653207353,shot-on-goal,1,2.23606797749979,2.23606797749979,1,0,0
2023020004,9,1,1147,missed-shot,83.0,15.0,16.15549442140351,68.19859051364818,faceoff,11,156.43848631331102,14.221680573937364,0,1,0
2023020004,9,1,1148,shot-on-goal,94.0,26.0,26.476404589747453,100.88552705465874,missed-shot,1,15.556349186104045,15.556349186104045,0,0,0
2023020004,9,2,36,shot-on-goal,-53.0,-38.0,52.3450093132096,-46.548157698977974,faceoff,36,65.21502894272147,1.8115285817422633,0,0,0
2023020004,12,2,47,blocked-shot,76.0,-13.0,18.384776310850235,-45.0,faceoff,9,145.27904184706065,16.142115760784517,0,0,0
2023020004,9,2,60,missed-shot,-46.0,1.0,43.01162633521314,1.3322198538696388,giveaway,8,142.50614021858848,17.81326752732356,0,0,0
2023020004,9,2,95,missed-shot,-54.0,-39.0,52.40229002629561,-48.09405805891711,giveaway,20,78.85429601486528,3.942714800743264,0,1,0
2023020004,9,2,106,blocked-shot,-52.0,28.0,46.400431032480725,37.116860683270275,faceoff,9,52.81098370604357,5.867887078449286,0,1,0
2023020004,12,2,115,blocked-shot,41.0,-2.0,48.041648597857254,-2.3859440303888126,faceoff,3,36.87817782917155,12.292725943057183,0,1,0
2023020004,12,2,152,shot-on-goal,50.0,-15.0,41.78516483155236,-21.037511025421818,blocked-shot,37,15.811388300841896,0.42733481894167286,0,0,0
2023020004,12,2,154,shot-on-goal,83.0,-1.0,6.082762530298219,-9.462322208025617,shot-on-goal,2,35.84689665786984,17.92344832893492,1,0,0
2023020004,12,2,175,goal,84.0,5.0,7.0710678118654755,45.0,shot-on-goal,21,6.082762530298219,0.2896553585856295,0,1,1
2023020004,9,2,220,blocked-shot,-75.0,-3.0,14.317821063276353,-12.094757077012101,faceoff,2,19.924858845171276,9.962429422585638,0,0,0
2023020004,9,2,225,shot-on-goal,-88.0,-12.0,12.041594578792296,-85.23635830927383,blocked-shot,5,15.811388300841896,3.162277660168379,0,0,0
2023020004,9,2,265,missed-shot,-81.0,4.0,8.94427190999916,26.56505117707799,shot-on-goal,40,17.46424919657298,0.43660622991432446,0,1,0
2023020004,9,2,277,shot-on-goal,-87.0,-3.0,3.605551275463989,-56.309932474020215,blocked-shot,11,164.14932226482082,14.922665660438257,0,1,0
2023020004,9,2,285,missed-shot,-49.0,14.0,42.37924020083418,19.290046219188735,shot-on-goal,8,41.6293165929973,5.203664574124662,0,1,0
2023020004,9,2,362,shot-on-goal,-37.0,-38.0,64.40496875241847,-36.15818543980833,hit,11,10.04987562112089,0.9136250564655355,0,0,0
2023020004,9,2,393,shot-on-goal,-80.0,5.0,10.295630140987,29.054604099077146,faceoff,29,29.154759474226502,1.0053365335940172,0,1,0
2023020004,9,2,415,shot-on-goal,-29.0,15.0,61.84658438426491,14.036243467926479,shot-on-goal,22,51.97114584074513,2.3623248109429604,0,0,0
2023020004,9,2,450,blocked-shot,-70.0,4.0,19.4164878389476,11.888658039627975,faceoff,29,18.027756377319946,0.6216467716317223,0,0,0
2023020004,9,2,496,shot-on-goal,-64.0,36.0,43.829214001622255,55.22216863363612,blocked-shot,46,32.55764119219941,0.7077748085260742,0,0,0
2023020004,9,2,542,shot-on-goal,-65.0,-19.0,30.610455730027933,-38.36748538486154,giveaway,1,8.602325267042627,8.602325267042627,0,0,0
2023020004,12,2,583,blocked-shot,62.0,-26.0,37.48332962798263,-43.91907581333932,hit,9,117.61377470347595,13.068197189275105,0,0,0
2023020004,12,2,585,shot-on-goal,84.0,-37.0,37.33630940518894,-82.30394827798344,blocked-shot,2,24.596747752497688,12.298373876248844,0,0,0
2023020004,9,2,593,missed-shot,-79.0,4.0,10.770329614269007,21.80140948635181,shot-on-goal,8,168.0773631397161,21.009670392464514,0,1,0
2023020004,12,2,622,missed-shot,60.0,19.0,34.66987164671943,33.231711067979354,faceoff,5,9.486832980505138,1.8973665961010275,0,0,0
2023020004,12,2,638,shot-on-goal,47.0,-8.0,42.7551166528639,-10.7842978675626,missed-shot,16,29.966648127543394,1.8729155079714621,0,1,0
2023020004,9,2,692,shot-on-goal,92.0,-28.0,28.160255680657446,-96.11550356628541,hit,19,54.08326913195984,2.8464878490505177,0,0,0
2023020004,12,2,712,shot-on-goal,68.0,-25.0,32.64965543462902,-49.9697407281103,shot-on-goal,20,24.186773244895647,1.2093386622447824,0,0,0
2023020004,12,2,742,blocked-shot,69.0,-26.0,32.802438933713454,-52.43140797117251,shot-on-goal,30,1.4142135623730951,0.047140452079103175,0,0,0
2023020004,12,2,778,blocked-shot,73.0,-3.0,16.278820596099706,-10.619655276155134,hit,4,31.11269837220809,7.7781745930520225,0,1,0
2023020004,12,2,786,blocked-shot,79.0,4.0,10.770329614269007,21.80140948635181,blocked-shot,8,9.219544457292887,1.1524430571616109,0,1,0
2023020004,12,2,813,shot-on-goal,48.0,28.0,49.64876634922564,34.33021719550332,blocked-shot,27,39.20459156782532,1.4520219099194562,0,0,0
2023020004,12,2,849,shot-on-goal,86.0,10.0,10.44030650891055,73.30075576600639,hit,8,157.2895419282541,19.661192741031762,0,0,0
2023020004,12,2,880,shot-on-goal,78.0,24.0,26.40075756488817,65.37643521383639,shot-on-goal,31,16.1245154965971,0.5201456611805516,0,0,0
2023020004,12,2,885,shot-on-goal,43.0,37.0,59.033888572581766,38.8113840367584,faceoff,4,30.01666203960727,7.504165509901817,0,0,0
2023020004,12,2,887,missed-shot,64.0,11.0,27.313000567495326,23.74949449286676,faceoff,1,12.083045973594572,12.083045973594572,0,0,0
2023020004,12,2,915,shot-on-goal,44.0,-40.0,60.207972893961475,-41.6335393365702,missed-shot,28,54.78138369920935,1.9564779892574768,0,1,0
2023020004,12,2,920,blocked-shot,77.0,32.0,34.17601498127012,69.44395478041653,shot-on-goal,5,79.20227269466452,15.840454538932903,0,1,0
2023020004,12,2,985,shot-on-goal,30.0,-8.0,59.53990258641679,-7.721825800130975,giveaway,15,49.24428900898052,3.2829526005987018,0,1,0
2023020004,12,2,997,shot-on-goal,58.0,11.0,32.89376840679705,19.536654938128386,shot-on-goal,12,33.83784863137726,2.8198207192814384,0,1,0
2023020004,9,2,1014,missed-shot,-79.0,9.0,13.45362404707371,41.98721249581666,shot-on-goal,17,137.01459776242822,8.059682221319306,0,0,0
2023020004,12,2,1041,shot-on-goal,68.0,-10.0,23.259406699226016,-25.463345061871614,hit,3,97.16480844420988,32.38826948140329,0,0,0
2023020004,12,2,1048,missed-shot,91.0,-29.0,29.068883707497267,-93.94518622903756,shot-on-goal,7,29.832867780352597,4.2618382543360855,0,0,0
2023020004,12,2,1065,missed-shot,31.0,-10.0,58.855755878248644,-9.782407031807287,missed-shot,17,62.93647591023825,3.7021456417787206,0,0,0
2023020004,12,2,1066,missed-shot,78.0,23.0,25.495097567963924,64.4400348281762,missed-shot,1,57.42821606144492,57.42821606144492,0,1,0
2023020004,12,2,1070,blocked-shot,32.0,-38.0,68.5054742338158,-33.690067525979785,missed-shot,4,76.40026177965623,19.10006544491406,0,1,0
2023020004,12,2,1077,goal,74.0,-31.0,34.438350715445125,-64.17900802581072,blocked-shot,7,42.579337712087536,6.082762530298219,0,0,1
2023020004,12,2,1084,shot-on-goal,72.0,-27.0,31.906112267087632,-57.804266065286754,faceoff,7,76.89603370785778,10.985147672551111,0,0,0
2023020004,12,2,1095,shot-on-goal,86.0,6.0,6.708203932499369,63.43494882292201,giveaway,2,32.69556544854363,16.347782724271816,0,0,0
2023020004,12,2,1121,blocked-shot,84.0,-2.0,5.385164807134504,-21.80140948635181,faceoff,22,28.30194339616981,1.2864519725531733,0,1,0
2023020004,12,2,1170,shot-on-goal,43.0,-24.0,51.884487084291386,-27.5528115767178,faceoff,42,52.839379254491625,1.2580804584402767,0,1,0
2023020004,9,2,1199,missed-shot,-85.0,6.0,7.211102550927978,56.309932474020215,hit,5,106.23088063270491,21.24617612654098,0,0,0
2023020004,12,3,20,goal,-75.0,1.0,14.035668847618199,4.085616779974877,faceoff,20,75.0066663703967,3.750333318519835,0,0,1
2023020004,9,3,41,shot-on-goal,81.0,18.0,19.697715603592208,66.03751102542182,faceoff,21,82.97590011563598,3.9512333388398084,0,0,0
2023020004,9,3,65,shot-on-goal,79.0,22.0,24.166091947189145,65.55604521958347,faceoff,11,82.00609733428362,7.455099757662148,0,0,0
2023020004,9,3,152,blocked-shot,46.0,21.0,47.853944456021594,26.02959219151346,shot-on-goal,87,33.015148038438355,0.3794844602119351,0,0,0
2023020004,9,3,154,blocked-shot,71.0,0.0,18.0,0.0,blocked-shot,2,32.64965543462902,16.32482771731451,0,0,0
2023020004,12,3,165,blocked-shot,-38.0,0.0,51.0,0.0,faceoff,8,109.23827168167757,13.654783960209697,0,0,0
2023020004,12,3,166,missed-shot,-70.0,13.0,23.021728866442675,34.38034472384487,blocked-shot,1,34.539832078341085,34.539832078341085,0,0,0
2023020004,9,3,173,missed-shot,68.0,27.0,34.20526275297414,52.1250163489018,missed-shot,7,138.70832707519762,19.815475296456803,0,0,0
2023020004,12,3,199,shot-on-goal,-34.0,36.0,65.73431371817918,33.20657031508953,faceoff,9,67.7421582177598,7.526906468639977,0,1,0
2023020004,9,3,214,shot-on-goal,56.0,-29.0,43.93176527297759,-41.30861401354873,faceoff,8,125.19584657647394,15.649480822059243,0,0,0
2023020004,12,3,246,missed-shot,-73.0,-3.0,16.278820596099706,-10.619655276155134,shot-on-goal,32,131.59407281484982,4.112314775464057,0,0,0
2023020004,12,3,248,missed-shot,-91.0,-13.0,13.152946437965905,-98.74616226255522,missed-shot,2,20.591260281974,10.295630140987,0,0,0
2023020004,12,3,253,blocked-shot,-71.0,-11.0,21.095023109728988,-31.429565614838516,missed-shot,5,20.09975124224178,4.019950248448356,0,0,0
2023020004,12,3,271,shot-on-goal,-52.0,4.0,37.21558813185679,6.170175095029609,blocked-shot,18,24.20743687382041,1.3448576041011338,0,1,0
2023020004,12,3,306,blocked-shot,-54.0,4.0,35.22782990761707,6.519801751656986,faceoff,27,23.430749027719962,0.8678055195451838,0,0,0
2023020004,9,3,314,goal,76.0,1.0,13.038404810405298,4.398705354995532,blocked-shot,8,130.034610777285,16.254326347160625,0,0,1
2023020004,12,3,336,missed-shot,-58.0,-7.0,31.78049716414141,-12.724355685422369,faceoff,22,58.42088667591412,2.655494848905187,0,0,0
2023020004,9,3,349,goal,78.0,21.0,23.706539182259394,62.35402463626132,giveaway,3,126.28935030318273,42.09645010106091,0,0,1
2023020004,12,3,373,shot-on-goal,-56.0,-14.0,35.84689665786984,-22.98871680208064,faceoff,8,57.723478758647246,7.215434844830906,0,0,0
2023020004,12,3,445,blocked-shot,-73.0,13.0,20.615528128088304,39.0938588862295,giveaway,1,27.459060435491963,27.459060435491963,0,1,0
2023020004,12,3,447,missed-shot,-84.0,8.0,9.433981132056603,57.9946167919165,blocked-shot,2,12.083045973594572,6.041522986797286,0,0,0
2023020004,12,3,471,goal,-47.0,-35.0,54.67174773134658,-39.80557109226519,takeaway,5,44.553338819890925,8.910667763978186,0,1,1
2023020004,9,3,491,missed-shot,80.0,-36.0,37.107950630558946,-75.96375653207353,faceoff,20,87.72684879784524,4.386342439892262,0,0,0
2023020004,12,3,500,shot-on-goal,-79.0,12.0,15.620499351813308,50.19442890773481,missed-shot,9,166.0873264279969,18.454147380888546,0,1,0
2023020004,12,3,525,blocked-shot,-61.0,-21.0,35.0,-36.86989764584402,hit,8,23.430749027719962,2.9288436284649952,0,0,0
2023020004,9,3,640,shot-on-goal,40.0,-5.0,49.25444142409901,-5.826342029555775,giveaway,61,45.31004303683677,0.7427875907678159,0,1,0
2023020004,12,3,665,goal,-72.0,-4.0,17.46424919657298,-13.240519915187205,hit,10,107.83784122468327,10.783784122468328,0,0,1
2023020004,12,3,669,shot-on-goal,-41.0,-30.0,56.60388679233962,-32.005383208083494,faceoff,4,50.80354318352215,12.700885795880538,0,0,0
2023020004,12,3,781,missed-shot,-79.0,-3.0,10.44030650891055,-16.69924423399362,hit,16,37.21558813185679,2.3259742582410494,0,0,0
2023020004,12,3,845,shot-on-goal,-57.0,33.0,45.967379738244816,45.88140399658214,giveaway,13,5.0,0.38461538461538464,0,0,0
2023020004,12,3,990,missed-shot,-75.0,-35.0,37.69615364994153,-68.19859051364818,giveaway,43,169.5228598154243,3.942392088730798,0,1,0
2023020004,12,3,1039,shot-on-goal,-75.0,12.0,18.439088914585774,40.60129464500447,hit,9,25.553864678361276,2.8393182975956974,0,1,0
2023020004,9,3,1098,shot-on-goal,48.0,21.0,46.06517122512408,27.121303404158663,faceoff,55,124.65151423067431,2.266391167830442,0,1,0
2023020004,9,3,1151,shot-on-goal,91.0,10.0,10.198039027185569,101.30993247402021,takeaway,3,60.0,20.0,0,1,0
2023020004,9,3,1167,missed-shot,56.0,27.0,42.638011210655684,39.28940686250036,shot-on-goal,16,38.91015291668744,2.431884557292965,0,0,0
2023020004,9,3,1177,shot-on-goal,55.0,22.0,40.496913462633174,32.9052429229879,hit,1,58.42088667591412,58.42088667591412,0,1,0
2023020008,21,1,31,shot-on-goal,37.0,-24.0,57.271284253105414,-24.77514056883192,hit,1,39.0,39.0,0,0,0
2023020008,21,1,46,missed-shot,76.0,-22.0,25.553864678361276,-59.42077312751099,shot-on-goal,15,39.05124837953327,2.6034165586355513,0,0,0
2023020008,21,1,69,missed-shot,68.0,12.0,24.186773244895647,29.74488129694222,hit,8,31.144823004794873,3.893102875599359,0,0,0
2023020008,26,1,104,shot-on-goal,-49.0,-38.0,55.17245689653489,-43.53119928561418,hit,9,40.19950248448356,4.46661138716484,0,0,0
2023020008,26,1,114,shot-on-goal,-49.0,-17.0,43.46262762420146,-23.025492008528037,faceoff,8,20.615528128088304,2.576941016011038,0,0,0
2023020008,26,1,117,shot-on-goal,-86.0,6.0,6.708203932499369,63.43494882292201,hit,2,31.76476034853718,15.88238017426859,0,1,0
2023020008,26,1,121,missed-shot,-58.0,5.0,31.400636936215164,9.16234704572171,shot-on-goal,4,28.0178514522438,7.00446286306095,0,0,0
2023020008,26,1,128,blocked-shot,-74.0,5.0,15.811388300841896,18.43494882292201,missed-shot,7,16.0,2.2857142857142856,0,0,0
2023020008,21,1,216,shot-on-goal,28.0,15.0,62.81719509815764,13.815025341261611,hit,47,70.11419257183242,1.4917913313155833,0,0,0
2023020008,21,1,222,missed-shot,31.0,-29.0,64.8459713474939,-26.56505117707799,faceoff,3,63.60031446463138,21.200104821543793,0,1,0
2023020008,26,1,235,missed-shot,-85.0,-12.0,12.649110640673518,-71.56505117707799,faceoff,11,154.3243337908834,14.02948489008031,0,0,0
2023020008,26,1,257,blocked-shot,-65.0,-20.0,31.240998703626616,-39.80557109226519,missed-shot,22,21.540659228538015,0.9791208740244552,0,0,0
2023020008,26,1,287,shot-on-goal,-36.0,-29.0,60.41522986797286,-28.68614757373944,faceoff,2,33.734255586866,16.867127793433,0,0,0
2023020008,26,1,314,missed-shot,-83.0,7.0,9.219544457292887,49.398705354995535,shot-on-goal,27,59.20304046246274,2.1927052023134346,0,1,0
2023020008,26,1,329,shot-on-goal,-83.0,3.0,6.708203932499369,26.56505117707799,missed-shot,15,4.0,0.26666666666666666,0,0,0
2023020008,26,1,333,blocked-shot,-50.0,4.0,39.20459156782532,5.856013585428958,faceoff,3,32.202484376209235,10.734161458736411,0,1,0
2023020008,26,1,389,shot-on-goal,-73.0,30.0,34.0,61.92751306414704,takeaway,30,41.617304093369626,1.3872434697789875,0,1,0
2023020008,21,1,445,goal,74.0,-10.0,18.027756377319946,-33.690067525979785,takeaway,24,59.53990258641679,2.480829274434033,0,0,1
2023020008,26,1,485,blocked-shot,-87.0,10.0,10.198039027185569,78.69006752597979,hit,31,59.16924876994806,1.908685444191873,0,0,0
2023020008,26,1,492,missed-shot,-48.0,6.0,41.43669871020132,8.325650330426836,hit,6,50.35871324805669,8.393118874676114,0,0,0
2023020008,26,1,522,blocked-shot,-79.0,1.0,10.04987562112089,5.710593137499642,missed-shot,30,31.400636936215164,1.0466878978738388,0,0,0
2023020008,26,1,527,blocked-shot,-76.0,-1.0,13.038404810405298,-4.398705354995532,blocked-shot,5,3.605551275463989,0.7211102550927978,0,1,0
2023020008,21,1,636,shot-on-goal,46.0,16.0,45.880278987817846,20.409882833803987,faceoff,4,44.41846462902562,11.104616157256405,0,1,0
2023020008,21,1,673,blocked-shot,85.0,6.0,7.211102550927978,56.309932474020215,shot-on-goal,37,40.26164427839479,1.088152548064724,0,0,0
2023020008,21,1,681,missed-shot,87.0,-7.0,7.280109889280518,-74.05460409907715,blocked-shot,8,13.152946437965905,1.6441183047457382,0,1,0
2023020008,21,1,760,missed-shot,42.0,-16.0,49.64876634922564,-18.799885158652657,faceoff,64,27.65863337187866,0.4321661464356041,0,0,0
2023020008,21,1,761,shot-on-goal,88.0,-9.0,9.055385138137417,-83.6598082540901,missed-shot,1,46.52956049652737,46.52956049652737,0,0,0
2023020008,26,1,778,blocked-shot,-66.0,2.0,23.08679276123039,4.969740728110304,faceoff,9,24.186773244895647,2.6874192494328497,0,1,0
2023020008,26,1,780,shot-on-goal,-82.0,8.0,10.63014581273465,48.81407483429036,blocked-shot,2,17.08800749063506,8.54400374531753,0,0,0
2023020008,21,1,819,blocked-shot,72.0,22.0,27.80287754891569,52.30575953331083,giveaway,4,134.61797799699713,33.65449449924928,0,1,0
2023020008,26,1,893,shot-on-goal,-91.0,7.0,7.280109889280518,105.94539590092286,hit,7,41.43669871020132,5.919528387171617,0,1,0
2023020008,21,1,962,shot-on-goal,73.0,20.0,25.612496949731394,51.34019174590991,faceoff,61,142.01408380861386,2.3280997345674406,0,0,0
2023020008,21,1,966,missed-shot,79.0,-11.0,14.866068747318506,-47.72631099390627,shot-on-goal,4,31.575306807693888,7.893826701923472,0,1,0
2023020008,21,1,1036,shot-on-goal,75.0,-13.0,19.1049731745428,-42.87890360333855,faceoff,10,76.11832893594026,7.611832893594025,0,0,0
2023020008,21,1,1037,shot-on-goal,75.0,0.0,14.0,0.0,giveaway,1,18.35755975068582,18.35755975068582,0,0,0
2023020008,21,1,1068,blocked-shot,62.0,12.0,29.546573405388315,23.962488974578186,hit,11,10.816653826391969,0.9833321660356336,0,0,0
2023020008,26,1,1089,shot-on-goal,-65.0,2.0,24.08318915758459,4.763641690726178,blocked-shot,3,25.079872407968907,8.35995746932297,0,0,0
2023020008,26,1,1106,blocked-shot,-72.0,-4.0,17.46424919657298,-13.240519915187205,faceoff,2,18.24828759089466,9.12414379544733,0,0,0
2023020008,26,1,1110,blocked-shot,-70.0,12.0,22.47220505424423,32.27564431457763,blocked-shot,4,16.1245154965971,4.031128874149275,0,1,0
2023020008,26,1,1138,shot-on-goal,-85.0,17.0,17.46424919657298,76.7594800848128,faceoff,12,86.68333173107735,7.223610977589779,0,0,0
2023020008,26,1,1152,shot-on-goal,-28.0,3.0,61.07372593840988,2.815556684211228,shot-on-goal,14,58.69412236331676,4.192437311665483,0,0,0
2023020008,21,1,1184,shot-on-goal,72.0,-20.0,26.248809496813376,-49.635463426902646,takeaway,20,56.639209034025185,2.831960451701259,0,1,0
2023020008,26,2,36,shot-on-goal,58.0,15.0,34.438350715445125,25.82099197418928,hit,2,21.02379604162864,10.51189802081432,0,1,0
2023020008,21,2,56,blocked-shot,-63.0,22.0,34.058772731852805,40.23635830927382,hit,13,128.3627671873741,9.874059014413392,0,1,0
2023020008,26,2,63,shot-on-goal,49.0,38.0,55.17245689653489,43.53119928561418,blocked-shot,7,113.13708498984761,16.162440712835373,0,0,0
2023020008,26,2,117,blocked-shot,54.0,-15.0,38.07886552931954,-23.19859051364819,hit,8,62.64982043070834,7.831227553838542,0,1,0
2023020008,26,2,135,shot-on-goal,79.0,9.0,13.45362404707371,41.98721249581666,blocked-shot,18,34.655446902326915,1.9253026056848286,0,1,0
2023020008,21,2,174,goal,-49.0,11.0,41.48493702538308,15.376251248826188,faceoff,30,22.825424421026653,0.7608474807008885,0,0,1
2023020008,21,2,189,shot-on-goal,-53.0,13.0,38.27531841800928,19.855214369321057,hit,10,51.03920062069938,5.103920062069938,0,0,0
2023020008,21,2,197,shot-on-goal,-30.0,-31.0,66.64833081180653,-27.718501628183358,faceoff,6,65.80273550544841,10.967122584241402,0,1,0
2023020008,26,2,207,shot-on-goal,14.0,-13.0,76.11832893594026,-9.833563964207116,faceoff,8,83.48652585896721,10.435815732370902,0,0,0
2023020008,21,2,221,blocked-shot,-82.0,13.0,14.7648230602334,61.69924423399363,faceoff,11,151.2679741386127,13.751634012601153,0,0,0
2023020008,21,2,227,goal,-83.0,-20.0,20.8806130178211,-73.30075576600639,blocked-shot,6,33.015148038438355,5.502524673073059,0,1,1
2023020008,26,2,247,shot-on-goal,31.0,-22.0,62.03224967708329,-20.77225468204583,hit,12,127.66362050325849,10.638635041938207,0,0,0
2023020008,21,2,278,missed-shot,-87.0,14.0,14.142135623730951,81.86989764584403,faceoff,23,156.20499351813308,6.791521457310134,0,0,0
2023020008,21,2,278,shot-on-goal,-80.0,19.0,21.02379604162864,64.6538240580533,missed-shot,0,8.602325267042627,0.0,0,0,0
2023020008,21,2,289,shot-on-goal,-41.0,6.0,48.373546489791295,7.125016348901798,shot-on-goal,11,41.10960958218893,3.7372372347444482,0,0,0
2023020008,21,2,318,shot-on-goal,-54.0,-21.0,40.8166632639171,-30.96375653207352,hit,14,62.76941930590086,4.48352995042149,0,1,0
2023020008,21,2,365,blocked-shot,-65.0,-10.0,26.0,-22.619864948040426,faceoff,7,137.7679207943562,19.681131542050885,0,1,0
2023020008,26,2,378,goal,80.0,6.0,10.816653826391969,33.690067525979785,hit,3,18.384776310850235,6.128258770283412,0,0,1
2023020008,21,2,426,blocked-shot,-44.0,18.0,48.46648326421054,21.80140948635181,giveaway,17,77.1621668954417,4.538950993849512,0,0,0
2023020008,26,2,453,shot-on-goal,35.0,-11.0,55.10898293381942,-11.513831184487012,faceoff,3,47.38143096192854,15.793810320642846,0,1,0
2023020008,26,2,472,shot-on-goal,72.0,17.0,24.041630560342615,45.0,shot-on-goal,19,46.400431032480725,2.442127949077933,0,1,0
2023020008,26,2,480,shot-on-goal,82.0,4.0,8.06225774829855,29.74488129694222,shot-on-goal,8,16.401219466856727,2.050152433357091,0,0,0
2023020008,26,2,500,shot-on-goal,64.0,-11.0,27.313000567495326,-23.74949449286676,giveaway,2,42.20189569201838,21.10094784600919,0,1,0
2023020008,26,2,519,missed-shot,83.0,-8.0,10.0,-53.13010235415598,faceoff,17,19.79898987322333,1.1646464631307842,0,0,0
2023020008,21,2,680,missed-shot,-47.0,-6.0,42.42640687119285,-8.13010235415598,faceoff,26,35.608987629529715,1.3695764472896044,0,1,0
2023020008,21,2,682,shot-on-goal,-84.0,-3.0,5.830951894845301,-30.96375653207352,missed-shot,2,37.12142238654117,18.560711193270585,0,0,0
2023020008,21,2,683,shot-on-goal,-85.0,4.0,5.656854249492381,45.0,shot-on-goal,1,7.0710678118654755,7.0710678118654755,1,1,0
2023020008,21,2,684,shot-on-goal,-85.0,2.0,4.47213595499958,26.56505117707799,shot-on-goal,1,2.0,2.0,1,0,0
2023020008,21,2,693,blocked-shot,-79.0,4.0,10.770329614269007,21.80140948635181,faceoff,8,27.85677655436824,3.48209706929603,0,1,0
2023020008,21,2,714,shot-on-goal,-40.0,-2.0,49.040799340956916,-2.33730585912382,blocked-shot,21,39.45883931389772,1.8789923482808437,0,1,0
2023020008,21,2,719,shot-on-goal,-30.0,2.0,59.033888572581766,1.9414863909143774,shot-on-goal,5,10.770329614269007,2.1540659228538015,0,1,0
2023020008,26,2,834,blocked-shot,80.0,8.0,12.041594578792296,41.6335393365702,giveaway,56,173.27723451163456,3.094236330564903,0,0,0
2023020008,26,2,866,shot-on-goal,44.0,0.0,45.0,0.0,faceoff,13,33.301651610693426,2.5616655085148787,0,0,0
2023020008,21,2,925,shot-on-goal,-28.0,41.0,73.49829930005184,33.90627698844215,giveaway,1,38.05259518088089,38.05259518088089,0,0,0
2023020008,26,2,960,shot-on-goal,40.0,11.0,50.21951811795888,12.65255650055797,faceoff,33,109.55363982999378,3.319807267575569,0,0,0
2023020008,26,2,1007,shot-on-goal,52.0,3.0,37.12142238654117,4.635463426902643,shot-on-goal,47,14.422205101855956,0.3068554276990629,0,0,0
2023020008,21,2,1033,shot-on-goal,-68.0,-27.0,34.20526275297414,-52.1250163489018,hit,0,42.44997055358225,0.0,0,0,0
2023020008,26,2,1050,missed-shot,51.0,22.0,43.9089968002003,30.068582821862453,shot-on-goal,17,128.69343417595164,7.570202010350096,0,1,0
2023020008,21,2,1088,blocked-shot,-75.0,-6.0,15.231546211727817,-23.19859051364819,missed-shot,38,129.07362240210043,3.396674273739485,0,1,0
2023020008,26,2,1107,shot-on-goal,56.0,0.0,33.0,0.0,blocked-shot,19,131.13733259449805,6.901964873394634,0,0,0
2023020008,21,2,1132,blocked-shot,-68.0,-2.0,21.095023109728988,-5.440332031005506,hit,7,55.226805085936306,7.889543583705186,0,1,0
2023020008,26,2,1155,shot-on-goal,86.0,7.0,7.615773105863909,66.80140948635182,blocked-shot,23,154.26276284314372,6.707076645354075,0,1,0
2023020008,26,2,1156,shot-on-goal,76.0,4.0,13.601470508735444,17.102728969052375,shot-on-goal,1,10.44030650891055,10.44030650891055,1,0,0
2023020008,26,2,1174,shot-on-goal,67.0,-28.0,35.608987629529715,-51.84277341263094,hit,10,107.93516572461452,10.793516572461453,0,1,0
2023020008,26,2,1195,shot-on-goal,5.0,1.0,84.00595217006948,0.682060393172652,faceoff,6,5.0990195135927845,0.8498365855987974,0,0,0
2023020008,26,2,1195,goal,75.0,10.0,17.204650534085253,35.53767779197438,shot-on-goal,0,70.57619995437555,0.0,1,0,1
2023020008,26,3,9,missed-shot,-37.0,35.0,62.68173577685928,33.94358701975181,giveaway,0,68.47627326307996,0.0,0,0,0
2023020008,26,3,19,blocked-shot,-57.0,16.0,35.77708763999664,26.56505117707799,missed-shot,10,27.586228448267445,2.7586228448267445,0,0,0
2023020008,21,3,56,blocked-shot,63.0,-5.0,26.476404589747453,-10.885527054658738,hit,9,161.24515496597098,17.916128329552333,0,1,0
2023020008,21,3,62,shot-on-goal,40.0,33.0,59.07622195096772,33.95905981967627,faceoff,4,31.016124838541646,7.754031209635412,0,0,0
2023020008,26,3,73,missed-shot,-80.0,-17.0,19.235384061671343,-62.10272896905237,faceoff,9,154.0194792875239,17.113275476391543,0,1,0
2023020008,26,3,155,blocked-shot,-78.0,2.0,11.180339887498949,10.304846468766033,faceoff,10,25.632011235952593,2.563201123595259,0,1,0
2023020008,26,3,198,shot-on-goal,-81.0,0.0,8.0,0.0,giveaway,20,15.132745950421556,0.7566372975210778,0,0,0
2023020008,26,3,238,blocked-shot,-84.0,3.0,5.830951894845301,30.96375653207352,shot-on-goal,40,4.242640687119285,0.10606601717798211,0,0,0
2023020008,26,3,240,shot-on-goal,-83.0,-11.0,12.529964086141668,-61.38954033403479,blocked-shot,2,14.035668847618199,7.0178344238090995,0,1,0
2023020008,26,3,249,blocked-shot,-58.0,5.0,31.400636936215164,9.16234704572171,giveaway,5,39.20459156782532,7.840918313565064,0,0,0
2023020008,26,3,277,blocked-shot,-75.0,-13.0,19.1049731745428,-42.87890360333855,blocked-shot,28,24.758836806279895,0.8842441716528534,0,1,0
2023020008,21,3,299,goal,71.0,11.0,21.095023109728988,31.429565614838516,hit,17,149.05032707109368,8.767666298299629,0,0,1
2023020008,26,3,397,blocked-shot,-74.0,3.0,15.297058540778355,11.309932474020213,hit,9,120.41594578792295,13.379549531991438,0,1,0
2023020008,26,3,409,blocked-shot,-76.0,3.0,13.341664064126334,12.994616791916505,giveaway,10,22.360679774997898,2.23606797749979,0,0,0
2023020008,26,3,417,blocked-shot,-81.0,-1.0,8.06225774829855,-7.125016348901798,blocked-shot,8,6.4031242374328485,0.8003905296791061,0,1,0
2023020008,26,3,425,shot-on-goal,-76.0,24.0,27.294688127912362,61.55707137563666,blocked-shot,8,25.495097567963924,3.1868871959954905,0,1,0
2023020008,21,3,434,shot-on-goal,11.0,-9.0,78.5175139698144,-6.581944655178011,shot-on-goal,9,93.04837451562494,10.338708279513883,0,1,0
2023020008,21,3,449,shot-on-goal,47.0,-18.0,45.69463863518345,-23.19859051364819,shot-on-goal,15,37.107950630558946,2.4738633753705965,0,0,0
2023020008,21,3,461,shot-on-goal,41.0,3.0,48.093658625644196,3.576334374997351,giveaway,2,37.36308338453881,18.681541692269406,0,0,0
2023020008,21,3,468,shot-on-goal,51.0,-5.0,38.3275357934736,-7.49585763972986,shot-on-goal,7,12.806248474865697,1.8294640678379568,0,1,0
2023020008,21,3,530,shot-on-goal,65.0,8.0,25.298221281347036,18.43494882292201,shot-on-goal,62,19.1049731745428,0.30814472862165804,0,1,0
2023020008,26,3,544,blocked-shot,-69.0,-3.0,20.223748416156685,-8.530765609948133,shot-on-goal,14,134.45073447177595,9.603623890841138,0,1,0
2023020008,26,3,549,shot-on-goal,-77.0,13.0,17.69180601295413,47.290610042638534,blocked-shot,5,17.88854381999832,3.577708763999664,0,1,0
2023020008,21,3,604,missed-shot,36.0,5.0,53.23532661682466,5.389311759973409,hit,26,65.39113089708727,2.5150434960418178,0,1,0
2023020008,21,3,606,shot-on-goal,80.0,7.0,11.40175425099138,37.874983651098205,missed-shot,2,44.04543109109048,22.02271554554524,0,0,0
2023020008,21,3,614,shot-on-goal,65.0,-6.0,24.73863375370596,-14.036243467926479,faceoff,5,28.284271247461902,5.656854249492381,0,1,0
2023020008,26,3,631,missed-shot,-70.0,-38.0,42.485291572496,-63.43494882292201,shot-on-goal,17,138.74076545846214,8.161221497556596,0,0,0
2023020008,26,3,635,missed-shot,-59.0,38.0,48.41487374764082,51.70983680775693,missed-shot,4,76.79192665899195,19.19798166474799,0,1,0
2023020008,26,3,655,blocked-shot,-66.0,28.0,36.235341863986875,50.59933933652057,faceoff,13,6.708203932499369,0.5160156871153361,0,0,0
2023020008,21,3,676,shot-on-goal,33.0,-32.0,64.4980619863884,-29.74488129694222,hit,17,123.8789731956154,7.286998423271494,0,1,0
2023020008,26,3,704,missed-shot,-83.0,12.0,13.416407864998739,63.43494882292201,faceoff,25,155.7562197795003,6.230248791180012,0,1,0
2023020008,21,3,724,blocked-shot,76.0,15.0,19.849433241279208,49.08561677997488,missed-shot,20,159.02829936838285,7.951414968419142,0,0,0
2023020008,21,3,797,shot-on-goal,83.0,-9.0,10.816653826391969,-56.309932474020215,hit,67,33.61547262794322,0.501723472058854,0,1,0
2023020008,21,3,799,shot-on-goal,79.0,2.0,10.198039027185569,11.309932474020213,shot-on-goal,2,11.704699910719626,5.852349955359813,1,1,0
2023020008,26,3,824,missed-shot,-65.0,-15.0,28.30194339616981,-32.005383208083494,hit,4,87.32124598286491,21.830311495716227,0,1,0
2023020008,21,3,840,shot-on-goal,82.0,1.0,7.0710678118654755,8.13010235415598,missed-shot,16,147.8681845428556,9.241761533928475,0,1,0
2023020008,21,3,854,blocked-shot,54.0,2.0,35.05709628591621,3.2704879231835653,faceoff,12,28.30194339616981,2.358495283014151,0,1,0
2023020008,26,3,861,shot-on-goal,-70.0,37.0,41.593268686170845,62.81888891452278,blocked-shot,7,128.84486796143648,18.40640970877664,0,0,0
2023020008,26,3,908,blocked-shot,-56.0,20.0,38.58756276314948,31.218402764346376,shot-on-goal,47,22.02271554554524,0.4685684158626647,0,0,0
2023020008,26,3,959,blocked-shot,-75.0,16.0,21.2602916254693,48.81407483429036,faceoff,1,8.48528137423857,8.48528137423857,0,0,0
2023020008,21,3,968,goal,61.0,1.0,28.0178514522438,2.0454084888872277,blocked-shot,9,136.82470537150812,15.20274504127868,0,0,1
2023020008,26,3,1057,shot-on-goal,-83.0,-14.0,15.231546211727817,-66.80140948635182,faceoff,89,84.17244204607586,0.9457577757986051,0,0,0
2023020008,26,3,1073,missed-shot,-51.0,-3.0,38.118237105091836,-4.513988458001263,faceoff,14,26.1725046566048,1.8694646183289143,0,0,0
2023020008,21,3,1127,blocked-shot,78.0,10.0,14.866068747318506,42.27368900609374,faceoff,33,150.44268011438774,4.558869094375386,0,1,0
2023020003,55,1,14,missed-shot,29.0,-4.0,60.13318551349163,-3.8140748342903543,faceoff,2,47.70744176750625,23.853720883753127,0,1,0
2023020003,55,1,43,blocked-shot,69.0,0.0,20.0,0.0,giveaway,1,39.21734310225516,39.21734310225516,0,0,0
2023020003,55,1,67,shot-on-goal,74.0,25.0,29.154759474226502,59.03624346792648,faceoff,13,94.04786015641186,7.234450781262451,0,0,0
2023020003,55,1,69,shot-on-goal,87.0,-5.0,5.385164807134504,-68.19859051364818,shot-on-goal,2,32.69556544854363,16.347782724271816,1,1,0
2023020003,55,1,71,shot-on-goal,68.0,12.0,24.186773244895647,29.74488129694222,shot-on-goal,2,25.495097567963924,12.747548783981962,1,1,0
2023020003,55,1,108,shot-on-goal,19.0,25.0,74.33034373659252,19.65382405805331,shot-on-goal,37,50.695167422546305,1.3701396600688192,0,0,0
2023020003,55,1,172,blocked-shot,86.0,-4.0,5.0,-53.13010235415598,takeaway,54,39.319206502675,0.7281334537532408,0,1,0
2023020003,55,1,188,missed-shot,54.0,3.0,35.12833614050059,4.899092453787765,blocked-shot,16,32.7566787083184,2.0472924192699,0,1,0
2023020003,55,1,290,missed-shot,58.0,11.0,32.89376840679705,19.536654938128386,hit,44,34.66987164671943,0.7879516283345325,0,0,0
2023020003,54,1,316,blocked-shot,-60.0,-20.0,35.22782990761707,-34.59228868750995,missed-shot,26,122.00409829181969,4.692465318916142,0,1,0
2023020003,55,1,398,blocked-shot,71.0,-16.0,24.08318915758459,-41.6335393365702,hit,1,49.658836071740545,49.658836071740545,0,1,0
2023020003,55,1,419,shot-on-goal,59.0,-19.0,35.510561809129406,-32.34744349944203,blocked-shot,21,12.36931687685298,0.5890150893739514,0,0,0
2023020003,54,1,436,goal,-83.0,7.0,9.219544457292887,49.398705354995535,shot-on-goal,17,144.3606594609487,8.491803497702865,0,1,1
2023020003,55,1,449,blocked-shot,64.0,-15.0,29.154759474226502,-30.96375653207352,faceoff,6,37.33630940518894,6.222718234198157,0,1,0
2023020003,55,1,451,blocked-shot,87.0,7.0,7.280109889280518,74.05460409907715,blocked-shot,2,31.827660925679098,15.913830462839549,0,1,0
2023020003,54,1,480,shot-on-goal,-52.0,2.0,37.05401462729781,3.0940580589171116,hit,8,47.16990566028302,5.896238207535378,0,1,0
2023020003,54,1,481,shot-on-goal,-76.0,5.0,13.92838827718412,21.037511025421818,shot-on-goal,1,24.186773244895647,24.186773244895647,1,0,0
2023020003,55,1,491,blocked-shot,74.0,34.0,37.16180835212409,66.19405648154229,shot-on-goal,10,152.7776161615307,15.277761616153068,0,0,0
2023020003,54,1,502,blocked-shot,-70.0,31.0,36.359317925395686,58.49573328079582,blocked-shot,11,144.03124660989366,13.093749691808513,0,0,0
2023020003,55,1,566,shot-on-goal,75.0,-7.0,15.652475842498529,-26.56505117707799,hit,26,37.589892258425,1.4457650868625,0,1,0
2023020003,55,1,568,blocked-shot,83.0,-3.0,6.708203932499369,-26.56505117707799,shot-on-goal,2,8.94427190999916,4.47213595499958,1,0,0
2023020003,54,1,578,blocked-shot,-43.0,-24.0,51.884487084291386,-27.5528115767178,blocked-shot,10,127.73801313626261,12.773801313626262,0,0,0
2023020003,55,1,599,shot-on-goal,67.0,-6.0,22.80350850198276,-15.255118703057777,blocked-shot,21,111.46299834474219,5.307761825940104,0,0,0
2023020003,55,1,601,missed-shot,84.0,-2.0,5.385164807134504,-21.80140948635181,shot-on-goal,2,17.46424919657298,8.73212459828649,1,0,0
2023020003,55,1,605,shot-on-goal,59.0,-27.0,40.36087214122113,-41.98721249581666,missed-shot,4,35.35533905932738,8.838834764831844,0,0,0
2023020003,55,1,613,blocked-shot,69.0,4.0,20.396078054371138,11.309932474020213,shot-on-goal,8,32.57299494980466,4.071624368725582,0,1,0
2023020003,54,1,628,missed-shot,-51.0,31.0,49.040799340956916,39.20720350496784,blocked-shot,15,123.0,8.2,0,0,0
2023020003,54,1,661,shot-on-goal,-70.0,2.0,19.1049731745428,6.009005957494525,takeaway,13,114.97825881443848,8.844481447264497,0,0,0
2023020003,54,1,677,shot-on-goal,-71.0,-5.0,18.681541692269406,-15.524110996754258,hit,4,27.459060435491963,6.864765108872991,0,0,0
2023020003,54,1,679,missed-shot,-86.0,-7.0,7.615773105863909,-66.80140948635182,shot-on-goal,2,15.132745950421556,7.566372975210778,1,0,0
2023020003,55,1,697,blocked-shot,73.0,-7.0,17.46424919657298,-23.629377730656817,hit,15,127.22421153223941,8.481614102149294,0,1,0
2023020003,55,1,720,shot-on-goal,38.0,-25.0,56.79788728465171,-26.11391263029071,blocked-shot,23,39.35733730830886,1.7111885786221241,0,0,0
2023020003,54,1,728,missed-shot,-87.0,-20.0,20.09975124224178,-84.28940686250037,shot-on-goal,8,125.09996003196804,15.637495003996005,0,0,0
2023020003,55,1,736,shot-on-goal,59.0,-37.0,47.634021455258214,-50.96448710125312,missed-shot,8,146.98639392814562,18.373299241018202,0,0,0
2023020003,55,1,740,blocked-shot,82.0,12.0,13.892443989449804,59.743562836470744,shot-on-goal,4,54.12947441089743,13.532368602724357,0,1,0
2023020003,54,1,747,shot-on-goal,-55.0,-17.0,38.01315561749642,-26.56505117707799,blocked-shot,7,140.03570973148243,20.005101390211774,0,1,0
2023020003,54,1,752,missed-shot,-71.0,21.0,27.65863337187866,49.398705354995535,faceoff,3,43.04648650006177,14.348828833353922,0,1,0
2023020003,55,1,805,shot-on-goal,62.0,-29.0,39.6232255123179,-47.04540848888723,missed-shot,53,142.08800090085018,2.6809056773745317,0,1,0
2023020003,55,1,818,blocked-shot,77.0,8.0,14.422205101855956,33.690067525979785,shot-on-goal,13,39.92492955535426,3.071148427334943,0,1,0
2023020003,55,1,820,shot-on-goal,83.0,-3.0,6.708203932499369,-26.56505117707799,blocked-shot,2,12.529964086141668,6.264982043070834,0,1,0
2023020003,55,1,824,shot-on-goal,67.0,22.0,31.11269837220809,45.0,shot-on-goal,4,29.68164415931166,7.420411039827915,0,1,0
2023020003,54,1,897,goal,-84.0,-7.0,8.602325267042627,-54.46232220802562,giveaway,0,15.524174696260024,0.0,0,0,1
2023020003,54,1,1069,shot-on-goal,-64.0,7.0,25.96150997149434,15.642246457208728,faceoff,50,52.69724850502159,1.0539449701004318,0,1,0
2023020003,54,1,1078,shot-on-goal,-82.0,0.0,7.0,0.0,shot-on-goal,9,19.313207915827967,2.145911990647552,0,0,0
2023020003,54,1,1171,shot-on-goal,-82.0,-4.0,8.06225774829855,-29.74488129694222,faceoff,24,105.26157893552613,4.385899122313589,0,1,0
2023020003,55,1,1182,missed-shot,61.0,22.0,35.608987629529715,38.15722658736906,giveaway,1,15.264337522473747,15.264337522473747,0,0,0
2023020003,54,2,23,shot-on-goal,83.0,-6.0,8.48528137423857,-45.0,hit,1,21.93171219946131,21.93171219946131,0,1,0
2023020003,54,2,80,goal,67.0,8.0,23.40939982143925,19.98310652189998,shot-on-goal,57,21.2602916254693,0.37298757237665436,0,1,1
2023020003,54,2,100,blocked-shot,73.0,23.0,28.0178514522438,55.175510843043206,hit,8,32.7566787083184,4.0945848385398,0,0,0
2023020003,54,2,114,shot-on-goal,76.0,22.0,25.553864678361276,59.42077312751099,blocked-shot,14,3.1622776601683795,0.22587697572631282,0,0,0
2023020003,54,2,140,shot-on-goal,34.0,24.0,60.00833275470999,23.574706201912615,shot-on-goal,26,42.04759208325728,1.61721508012528,0,0,0
2023020003,54,2,146,blocked-shot,49.0,2.0,40.049968789001575,2.8624052261117474,shot-on-goal,6,26.627053911388696,4.437842318564782,0,0,0
2023020003,55,2,176,blocked-shot,-51.0,25.0,45.48626166217664,33.340707346477004,blocked-shot,30,102.61091559868278,3.420363853289426,0,0,0
2023020003,55,2,194,shot-on-goal,-64.0,18.0,30.805843601498726,35.75388725443675,blocked-shot,18,14.7648230602334,0.8202679477907444,0,0,0
2023020003,55,2,206,missed-shot,-54.0,-1.0,35.014282800023196,-1.6365770416167182,shot-on-goal,12,21.470910553583888,1.7892425461319907,0,1,0
2023020003,55,2,220,missed-shot,-84.0,1.0,5.0990195135927845,11.309932474020213,hit,5,31.400636936215164,6.2801273872430325,0,0,0
2023020003,54,2,232,shot-on-goal,78.0,3.0,11.40175425099138,15.255118703057777,missed-shot,12,162.01234520862909,13.501028767385757,0,0,0
2023020003,54,2,239,shot-on-goal,36.0,16.0,55.362442142665635,16.798371781305296,faceoff,4,50.32891812864648,12.58222953216162,0,1,0
2023020003,55,2,334,blocked-shot,-79.0,9.0,13.45362404707371,41.98721249581666,hit,8,53.31041174104736,6.66380146763092,0,1,0
2023020003,55,2,361,blocked-shot,-80.0,1.0,9.055385138137417,6.34019174590991,blocked-shot,27,8.06225774829855,0.29860213882587217,0,0,0
2023020003,55,2,371,shot-on-goal,-69.0,26.0,32.802438933713454,52.43140797117251,blocked-shot,10,27.313000567495326,2.7313000567495327,0,0,0
2023020003,55,2,372,shot-on-goal,-83.0,0.0,6.0,0.0,shot-on-goal,1,29.5296461204668,29.5296461204668,1,0,0
2023020003,55,2,390,shot-on-goal,-68.0,-36.0,41.677331968349414,-59.743562836470744,hit,7,67.02984409947557,9.575692014210796,0,0,0
2023020003,54,2,416,shot-on-goal,31.0,18.0,60.728905802755904,17.241459398939973,hit,10,77.17512552629896,7.717512552629896,0,1,0
2023020003,54,2,426,shot-on-goal,82.0,-1.0,7.0710678118654755,-8.13010235415598,shot-on-goal,10,54.42425929675111,5.442425929675111,0,1,0
2023020003,55,2,481,blocked-shot,-76.0,-5.0,13.92838827718412,-21.037511025421818,takeaway,37,44.14748010928823,1.193175138088871,0,1,0
2023020003,55,2,490,shot-on-goal,-41.0,-25.0,54.120236510939236,-27.512002623851455,faceoff,4,54.70831746635972,13.67707936658993,0,1,0
2023020003,55,2,499,goal,-75.0,-1.0,14.035668847618199,-4.085616779974877,shot-on-goal,9,41.617304093369626,4.624144899263292,0,0,1
2023020003,54,2,533,shot-on-goal,49.0,-7.0,40.607881008493905,-9.926245506651705,faceoff,3,35.22782990761707,11.74260996920569,0,1,0
2023020003,54,2,534,shot-on-goal,82.0,-7.0,9.899494936611665,-45.0,shot-on-goal,1,33.0,33.0,1,0,0
2023020003,54,2,578,missed-shot,69.0,5.0,20.615528128088304,14.036243467926479,shot-on-goal,44,17.69180601295413,0.40208650029441206,0,1,0
2023020003,54,2,589,blocked-shot,71.0,-13.0,22.20360331117452,-35.83765295427829,missed-shot,11,18.110770276274835,1.6464336614795305,0,1,0
2023020003,54,2,607,blocked-shot,71.0,11.0,21.095023109728988,31.429565614838516,blocked-shot,18,24.0,1.3333333333333333,0,1,0
2023020003,54,2,729,blocked-shot,67.0,-14.0,26.076809620810597,-32.47119229084849,hit,26,31.04834939252005,1.1941672843276943,0,0,0
2023020003,55,2,812,shot-on-goal,-75.0,24.0,27.784887978899608,59.743562836470744,faceoff,13,71.7007670809734,5.515443621613339,0,1,0
2023020003,55,2,833,missed-shot,-75.0,17.0,22.02271554554524,50.527540151656176,hit,16,21.587033144922902,1.3491895715576814,0,0,0
2023020003,55,2,835,missed-shot,-58.0,-40.0,50.60632371551998,-52.224315694045345,missed-shot,2,59.481089431852205,29.740544715926102,0,1,0
2023020003,55,2,851,blocked-shot,-69.0,-12.0,23.323807579381203,-30.96375653207352,missed-shot,16,30.083217912982647,1.8802011195614154,0,0,0
2023020003,55,2,895,missed-shot,-37.0,-19.0,55.362442142665635,-20.07152586453873,blocked-shot,44,32.7566787083184,0.7444699706435999,0,0,0
2023020003,55,2,911,shot-on-goal,-65.0,11.0,26.40075756488817,24.623564786163612,missed-shot,16,41.036569057366385,2.564785566085399,0,1,0
2023020003,55,2,913,shot-on-goal,-87.0,5.0,5.385164807134504,68.19859051364818,shot-on-goal,2,22.80350850198276,11.40175425099138,1,0,0
2023020003,55,2,933,shot-on-goal,-79.0,-2.0,10.198039027185569,-11.309932474020213,faceoff,19,26.0,1.368421052631579,0,1,0
2023020003,55,2,937,blocked-shot,-76.0,0.0,13.0,0.0,shot-on-goal,4,3.605551275463989,0.9013878188659973,0,0,0
2023020003,55,2,1056,missed-shot,-58.0,28.0,41.773197148410844,42.08916217383224,takeaway,20,10.198039027185569,0.5099019513592784,0,0,0
2023020003,54,2,1081,shot-on-goal,19.0,-18.0,72.27724399837061,-14.420773127510985,hit,8,82.71033792700887,10.338792240876108,0,0,0
2023020003,54,2,1093,blocked-shot,75.0,-18.0,22.80350850198276,-52.1250163489018,hit,5,52.49761899362675,10.49952379872535,0,1,0
2023020003,54,2,1108,missed-shot,59.0,-12.0,32.31098884280702,-21.80140948635181,hit,10,51.97114584074513,5.197114584074513,0,1,0
2023020003,54,2,1125,missed-shot,60.0,9.0,30.364452901377952,17.241459398939973,faceoff,11,60.67124524847005,5.515567749860914,0,0,0
2023020003,54,2,1195,missed-shot,34.0,-10.0,55.90169943749474,-10.304846468766033,hit,29,71.02816342831905,2.449247014769622,0,1,0
2023020003,54,2,1197,missed-shot,83.0,-7.0,9.219544457292887,-49.398705354995535,missed-shot,2,49.09175083453431,24.545875417267155,0,0,0
2023020003,54,2,1199,blocked-shot,50.0,26.0,46.87216658103186,33.690067525979785,missed-shot,2,46.66904755831214,23.33452377915607,0,1,0
2023020003,54,3,17,shot-on-goal,-49.0,15.0,42.720018726587654,20.556045219583467,faceoff,17,51.24451190127583,3.0143830530162252,0,0,0
2023020003,54,3,37,blocked-shot,-79.0,-6.0,11.661903789690601,-30.96375653207352,faceoff,18,29.732137494637012,1.651785416368723,0,1,0
2023020003,54,3,47,shot-on-goal,-59.0,-28.0,41.036569057366385,-43.025065989118026,blocked-shot,10,29.732137494637012,2.973213749463701,0,0,0
2023020003,54,3,56,missed-shot,-30.0,15.0,60.876925020897694,14.2645122980799,shot-on-goal,9,51.86520991955976,5.762801102173307,0,1,0
2023020003,54,3,64,shot-on-goal,-43.0,20.0,50.15974481593781,23.498565675952097,missed-shot,8,13.92838827718412,1.741048534648015,0,0,0
2023020003,54,3,142,blocked-shot,-76.0,0.0,13.0,0.0,giveaway,16,174.18381095842403,10.886488184901502,0,0,0
2023020003,55,3,157,blocked-shot,75.0,-3.0,14.317821063276353,-12.094757077012101,blocked-shot,15,151.02979838429235,10.06865322561949,0,0,0
2023020003,54,3,163,missed-shot,-55.0,-21.0,39.96248240537617,-31.701429669505718,blocked-shot,6,131.24023773218335,21.87337295536389,0,0,0
2023020003,54,3,199,shot-on-goal,-36.0,-12.0,54.3415126767741,-12.757532160876679,hit,16,125.76565508913791,7.860353443071119,0,0,0
2023020003,54,3,204,blocked-shot,-59.0,6.0,30.59411708155671,11.309932474020213,shot-on-goal,5,29.206163733020468,5.841232746604094,0,1,0
2023020003,54,3,206,blocked-shot,-79.0,-2.0,10.198039027185569,-11.309932474020213,blocked-shot,2,21.540659228538015,10.770329614269007,0,1,0
2023020003,54,3,225,shot-on-goal,-30.0,39.0,70.7248188403477,33.46537934635529,blocked-shot,19,63.89053137985315,3.3626595463080604,0,1,0
2023020003,55,3,274,missed-shot,59.0,-22.0,37.20215047547655,-36.25383773744479,hit,19,135.5322839769182,7.133278104048326,0,1,0
2023020003,55,3,285,shot-on-goal,37.0,23.0,56.859475903318,23.860175191342343,missed-shot,11,50.08991914547278,4.553629013224798,0,1,0
2023020003,55,3,289,blocked-shot,62.0,18.0,32.449961479175904,33.690067525979785,faceoff,2,8.06225774829855,4.031128874149275,0,0,0
2023020003,55,3,324,shot-on-goal,47.0,6.0,42.42640687119285,8.13010235415598,hit,12,53.85164807134504,4.487637339278753,0,1,0
2023020003,55,3,329,missed-shot,69.0,-4.0,20.396078054371138,-11.309932474020213,faceoff,3,26.0,8.666666666666666,0,1,0
2023020003,54,3,349,shot-on-goal,-62.0,15.0,30.886890422961002,29.054604099077146,giveaway,2,29.206163733020468,14.603081866510234,0,0,0
2023020003,55,3,368,shot-on-goal,82.0,-2.0,7.280109889280518,-15.945395900922854,faceoff,6,27.294688127912362,4.549114687985393,0,1,0
2023020003,55,3,373,blocked-shot,83.0,0.0,6.0,0.0,shot-on-goal,5,2.23606797749979,0.447213595499958,0,0,0
2023020003,55,3,400,shot-on-goal,58.0,25.0,39.824615503479755,38.884496433714595,blocked-shot,27,35.35533905932738,1.3094570021973102,0,0,0
2023020003,54,3,464,blocked-shot,-67.0,16.0,27.202941017470888,36.02737338510361,takeaway,4,107.56393447619885,26.890983619049713,0,0,0
2023020003,55,3,501,blocked-shot,55.0,13.0,36.40054944640259,20.924501744921166,blocked-shot,37,122.03687967167957,3.298294045180529,0,0,0
2023020003,55,3,547,missed-shot,46.0,-2.0,43.04648650006177,-2.6630007660671433,takeaway,15,21.633307652783937,1.4422205101855958,0,1,0
2023020003,55,3,597,shot-on-goal,82.0,2.0,7.280109889280518,15.945395900922854,hit,3,21.2602916254693,7.086763875156433,0,0,0
2023020003,55,3,604,shot-on-goal,62.0,33.0,42.638011210655684,50.71059313749964,faceoff,5,13.038404810405298,2.6076809620810595,0,0,0
2023020003,55,3,619,shot-on-goal,57.0,-22.0,38.8329756778952,-34.5085229876684,shot-on-goal,15,55.226805085936306,3.681787005729087,0,1,0
2023020003,55,3,659,shot-on-goal,40.0,5.0,49.25444142409901,5.826342029555775,shot-on-goal,40,31.906112267087632,0.7976528066771909,0,1,0
2023020003,55,3,667,blocked-shot,71.0,-14.0,22.80350850198276,-37.874983651098205,shot-on-goal,8,36.359317925395686,4.544914740674461,0,1,0
2023020003,54,3,701,missed-shot,-75.0,-9.0,16.64331697709324,-32.7352262721076,hit,15,172.14238292762187,11.476158861841459,0,0,0
2023020003,54,3,785,blocked-shot,-64.0,9.0,26.570660511172846,19.798876354524932,giveaway,31,51.86520991955976,1.6730712877277343,0,0,0
2023020003,54,3,789,missed-shot,-72.0,10.0,19.72308292331602,30.46554491945988,blocked-shot,4,8.06225774829855,2.0155644370746373,0,0,0
2023020003,54,3,798,blocked-shot,-73.0,14.0,21.2602916254693,41.18592516570965,missed-shot,9,4.123105625617661,0.4581228472908512,0,0,0
2023020003,55,3,820,shot-on-goal,68.0,12.0,24.186773244895647,29.74488129694222,takeaway,6,55.94640292279746,9.32440048713291,0,1,0
2023020003,55,3,827,shot-on-goal,70.0,8.0,20.615528128088304,22.833654177917545,shot-on-goal,7,4.47213595499958,0.6388765649999399,0,0,0
2023020003,55,3,853,missed-shot,51.0,-4.0,38.2099463490856,-6.009005957494525,takeaway,5,138.36184445142382,27.672368890284766,0,0,0
2023020003,55,3,859,blocked-shot,31.0,36.0,68.26419266350405,31.827446576673108,missed-shot,6,44.721359549995796,7.4535599249993,0,1,0
2023020003,54,3,923,blocked-shot,-76.0,1.0,13.038404810405298,4.398705354995532,hit,5,42.04759208325728,8.409518416651455,0,0,0
2023020003,54,3,997,missed-shot,-63.0,10.0,27.85677655436824,21.037511025421818,faceoff,23,32.55764119219941,1.4155496170521484,0,1,0
2023020003,54,3,1003,blocked-shot,-45.0,-17.0,47.16990566028302,-21.124719146072483,missed-shot,6,32.449961479175904,5.408326913195984,0,1,0
2023020003,54,3,1125,goal,17.0,-9.0,72.56031973468694,-7.125016348901798,faceoff,11,60.53924347066124,5.503567588241931,0,1,1
2023020002,5,1,40,shot-on-goal,-51.0,-21.0,43.41658669218482,-28.926425835253614,hit,5,127.4244874425634,25.48489748851268,0,0,0
2023020002,16,1,59,shot-on-goal,-55.0,-34.0,48.08326112068523,-45.0,shot-on-goal,19,13.601470508735444,0.7158668688808129,0,0,0
2023020002,5,1,81,shot-on-goal,75.0,21.0,25.238858928247925,56.309932474020215,faceoff,19,150.28306624500314,7.909635065526481,0,1,0
2023020002,16,1,136,blocked-shot,-74.0,15.0,21.213203435596427,45.0,hit,12,171.00292395160966,14.250243662634139,0,0,0
2023020002,16,1,140,shot-on-goal,-39.0,-27.0,56.824290580701486,-28.369046293278583,blocked-shot,4,54.67174773134658,13.667936932836644,0,1,0
2023020002,16,1,158,shot-on-goal,-35.0,-29.0,61.29437168288782,-28.237445538167258,hit,3,71.11961754677819,23.706539182259394,0,1,0
2023020002,16,1,164,blocked-shot,-74.0,5.0,15.811388300841896,18.43494882292201,shot-on-goal,6,51.73973328110612,8.623288880184353,0,1,0
2023020002,5,1,238,blocked-shot,78.0,-19.0,21.95449840010015,-59.93141717813756,hit,8,61.032778078668514,7.629097259833564,0,1,0
2023020002,5,1,251,blocked-shot,59.0,-27.0,40.36087214122113,-41.98721249581666,hit,2,69.05070600652827,34.52535300326414,0,1,0
2023020002,5,1,260,shot-on-goal,31.0,-8.0,58.54912467321779,-7.853313301978219,blocked-shot,9,33.83784863137726,3.759760959041918,0,0,0
2023020002,5,1,262,missed-shot,78.0,1.0,11.045361017187261,5.194428907734806,shot-on-goal,2,47.853944456021594,23.926972228010797,1,1,0
2023020002,5,1,263,shot-on-goal,98.0,12.0,15.0,126.86989764584402,missed-shot,1,22.825424421026653,22.825424421026653,0,0,0
2023020002,5,1,266,blocked-shot,55.0,22.0,40.496913462633174,32.9052429229879,faceoff,2,14.0,7.0,0,0,0
2023020002,16,1,310,missed-shot,-61.0,28.0,39.59797974644666,45.0,faceoff,17,50.635955604688654,2.978585623805215,0,1,0
2023020002,16,1,315,shot-on-goal,-60.0,24.0,37.64306044943742,39.61068824002659,missed-shot,5,4.123105625617661,0.8246211251235321,0,0,0
2023020002,16,1,316,shot-on-goal,-78.0,-5.0,12.083045973594572,-24.443954780416536,shot-on-goal,1,34.132096331752024,34.132096331752024,1,1,0
2023020002,16,1,339,missed-shot,-42.0,-23.0,52.32590180780452,-26.075355583948767,shot-on-goal,23,40.24922359499622,1.749966243260705,0,0,0
2023020002,16,1,370,blocked-shot,-68.0,10.0,23.259406699226016,25.463345061871614,missed-shot,31,42.01190307520001,1.3552226798451616,0,1,0
2023020002,16,1,376,missed-shot,-56.0,-24.0,40.80441152620633,-36.02737338510361,blocked-shot,6,36.05551275463989,6.009252125773315,0,1,0
2023020002,5,1,424,goal,83.0,-8.0,10.0,-53.13010235415598,missed-shot,48,139.91783303067555,2.9149548548057407,0,0,1
2023020002,16,1,426,shot-on-goal,25.0,20.0,67.05221845696084,17.35402463626132,faceoff,2,32.01562118716424,16.00781059358212,0,0,0
2023020002,5,1,436,shot-on-goal,83.0,-8.0,10.0,-53.13010235415598,shot-on-goal,10,64.40496875241847,6.4404968752418466,0,1,0
2023020002,16,1,446,missed-shot,-80.0,0.0,9.0,0.0,shot-on-goal,10,163.19620093617377,16.319620093617377,0,0,0
2023020002,16,1,454,shot-on-goal,-58.0,0.0,31.0,0.0,missed-shot,8,22.0,2.75,0,0,0
2023020002,5,1,533,shot-on-goal,82.0,6.0,9.219544457292887,40.60129464500447,takeaway,2,82.00609733428362,41.00304866714181,0,0,0
2023020002,16,1,562,shot-on-goal,-56.0,8.0,33.95585369269929,13.62699485989154,hit,17,49.01020301937138,2.882953118786552,0,1,0
2023020002,16,1,565,shot-on-goal,-49.0,13.0,42.05948168962618,18.00416160591338,shot-on-goal,3,8.602325267042627,2.8674417556808756,0,0,0
2023020002,16,1,570,shot-on-goal,-81.0,-16.0,17.88854381999832,-63.43494882292201,shot-on-goal,5,43.18564576337837,8.637129152675673,0,1,0
2023020002,5,1,587,shot-on-goal,76.0,-7.0,14.7648230602334,-28.30075576600638,faceoff,15,145.7737973711325,9.7182531580755,0,0,0
2023020002,5,1,593,missed-shot,32.0,25.0,62.24146527838174,23.682087724538448,shot-on-goal,6,54.405882034941776,9.067647005823629,0,1,0
2023020002,5,1,598,blocked-shot,42.0,-28.0,54.70831746635972,-30.784146526326445,giveaway,5,67.06713054842886,13.413426109685773,0,1,0
2023020002,16,1,677,shot-on-goal,-81.0,-5.0,9.433981132056603,-32.005383208083494,faceoff,40,102.42070103255493,2.5605175258138733,0,0,0
2023020002,5,1,746,shot-on-goal,59.0,-5.0,30.4138126514911,-9.462322208025617,faceoff,6,28.792360097775937,4.7987266829626565,0,1,0
2023020002,5,1,754,missed-shot,82.0,0.0,7.0,0.0,faceoff,6,25.553864678361276,4.258977446393546,0,0,0
2023020002,16,1,779,shot-on-goal,48.0,40.0,57.28001396647874,44.292680631455745,faceoff,7,68.0294054067798,9.71848648668283,0,1,0
2023020002,5,1,797,shot-on-goal,59.0,-3.0,30.14962686336267,-5.710593137499642,shot-on-goal,18,44.384682042344295,2.4658156690191273,0,1,0
2023020002,5,1,812,shot-on-goal,61.0,26.0,38.2099463490856,42.87890360333855,faceoff,12,48.662100242385755,4.055175020198813,0,1,0
2023020002,5,1,879,blocked-shot,51.0,21.0,43.41658669218482,28.926425835253614,faceoff,17,83.00602387778854,4.882707286928738,0,1,0
2023020002,16,1,889,shot-on-goal,-49.0,16.0,43.08131845707603,21.80140948635181,hit,2,133.75350462698165,66.87675231349083,0,1,0
2023020002,16,1,899,missed-shot,-45.0,27.0,51.62363799656123,31.534791905188296,shot-on-goal,10,11.704699910719626,1.1704699910719625,0,0,0
2023020002,16,1,902,shot-on-goal,-43.0,-19.0,49.76946855251722,-22.442753365294347,missed-shot,3,46.04345773288535,15.347819244295117,0,1,0
2023020002,16,1,903,shot-on-goal,-82.0,0.0,7.0,0.0,shot-on-goal,1,43.382023926967726,43.382023926967726,1,0,0
2023020002,16,1,938,shot-on-goal,-93.0,7.0,8.06225774829855,119.74488129694222,hit,9,46.75467891024384,5.194964323360427,0,1,0
2023020002,16,1,949,shot-on-goal,-81.0,-21.0,22.47220505424423,-69.14554196042165,shot-on-goal,11,30.463092423455635,2.7693720384959666,0,1,0
2023020002,5,1,1135,shot-on-goal,83.0,25.0,25.709920264364882,76.50426671920418,takeaway,17,182.96447742663054,10.762616319213562,0,1,0
2023020002,5,1,1190,shot-on-goal,3.0,9.0,86.46964785403026,5.974323286480623,hit,1,49.658836071740545,49.658836071740545,0,1,0
2023020002,5,1,1195,missed-shot,52.0,21.0,42.5440947723653,29.577838681261333,faceoff,1,17.029386365926403,17.029386365926403,0,0,0
2023020002,5,2,9,shot-on-goal,-76.0,0.0,13.0,0.0,faceoff,9,76.0,8.444444444444445,0,0,0
2023020002,16,2,38,blocked-shot,48.0,5.0,41.30375285612676,6.952957468173915,faceoff,27,120.07497657713701,4.447221354708778,0,1,0
2023020002,16,2,53,missed-shot,66.0,-40.0,46.14108798023731,-60.10109816138544,faceoff,8,62.07253821135398,7.759067276419247,0,1,0
2023020002,16,2,66,shot-on-goal,69.0,25.0,32.01562118716424,51.34019174590991,missed-shot,13,65.06919393998976,5.005322610768443,0,1,0
2023020002,16,2,70,missed-shot,87.0,16.0,16.1245154965971,82.8749836510982,shot-on-goal,4,20.12461179749811,5.031152949374527,0,0,0
2023020002,16,2,88,missed-shot,69.0,-24.0,31.240998703626616,-50.19442890773481,faceoff,17,46.0,2.7058823529411766,0,1,0
2023020002,16,2,118,blocked-shot,49.0,-9.0,41.0,-12.68038349181982,missed-shot,30,25.0,0.8333333333333334,0,0,0
2023020002,16,2,118,missed-shot,85.0,-11.0,11.704699910719626,-70.01689347810003,blocked-shot,0,36.05551275463989,0.0,0,0,0
2023020002,16,2,219,blocked-shot,57.0,8.0,32.984845004941285,14.036243467926479,faceoff,1,18.439088914585774,18.439088914585774,0,0,0
2023020002,5,2,232,shot-on-goal,-78.0,16.0,19.4164878389476,55.4914770123316,hit,1,66.48308055437865,66.48308055437865,0,0,0
2023020002,5,2,247,missed-shot,-75.0,19.0,23.600847442411894,53.615648184164115,faceoff,12,6.708203932499369,0.5590169943749475,0,0,0
2023020002,16,2,281,shot-on-goal,84.0,-18.0,18.681541692269406,-74.47588900324574,missed-shot,34,163.24827717314508,4.801419916857208,0,1,0
2023020002,16,2,291,missed-shot,49.0,11.0,41.48493702538308,15.376251248826188,shot-on-goal,10,45.45327270945405,4.545327270945405,0,1,0
2023020002,16,2,305,blocked-shot,62.0,-10.0,28.792360097775937,-20.323136829662943,missed-shot,14,24.698178070456937,1.7641555764612098,0,1,0
2023020002,5,2,338,missed-shot,-80.0,-9.0,12.727922061357855,-45.0,takeaway,16,75.0,4.6875,0,1,0
2023020002,16,2,363,shot-on-goal,52.0,-21.0,42.5440947723653,-29.577838681261333,missed-shot,25,132.54433220624713,5.301773288249885,0,0,0
2023020002,16,2,381,missed-shot,49.0,-8.0,40.792156108742276,-11.309932474020213,shot-on-goal,18,13.341664064126334,0.7412035591181296,0,0,0
2023020002,16,2,391,shot-on-goal,81.0,4.0,8.94427190999916,26.56505117707799,missed-shot,10,34.17601498127012,3.417601498127012,0,1,0
2023020002,16,2,393,missed-shot,84.0,3.0,5.830951894845301,30.96375653207352,shot-on-goal,2,3.1622776601683795,1.5811388300841898,1,0,0
2023020002,16,2,394,shot-on-goal,81.0,-1.0,8.06225774829855,-7.125016348901798,missed-shot,1,5.0,5.0,0,1,0
2023020002,5,2,434,shot-on-goal,-26.0,-14.0,64.53681120105021,-12.528807709151511,hit,8,71.84705978674423,8.980882473343028,0,0,0
2023020002,16,2,453,blocked-shot,49.0,-13.0,42.05948168962618,-18.00416160591338,shot-on-goal,19,75.0066663703967,3.947719282652458,0,0,0
2023020002,5,2,481,shot-on-goal,-37.0,-35.0,62.68173577685928,-33.94358701975181,blocked-shot,28,88.76936408468859,3.170334431596021,0,0,0
2023020002,5,2,484,missed-shot,-58.0,-23.0,38.600518131237564,-36.573030978519334,faceoff,1,11.045361017187261,11.045361017187261,0,0,0
2023020002,5,2,487,shot-on-goal,-34.0,39.0,67.42403132415029,35.34010692155767,missed-shot,3,66.48308055437865,22.16102685145955,0,1,0
2023020002,5,2,528,shot-on-goal,-35.0,11.0,55.10898293381942,11.513831184487012,shot-on-goal,41,28.0178514522438,0.6833622305425318,0,0,0
2023020002,16,2,571,blocked-shot,78.0,8.0,13.601470508735444,36.02737338510361,faceoff,8,150.02999700059985,18.75374962507498,0,1,0
2023020002,16,2,675,blocked-shot,72.0,-25.0,30.23243291566195,-55.7842978675626,hit,0,3.1622776601683795,0.0,0,0,0
2023020002,5,2,692,shot-on-goal,-31.0,-13.0,59.43904440685432,-12.633361935275012,faceoff,16,100.40418317978589,6.275261448736618,0,0,0
2023020002,5,2,700,shot-on-goal,-81.0,3.0,8.54400374531753,20.556045219583467,shot-on-goal,8,52.49761899362675,6.562202374203344,0,1,0
2023020002,5,2,716,goal,-82.0,-18.0,19.313207915827967,-68.74949449286676,shot-on-goal,16,21.02379604162864,1.31398725260179,0,1,1
2023020002,5,2,739,shot-on-goal,-35.0,6.0,54.3323108288245,6.34019174590991,faceoff,2,44.04543109109048,22.02271554554524,0,1,0
2023020002,5,2,749,missed-shot,-84.0,0.0,5.0,0.0,shot-on-goal,10,49.36598018878993,4.9365980188789935,0,0,0
2023020002,5,2,762,blocked-shot,-75.0,-2.0,14.142135623730951,-8.13010235415598,missed-shot,13,9.219544457292887,0.7091957274840682,0,0,0
2023020002,5,2,887,shot-on-goal,-83.0,16.0,17.08800749063506,69.44395478041653,hit,9,30.01666203960727,3.3351846710674744,0,0,0
2023020002,16,2,935,shot-on-goal,75.0,19.0,23.600847442411894,53.615648184164115,shot-on-goal,48,158.02847844613325,3.292259967627776,0,0,0
2023020002,16,2,937,goal,82.0,0.0,7.0,0.0,shot-on-goal,2,20.248456731316587,10.124228365658293,1,0,1
2023020002,5,2,963,shot-on-goal,-63.0,4.0,26.30589287593181,8.74616226255521,faceoff,26,63.12685640834652,2.4279560157056355,0,0,0
2023020002,5,2,965,shot-on-goal,-79.0,-5.0,11.180339887498949,-26.56505117707799,shot-on-goal,2,18.35755975068582,9.17877987534291,1,1,0
2023020002,5,2,988,shot-on-goal,-23.0,-37.0,75.66372975210778,-29.275254277252575,shot-on-goal,23,64.4980619863884,2.8042635646255825,0,0,0
2023020002,5,2,999,blocked-shot,-71.0,10.0,20.591260281974,29.054604099077146,shot-on-goal,11,67.17886572427373,6.107169611297612,0,1,0
2023020002,16,2,1007,shot-on-goal,53.0,-22.0,42.190046219457976,-31.429565614838516,blocked-shot,8,128.06248474865697,16.00781059358212,0,1,0
2023020002,16,2,1010,missed-shot,34.0,37.0,66.2872536767062,33.929797422060645,shot-on-goal,3,61.98386886924694,20.661289623082315,0,1,0
2023020002,16,2,1026,missed-shot,77.0,11.0,16.278820596099706,42.510447078000844,hit,15,39.698866482558415,2.6465910988372277,0,0,0
2023020002,16,2,1046,shot-on-goal,63.0,14.0,29.5296461204668,28.30075576600638,faceoff,19,36.49657518178932,1.9208723779889114,0,1,0
2023020002,16,2,1051,missed-shot,54.0,-22.0,41.340053217188775,-32.15229514128234,shot-on-goal,5,37.107950630558946,7.42159012611179,0,1,0
2023020002,5,2,1071,shot-on-goal,-60.0,-18.0,34.132096331752024,-31.827446576673108,faceoff,2,9.848857801796104,4.924428900898052,0,0,0
2023020002,5,2,1115,shot-on-goal,-73.0,-1.0,16.0312195418814,-3.576334374997351,shot-on-goal,44,21.400934559032695,0.4863848763416522,0,0,0
2023020002,16,2,1133,shot-on-goal,57.0,2.0,32.0624390837628,3.576334374997351,giveaway,4,146.01369798755184,36.50342449688796,0,1,0
2023020002,16,3,31,blocked-shot,-58.0,11.0,32.89376840679705,19.536654938128386,takeaway,3,120.26637102698326,40.088790342327755,0,0,0
2023020002,5,3,56,blocked-shot,63.0,-34.0,42.80186911806539,-52.59464336859145,hit,11,70.11419257183242,6.37401750653022,0,0,0
2023020002,5,3,64,shot-on-goal,71.0,-6.0,18.973665961010276,-18.43494882292201,blocked-shot,8,29.120439557122072,3.640054944640259,0,0,0
2023020002,5,3,141,shot-on-goal,4.0,-37.0,92.70382947861431,-23.523209020459618,takeaway,48,99.04039579888602,2.063341579143459,0,0,0
2023020002,16,3,166,shot-on-goal,-77.0,2.0,12.165525060596439,9.462322208025617,faceoff,18,25.298221281347036,1.405456737852613,0,1,0
2023020002,16,3,189,shot-on-goal,-78.0,0.0,11.0,0.0,faceoff,21,23.769728648009426,1.1318918403814013,0,0,0
2023020002,16,3,263,blocked-shot,-74.0,-12.0,19.209372712298546,-38.65980825409009,takeaway,57,32.202484376209235,0.5649558662492848,0,1,0
2023020002,16,3,268,missed-shot,-75.0,25.0,28.653097563788805,60.751173663453024,blocked-shot,5,37.013511046643494,7.402702209328699,0,1,0
2023020002,16,3,298,shot-on-goal,-82.0,1.0,7.0710678118654755,8.13010235415598,faceoff,23,26.419689627245813,1.1486821577063397,0,1,0
2023020002,16,3,323,blocked-shot,-74.0,5.0,15.811388300841896,18.43494882292201,shot-on-goal,25,8.94427190999916,0.35777087639996635,0,0,0
2023020002,16,3,324,blocked-shot,-70.0,5.0,19.6468827043885,14.743562836470735,blocked-shot,1,4.0,4.0,0,0,0
2023020002,5,3,375,blocked-shot,60.0,17.0,33.61547262794322,30.379126011368342,hit,27,161.11176245079065,5.967102312992246,0,1,0
2023020002,16,3,390,blocked-shot,-42.0,13.0,48.76474136094644,15.461217740441903,faceoff,13,111.36426715962351,8.56648208920181,0,0,0
2023020002,5,3,404,shot-on-goal,75.0,19.0,23.600847442411894,53.615648184164115,blocked-shot,14,117.15374513859982,8.36812465275713,0,0,0
2023020002,16,3,418,shot-on-goal,-78.0,-22.0,24.596747752497688,-63.43494882292201,shot-on-goal,14,158.39823231336896,11.314159450954927,0,1,0
2023020002,5,3,430,shot-on-goal,65.0,-21.0,31.89043743820395,-41.18592516570965,faceoff,10,134.00373129133382,13.400373129133381,0,0,0
2023020002,5,3,453,shot-on-goal,79.0,14.0,17.204650534085253,54.46232220802562,shot-on-goal,23,37.69615364994153,1.638963202171371,0,1,0
2023020002,16,3,480,shot-on-goal,-38.0,11.0,52.172789842982326,12.171458208587472,takeaway,2,32.64965543462902,16.32482771731451,0,1,0
2023020002,5,3,520,blocked-shot,60.0,-14.0,32.202484376209235,-25.769327624338715,giveaway,2,55.54277630799526,27.77138815399763,0,1,0
2023020002,16,3,532,missed-shot,-62.0,17.0,31.906112267087632,32.19573393471325,faceoff,10,136.6821129482567,13.66821129482567,0,1,0
2023020002,5,3,583,missed-shot,34.0,0.0,55.0,0.0,missed-shot,51,97.49358953285082,1.9116390104480552,0,0,0
2023020002,16,3,600,blocked-shot,-65.0,-12.0,26.832815729997478,-26.56505117707799,missed-shot,17,99.72462083156798,5.866154166562822,0,0,0
2023020002,16,3,605,goal,-71.0,10.0,20.591260281974,29.054604099077146,blocked-shot,5,22.80350850198276,4.560701700396551,0,1,1
2023020002,16,3,618,shot-on-goal,-55.0,-8.0,34.92849839314596,-13.240519915187205,faceoff,13,55.57877292636101,4.275290225104693,0,0,0
2023020002,5,3,700,shot-on-goal,75.0,-19.0,23.600847442411894,-53.615648184164115,hit,14,79.93122043357026,5.709372888112162,0,1,0
2023020002,5,3,704,blocked-shot,37.0,-9.0,52.773099207835045,-9.819300638757898,faceoff,3,34.539832078341085,11.513277359447029,0,0,0
2023020002,5,3,707,missed-shot,30.0,31.0,66.64833081180653,27.718501628183358,blocked-shot,3,40.607881008493905,13.535960336164635,0,1,0
2023020002,5,3,768,missed-shot,80.0,-12.0,15.0,-53.13010235415598,missed-shot,61,65.94694837519019,1.0810975143473802,0,1,0
2023020002,5,3,802,shot-on-goal,83.0,9.0,10.816653826391969,56.309932474020215,missed-shot,34,21.213203435596427,0.6239177481057773,0,1,0
2023020002,5,3,814,shot-on-goal,65.0,-26.0,35.38361202590826,-47.290610042638534,shot-on-goal,12,39.35733730830886,3.279778109025738,0,1,0
2023020002,5,3,886,missed-shot,39.0,2.0,50.039984012787215,2.2906100426385296,hit,66,59.682493245507096,0.9042802006895014,0,0,0
2023020002,5,3,887,blocked-shot,80.0,-11.0,14.212670403551895,-50.71059313749964,missed-shot,1,43.01162633521314,43.01162633521314,0,1,0
2023020002,16,3,925,blocked-shot,-68.0,-10.0,23.259406699226016,-25.463345061871614,blocked-shot,38,148.00337833982033,3.8948257457847455,0,0,0
2023020002,16,3,929,goal,-66.0,10.0,25.079872407968907,23.498565675952097,blocked-shot,4,20.09975124224178,5.024937810560445,0,1,1
2023020002,16,3,996,missed-shot,-51.0,-30.0,48.41487374764082,-38.29016319224307,giveaway,2,51.0,25.5,0,0,0
2023020002,16,3,997,blocked-shot,-85.0,1.0,4.123105625617661,14.036243467926479,missed-shot,1,46.010868281309364,46.010868281309364,0,1,0
2023020002,5,3,1008,shot-on-goal,48.0,-9.0,41.97618372363071,-12.380756928807177,blocked-shot,11,133.37541002748594,12.125037275225994,0,1,0
2023020002,5,3,1036,missed-shot,80.0,14.0,16.64331697709324,57.264773727892404,faceoff,28,60.530983801686226,2.1618208500602223,0,0,0
2023020002,5,3,1048,shot-on-goal,35.0,-24.0,59.09314681077663,-23.962488974578186,faceoff,3,57.201398584300364,19.067132861433453,0,1,0
2023020002,5,3,1083,blocked-shot,75.0,-12.0,18.439088914585774,-40.60129464500447,shot-on-goal,35,41.7612260356422,1.1931778867326344,0,0,0
2023020002,16,3,1106,blocked-shot,-27.0,25.0,66.85057965343307,21.96056402009647,blocked-shot,23,108.50345616615168,4.717541572441378,0,1,0
2023020002,16,3,1113,goal,-78.0,1.0,11.045361017187261,5.194428907734806,blocked-shot,7,56.36488268416781,8.052126097738258,0,0,1
2023020002,5,3,1128,missed-shot,81.0,-16.0,17.88854381999832,-63.43494882292201,faceoff,15,82.56512580987206,5.504341720658137,0,0,0
2023020002,5,3,1146,blocked-shot,54.0,4.0,35.22782990761707,6.519801751656986,missed-shot,18,33.60059523282288,1.8666997351568269,0,1,0
2023020002,5,3,1151,shot-on-goal,64.0,15.0,29.154759474226502,30.96375653207352,hit,1,35.38361202590826,35.38361202590826,0,0,0
2023020002,5,3,1160,shot-on-goal,75.0,-27.0,30.4138126514911,-62.59242456218159,faceoff,7,49.36598018878993,7.052282884112848,0,1,0
2023020002,5,3,1180,blocked-shot,72.0,12.0,20.808652046684813,35.21759296819271,takeaway,9,24.08318915758459,2.675909906398288,0,0,0
2023020002,5,3,1188,blocked-shot,68.0,16.0,26.40075756488817,37.30394827798343,faceoff,2,6.082762530298219,3.0413812651491097,0,0,0
2023020001,14,1,61,shot-on-goal,58.0,-25.0,39.824615503479755,-38.884496433714595,giveaway,3,55.00909015790027,18.336363385966756,0,1,0
2023020001,14,1,70,shot-on-goal,81.0,8.0,11.313708498984761,45.0,shot-on-goal,9,40.22437072223753,4.469374524693059,0,1,0
2023020001,14,1,107,shot-on-goal,55.0,30.0,45.34313619501854,41.423665625002656,hit,11,120.43255373859678,10.94841397623607,0,1,0
2023020001,14,1,177,shot-on-goal,58.0,-30.0,43.139309220245984,-44.060809054264425,takeaway,32,21.213203435596427,0.6629126073623883,0,0,0
2023020001,18,1,231,missed-shot,-63.0,33.0,42.01190307520001,51.76617482255306,hit,19,128.41339493993607,6.758599733680846,0,1,0
2023020001,14,1,260,missed-shot,83.0,18.0,18.973665961010276,71.56505117707799,missed-shot,29,146.76852523616907,5.060983628833416,0,0,0
2023020001,18,1,418,blocked-shot,-79.0,-3.0,10.44030650891055,-16.69924423399362,hit,54,57.48912940721924,1.064613507541097,0,0,0
2023020001,18,1,435,shot-on-goal,-75.0,-14.0,19.79898987322333,-45.0,hit,2,24.73863375370596,12.36931687685298,0,0,0
2023020001,18,1,452,blocked-shot,-65.0,18.0,30.0,36.86989764584402,takeaway,7,95.75489543621255,13.679270776601793,0,0,0
2023020001,18,1,506,shot-on-goal,-47.0,-25.0,48.877397639399746,-30.76271953423892,hit,21,130.73637596323374,6.22554171253494,0,1,0
2023020001,14,1,535,missed-shot,61.0,-14.0,31.304951684997057,-26.56505117707799,takeaway,13,71.84705978674423,5.526696906672632,0,0,0
2023020001,14,1,564,shot-on-goal,34.0,31.0,63.13477647065839,29.407189060733653,faceoff,4,63.51377803280167,15.878444508200417,0,1,0
2023020001,14,1,588,goal,50.0,-16.0,42.15447781671598,-22.306205054907643,shot-on-goal,24,49.64876634922564,2.0686985978844015,0,1,1
2023020001,14,1,603,missed-shot,8.0,35.0,88.23831367382311,23.369113163482076,hit,2,49.16299421312742,24.58149710656371,0,0,0
2023020001,14,1,615,shot-on-goal,34.0,-30.0,62.64982043070834,-28.61045966596522,faceoff,9,62.68173577685928,6.96463730853992,0,1,0
2023020001,14,1,618,blocked-shot,66.0,18.0,29.206163733020468,38.04704253182609,shot-on-goal,3,57.688820407423826,19.22960680247461,0,1,0
2023020001,14,1,637,shot-on-goal,63.0,-21.0,33.421549934136806,-38.927543592792304,blocked-shot,19,39.11521443121589,2.0586954963797837,0,1,0
2023020001,14,1,652,blocked-shot,83.0,5.0,7.810249675906654,39.80557109226519,faceoff,12,30.4138126514911,2.5344843876242584,0,1,0
2023020001,14,1,662,shot-on-goal,81.0,-12.0,14.422205101855956,-56.309932474020215,blocked-shot,10,17.11724276862369,1.711724276862369,0,1,0
2023020001,14,1,693,shot-on-goal,35.0,-1.0,54.00925846556311,-1.0609116902642277,faceoff,23,41.048751503547585,1.7847283262411993,0,1,0
2023020001,14,1,708,shot-on-goal,92.0,30.0,30.14962686336267,95.71059313749964,hit,9,67.89698078707183,7.544108976341314,0,1,0
2023020001,14,1,795,missed-shot,64.0,-13.0,28.178005607210743,-27.474431626277134,hit,6,162.11107303327555,27.018512172212592,0,0,0
2023020001,14,1,867,shot-on-goal,34.0,8.0,55.57877292636101,8.2758928270752,faceoff,9,37.69615364994153,4.18846151666017,0,0,0
2023020001,14,1,987,blocked-shot,73.0,-7.0,17.46424919657298,-23.629377730656817,faceoff,38,29.274562336608895,0.7703832193844447,0,1,0
2023020001,14,1,996,missed-shot,67.0,18.0,28.42534080710379,39.28940686250036,faceoff,3,40.049968789001575,13.349989596333858,0,1,0
2023020001,18,1,1043,blocked-shot,-69.0,-17.0,26.248809496813376,-40.36453657309736,giveaway,20,146.4923206178399,7.324616030891995,0,0,0
2023020001,18,1,1073,blocked-shot,-59.0,2.0,30.066592756745816,3.8140748342903543,hit,20,43.41658669218482,2.170829334609241,0,0,0
2023020001,14,1,1134,missed-shot,79.0,23.0,25.079872407968907,66.5014343240479,giveaway,41,24.73863375370596,0.603381311065999,0,0,0
2023020001,14,1,1182,missed-shot,63.0,15.0,30.01666203960727,29.981639368849336,faceoff,12,9.219544457292887,0.768295371441074,0,0,0
2023020001,14,2,50,blocked-shot,-67.0,-8.0,23.40939982143925,-19.98310652189998,faceoff,50,67.47592163134935,1.3495184326269871,0,0,0
2023020001,14,2,53,shot-on-goal,-74.0,16.0,21.93171219946131,46.8476102659946,blocked-shot,3,25.0,8.333333333333334,0,1,0
2023020001,18,2,122,blocked-shot,76.0,-19.0,23.021728866442675,-55.619655276155136,faceoff,30,7.615773105863909,0.253859103528797,0,0,0
2023020001,14,2,127,shot-on-goal,-88.0,-8.0,8.06225774829855,-82.8749836510982,blocked-shot,5,164.3684884641822,32.873697692836444,0,0,0
2023020001,14,2,164,missed-shot,-68.0,19.0,28.319604517012593,42.13759477388825,faceoff,19,63.12685640834652,3.32246612675508,0,1,0
2023020001,14,2,174,missed-shot,-30.0,-5.0,59.21148537234985,-4.84400037508068,missed-shot,10,44.94441010848846,4.494441010848846,0,1,0
2023020001,14,2,192,shot-on-goal,-84.0,-22.0,22.561028345356956,-77.19573393471325,missed-shot,18,56.61271941887264,3.1451510788262578,0,0,0
2023020001,14,2,227,blocked-shot,-73.0,1.0,16.0312195418814,3.576334374997351,shot-on-goal,35,25.495097567963924,0.7284313590846836,0,1,0
2023020001,14,2,240,shot-on-goal,-53.0,27.0,45.0,36.86989764584402,blocked-shot,13,32.802438933713454,2.5232645333625734,0,0,0
2023020001,18,2,255,missed-shot,78.0,3.0,11.40175425099138,15.255118703057777,shot-on-goal,15,133.18032887780387,8.878688591853592,0,0,0
2023020001,18,2,283,shot-on-goal,72.0,39.0,42.5440947723653,66.44773632710535,missed-shot,28,36.49657518178932,1.3034491136353328,0,0,0
2023020001,18,2,284,shot-on-goal,80.0,0.0,9.0,0.0,shot-on-goal,1,39.81205847478876,39.81205847478876,1,0,0
2023020001,18,2,290,shot-on-goal,73.0,11.0,19.4164878389476,34.5085229876684,faceoff,4,11.704699910719626,2.9261749776799064,0,0,0
2023020001,14,2,312,shot-on-goal,-91.0,-16.0,16.1245154965971,-97.1250163489018,hit,17,59.23681287847955,3.484518404616444,0,0,0
2023020001,18,2,366,blocked-shot,48.0,0.0,41.0,0.0,faceoff,4,30.4138126514911,7.603453162872775,0,0,0
2023020001,18,2,370,blocked-shot,82.0,16.0,17.46424919657298,66.37062226934319,blocked-shot,4,37.57658845611187,9.394147114027968,0,0,0
2023020001,18,2,400,blocked-shot,56.0,26.0,42.01190307520001,38.23382517744694,hit,26,28.792360097775937,1.1073984652990745,0,0,0
2023020001,18,2,444,blocked-shot,46.0,-12.0,44.64302857109943,-15.592810939266347,takeaway,3,7.211102550927978,2.4037008503093262,0,0,0
2023020001,18,2,464,blocked-shot,59.0,22.0,37.20215047547655,36.25383773744479,hit,0,92.76313923105448,0.0,0,1,0
2023020001,14,2,474,blocked-shot,-59.0,17.0,34.48187929913333,29.538782259558097,blocked-shot,10,118.10588469674151,11.810588469674151,0,0,0
2023020001,14,2,500,blocked-shot,-65.0,2.0,24.08318915758459,4.763641690726178,blocked-shot,26,16.15549442140351,0.6213651700539812,0,0,0
2023020001,18,2,565,blocked-shot,57.0,26.0,41.23105625617661,39.0938588862295,takeaway,3,58.412327466040935,19.470775822013646,0,1,0
2023020001,18,2,582,blocked-shot,78.0,5.0,12.083045973594572,24.443954780416536,blocked-shot,17,29.698484809834994,1.7469696946961761,0,0,0
2023020001,18,2,633,shot-on-goal,82.0,1.0,7.0710678118654755,8.13010235415598,faceoff,29,24.698178070456937,0.8516613127743772,0,0,0
2023020001,18,2,636,blocked-shot,60.0,-14.0,32.202484376209235,-25.769327624338715,shot-on-goal,3,26.627053911388696,8.875684637129565,0,1,0
2023020001,18,2,662,missed-shot,60.0,-22.0,36.40054944640259,-37.184706453233126,blocked-shot,26,8.0,0.3076923076923077,0,0,0
2023020001,18,2,670,missed-shot,59.0,29.0,41.72529209005013,44.028978068920836,faceoff,6,51.97114584074513,8.661857640124188,0,1,0
2023020001,18,2,689,shot-on-goal,74.0,-15.0,21.213203435596427,-45.0,missed-shot,19,46.486557196677836,2.446660905088307,0,1,0
2023020001,18,2,690,shot-on-goal,80.0,7.0,11.40175425099138,37.874983651098205,shot-on-goal,1,22.80350850198276,22.80350850198276,1,1,0
2023020001,18,2,699,blocked-shot,65.0,10.0,26.0,22.619864948040426,shot-on-goal,9,15.297058540778355,1.699673171197595,0,0,0
2023020001,18,2,727,blocked-shot,80.0,0.0,9.0,0.0,blocked-shot,28,18.027756377319946,0.643848442047141,0,0,0
2023020001,18,2,787,missed-shot,67.0,13.0,25.553864678361276,30.579226872489016,takeaway,7,41.78516483155236,5.969309261650337,0,1,0
2023020001,18,2,795,shot-on-goal,78.0,-2.0,11.180339887498949,-10.304846468766033,missed-shot,8,18.601075237738275,2.3251344047172844,0,1,0
2023020001,18,2,806,shot-on-goal,56.0,31.0,45.27692569068709,43.21008939175393,faceoff,8,15.811388300841896,1.976423537605237,0,0,0
2023020001,18,2,831,blocked-shot,45.0,-1.0,44.01136216933077,-1.3019526725788753,shot-on-goal,25,33.83784863137726,1.3535139452550906,0,1,0
2023020001,18,2,846,blocked-shot,73.0,-8.0,17.88854381999832,-26.56505117707799,blocked-shot,15,28.861739379323623,1.9241159586215748,0,0,0
2023020001,18,2,904,missed-shot,73.0,15.0,21.93171219946131,43.15238973400541,faceoff,56,64.63745044476924,1.1542401865137364,0,1,0
2023020001,18,2,936,missed-shot,42.0,11.0,48.27007354458868,13.172553423326892,takeaway,19,18.973665961010276,0.9986139979479093,0,0,0
2023020001,18,2,943,shot-on-goal,60.0,-6.0,29.614185789921695,-11.689369175439193,missed-shot,7,24.758836806279895,3.5369766866114136,0,1,0
2023020001,18,2,975,goal,81.0,1.0,8.06225774829855,7.125016348901798,faceoff,30,25.942243542145693,0.8647414514048565,0,1,1
2023020001,18,2,1057,shot-on-goal,82.0,15.0,16.55294535724685,64.98310652189998,takeaway,54,147.46185947559457,2.7307751754739735,0,1,0
2023020001,18,2,1063,missed-shot,38.0,-15.0,53.16013544000805,-16.389540334034784,shot-on-goal,6,53.25410782277739,8.875684637129565,0,1,0
2023020001,18,2,1065,shot-on-goal,77.0,31.0,33.24154027718932,68.83874018317172,missed-shot,2,60.30754513325841,30.153772566629204,0,1,0
2023020001,18,2,1067,blocked-shot,73.0,16.0,22.627416997969522,45.0,shot-on-goal,2,15.524174696260024,7.762087348130012,1,0,0
2023020001,14,2,1121,missed-shot,-82.0,-27.0,27.892651361962706,-75.46554491945989,hit,1,48.08326112068523,48.08326112068523,0,0,0
2023020001,14,2,1129,blocked-shot,-71.0,1.0,18.027756377319946,3.1798301198642345,faceoff,2,23.08679276123039,11.543396380615196,0,1,0
2023020001,18,2,1171,shot-on-goal,69.0,19.0,27.586228448267445,43.53119928561418,giveaway,25,109.2520022699813,4.370080090799252,0,1,0
2023020001,18,3,11,goal,-81.0,4.0,8.94427190999916,26.56505117707799,takeaway,3,53.600373133029585,17.866791044343195,0,0,1
2023020001,18,3,36,shot-on-goal,-97.0,7.0,10.63014581273465,138.81407483429035,giveaway,2,6.324555320336759,3.1622776601683795,0,0,0
2023020001,18,3,36,shot-on-goal,-83.0,1.0,6.082762530298219,9.462322208025617,shot-on-goal,0,15.231546211727817,0.0,1,0,0
2023020001,18,3,37,shot-on-goal,-86.0,0.0,3.0,0.0,shot-on-goal,1,3.1622776601683795,3.1622776601683795,1,0,0
2023020001,18,3,37,shot-on-goal,-84.0,-2.0,5.385164807134504,-21.80140948635181,shot-on-goal,0,2.8284271247461903,0.0,1,0,0
2023020001,18,3,56,shot-on-goal,-39.0,11.0,51.19570294468082,12.407418527400745,faceoff,16,44.598206241955516,2.7873878901222198,0,1,0
2023020001,14,3,118,shot-on-goal,54.0,14.0,37.69615364994153,21.80140948635181,hit,6,44.553338819890925,7.425556469981821,0,0,0
2023020001,14,3,136,shot-on-goal,66.0,0.0,23.0,0.0,shot-on-goal,18,18.439088914585774,1.0243938285880985,0,0,0
2023020001,14,3,144,shot-on-goal,69.0,2.0,20.09975124224178,5.710593137499642,shot-on-goal,8,3.605551275463989,0.45069390943299864,0,0,0
2023020001,14,3,145,goal,83.0,0.0,6.0,0.0,shot-on-goal,1,14.142135623730951,14.142135623730951,1,0,1
2023020001,14,3,165,missed-shot,43.0,-30.0,54.91812087098393,-33.11134196037203,faceoff,3,58.137767414994535,19.379255804998177,0,1,0
2023020001,14,3,186,missed-shot,69.0,6.0,20.8806130178211,16.69924423399362,missed-shot,21,44.40720662234904,2.1146288867785255,0,1,0
2023020001,14,3,187,goal,71.0,7.0,19.313207915827967,21.25050550713324,penalty,0,14.035668847618199,0.0,0,1,1
2023020001,14,3,297,blocked-shot,62.0,-5.0,27.459060435491963,-10.491477012331599,faceoff,3,27.892651361962706,9.297550453987569,0,1,0
2023020001,14,3,387,shot-on-goal,37.0,-15.0,54.120236510939236,-16.090816348852172,hit,20,46.647615158762406,2.3323807579381204,0,0,0
2023020001,14,3,403,shot-on-goal,38.0,-39.0,64.20280367709809,-37.40535663140855,faceoff,14,35.35533905932738,2.525381361380527,0,0,0
2023020001,18,3,453,shot-on-goal,-83.0,6.0,8.48528137423857,45.0,faceoff,27,31.304951684997057,1.159442654999891,0,1,0
2023020001,18,3,486,missed-shot,-83.0,-8.0,10.0,-53.13010235415598,faceoff,31,33.1058907144937,1.0679319585320548,0,1,0
2023020001,18,3,494,shot-on-goal,-39.0,7.0,50.48762224545735,7.96961039432136,hit,3,58.249463516842795,19.4164878389476,0,1,0
2023020001,18,3,528,goal,-73.0,-22.0,27.202941017470888,-53.97262661489639,hit,13,43.46262762420146,3.343279048015497,0,0,1
2023020001,14,3,592,shot-on-goal,65.0,-22.0,32.55764119219941,-42.510447078000844,faceoff,8,4.0,0.5,0,0,0
2023020001,14,3,609,missed-shot,62.0,24.0,36.124783736376884,41.6335393365702,shot-on-goal,17,46.09772228646444,2.711630722733202,0,1,0
2023020001,14,3,614,blocked-shot,70.0,10.0,21.470910553583888,27.758540601060023,missed-shot,5,16.1245154965971,3.2249030993194197,0,0,0
2023020001,14,3,640,shot-on-goal,59.0,20.0,36.05551275463989,33.690067525979785,blocked-shot,26,14.866068747318506,0.5717718748968657,0,0,0
2023020001,14,3,649,shot-on-goal,37.0,3.0,52.08646657242167,3.3018656744350032,shot-on-goal,9,27.80287754891569,3.0892086165461876,0,0,0
2023020001,14,3,652,goal,82.0,2.0,7.280109889280518,15.945395900922854,shot-on-goal,3,45.0111097397076,15.0037032465692,0,0,1
2023020001,18,3,710,shot-on-goal,-48.0,-22.0,46.52956049652737,-28.2173558547293,faceoff,38,117.0,3.0789473684210527,0,0,0
2023020001,14,3,731,missed-shot,54.0,0.0,35.0,0.0,shot-on-goal,21,104.34557968596465,4.968837127903079,0,0,0
2023020001,18,3,745,missed-shot,-66.0,-16.0,28.0178514522438,-34.824489156956794,missed-shot,14,121.06196760337245,8.64728340024089,0,0,0
2023020001,14,3,817,shot-on-goal,65.0,-10.0,26.0,-22.619864948040426,takeaway,29,37.20215047547655,1.2828327750164328,0,0,0
2023020001,18,3,916,shot-on-goal,-33.0,-7.0,56.43580423808985,-7.125016348901798,faceoff,13,39.0,3.0,0,0,0
2023020001,14,3,952,shot-on-goal,46.0,21.0,47.853944456021594,26.02959219151346,hit,8,92.19544457292888,11.52443057161611,0,1,0
2023020001,14,3,955,shot-on-goal,77.0,-11.0,16.278820596099706,-42.510447078000844,shot-on-goal,3,44.553338819890925,14.851112939963642,0,1,0
2023020001,14,3,968,missed-shot,71.0,-10.0,20.591260281974,-29.054604099077146,shot-on-goal,13,6.082762530298219,0.46790481002293993,0,0,0
2023020001,14,3,979,shot-on-goal,41.0,-21.0,52.392747589718944,-23.629377730656817,faceoff,3,51.31276644267,17.10425548089,0,1,0
2023020001,18,3,1004,missed-shot,-76.0,5.0,13.92838827718412,21.037511025421818,shot-on-goal,25,119.85407794480753,4.794163117792301,0,1,0
2023020001,18,3,1008,shot-on-goal,-40.0,-27.0,55.94640292279746,-28.85566121971652,missed-shot,4,48.16637831516918,12.041594578792296,0,1,0
2023020001,14,3,1041,shot-on-goal,61.0,21.0,35.0,36.86989764584402,giveaway,4,98.50888284819801,24.627220712049503,0,0,0
2023020001,14,3,1046,missed-shot,73.0,11.0,19.4164878389476,34.5085229876684,shot-on-goal,5,15.620499351813308,3.1240998703626617,0,0,0
2023020001,18,3,1058,blocked-shot,-79.0,-1.0,10.04987562112089,-5.710593137499642,missed-shot,12,152.47294842036735,12.706079035030612,0,1,0
2023020001,18,3,1091,shot-on-goal,-82.0,-19.0,20.248456731316587,-69.77514056883192,hit,18,21.540659228538015,1.1967032904743342,0,0,0
2023020001,18,3,1092,shot-on-goal,-85.0,-7.0,8.06225774829855,-60.25511870305778,shot-on-goal,1,12.36931687685298,12.36931687685298,1,0,0
2023020001,18,3,1105,shot-on-goal,-39.0,20.0,53.85164807134504,21.80140948635181,faceoff,3,51.61395160225576,17.204650534085253,0,1,0
2023020001,18,3,1121,missed-shot,-41.0,25.0,54.120236510939236,27.512002623851455,faceoff,9,54.70831746635972,6.078701940706636,0,1,0
2023020001,18,3,1125,missed-shot,-71.0,-16.0,24.08318915758459,-41.6335393365702,missed-shot,4,50.80354318352215,12.700885795880538,0,1,0
2023020001,18,3,1134,missed-shot,-69.0,-14.0,24.413111231467404,-34.99202019855866,missed-shot,9,2.8284271247461903,0.3142696805273545,0,0,0
2023020001,18,3,1150,missed-shot,-28.0,-37.0,71.34423592694787,-31.23921488820876,missed-shot,16,47.01063709417264,2.93816481838579,0,0,0
2023020001,14,3,1174,blocked-shot,77.0,-16.0,20.0,-53.13010235415598,faceoff,10,150.86417732516887,15.086417732516887,0,1,0
2023020001,18,3,1188,shot-on-goal,-40.0,-28.0,56.43580423808985,-29.74488129694222,blocked-shot,14,117.61377470347595,8.40098390739114,0,0,0
2023020001,14,3,1198,goal,61.0,4.0,28.284271247461902,8.13010235415598,shot-on-goal,10,105.94810050208545,10.594810050208546,0,1,1
2023020007,52,1,80,shot-on-goal,81.0,-25.0,26.248809496813376,-72.25532837494306,faceoff,66,150.02999700059985,2.2731817727363612,0,0,0
2023020007,52,1,81,shot-on-goal,82.0,-5.0,8.602325267042627,-35.53767779197438,shot-on-goal,1,20.024984394500787,20.024984394500787,1,0,0
2023020007,52,1,92,blocked-shot,79.0,3.0,10.44030650891055,16.69924423399362,takeaway,0,32.14031735997639,0.0,0,0,0
2023020007,52,1,95,shot-on-goal,76.0,-5.0,13.92838827718412,-21.037511025421818,blocked-shot,3,8.54400374531753,2.848001248439177,0,1,0
2023020007,52,1,100,missed-shot,55.0,-3.0,34.132096331752024,-5.042451069170913,faceoff,2,23.600847442411894,11.800423721205947,0,0,0
2023020007,52,1,110,blocked-shot,75.0,-4.0,14.560219778561036,-15.945395900922854,missed-shot,10,20.024984394500787,2.0024984394500787,0,0,0
2023020007,20,1,146,shot-on-goal,-74.0,-6.0,16.15549442140351,-21.80140948635181,hit,4,46.22769732530488,11.55692433132622,0,0,0
2023020007,20,1,167,shot-on-goal,-55.0,-20.0,39.44616584663204,-30.46554491945988,giveaway,0,46.84015371452148,0.0,0,0,0
2023020007,52,1,197,blocked-shot,87.0,5.0,5.385164807134504,68.19859051364818,faceoff,26,158.31929762350515,6.089203754750198,0,1,0
2023020007,52,1,212,shot-on-goal,58.0,-29.0,42.44997055358225,-43.09084756700362,faceoff,12,13.038404810405298,1.0865337342004415,0,0,0
2023020007,52,1,235,shot-on-goal,70.0,-27.0,33.015148038438355,-54.86580694308437,faceoff,22,5.0990195135927845,0.23177361425421747,0,0,0
2023020007,52,1,244,shot-on-goal,81.0,11.0,13.601470508735444,53.97262661489639,faceoff,8,35.11409973215888,4.38926246651986,0,1,0
2023020007,52,1,257,shot-on-goal,71.0,10.0,20.591260281974,29.054604099077146,faceoff,11,12.165525060596439,1.1059568236905852,0,0,0
2023020007,52,1,258,shot-on-goal,82.0,0.0,7.0,0.0,shot-on-goal,1,14.866068747318506,14.866068747318506,1,0,0
2023020007,52,1,258,shot-on-goal,48.0,-23.0,47.01063709417264,-29.291362170984254,shot-on-goal,0,41.048751503547585,0.0,1,0,0
2023020007,52,1,303,missed-shot,73.0,-2.0,16.1245154965971,-7.125016348901798,shot-on-goal,45,32.64965543462902,0.7255478985473115,0,0,0
2023020007,52,1,329,shot-on-goal,80.0,5.0,10.295630140987,29.054604099077146,missed-shot,26,9.899494936611665,0.3807498052542948,0,1,0
2023020007,52,1,330,blocked-shot,84.0,3.0,5.830951894845301,30.96375653207352,giveaway,1,12.041594578792296,12.041594578792296,0,0,0
2023020007,52,1,371,blocked-shot,47.0,-16.0,44.94441010848846,-20.854458039578347,faceoff,5,22.80350850198276,4.560701700396551,0,0,0
2023020007,52,1,447,blocked-shot,83.0,1.0,6.082762530298219,9.462322208025617,faceoff,16,105.53672346628922,6.596045216643076,0,1,0
2023020007,52,1,448,shot-on-goal,86.0,6.0,6.708203932499369,63.43494882292201,blocked-shot,1,5.830951894845301,5.830951894845301,0,0,0
2023020007,20,1,457,shot-on-goal,-15.0,15.0,75.50496672405067,11.458752345877201,faceoff,6,84.29116205154607,14.04852700859101,0,0,0
2023020007,52,1,469,missed-shot,43.0,38.0,59.665735560705194,39.559667968994496,faceoff,9,113.13708498984761,12.570787221094179,0,0,0
2023020007,52,1,474,missed-shot,65.0,-12.0,26.832815729997478,-26.56505117707799,missed-shot,5,54.62600113499065,10.92520022699813,0,1,0
2023020007,20,1,484,blocked-shot,-62.0,17.0,31.906112267087632,32.19573393471325,missed-shot,10,130.26895255585654,13.026895255585654,0,1,0
2023020007,52,1,523,blocked-shot,78.0,-4.0,11.704699910719626,-19.98310652189998,takeaway,2,118.4736257569591,59.23681287847955,0,1,0
2023020007,20,1,599,missed-shot,-89.0,3.0,3.0,90.0,faceoff,66,32.01562118716424,0.48508516950248853,0,1,0
2023020007,20,1,600,shot-on-goal,-84.0,3.0,5.830951894845301,30.96375653207352,missed-shot,1,5.0,5.0,0,0,0
2023020007,20,1,621,missed-shot,-55.0,20.0,39.44616584663204,30.46554491945988,shot-on-goal,21,33.61547262794322,1.60073679180682,0,0,0
2023020007,20,1,659,blocked-shot,-57.0,-16.0,35.77708763999664,-26.56505117707799,hit,15,61.18823416311342,4.079215610874228,0,0,0
2023020007,20,1,717,shot-on-goal,-74.0,-16.0,21.93171219946131,-46.8476102659946,takeaway,32,39.05124837953327,1.2203515118604147,0,0,0
2023020007,20,1,746,blocked-shot,-72.0,3.0,17.26267650163207,10.007979801441337,hit,8,49.57822102496216,6.19727762812027,0,0,0
2023020007,20,1,749,goal,-73.0,6.0,17.08800749063506,20.556045219583467,blocked-shot,3,3.1622776601683795,1.0540925533894598,0,0,1
2023020007,20,1,834,blocked-shot,-62.0,11.0,29.154759474226502,22.16634582208246,hit,7,33.61547262794322,4.80221037542046,0,0,0
2023020007,52,1,869,blocked-shot,73.0,3.0,16.278820596099706,10.619655276155134,faceoff,34,143.26548781894402,4.213690818204236,0,0,0
2023020007,52,1,888,goal,48.0,6.0,41.43669871020132,8.325650330426836,blocked-shot,19,25.179356624028344,1.3252292960014918,0,0,1
2023020007,20,1,919,missed-shot,-85.0,9.0,9.848857801796104,66.03751102542182,hit,18,140.21768789992225,7.789871549995681,0,1,0
2023020007,20,1,948,missed-shot,-34.0,-35.0,65.19202405202648,-32.47119229084849,hit,2,15.652475842498529,7.826237921249264,0,0,0
2023020007,20,1,997,shot-on-goal,-61.0,-12.0,30.463092423455635,-23.19859051364819,giveaway,34,115.39497389401325,3.3939698204121544,0,1,0
2023020007,20,1,1003,missed-shot,-36.0,40.0,66.40030120413611,37.04247477308286,faceoff,4,70.2353187506115,17.558829687652874,0,1,0
2023020007,20,1,1006,blocked-shot,-49.0,-23.0,46.14108798023731,-29.898901838614567,missed-shot,3,64.32728814430156,21.442429381433854,0,1,0
2023020007,52,1,1034,missed-shot,81.0,-8.0,11.313708498984761,-45.0,giveaway,5,18.788294228055936,3.757658845611187,0,0,0
2023020007,20,1,1044,blocked-shot,-48.0,-32.0,52.009614495783374,-37.971603761050396,faceoff,8,117.42657280190033,14.678321600237542,0,0,0
2023020007,20,1,1070,goal,-32.0,18.0,59.77457653551382,17.52556837372287,faceoff,6,54.48853090330111,9.081421817216851,0,1,1
2023020007,52,1,1081,shot-on-goal,83.0,6.0,8.48528137423857,45.0,faceoff,11,83.21658488546619,7.5651440804969265,0,0,0
2023020007,52,1,1094,shot-on-goal,82.0,10.0,12.206555615733702,55.00797980144134,hit,1,18.601075237738275,18.601075237738275,0,1,0
2023020007,52,1,1106,blocked-shot,72.0,-13.0,21.400934559032695,-37.40535663140855,giveaway,4,31.622776601683793,7.905694150420948,0,1,0
2023020007,52,1,1112,shot-on-goal,84.0,5.0,7.0710678118654755,45.0,hit,1,44.10215414239989,44.10215414239989,0,0,0
2023020007,20,1,1144,blocked-shot,-53.0,-11.0,37.64306044943742,-16.990823291986167,faceoff,2,19.4164878389476,9.7082439194738,0,0,0
2023020007,20,1,1184,missed-shot,-51.0,-27.0,46.61544808322666,-35.39479584498706,giveaway,1,10.0,10.0,0,0,0
2023020007,52,2,30,missed-shot,-66.0,-23.0,32.526911934581186,-45.0,giveaway,5,124.08464852672147,24.816929705344293,0,1,0
2023020007,52,2,55,shot-on-goal,-52.0,33.0,49.57822102496216,41.729512076816434,faceoff,5,57.56735185849702,11.513470371699404,0,1,0
2023020007,52,2,127,blocked-shot,-71.0,-12.0,21.633307652783937,-33.690067525979785,faceoff,70,34.058772731852805,0.4865538961693258,0,1,0
2023020007,52,2,140,missed-shot,-40.0,-2.0,49.040799340956916,-2.33730585912382,blocked-shot,13,32.57299494980466,2.50561499613882,0,0,0
2023020007,52,2,142,blocked-shot,-73.0,11.0,19.4164878389476,34.5085229876684,missed-shot,2,35.4682957019364,17.7341478509682,0,1,0
2023020007,52,2,175,missed-shot,-81.0,-3.0,8.54400374531753,-20.556045219583467,blocked-shot,33,16.1245154965971,0.4886216817150636,0,1,0
2023020007,52,2,180,shot-on-goal,-72.0,-5.0,17.72004514666935,-16.389540334034784,missed-shot,5,9.219544457292887,1.8439088914585775,0,0,0
2023020007,52,2,213,shot-on-goal,-64.0,5.0,25.495097567963924,11.309932474020213,faceoff,31,27.459060435491963,0.8857761430803859,0,1,0
2023020007,52,2,216,shot-on-goal,-79.0,1.0,10.04987562112089,5.710593137499642,shot-on-goal,3,15.524174696260024,5.174724898753341,0,0,0
2023020007,52,2,230,missed-shot,-41.0,32.0,57.688820407423826,33.690067525979785,faceoff,5,29.732137494637012,5.946427498927402,0,0,0
2023020007,52,2,240,blocked-shot,-76.0,8.0,15.264337522473747,31.6075022462489,missed-shot,10,42.43819034784589,4.243819034784589,0,0,0
2023020007,52,2,245,blocked-shot,-74.0,-6.0,16.15549442140351,-21.80140948635181,blocked-shot,5,14.142135623730951,2.8284271247461903,0,1,0
2023020007,52,2,264,blocked-shot,-46.0,-20.0,47.4236228055175,-24.94390526342458,blocked-shot,19,31.304951684997057,1.6476290360524768,0,0,0
2023020007,52,2,279,blocked-shot,-69.0,-8.0,21.540659228538015,-21.80140948635181,faceoff,10,57.4543296888929,5.74543296888929,0,1,0
2023020007,52,2,340,missed-shot,-51.0,14.0,40.496913462633174,20.224859431168078,giveaway,3,21.213203435596427,7.0710678118654755,0,0,0
2023020007,52,2,341,shot-on-goal,-84.0,-6.0,7.810249675906654,-50.19442890773481,missed-shot,1,38.58756276314948,38.58756276314948,0,1,0
2023020007,20,2,356,blocked-shot,58.0,-10.0,32.57299494980466,-17.87869659584134,shot-on-goal,15,142.0563268566381,9.47042179044254,0,0,0
2023020007,20,2,371,blocked-shot,58.0,8.0,32.01562118716424,14.470294100065887,blocked-shot,15,18.0,1.2,0,1,0
2023020007,20,2,385,shot-on-goal,86.0,-14.0,14.317821063276353,-77.9052429229879,faceoff,6,18.788294228055936,3.131382371342656,0,0,0
2023020007,20,2,422,shot-on-goal,80.0,11.0,14.212670403551895,50.71059313749964,faceoff,35,34.785054261852174,0.9938586931957764,0,1,0
2023020007,20,2,439,missed-shot,79.0,-5.0,11.180339887498949,-26.56505117707799,giveaway,8,27.202941017470888,3.400367627183861,0,1,0
2023020007,20,2,456,shot-on-goal,70.0,19.0,26.870057685088806,45.0,missed-shot,17,25.632011235952593,1.5077653668207407,0,1,0
2023020007,20,2,586,shot-on-goal,35.0,16.0,56.32051136131489,16.504361381755018,hit,52,62.20128616033595,1.1961785800064606,0,0,0
2023020007,52,2,626,blocked-shot,-79.0,-6.0,11.661903789690601,-30.96375653207352,faceoff,39,150.62536307010186,3.8621887966692783,0,1,0
2023020007,52,2,639,blocked-shot,-65.0,-9.0,25.632011235952593,-20.556045219583467,blocked-shot,13,14.317821063276353,1.1013708510212579,0,0,0
2023020007,52,2,679,goal,-76.0,5.0,13.92838827718412,21.037511025421818,blocked-shot,40,17.804493814764857,0.4451123453691214,0,1,1
2023020007,52,2,712,blocked-shot,-60.0,-10.0,30.675723300355934,-19.025606037568682,faceoff,6,33.24154027718932,5.540256712864887,0,1,0
2023020007,52,2,752,missed-shot,-62.0,5.0,27.459060435491963,10.491477012331599,takeaway,17,121.29715577869086,7.1351268105112275,0,0,0
2023020007,52,2,777,shot-on-goal,-67.0,8.0,23.40939982143925,19.98310652189998,giveaway,13,29.732137494637012,2.2870874995874626,0,0,0
2023020007,52,2,790,shot-on-goal,-76.0,13.0,18.384776310850235,45.0,faceoff,11,11.40175425099138,1.036523113726489,0,0,0
2023020007,52,2,802,shot-on-goal,-62.0,26.0,37.48332962798263,43.91907581333932,shot-on-goal,12,19.1049731745428,1.5920810978785667,0,0,0
2023020007,52,2,817,shot-on-goal,-70.0,10.0,21.470910553583888,27.758540601060023,faceoff,12,12.041594578792296,1.003466214899358,0,0,0
2023020007,20,2,829,goal,53.0,0.0,36.0,0.0,shot-on-goal,12,123.40583454602137,10.28381954550178,0,0,1
2023020007,52,2,917,shot-on-goal,-80.0,30.0,31.32091952673165,73.30075576600639,hit,25,37.8549864614954,1.514199458459816,0,0,0
2023020007,20,2,935,blocked-shot,67.0,10.0,24.166091947189145,24.443954780416536,faceoff,14,136.5283853270081,9.752027523357722,0,0,0
2023020007,52,2,959,blocked-shot,-64.0,9.0,26.570660511172846,19.798876354524932,faceoff,1,13.92838827718412,13.92838827718412,0,0,0
2023020007,20,2,1019,shot-on-goal,35.0,-30.0,61.773780845922005,-29.054604099077146,faceoff,11,17.0,1.5454545454545454,0,0,0
2023020007,52,2,1110,missed-shot,-61.0,2.0,28.071337695236398,4.085616779974877,faceoff,12,21.540659228538015,1.7950549357115013,0,0,0
2023020007,52,2,1114,missed-shot,-67.0,3.0,22.20360331117452,7.765166018425333,missed-shot,4,6.082762530298219,1.5206906325745548,0,0,0
2023020007,52,2,1121,missed-shot,-36.0,-24.0,58.180752831155424,-24.362453015312187,missed-shot,7,41.10960958218893,5.872801368884133,0,1,0
2023020007,52,2,1155,shot-on-goal,-41.0,-17.0,50.92150822589606,-19.50244850666222,hit,23,45.65084884205331,1.984819514871883,0,0,0
2023020007,52,2,1194,blocked-shot,-68.0,-3.0,21.213203435596427,-8.13010235415598,shot-on-goal,39,30.4138126514911,0.7798413500382333,0,0,0
2023020007,52,2,1196,shot-on-goal,-65.0,-8.0,25.298221281347036,-18.43494882292201,blocked-shot,2,5.830951894845301,2.9154759474226504,0,0,0
2023020007,52,2,1197,shot-on-goal,-80.0,-5.0,10.295630140987,-29.054604099077146,shot-on-goal,1,15.297058540778355,15.297058540778355,1,0,0
2023020007,20,3,17,shot-on-goal,-40.0,-34.0,59.64059020499378,-34.75591255354137,takeaway,1,68.46897107449476,68.46897107449476,0,0,0
2023020007,52,3,51,shot-on-goal,53.0,34.0,49.51767361255979,43.36342295838329,shot-on-goal,34,115.20850663036997,3.3884854891285285,0,1,0
2023020007,52,3,84,missed-shot,48.0,35.0,53.907327887774215,40.48601154199874,shot-on-goal,33,5.0990195135927845,0.154515742836145,0,0,0
2023020007,52,3,143,shot-on-goal,78.0,-4.0,11.704699910719626,-19.98310652189998,missed-shot,59,49.20365840057018,0.8339603118740708,0,1,0
2023020007,52,3,147,blocked-shot,48.0,-14.0,43.32435804486894,-18.85315876441911,faceoff,2,22.47220505424423,11.236102527122116,0,0,0
2023020007,52,3,252,shot-on-goal,41.0,-35.0,59.405386961116584,-36.098283967108,hit,21,60.40695324215582,2.876521582959801,0,0,0
2023020007,52,3,255,missed-shot,82.0,-4.0,8.06225774829855,-29.74488129694222,shot-on-goal,3,51.40038910358559,17.13346303452853,0,0,0
2023020007,52,3,266,shot-on-goal,89.0,-13.0,13.0,-90.0,missed-shot,11,11.40175425099138,1.036523113726489,0,0,0
2023020007,52,3,269,blocked-shot,80.0,3.0,9.486832980505138,18.43494882292201,shot-on-goal,3,18.35755975068582,6.11918658356194,0,1,0
2023020007,20,3,279,shot-on-goal,-76.0,-2.0,13.152946437965905,-8.74616226255521,blocked-shot,10,156.08010763707205,15.608010763707204,0,1,0
2023020007,52,3,347,missed-shot,10.0,11.0,79.76214641043707,7.926926682689598,hit,18,79.12016177940993,4.3955645433005515,0,0,0
2023020007,20,3,401,shot-on-goal,-64.0,28.0,37.53664875824692,48.239700296102136,hit,29,50.93132631298737,1.7562526314823232,0,1,0
2023020007,52,3,504,shot-on-goal,37.0,20.0,55.71355310873648,21.037511025421818,hit,59,78.84795495128583,1.3364060161234885,0,0,0
2023020007,20,3,536,blocked-shot,-75.0,3.0,14.317821063276353,12.094757077012101,hit,10,60.8276253029822,6.08276253029822,0,1,0
2023020007,20,3,538,shot-on-goal,-73.0,-21.0,26.40075756488817,-52.69605172201657,blocked-shot,2,24.08318915758459,12.041594578792296,0,1,0
2023020007,52,3,572,shot-on-goal,74.0,-33.0,36.24913792078372,-65.55604521958347,giveaway,5,64.25729530566937,12.851459061133875,0,1,0
2023020007,52,3,577,missed-shot,34.0,-21.0,58.872744118140105,-20.897765498838858,faceoff,3,35.014282800023196,11.671427600007732,0,0,0
2023020007,20,3,590,shot-on-goal,-21.0,-9.0,68.59300255857006,-7.539445139509308,missed-shot,13,56.293871780150276,4.330297829242329,0,0,0
2023020007,20,3,596,missed-shot,-31.0,-20.0,61.35144660071187,-19.025606037568682,faceoff,3,56.639209034025185,18.879736344675063,0,1,0
2023020007,20,3,795,blocked-shot,-48.0,-24.0,47.50789408087881,-30.34324888423958,faceoff,4,21.095023109728988,5.273755777432247,0,0,0
2023020007,52,3,799,blocked-shot,40.0,-2.0,49.040799340956916,-2.33730585912382,blocked-shot,4,90.70832376358854,22.677080940897135,0,0,0
2023020007,52,3,848,shot-on-goal,-52.0,-20.0,42.05948168962618,-28.393019421382995,hit,31,45.044422518220834,1.4530458876845431,0,0,0
2023020007,52,3,858,goal,75.0,-12.0,18.439088914585774,-40.60129464500447,giveaway,1,50.28916384272063,50.28916384272063,0,1,1
2023020007,52,3,954,blocked-shot,74.0,16.0,21.93171219946131,46.8476102659946,takeaway,3,111.44954015158609,37.149846717195366,0,0,0
2023020007,52,3,957,blocked-shot,75.0,10.0,17.204650534085253,35.53767779197438,blocked-shot,3,6.082762530298219,2.0275875100994063,0,0,0
2023020007,52,3,1003,missed-shot,20.0,-15.0,70.61161377563892,-12.264773727892402,faceoff,46,61.40032573203501,1.334789689826848,0,1,0
2023020007,20,3,1039,blocked-shot,-84.0,14.0,14.866068747318506,70.3461759419467,missed-shot,36,107.96758772891057,2.9990996591364047,0,1,0
2023020007,20,3,1069,shot-on-goal,-47.0,-39.0,57.3149195236284,-42.87890360333855,blocked-shot,30,64.63745044476924,2.154581681492308,0,1,0
2023020007,20,3,1102,blocked-shot,-73.0,4.0,16.492422502470642,14.036243467926479,faceoff,3,18.439088914585774,6.146362971528592,0,0,0
2023020007,20,3,1108,goal,-78.0,-3.0,11.40175425099138,-15.255118703057777,blocked-shot,6,8.602325267042627,1.4337208778404378,0,1,1
2023020007,52,3,1151,missed-shot,63.0,-4.0,26.30589287593181,-8.74616226255521,giveaway,31,37.33630940518894,1.20439707758674,0,1,0
2023020007,52,3,1165,blocked-shot,36.0,-12.0,54.3415126767741,-12.757532160876679,missed-shot,14,28.160255680657446,2.011446834332675,0,0,0
2023020007,20,3,1191,missed-shot,-74.0,-13.0,19.849433241279208,-40.91438322002513,hit,11,133.9589489358587,12.178086266896246,0,0,0
2023020007,20,3,1193,goal,-65.0,7.0,25.0,16.26020470831196,missed-shot,2,21.93171219946131,10.965856099730654,0,1,1
2023020006,6,1,10,shot-on-goal,78.0,-1.0,11.045361017187261,-5.194428907734806,faceoff,10,78.00640999302557,7.800640999302557,0,0,0
2023020006,6,1,12,shot-on-goal,93.0,-4.0,5.656854249492381,-135.0,hit,1,67.4166151627327,67.4166151627327,0,1,0
2023020006,6,1,13,shot-on-goal,80.0,7.0,11.40175425099138,37.874983651098205,shot-on-goal,1,17.029386365926403,17.029386365926403,1,1,0
2023020006,16,1,40,shot-on-goal,-63.0,10.0,27.85677655436824,21.037511025421818,giveaway,8,120.90492132250036,15.113115165312545,0,1,0
2023020006,6,1,89,shot-on-goal,34.0,-4.0,55.14526271584895,-4.1596422937126425,faceoff,33,43.60045871318328,1.3212260216116145,0,1,0
2023020006,6,1,121,blocked-shot,77.0,5.0,13.0,22.619864948040426,shot-on-goal,32,43.93176527297759,1.3728676647805498,0,1,0
2023020006,6,1,121,missed-shot,69.0,38.0,42.941821107167776,62.24145939893998,blocked-shot,0,33.95585369269929,0.0,0,0,0
2023020006,6,1,138,shot-on-goal,77.0,14.0,18.439088914585774,49.398705354995535,hit,0,31.89043743820395,0.0,0,1,0
2023020006,6,1,238,shot-on-goal,67.0,-22.0,31.11269837220809,-45.0,hit,10,30.01666203960727,3.0016662039607267,0,0,0
2023020006,16,1,282,shot-on-goal,88.0,-17.0,17.029386365926403,-86.63353933657021,faceoff,39,19.6468827043885,0.5037662231894487,0,0,0
2023020006,16,1,335,shot-on-goal,-81.0,24.0,25.298221281347036,71.56505117707799,takeaway,25,125.7179382586272,5.028717530345088,0,1,0
2023020006,16,1,337,goal,-88.0,-3.0,3.1622776601683795,-71.56505117707799,shot-on-goal,2,27.892651361962706,13.946325680981353,1,1,1
2023020006,6,1,379,missed-shot,65.0,-1.0,24.020824298928627,-2.3859440303888126,faceoff,42,65.00769185258002,1.547802186966191,0,0,0
2023020006,6,1,402,missed-shot,39.0,-36.0,61.61168720299745,-35.75388725443675,hit,3,80.65977932030313,26.88659310676771,0,1,0
2023020006,6,1,409,missed-shot,36.0,39.0,65.80273550544841,36.34745820888528,missed-shot,7,75.05997601918082,10.722853717025831,0,1,0
2023020006,6,1,415,blocked-shot,82.0,-4.0,8.06225774829855,-29.74488129694222,missed-shot,6,62.96824596572466,10.494707660954111,0,1,0
2023020006,6,1,421,blocked-shot,72.0,-4.0,17.46424919657298,-13.240519915187205,blocked-shot,6,10.0,1.6666666666666667,0,0,0
2023020006,6,1,423,shot-on-goal,76.0,8.0,15.264337522473747,31.6075022462489,blocked-shot,2,12.649110640673518,6.324555320336759,0,1,0
2023020006,16,1,437,blocked-shot,-77.0,-9.0,15.0,-36.86989764584402,shot-on-goal,14,153.9415473483361,10.995824810595435,0,1,0
2023020006,16,1,440,blocked-shot,-74.0,-7.0,16.55294535724685,-25.016893478100023,blocked-shot,3,3.605551275463989,1.2018504251546631,0,0,0
2023020006,6,1,450,blocked-shot,89.0,-10.0,10.0,-90.0,blocked-shot,10,163.02760502442524,16.302760502442524,0,0,0
2023020006,6,1,455,shot-on-goal,47.0,-38.0,56.639209034025185,-42.13759477388825,blocked-shot,5,50.47771785649585,10.09554357129917,0,0,0
2023020006,6,1,484,blocked-shot,80.0,3.0,9.486832980505138,18.43494882292201,faceoff,19,27.313000567495326,1.4375263456576488,0,1,0
2023020006,16,1,522,blocked-shot,-62.0,15.0,30.886890422961002,29.054604099077146,faceoff,11,9.899494936611665,0.899954085146515,0,0,0
2023020006,16,1,526,missed-shot,-32.0,27.0,63.071388124885914,25.34617594194669,faceoff,1,37.33630940518894,37.33630940518894,0,0,0
2023020006,6,1,574,missed-shot,29.0,-38.0,71.02112361825881,-32.34744349944203,hit,6,88.60022573334675,14.766704288891125,0,1,0
2023020006,16,1,587,missed-shot,-68.0,5.0,21.587033144922902,13.392497753751098,missed-shot,13,106.10372283760829,8.161824833662177,0,1,0
2023020006,6,1,618,shot-on-goal,78.0,-3.0,11.40175425099138,-15.255118703057777,hit,15,100.90094152187085,6.72672943479139,0,0,0
2023020006,16,1,643,shot-on-goal,-63.0,-30.0,39.698866482558415,-49.08561677997488,shot-on-goal,25,143.56183336806478,5.742473334722591,0,0,0
2023020006,16,1,666,shot-on-goal,-59.0,-16.0,34.0,-28.072486935852957,faceoff,21,11.661903789690601,0.5553287518900286,0,0,0
2023020006,6,1,682,goal,83.0,-10.0,11.661903789690601,-59.03624346792648,takeaway,15,139.86421987055874,9.324281324703916,0,1,1
2023020006,16,1,787,shot-on-goal,-84.0,17.0,17.72004514666935,73.61045966596522,hit,30,179.52437160452615,5.984145720150872,0,1,0
2023020006,6,1,825,shot-on-goal,83.0,22.0,22.80350850198276,74.74488129694222,shot-on-goal,38,167.0748335327616,4.39670614559899,0,0,0
2023020006,6,1,834,blocked-shot,48.0,23.0,47.01063709417264,29.291362170984254,hit,1,28.844410203711913,28.844410203711913,0,0,0
2023020006,16,1,871,missed-shot,-37.0,-26.0,58.137767414994535,-26.56505117707799,giveaway,15,87.20665112249179,5.813776741499453,0,0,0
2023020006,16,1,997,blocked-shot,-78.0,-2.0,11.180339887498949,-10.304846468766033,faceoff,99,21.93171219946131,0.22153244645920514,0,0,0
2023020006,16,1,1018,shot-on-goal,-49.0,-36.0,53.81449618829484,-41.98721249581666,blocked-shot,21,44.68780594300866,2.127990759190889,0,0,0
2023020006,16,1,1020,shot-on-goal,-80.0,1.0,9.055385138137417,6.34019174590991,shot-on-goal,2,48.27007354458868,24.13503677229434,1,1,0
2023020006,6,1,1026,missed-shot,68.0,23.0,31.144823004794873,47.60256220249981,shot-on-goal,6,149.6262009141447,24.93770015235745,0,0,0
2023020006,6,1,1045,shot-on-goal,86.0,15.0,15.297058540778355,78.69006752597979,giveaway,3,83.21658488546619,27.73886162848873,0,0,0
2023020006,16,1,1060,blocked-shot,-74.0,-1.0,15.033296378372908,-3.8140748342903543,shot-on-goal,15,160.79800993793424,10.719867329195615,0,1,0
2023020006,6,1,1070,shot-on-goal,60.0,24.0,37.64306044943742,39.61068824002659,blocked-shot,10,136.31214179228496,13.631214179228497,0,1,0
2023020006,6,1,1141,blocked-shot,76.0,7.0,14.7648230602334,28.30075576600638,hit,3,144.01388821915754,48.004629406385845,0,1,0
2023020006,16,1,1148,blocked-shot,-83.0,-5.0,7.810249675906654,-39.80557109226519,blocked-shot,7,159.45218719101973,22.77888388443139,0,1,0
2023020006,6,1,1186,missed-shot,43.0,-7.0,46.52956049652737,-8.652541791114725,blocked-shot,38,126.01587201618692,3.3162071583207084,0,0,0
2023020006,6,1,1190,blocked-shot,74.0,3.0,15.297058540778355,11.309932474020213,missed-shot,4,32.57299494980466,8.143248737451165,0,1,0
2023020006,6,1,1198,blocked-shot,73.0,2.0,16.1245154965971,7.125016348901798,blocked-shot,8,1.4142135623730951,0.1767766952966369,0,0,0
2023020006,6,2,15,blocked-shot,-68.0,11.0,23.706539182259394,27.64597536373868,faceoff,15,68.8839603971781,4.59226402647854,0,0,0
2023020006,6,2,17,missed-shot,-74.0,14.0,20.518284528683193,43.025065989118026,blocked-shot,2,6.708203932499369,3.3541019662496847,0,0,0
2023020006,6,2,45,blocked-shot,-52.0,-35.0,50.93132631298737,-43.40885972880541,hit,13,155.24174696260025,11.941672843276942,0,1,0
2023020006,6,2,118,blocked-shot,-77.0,-11.0,16.278820596099706,-42.510447078000844,hit,2,60.8276253029822,30.4138126514911,0,0,0
2023020006,6,2,183,missed-shot,-36.0,-9.0,53.75872022286245,-9.637538112930946,hit,14,42.638011210655684,3.045572229332549,0,0,0
2023020006,6,2,208,missed-shot,-32.0,20.0,60.40695324215582,19.334808537826415,faceoff,6,55.97320787662612,9.328867979437687,0,1,0
2023020006,6,2,280,missed-shot,-36.0,1.0,53.009433122794285,1.0809241866606887,missed-shot,72,19.4164878389476,0.26967344220760553,0,0,0
2023020006,6,2,281,shot-on-goal,-82.0,6.0,9.219544457292887,40.60129464500447,missed-shot,1,46.2709412050371,46.2709412050371,0,0,0
2023020006,6,2,283,shot-on-goal,-86.0,4.0,5.0,53.13010235415598,shot-on-goal,2,4.47213595499958,2.23606797749979,1,0,0
2023020006,6,2,295,shot-on-goal,-86.0,3.0,4.242640687119285,45.0,hit,5,10.816653826391969,2.1633307652783937,0,0,0
2023020006,6,2,306,shot-on-goal,-33.0,1.0,56.00892785976178,1.0230301886678357,faceoff,10,41.677331968349414,4.167733196834941,0,0,0
2023020006,6,2,316,blocked-shot,-65.0,12.0,26.832815729997478,26.56505117707799,shot-on-goal,10,33.83784863137726,3.383784863137726,0,0,0
2023020006,6,2,327,blocked-shot,-55.0,4.0,34.23448553724738,6.7098368077569335,blocked-shot,11,12.806248474865697,1.1642044068059725,0,0,0
2023020006,6,2,368,blocked-shot,-67.0,8.0,23.40939982143925,19.98310652189998,hit,7,125.53883861180172,17.93411980168596,0,1,0
2023020006,16,2,381,missed-shot,73.0,-2.0,16.1245154965971,-7.125016348901798,blocked-shot,13,140.356688476182,10.796668344321692,0,1,0
2023020006,16,2,386,blocked-shot,73.0,-1.0,16.0312195418814,-3.576334374997351,missed-shot,5,1.0,0.2,0,0,0
2023020006,16,2,425,shot-on-goal,83.0,-10.0,11.661903789690601,-59.03624346792648,hit,6,28.231188426986208,4.705198071164368,0,1,0
2023020006,6,2,472,blocked-shot,-74.0,-2.0,15.132745950421556,-7.594643368591445,faceoff,4,20.615528128088304,5.153882032022076,0,0,0
2023020006,16,2,552,shot-on-goal,35.0,32.0,62.76941930590086,30.650667957052864,faceoff,2,35.4400902933387,17.72004514666935,0,0,0
2023020006,16,2,575,shot-on-goal,79.0,-9.0,13.45362404707371,-41.98721249581666,faceoff,21,32.57299494980466,1.5510949976097457,0,1,0
2023020006,6,2,591,blocked-shot,-79.0,-6.0,11.661903789690601,-30.96375653207352,shot-on-goal,16,158.02847844613325,9.876779902883328,0,0,0
2023020006,16,2,746,missed-shot,65.0,5.0,24.515301344262525,11.768288932020644,hit,9,40.792156108742276,4.532461789860253,0,1,0
2023020006,6,2,789,goal,-67.0,-18.0,28.42534080710379,-39.28940686250036,hit,5,65.5133574166368,13.10267148332736,0,1,1
2023020006,16,2,817,blocked-shot,72.0,4.0,17.46424919657298,13.240519915187205,faceoff,28,72.11102550927978,2.575393768188564,0,0,0
2023020006,16,2,845,blocked-shot,67.0,19.0,29.068883707497267,40.81508387488159,takeaway,1,84.75848040166836,84.75848040166836,0,1,0
2023020006,6,2,859,blocked-shot,-77.0,7.0,13.892443989449804,30.256437163529263,blocked-shot,14,144.49913494550754,10.321366781821967,0,0,0
2023020006,6,2,862,shot-on-goal,78.0,32.0,33.83784863137726,71.02959219151346,faceoff,1,13.45362404707371,13.45362404707371,0,0,0
2023020006,6,2,880,missed-shot,-66.0,-6.0,23.769728648009426,-14.620873988631656,shot-on-goal,18,148.92951352905172,8.273861862725095,0,1,0
2023020006,6,2,888,blocked-shot,-81.0,21.0,22.47220505424423,69.14554196042165,missed-shot,8,30.886890422961002,3.8608613028701253,0,1,0
2023020006,6,2,921,shot-on-goal,-51.0,26.0,46.04345773288535,34.38034472384487,hit,16,20.591260281974,1.286953767623375,0,0,0
2023020006,16,2,945,blocked-shot,36.0,-26.0,59.033888572581766,-26.13100054493858,giveaway,6,128.39003076563228,21.398338460938714,0,0,0
2023020006,16,2,983,missed-shot,50.0,6.0,39.45883931389772,8.74616226255521,giveaway,16,16.0,1.0,0,1,0
2023020006,16,2,1027,shot-on-goal,56.0,-26.0,42.01190307520001,-38.23382517744694,missed-shot,44,32.55764119219941,0.7399463907318048,0,1,0
2023020006,16,2,1045,shot-on-goal,79.0,-8.0,12.806248474865697,-38.65980825409009,shot-on-goal,18,29.206163733020468,1.6225646518344705,0,0,0
2023020006,6,2,1084,blocked-shot,-68.0,10.0,23.259406699226016,25.463345061871614,faceoff,38,140.68759717899798,3.7023051889209992,0,1,0
2023020006,6,2,1089,blocked-shot,-82.0,0.0,7.0,0.0,blocked-shot,5,17.204650534085253,3.4409301068170506,0,0,0
2023020006,6,2,1092,blocked-shot,-82.0,8.0,10.63014581273465,48.81407483429036,blocked-shot,3,8.0,2.6666666666666665,0,0,0
2023020006,6,2,1093,shot-on-goal,-76.0,3.0,13.341664064126334,12.994616791916505,blocked-shot,1,7.810249675906654,7.810249675906654,0,0,0
2023020006,6,2,1135,missed-shot,-66.0,-9.0,24.698178070456937,-21.370622269343183,hit,21,116.91449867317569,5.567357079675032,0,0,0
2023020006,6,2,1161,shot-on-goal,-83.0,-1.0,6.082762530298219,-9.462322208025617,missed-shot,26,18.788294228055936,0.7226267010790745,0,0,0
2023020006,6,2,1168,shot-on-goal,-89.0,-17.0,17.0,-90.0,shot-on-goal,7,17.08800749063506,2.44114392723358,0,0,0
2023020006,6,2,1178,missed-shot,-47.0,-32.0,52.80151512977634,-37.30394827798343,faceoff,3,24.166091947189145,8.055363982396381,0,0,0
2023020006,6,3,14,blocked-shot,54.0,-14.0,37.69615364994153,-21.80140948635181,faceoff,9,82.29216244576394,9.143573605084882,0,1,0
2023020006,16,3,124,blocked-shot,-78.0,3.0,11.40175425099138,15.255118703057777,takeaway,18,53.0,2.9444444444444446,0,1,0
2023020006,16,3,222,shot-on-goal,-56.0,-12.0,35.11409973215888,-19.98310652189998,faceoff,30,37.36308338453881,1.2454361128179603,0,0,0
2023020006,16,3,277,shot-on-goal,-74.0,-10.0,18.027756377319946,-33.690067525979785,hit,27,173.93389548906217,6.441996129224525,0,1,0
2023020006,16,3,282,missed-shot,-21.0,-2.0,68.0294054067798,-1.6846843178962914,shot-on-goal,5,53.600373133029585,10.720074626605918,0,0,0
2023020006,16,3,298,shot-on-goal,-84.0,-26.0,26.476404589747453,-79.11447294534128,faceoff,14,50.28916384272063,3.5920831316229025,0,1,0
2023020006,16,3,435,shot-on-goal,-49.0,-28.0,48.82622246293481,-34.99202019855866,giveaway,59,133.76471881628578,2.267198624004844,0,1,0
2023020006,6,3,486,shot-on-goal,61.0,16.0,32.2490309931942,29.74488129694222,takeaway,3,94.36630754670864,31.45543584890288,0,1,0
2023020006,6,3,512,missed-shot,65.0,-1.0,24.020824298928627,-2.3859440303888126,shot-on-goal,26,17.46424919657298,0.6717018921758838,0,1,0
2023020006,6,3,529,shot-on-goal,79.0,-2.0,10.198039027185569,-11.309932474020213,missed-shot,17,14.035668847618199,0.8256275792716588,0,0,0
2023020006,16,3,569,missed-shot,-69.0,22.0,29.732137494637012,47.72631099390627,hit,4,29.274562336608895,7.318640584152224,0,0,0
2023020006,16,3,579,blocked-shot,-83.0,4.0,7.211102550927978,33.690067525979785,missed-shot,10,22.80350850198276,2.2803508501982757,0,0,0
2023020006,16,3,580,missed-shot,-84.0,4.0,6.4031242374328485,38.65980825409009,blocked-shot,1,1.0,1.0,0,0,0
2023020006,16,3,589,missed-shot,-78.0,3.0,11.40175425099138,15.255118703057777,missed-shot,9,6.082762530298219,0.6758625033664688,0,0,0
2023020006,6,3,621,shot-on-goal,87.0,9.0,9.219544457292887,77.47119229084849,missed-shot,32,165.10905486980417,5.15965796468138,0,0,0
2023020006,6,3,629,blocked-shot,68.0,-6.0,21.840329667841555,-15.945395900922854,faceoff,5,28.0178514522438,5.60357029044876,0,1,0
2023020006,16,3,680,shot-on-goal,-35.0,-29.0,61.29437168288782,-28.237445538167258,blocked-shot,51,105.53672346628922,2.0693475189468473,0,0,0
2023020006,6,3,703,blocked-shot,78.0,5.0,12.083045973594572,24.443954780416536,faceoff,21,149.4590244849738,7.117096404046372,0,1,0
2023020006,6,3,739,shot-on-goal,40.0,10.0,50.00999900019995,11.534620653644716,blocked-shot,36,38.3275357934736,1.0646537720409333,0,0,0
2023020006,6,3,747,missed-shot,88.0,-10.0,10.04987562112089,-84.28940686250037,hit,2,15.556349186104045,7.7781745930520225,0,1,0
2023020006,6,3,752,shot-on-goal,74.0,20.0,25.0,53.13010235415598,missed-shot,5,33.1058907144937,6.6211781428987395,0,1,0
2023020006,16,3,782,missed-shot,1.0,-8.0,88.36288813749809,-5.194428907734806,hit,7,31.953090617340916,4.564727231048702,0,0,0
2023020006,16,3,826,missed-shot,-29.0,-24.0,64.62197768561404,-21.80140948635181,missed-shot,44,34.0,0.7727272727272727,0,0,0
2023020006,16,3,899,shot-on-goal,-61.0,-8.0,29.120439557122072,-15.945395900922854,faceoff,73,43.32435804486894,0.5934843567790266,0,0,0
2023020006,16,3,900,shot-on-goal,-81.0,-5.0,9.433981132056603,-32.005383208083494,shot-on-goal,1,20.223748416156685,20.223748416156685,1,0,0
2023020006,6,3,942,shot-on-goal,46.0,3.0,43.104524124504614,3.9909130984297803,faceoff,40,117.6860229593982,2.942150573984955,0,1,0
2023020006,6,3,1061,shot-on-goal,88.0,9.0,9.055385138137417,83.6598082540901,faceoff,63,36.359317925395686,0.5771320305618363,0,1,0
2023020006,6,3,1071,shot-on-goal,76.0,14.0,19.1049731745428,47.12109639666146,shot-on-goal,10,13.0,1.3,0,0,0
2023020006,6,3,1081,shot-on-goal,67.0,-12.0,25.059928172283335,-28.61045966596522,hit,6,29.410882339705484,4.901813723284247,0,0,0
2023020006,6,3,1144,goal,76.0,-9.0,15.811388300841896,-34.69515353123397,faceoff,10,148.2767682410161,14.82767682410161,0,1,1
2023020010,7,1,15,blocked-shot,78.0,-13.0,17.029386365926403,-49.76364169072618,faceoff,15,79.07591289387686,5.2717275262584575,0,0,0
2023020010,3,1,49,shot-on-goal,-38.0,-7.0,51.478150704935004,-7.815293546766876,takeaway,1,64.53681120105021,64.53681120105021,0,1,0
2023020010,7,1,137,shot-on-goal,78.0,-19.0,21.95449840010015,-59.93141717813756,hit,31,112.89818421923357,3.641876910297857,0,1,0
2023020010,7,1,141,shot-on-goal,28.0,36.0,70.83078426785913,30.54757174890702,shot-on-goal,4,74.33034373659252,18.58258593414813,0,1,0
2023020010,3,1,168,blocked-shot,-60.0,12.0,31.38470965295043,22.479434397103113,faceoff,18,129.38701635017324,7.188167575009625,0,0,0
2023020010,3,1,209,shot-on-goal,-81.0,0.0,8.0,0.0,blocked-shot,41,24.186773244895647,0.5899212986559914,0,0,0
2023020010,3,1,224,shot-on-goal,-49.0,9.0,41.0,12.68038349181982,shot-on-goal,15,33.24154027718932,2.216102685145955,0,0,0
2023020010,3,1,227,goal,-82.0,-7.0,9.899494936611665,-45.0,shot-on-goal,3,36.6742416417845,12.224747213928167,0,1,1
2023020010,3,1,253,missed-shot,-45.0,28.0,52.15361924162119,32.47119229084849,hit,15,67.00746227100382,4.4671641514002545,0,1,0
2023020010,7,1,261,shot-on-goal,73.0,5.0,16.76305461424021,17.35402463626132,hit,7,139.1402170474087,19.877173863915527,0,1,0
2023020010,7,1,406,blocked-shot,70.0,16.0,24.839484696748443,40.10090754621224,hit,57,54.08326913195984,0.9488292830168392,0,1,0
2023020010,3,1,454,shot-on-goal,-23.0,39.0,76.66159403508382,30.579226872489016,hit,28,36.05551275463989,1.287696884094282,0,0,0
2023020010,3,1,458,blocked-shot,-69.0,14.0,24.413111231467404,34.99202019855866,faceoff,1,8.0,8.0,0,0,0
2023020010,7,1,513,shot-on-goal,48.0,6.0,41.43669871020132,8.325650330426836,faceoff,19,118.0889495253472,6.215207869755116,0,0,0
2023020010,7,1,558,shot-on-goal,51.0,14.0,40.496913462633174,20.224859431168078,takeaway,23,54.0,2.347826086956522,0,1,0
2023020010,3,1,613,shot-on-goal,-67.0,28.0,35.608987629529715,51.84277341263094,faceoff,32,6.324555320336759,0.19764235376052372,0,0,0
2023020010,7,1,642,blocked-shot,46.0,16.0,45.880278987817846,20.409882833803987,faceoff,9,44.41846462902562,4.935384958780625,0,1,0
2023020010,7,1,647,blocked-shot,76.0,-29.0,31.78049716414141,-65.85445803957835,blocked-shot,5,54.08326913195984,10.816653826391967,0,1,0
2023020010,3,1,700,missed-shot,-34.0,8.0,55.57877292636101,8.2758928270752,faceoff,23,33.1058907144937,1.4393865528040737,0,1,0
2023020010,7,1,721,blocked-shot,72.0,1.0,17.029386365926403,3.3664606634298013,takeaway,16,168.0773631397161,10.504835196232257,0,0,0
2023020010,3,1,730,shot-on-goal,-80.0,2.0,9.219544457292887,12.528807709151511,faceoff,4,22.825424421026653,5.706356105256663,0,0,0
2023020010,3,1,742,goal,-83.0,9.0,10.816653826391969,56.309932474020215,shot-on-goal,12,7.615773105863909,0.6346477588219924,0,0,1
2023020010,3,1,773,shot-on-goal,-82.0,-21.0,22.135943621178654,-71.56505117707799,faceoff,31,84.64632301523794,2.730526548878643,0,0,0
2023020010,3,1,779,shot-on-goal,-69.0,-28.0,34.40930106817051,-54.46232220802562,shot-on-goal,6,14.7648230602334,2.4608038433722332,0,0,0
2023020010,7,1,807,shot-on-goal,45.0,-10.0,45.12205669071391,-12.804266065286752,faceoff,26,114.6298390472568,4.408839963356031,0,0,0
2023020010,3,1,951,shot-on-goal,-54.0,-32.0,47.4236228055175,-42.436229788535,hit,17,65.62011886609167,3.8600069921230395,0,0,0
2023020010,3,1,1045,shot-on-goal,-81.0,5.0,9.433981132056603,32.005383208083494,giveaway,7,24.839484696748443,3.548497813821206,0,0,0
2023020010,7,1,1107,blocked-shot,74.0,-3.0,15.297058540778355,-11.309932474020213,faceoff,37,25.495097567963924,0.689056691026052,0,1,0
2023020010,7,1,1142,shot-on-goal,33.0,6.0,56.32051136131489,6.115503566285407,giveaway,4,55.00909015790027,13.752272539475067,0,1,0
2023020010,7,1,1147,missed-shot,81.0,-16.0,17.88854381999832,-63.43494882292201,hit,1,22.02271554554524,22.02271554554524,0,0,0
2023020010,3,2,37,blocked-shot,62.0,8.0,28.160255680657446,16.504361381755018,faceoff,5,30.805843601498726,6.161168720299745,0,1,0
2023020010,3,2,72,blocked-shot,78.0,-8.0,13.601470508735444,-36.02737338510361,blocked-shot,35,22.627416997969522,0.646497628513415,0,1,0
2023020010,7,2,169,shot-on-goal,-48.0,-37.0,55.226805085936306,-42.06432655357883,hit,39,152.2005256232711,3.9025775800838742,0,1,0
2023020010,7,2,173,blocked-shot,-78.0,-3.0,11.40175425099138,-15.255118703057777,shot-on-goal,4,45.34313619501854,11.335784048754634,0,0,0
2023020010,7,2,272,missed-shot,-58.0,-14.0,34.0147027033899,-24.304549265936718,giveaway,40,44.27188724235731,1.1067971810589328,0,0,0
2023020010,7,2,325,shot-on-goal,-51.0,-6.0,38.47076812334269,-8.972626614896393,missed-shot,53,10.63014581273465,0.2005687889195217,0,0,0
2023020010,7,2,378,missed-shot,-49.0,10.0,41.23105625617661,14.036243467926479,takeaway,6,96.79876032264049,16.13312672044008,0,1,0
2023020010,3,2,390,shot-on-goal,85.0,-9.0,9.848857801796104,-66.03751102542182,missed-shot,12,135.34031180694095,11.278359317245078,0,1,0
2023020010,3,2,433,shot-on-goal,72.0,-36.0,39.81205847478876,-64.72227776444704,faceoff,41,14.317821063276353,0.34921514788478913,0,0,0
2023020010,3,2,444,shot-on-goal,32.0,18.0,59.77457653551382,17.52556837372287,shot-on-goal,11,67.20119046564577,6.109199133240524,0,1,0
2023020010,3,2,445,missed-shot,81.0,3.0,8.54400374531753,20.556045219583467,shot-on-goal,1,51.24451190127583,51.24451190127583,1,0,0
2023020010,3,2,483,shot-on-goal,69.0,25.0,32.01562118716424,51.34019174590991,hit,7,165.08482668010407,23.583546668586298,0,1,0
2023020010,3,2,494,blocked-shot,75.0,-2.0,14.142135623730951,-8.13010235415598,shot-on-goal,11,27.65863337187866,2.5144212156253327,0,1,0
2023020010,3,2,545,blocked-shot,48.0,17.0,44.384682042344295,22.520565602896887,faceoff,31,21.587033144922902,0.6963559079007388,0,0,0
2023020010,3,2,573,blocked-shot,63.0,24.0,35.38361202590826,42.70938995736147,faceoff,17,62.96824596572466,3.704014468572039,0,1,0
2023020010,3,2,574,shot-on-goal,83.0,7.0,9.219544457292887,49.398705354995535,blocked-shot,1,26.248809496813376,26.248809496813376,0,0,0
2023020010,3,2,592,missed-shot,80.0,4.0,9.848857801796104,23.962488974578186,hit,1,24.698178070456937,24.698178070456937,0,0,0
2023020010,3,2,611,missed-shot,48.0,16.0,44.01136216933077,21.317912275461552,missed-shot,19,34.17601498127012,1.7987376305931644,0,0,0
2023020010,3,2,693,shot-on-goal,64.0,24.0,34.655446902326915,43.830860672092584,hit,29,35.17101079013795,1.2127934755219982,0,0,0
2023020010,3,2,769,goal,59.0,0.0,30.0,0.0,giveaway,2,42.01190307520001,21.005951537600005,0,0,1
2023020010,7,2,829,shot-on-goal,-81.0,-3.0,8.54400374531753,-20.556045219583467,giveaway,12,60.108235708594876,5.009019642382906,0,1,0
2023020010,3,2,869,missed-shot,83.0,-22.0,22.80350850198276,-74.74488129694222,shot-on-goal,40,165.0969412193939,4.1274235304848474,0,0,0
2023020010,7,2,902,missed-shot,-31.0,-33.0,66.73080248281148,-29.638383688151343,missed-shot,33,114.5294721894762,3.4705900663477633,0,0,0
2023020010,3,2,959,blocked-shot,51.0,31.0,49.040799340956916,39.20720350496784,faceoff,28,59.682493245507096,2.1315176159109677,0,0,0
2023020010,7,2,982,blocked-shot,-58.0,-8.0,32.01562118716424,-14.470294100065887,takeaway,5,93.30058949438637,18.660117898877274,0,0,0
2023020010,7,2,984,shot-on-goal,-57.0,-25.0,40.607881008493905,-37.99873244250467,faceoff,2,12.36931687685298,6.18465843842649,0,0,0
2023020010,7,2,1007,missed-shot,-73.0,16.0,22.627416997969522,45.0,shot-on-goal,23,44.01136216933077,1.9135374856230771,0,1,0
2023020010,3,2,1042,shot-on-goal,49.0,15.0,42.720018726587654,20.556045219583467,missed-shot,35,122.00409829181969,3.4858313797662768,0,0,0
2023020010,3,2,1054,blocked-shot,63.0,-16.0,30.528675044947494,-31.6075022462489,shot-on-goal,12,34.0147027033899,2.834558558615825,0,1,0
2023020010,3,2,1061,shot-on-goal,84.0,1.0,5.0990195135927845,11.309932474020213,faceoff,6,27.459060435491963,4.576510072581994,0,1,0
2023020010,7,2,1108,blocked-shot,-77.0,-4.0,12.649110640673518,-18.43494882292201,hit,22,173.53097706173386,7.8877716846242665,0,0,0
2023020010,7,2,1110,goal,-73.0,-6.0,17.08800749063506,-20.556045219583467,blocked-shot,2,4.47213595499958,2.23606797749979,0,0,1
2023020010,7,2,1116,blocked-shot,-68.0,-3.0,21.213203435596427,-8.13010235415598,hit,3,84.38009243891595,28.12669747963865,0,1,0
2023020010,3,2,1152,blocked-shot,79.0,16.0,18.867962264113206,57.9946167919165,blocked-shot,36,148.22280526288793,4.117300146191331,0,1,0
2023020010,3,2,1153,blocked-shot,78.0,10.0,14.866068747318506,42.27368900609374,blocked-shot,1,6.082762530298219,6.082762530298219,0,0,0
2023020010,7,3,26,missed-shot,79.0,-27.0,28.792360097775937,-69.67686317033707,faceoff,26,83.48652585896721,3.211020225344893,0,0,0
2023020010,7,3,61,missed-shot,50.0,18.0,42.95346318982906,24.77514056883192,missed-shot,35,53.53503525729669,1.5295724359227627,0,1,0
2023020010,7,3,70,blocked-shot,58.0,-8.0,32.01562118716424,-14.470294100065887,missed-shot,9,27.202941017470888,3.0225490019412096,0,1,0
2023020010,7,3,74,blocked-shot,56.0,-6.0,33.54101966249684,-10.304846468766033,blocked-shot,4,2.8284271247461903,0.7071067811865476,0,0,0
2023020010,7,3,83,missed-shot,71.0,21.0,27.65863337187866,49.398705354995535,blocked-shot,9,30.886890422961002,3.4318767136623336,0,1,0
2023020010,7,3,88,blocked-shot,54.0,-2.0,35.05709628591621,-3.2704879231835653,missed-shot,5,28.600699292150182,5.720139858430036,0,1,0
2023020010,7,3,98,blocked-shot,73.0,-10.0,18.867962264113206,-32.005383208083494,blocked-shot,10,20.615528128088304,2.0615528128088303,0,0,0
2023020010,7,3,135,shot-on-goal,77.0,33.0,35.11409973215888,70.01689347810003,faceoff,17,58.05170109479997,3.414805946752939,0,0,0
2023020010,7,3,140,blocked-shot,78.0,-6.0,12.529964086141668,-28.61045966596522,takeaway,2,8.06225774829855,4.031128874149275,0,0,0
2023020010,7,3,140,blocked-shot,75.0,-1.0,14.035668847618199,-4.085616779974877,blocked-shot,0,5.830951894845301,0.0,0,0,0
2023020010,7,3,200,shot-on-goal,42.0,18.0,50.32891812864648,20.955776730632184,giveaway,15,141.1523999087511,9.410159993916741,0,0,0
2023020010,7,3,225,shot-on-goal,50.0,39.0,55.154328932550705,45.0,hit,13,92.02173656261873,7.078595120201441,0,0,0
2023020010,3,3,268,shot-on-goal,-84.0,4.0,6.4031242374328485,38.65980825409009,faceoff,13,23.430749027719962,1.8023653098246124,0,0,0
2023020010,3,3,277,missed-shot,-81.0,5.0,9.433981132056603,32.005383208083494,shot-on-goal,9,3.1622776601683795,0.35136418446315326,0,0,0
2023020010,3,3,311,shot-on-goal,-90.0,-12.0,12.041594578792296,-94.76364169072617,takeaway,27,77.92945527847606,2.886276121425039,0,0,0
2023020010,3,3,315,shot-on-goal,-77.0,17.0,20.808652046684813,54.78240703180729,shot-on-goal,4,31.78049716414141,7.945124291035352,0,1,0
2023020010,7,3,341,shot-on-goal,48.0,-18.0,44.77722635447622,-23.702645950966243,shot-on-goal,26,129.80754985747168,4.992598071441218,0,1,0
2023020010,3,3,435,missed-shot,-73.0,14.0,21.2602916254693,41.18592516570965,hit,24,32.802438933713454,1.3667682889047272,0,0,0
2023020010,3,3,460,missed-shot,-88.0,6.0,6.082762530298219,80.53767779197439,hit,15,53.85164807134504,3.5901098714230026,0,1,0
2023020010,3,3,486,shot-on-goal,-80.0,-10.0,13.45362404707371,-48.01278750418334,missed-shot,26,17.88854381999832,0.6880209161537815,0,1,0
2023020010,7,3,530,blocked-shot,77.0,1.0,12.041594578792296,4.763641690726178,giveaway,8,107.70329614269008,13.46291201783626,0,0,0
2023020010,7,3,531,shot-on-goal,71.0,-9.0,20.12461179749811,-26.56505117707799,blocked-shot,1,11.661903789690601,11.661903789690601,0,1,0
2023020010,7,3,572,blocked-shot,57.0,-5.0,32.38826948140329,-8.880659150520245,faceoff,41,20.808652046684813,0.5075280986996296,0,0,0
2023020010,7,3,575,missed-shot,64.0,-25.0,35.35533905932738,-45.0,blocked-shot,3,21.18962010041709,7.06320670013903,0,0,0
2023020010,7,3,590,blocked-shot,49.0,-12.0,41.7612260356422,-16.69924423399362,missed-shot,15,19.849433241279208,1.3232955494186138,0,0,0
2023020010,7,3,650,blocked-shot,75.0,13.0,19.1049731745428,42.87890360333855,faceoff,10,35.510561809129406,3.5510561809129406,0,1,0
2023020010,7,3,650,blocked-shot,72.0,11.0,20.248456731316587,32.9052429229879,blocked-shot,0,3.605551275463989,0.0,0,0,0
2023020010,7,3,656,blocked-shot,62.0,-1.0,27.018512172212592,-2.1210963966614536,blocked-shot,6,15.620499351813308,2.6034165586355513,0,1,0
2023020010,7,3,663,missed-shot,35.0,1.0,54.00925846556311,1.0609116902642277,blocked-shot,7,27.073972741361768,3.8677103916231097,0,1,0
2023020010,7,3,664,missed-shot,86.0,-12.0,12.36931687685298,-75.96375653207353,missed-shot,1,52.630789467763066,52.630789467763066,0,1,0
2023020010,7,3,670,shot-on-goal,38.0,1.0,51.0098029794274,1.123302714075429,missed-shot,6,49.72926703662542,8.288211172770904,0,1,0
2023020010,7,3,674,blocked-shot,64.0,-8.0,26.248809496813376,-17.744671625056935,shot-on-goal,4,27.51363298439521,6.878408246098802,0,1,0
2023020010,3,3,694,goal,-80.0,0.0,9.0,0.0,blocked-shot,20,144.22205101855957,7.211102550927978,0,0,1
2023020010,7,3,705,shot-on-goal,76.0,-22.0,25.553864678361276,-59.42077312751099,faceoff,11,79.12016177940993,7.192741979946357,0,0,0
2023020010,7,3,725,shot-on-goal,51.0,-18.0,42.04759208325728,-25.34617594194669,shot-on-goal,20,25.317977802344327,1.2658988901172163,0,0,0
2023020010,7,3,765,missed-shot,70.0,-25.0,31.400636936215164,-52.76516601842533,faceoff,37,50.08991914547278,1.3537815985262913,0,0,0
2023020010,7,3,768,shot-on-goal,80.0,-7.0,11.40175425099138,-37.874983651098205,faceoff,1,18.601075237738275,18.601075237738275,0,0,0
2023020010,7,3,784,shot-on-goal,28.0,-17.0,63.324560795950255,-15.572543596810263,faceoff,2,41.30375285612676,20.65187642806338,0,0,0
2023020010,3,3,806,shot-on-goal,-51.0,-34.0,50.99019513592785,-41.82016988013577,faceoff,19,120.59850745345068,6.347289865971089,0,0,0
2023020010,3,3,851,blocked-shot,-72.0,25.0,30.23243291566195,55.7842978675626,shot-on-goal,45,62.625873247404705,1.391686072164549,0,1,0
2023020010,3,3,880,shot-on-goal,-80.0,-29.0,30.364452901377952,-72.75854060106002,hit,10,94.79451460923254,9.479451460923254,0,1,0
2023020010,3,3,881,shot-on-goal,-85.0,-6.0,7.211102550927978,-56.309932474020215,shot-on-goal,1,23.53720459187964,23.53720459187964,1,0,0
2023020010,7,3,941,shot-on-goal,63.0,-17.0,31.064449134018133,-33.17851165939275,faceoff,18,137.64083696345355,7.646713164636308,0,1,0
2023020010,7,3,1006,shot-on-goal,81.0,19.0,20.615528128088304,67.16634582208245,shot-on-goal,65,40.24922359499622,0.6192188245384034,0,1,0
2023020010,7,3,1059,shot-on-goal,39.0,1.0,50.00999900019995,1.1457628381751033,faceoff,8,36.61966684720111,4.577458355900139,0,0,0
2023020010,3,3,1082,missed-shot,70.0,24.0,30.610455730027933,51.63251461513847,shot-on-goal,23,38.600518131237564,1.6782833970103288,0,0,0
2023020010,7,3,1091,missed-shot,43.0,-16.0,48.703182647543684,-19.17900802581072,faceoff,8,26.68332812825267,3.3354160160315836,0,0,0
2023020010,3,3,1111,goal,68.0,4.0,21.37755832643195,10.7842978675626,faceoff,6,26.019223662515376,4.336537277085896,0,1,1
2023020010,3,3,1143,shot-on-goal,-54.0,22.0,41.340053217188775,32.15229514128234,faceoff,9,15.0,1.6666666666666667,0,0,0
2023020010,3,3,1151,missed-shot,-50.0,22.0,44.77722635447622,29.427456403189737,shot-on-goal,8,4.0,0.5,0,0,0
2023020010,3,3,1179,blocked-shot,-57.0,-27.0,41.86884283091664,-40.155999624919325,missed-shot,28,49.49747468305833,1.7677669529663689,0,1,0
2023020010,3,3,1179,missed-shot,-71.0,7.0,19.313207915827967,21.25050550713324,blocked-shot,0,36.76955262170047,0.0,0,1,0
2023020010,3,3,1189,blocked-shot,-70.0,-12.0,22.47220505424423,-32.27564431457763,missed-shot,10,19.026297590440446,1.9026297590440446,0,1,0
